participant_id,name,gender,designation,district_id
8fef3a42-66cd-41e6-b991-3d0d10883c87,Devika Narayan,FEMALE,Officer,22
f085b576-7f33-45f5-a9d9-de402d3a3a30,Ucchal Dhillon,MALE,Officer,22
c5013fc0-e24f-40b0-9f68-d8ccfbc1fd32,Tristan Nadkarni,FEMALE,Officer,22
1ccb625b-3d6a-4598-93aa-d21dd0bd5abe,Amol Sood,FEMALE,Officer,22
343a1f88-eedb-4c22-bdbb-2e135be5e0bc,Lopa Radhakrishnan,MALE,Officer,22
0c98cd79-ae97-4a3c-8d83-1fd31cc1f121,Kamala Raval,MALE,Officer,22
4f0b0a5f-c7a6-40c6-937c-ff78f687e13e,Hamsini Sharma,MALE,First Responder,22
4cfb8e70-fb3a-4a5b-9bbb-17a1abbebc37,Anjali Sampath,MALE,Officer,22
a504e65c-ab18-4a60-b132-1f3bf2e5c7f8,Upkaar Som,MALE,Doctor,22
c31c0252-9676-4c8d-9b11-10e4bf34d6eb,Charan Mukherjee,MALE,First Responder,22
6f4e4e39-11ec-4751-baf3-2cf2b6068404,Dev Dara,FEMALE,First Responder,22
09bc6492-c96f-4949-bc8e-2e3dd66c2232,Advika Loyal,MALE,Doctor,22
88d757e1-f390-47b2-86f4-859a0fb726c5,Daksh Lad,MALE,Fireman,22
da78c0ea-9430-40c1-9ebe-543ca3100d22,Hemani Mutti,FEMALE,First Responder,22
9e022bda-a12f-4fd8-8968-d3b4c728cb94,Jeremiah Vohra,MALE,Doctor,22
58fc1733-f1ae-444a-bd3b-2f72799023ad,Yadavi Bhakta,FEMALE,Volunteer,22
72550978-beaa-4cd7-9ed3-ef72c401cedd,Mohini Bajaj,MALE,First Responder,22
d97f789f-339a-4ff5-9ba4-a72f30c62a0d,Yashica Balakrishnan,FEMALE,Officer,22
e0f27f51-f19e-4386-8ebd-617a26335a22,Ekiya Menon,MALE,Volunteer,22
90bf4661-2dfe-4600-b4eb-705453c8cb38,Lopa Grewal,MALE,Volunteer,22
4449b36e-2559-442e-b078-c7a99438a96b,Yashawini Samra,MALE,Officer,22
91876a45-14cb-45cc-89f8-0a0f417c2763,Yug Tailor,MALE,Doctor,22
1e4e601e-7358-4f84-a50a-9a111840e4a1,Oni Varty,MALE,Fireman,22
909ddeec-cb0a-4a60-a223-c46c72f9e038,Frederick Varma,FEMALE,Doctor,22
67e44131-9e12-44fd-9f23-a299513a32a3,Wahab Doctor,MALE,Fireman,22
a5b63985-6859-43b7-8af7-0e8339f77a3a,Max Nori,FEMALE,First Responder,3
51c1e783-d998-42c3-9c79-073ae2b0c11e,Vinaya Pal,MALE,Volunteer,3
39ad91f0-29fe-4643-b27f-4640a93485cc,Dev Singh,FEMALE,Doctor,3
ad796fda-7688-4e11-a74c-96d8afe2ce4c,Bhavya Mallick,MALE,Doctor,3
33ed076a-1c2b-4624-82e9-1343cf9a40c1,Warda Srinivasan,FEMALE,Fireman,3
b804cfbd-32a9-4b45-a2f3-39ab274be7a2,Aishani Sankar,FEMALE,First Responder,3
b7ab0a9b-9d03-440a-8e96-faf2e133ff6e,Nikita Sengupta,MALE,First Responder,3
812b2432-f6e1-4291-a338-ef3473d9545a,Baljiwan Nayak,MALE,Doctor,3
ee9f7330-7b18-40ba-8f3b-edd97f948397,Yauvani Agate,FEMALE,Officer,3
6ee39150-f4fb-4e08-9ff4-c989b2f98302,Aashi Sathe,MALE,Volunteer,3
6ecfa53a-5664-40e4-9797-2111e532c232,Vedika Chanda,FEMALE,Volunteer,3
3fb751de-bcd0-47ea-a115-7757e5fdab3c,Lopa Chaudhari,MALE,First Responder,3
44b12c3d-a7f3-46c9-98bf-73f33c4253f4,Ayush Hora,FEMALE,Officer,3
7de474b7-b4cc-473d-8753-ead775e2db6c,Radha Jani,FEMALE,Doctor,3
fd1fb75c-25da-46de-92a7-ecf4c5f8b25f,Gopal Gera,MALE,Fireman,3
49996c46-6c24-4966-afc4-d3eeb282f402,Vanya Pai,MALE,Doctor,3
4c15d8b5-d77f-427c-964a-a91176f192a6,Daniel Rout,FEMALE,Volunteer,3
5c2c0f9e-33f5-452e-a127-983be1a23367,Nisha Thaman,MALE,Officer,3
55ae8a41-0d0f-421e-9cc6-af301d170218,Upkaar Bhatnagar,MALE,Officer,3
8a36f5d0-58ea-4d8f-a688-0d8e0a01370a,Lekha Swamy,FEMALE,Doctor,3
5ca04a9e-03a4-4752-9374-22d6a2e158c3,Neha Batta,MALE,Officer,3
9cadebe3-8159-4a75-9d46-9d0be0509091,Charvi Ramanathan,FEMALE,Volunteer,3
af633fcf-81b0-40b3-8f2d-dba6af185310,Warjas Sastry,MALE,Volunteer,3
a4a2ce69-b5b2-4a0e-895b-f98f66d2b907,Rajata Babu,MALE,First Responder,3
df063ec7-9c1d-4ba8-b879-e47bce34f672,Aadhya Thakkar,FEMALE,First Responder,3
3519f724-7032-425e-b651-857ae47d0b19,Kala Suresh,FEMALE,Doctor,3
2a1aab67-fbc4-45ac-b3b3-ad97898a0659,Xiti Kale,MALE,Doctor,3
b6ed927c-efe1-48b2-bbc5-5f2a2ded0590,Elijah Prakash,FEMALE,Doctor,3
487c7b55-a2a4-4ed7-aa70-eee2b9f80048,Ladli Bhargava,FEMALE,Volunteer,3
18fccb91-3bcb-459d-92dd-df18d1995845,Rachit Dar,MALE,Fireman,3
3cea8557-2582-471f-bc30-0eed23a5c186,Urmi Bala,FEMALE,Doctor,3
1983fb1b-01db-49cb-aa4a-790f9673362a,Kamala Rao,FEMALE,Doctor,3
c396605f-d780-416f-9512-2d0c2a4cb693,Aarna Gulati,MALE,Volunteer,3
ef07f880-e389-4fff-a348-43d3af17f53a,Irya Madan,MALE,Volunteer,3
e519a8f6-49ad-41ee-b8d1-bbea4a20e26e,Chameli Kata,MALE,First Responder,3
c6a7929d-4b4e-46bf-a992-bd45aed12609,Panini Bora,MALE,First Responder,3
ad738286-51e1-4d63-972f-8856cfeb075e,Lipika Varty,FEMALE,Officer,3
37d2370e-2329-45ae-9821-f55284712228,Deepa Gole,MALE,Fireman,3
14cee6ff-6391-4628-b8f9-6560bd219771,Urishilla Sachdeva,MALE,First Responder,3
72e81ab7-658b-4cb6-9082-7345183d8ddc,Hardik Chander,FEMALE,Doctor,3
ce1673a8-275e-4271-be17-38c55d543269,Gaurika Bhatt,MALE,First Responder,3
c24cbea8-a51f-4673-9c4e-1bc1c00eb7d9,Eshana Viswanathan,FEMALE,Volunteer,3
eec0fa0f-aaa8-4811-899e-1da8a5574501,Qasim Saha,FEMALE,Fireman,3
62e53651-001e-4f6d-aef8-4b12a0c0b89a,Zansi Banerjee,FEMALE,Officer,3
1474e754-f362-4455-a9d4-c8be52dd1759,Yutika Date,MALE,First Responder,3
0e42ef3c-343b-4793-8ed6-8a2ec29da143,Unnati Date,FEMALE,Doctor,3
01b266e7-176e-45ac-be43-e05165653e03,Upadhriti Bhalla,MALE,Doctor,3
abfa285b-47ae-4cc7-9e7c-062bd57f41b9,Ekapad Lala,FEMALE,Fireman,3
f941c62e-03de-4692-84a5-faa18601ce2a,Tripti Vyas,FEMALE,Doctor,3
2b1af277-32e2-4b54-80ae-b337d0f8f27c,Darpan Dugar,MALE,Doctor,3
d1e932ac-007f-4418-b808-6ed4f2dc52cf,Logan Golla,FEMALE,Fireman,3
ec1476c8-277d-402b-9258-36fe3b5f716e,Hemangini Amble,MALE,Volunteer,3
9ffd6086-b1b3-4db5-a8df-4b1f383d0aaf,Widisha Bala,FEMALE,First Responder,3
fb2a7cf2-cffe-4d28-8f46-57d0b036524b,Kalpit Soman,MALE,Doctor,3
dce5d162-c075-4237-b96b-ac5272801904,Chandresh Karpe,MALE,Fireman,3
4364f5ce-6507-4d6e-aef6-31d9ba01ffce,Harrison Mandal,MALE,Volunteer,3
7bd1a035-7f1b-4460-89ab-597d9a173efb,Faras Kaur,MALE,Doctor,3
83cce4cc-20c3-46ed-ace0-203da0732af8,Owen Warrior,FEMALE,Officer,3
8cd97baf-5004-402a-b2b1-8ad3d5f2bd9b,Gauri Sane,MALE,Volunteer,3
f3f89ecb-14c0-4ec5-a420-b96dd0ce7263,Onkar Sathe,FEMALE,Fireman,3
c915e551-8700-47c5-9def-2f98d1f66412,Panini Khosla,MALE,Officer,3
c242914c-8100-4c0b-a156-75bc89de842e,Raghav Dua,FEMALE,Fireman,3
0a2d86d9-6f94-430d-a77e-b6b0b3df3c5d,Damini Barad,MALE,Doctor,3
9f749234-c9c9-4395-bf09-34f498cf9b8a,Sanaya Samra,FEMALE,Officer,3
a55859b4-fc43-4466-a317-4cec330a2495,Harshil Loyal,FEMALE,Officer,3
4c770c4a-af86-478e-9520-53aebd30ff35,Kiaan Nagi,MALE,Volunteer,3
5e9581f6-1ae1-423b-a90f-7aeab4b69b7d,Aditya Chahal,MALE,Officer,3
c75f4384-ca64-4839-99a0-cf25c6e4e5c6,Charan Bose,FEMALE,Officer,3
3b81a71d-3c13-4af7-aab1-327a44c79124,Wakeeta Kannan,FEMALE,Volunteer,3
3acaca33-4477-4ba6-9fe3-1769688abebd,Ridhi Patla,MALE,Doctor,3
2b8cd453-351f-445a-bd1c-bbc849e1de2b,Quincy Luthra,FEMALE,Fireman,3
5082f278-cd90-4403-93aa-7b4d558800be,Lakshit Hayer,MALE,First Responder,3
8033ef44-d9d2-42e0-906c-69b9e0ed2573,Omkaar Narain,FEMALE,Volunteer,3
3638c02a-e418-4ee9-bc62-2682465d7329,Vincent Dhawan,MALE,Officer,3
f8a13c0e-3d95-4eb7-8d0c-ab0f0536bdd0,Neel Hegde,FEMALE,First Responder,3
0bd28c6b-5a2e-4fbe-8af6-02200e977486,Harish Bhavsar,MALE,Fireman,3
3428d0a1-7d7b-4993-ab54-067ff10ddd56,Yashawini Mangat,FEMALE,First Responder,3
ac372c05-34d2-4f62-8770-1d6e05ce8e7e,Ikbal Shroff,FEMALE,Fireman,3
77abc288-17ab-4697-b50c-20c6a48436f9,Vincent Edwin,FEMALE,Fireman,3
ef0da807-8cca-46d9-a4ab-e654a8c6314f,Dayamai Grewal,MALE,First Responder,3
231eb1fe-69a6-4f25-a16a-1305c3ea3784,Luke Rege,MALE,Volunteer,3
f165cc62-7aaf-460b-b0ba-bd8f6a61689c,Matthew Sachdeva,FEMALE,First Responder,3
63906ebf-6e0c-40bc-84ac-3a6f8666e618,Ganga Buch,MALE,Volunteer,3
eb697f4a-4a7f-4dc4-b1d9-c20bda8659c1,Jacob Bora,MALE,Officer,3
ef3ee459-2a0f-47e1-a4df-551cddf45623,Falan Om,MALE,Fireman,3
8f5e5e11-1e4b-49f8-b5ac-e2109167ef3a,Chaitanya Rastogi,FEMALE,Volunteer,3
2c064433-5a49-4cd3-b397-a3d4554142c2,Omkaar Chander,MALE,Officer,3
4ad4e4df-33ac-4b97-b382-40939429756f,Sanaya Raval,MALE,Volunteer,3
8fb9f443-e918-45d8-8011-5dcaddb4ac98,Sara Konda,MALE,Officer,3
24162565-1f0b-4af6-b0f2-9049d06ffa48,Amara Vaidya,FEMALE,Doctor,3
fb65f1d7-6f83-43e8-a81e-8f2695fc97a0,Jackson Misra,MALE,Volunteer,3
ae8b1a8f-46d3-43e3-8844-ab2a92b8999e,Aashi Suresh,FEMALE,First Responder,3
2f69afcf-6279-49ea-83e6-17e7bb0ce880,Bhavya Krishnamurthy,FEMALE,First Responder,3
c9e67d6b-4426-4e49-9f8b-098039e73a18,Ikshita Lal,MALE,Doctor,3
6ca49ddc-0ffe-44a0-bdca-6ad583d81183,Gabriel Rama,MALE,Volunteer,3
ac52c547-6ed8-40d8-bd58-c4bf4d6bf0d5,Caleb Suresh,FEMALE,First Responder,3
702dbf9e-682f-461a-bd2b-40cfe9387d04,Zayan Purohit,MALE,Fireman,3
13112259-9636-44fb-acc4-fd78c934442c,Prisha Chand,MALE,Doctor,3
8730307a-f13d-46c3-a577-941201238cc1,Avi Bhandari,MALE,Doctor,3
8352f935-cb45-4498-8dec-5bb6884ea794,Ayushman Karan,MALE,Fireman,3
9f14b4cb-588f-454b-8888-14dcc3cde18c,Oviya Gala,MALE,Officer,3
6ad28eb9-e3e3-4267-a2ca-9f2712d11e1b,Varsha Nagar,MALE,Volunteer,3
af5c5bee-5823-43ac-b462-130a897a4f1b,Anamika Ratta,MALE,Volunteer,3
ba0ae3ad-bd80-4c4d-9fc3-d72516d7691a,Zilmil Banerjee,MALE,Volunteer,3
e5faa553-0d4b-4fa4-9e1b-1afc86e64cf8,Sai Chanda,MALE,Officer,3
088829df-61eb-4b47-92ed-ac2121fd09df,Advay Krish,FEMALE,Fireman,3
5ea99139-8f15-4427-ad2e-78cea8953468,Karan Kade,FEMALE,Volunteer,3
41b2bfd1-95bd-494e-badc-79654257c336,Ranveer Bail,FEMALE,Doctor,3
9cd37259-2d33-405e-9804-1f1c382146d0,Vyanjana Mani,MALE,Volunteer,3
f38354cb-885b-4d50-aec9-6d48caada032,Omkaar Batta,MALE,Doctor,3
d75f0801-cf33-4a17-a321-17995d22384b,Ekta Bhatt,MALE,Doctor,3
65a7bc5f-a10c-48b1-b270-0b1d78c8b51c,Abhimanyu Basak,MALE,Fireman,3
f6d52829-e380-4b3f-88af-be445f51cda9,Ati Sehgal,FEMALE,Fireman,3
926fbdda-6dd7-499c-873a-7f0210f56256,Madhav Chaudhari,MALE,Officer,3
4fa7852a-5722-4c3a-b8f8-26893b470f7f,Max Ganesh,FEMALE,Doctor,3
01daf314-6ab2-44fe-a55a-f5fde153cb37,Bhavya Dixit,FEMALE,Fireman,3
76484044-4389-4766-ba16-0a6bb2521e96,Tejas Badami,MALE,Fireman,3
0d8577ba-03ce-4451-bc5c-1540eb8eabaa,Tarak Dewan,MALE,Fireman,3
d770617b-3273-4faa-8595-8500402463b3,Logan Iyengar,FEMALE,Fireman,3
830fee83-aa86-4e66-98f5-175202ebad04,Indali Barad,FEMALE,Volunteer,3
b5395159-e9f7-4b8e-824e-aef322706fa7,Rachit Gupta,MALE,Fireman,3
97d6d0a3-e1f3-4f69-a676-e8c91eb0a70f,Vidhi Bal,MALE,Volunteer,3
e06fb290-e89c-45cc-8f85-c4b7788a08f6,Manya Prabhu,FEMALE,Officer,3
867c82a7-0d02-481a-94ca-ff37c1565489,Libni Bandi,FEMALE,Fireman,3
9211d1a1-2505-450b-af3c-b0460c619a6b,Falak Bassi,MALE,Officer,3
5819c30f-6898-45b3-88c8-f4c02ec2b306,Qabil Shah,FEMALE,Officer,3
512fdb53-eae2-46e7-af23-5d21ef4e4038,Hemangini Tank,FEMALE,Doctor,3
2b02659c-a296-4b20-a888-ef0e82b77e3b,Nilima Hegde,FEMALE,First Responder,3
5236e10b-8d0f-4c3a-9cd2-15a98191ddd9,Mohini Kamdar,MALE,Fireman,2
31780174-f738-4571-b706-8f62e515ec07,Om Varughese,MALE,First Responder,2
1eb0f61f-6e54-41f6-b01b-618352c6083f,Radhika Bora,FEMALE,Volunteer,2
a3157f94-7e1b-4c66-bb91-6a3730863dc5,Ranbir Ganesh,FEMALE,First Responder,2
9102ade2-11d4-4871-a439-7d84e4cc96a7,Orinder Chaudhuri,MALE,Fireman,2
fe751022-f7ad-456c-a514-5aff622a7b20,Baghyawati Saraf,FEMALE,Doctor,2
14a29f1d-c97c-4567-bb6b-e65d603cc31f,Amol Date,MALE,Doctor,2
37759a78-945c-44cc-ab60-f8de71ae532f,Janya Talwar,MALE,Doctor,2
6075896d-7bfa-4acc-b3e0-374bec4f0f6c,Mugdha Rama,MALE,Doctor,2
b1798457-5bf2-4660-acf8-ccf99e3d0864,Qabil Kala,FEMALE,Volunteer,2
181bed27-c977-436d-9bb6-2a2bf4638adb,Mekhala Sarkar,FEMALE,Fireman,2
432c8590-9ea4-4e11-85c2-4db88981dbba,Ojasvi Dhawan,FEMALE,Doctor,2
f7ec26de-d27d-4a4c-baf5-0a753f6b5013,Sneha Narasimhan,MALE,Fireman,2
6f3a03c8-7f1e-4d08-ab6d-4fa78de6b4db,Arunima Suresh,FEMALE,Fireman,2
8f38d47f-a5d4-401a-9f96-12614558b11e,Wriddhish Acharya,MALE,Officer,2
ab14ecd9-6b5a-4cfb-a0ae-42d60dffb1b9,Falan Iyengar,FEMALE,Officer,2
a151fcdc-900e-42aa-9d4a-ca6f478c2b96,Alka Patla,FEMALE,Volunteer,2
d4d6e841-d515-4155-8b46-4ce32b125cf4,Amara Verma,FEMALE,Volunteer,2
b6a6a3f2-0efc-4a73-8ad5-68ef218be106,Robert Krishnan,MALE,Doctor,2
152c604d-cf49-47d3-a8e5-51fbbe0611b6,Mekhala Jha,MALE,Officer,2
533fd61e-fce6-416d-a6e6-8640164815ec,Chaitaly Brar,MALE,Doctor,2
00711d32-4758-4c4f-8fb1-80e3e2c564dc,Ati Verma,FEMALE,Officer,2
74b57191-2d5d-4a3d-ae96-1002c3653311,Libni Goda,FEMALE,Volunteer,2
4147f89c-2dd1-49bd-b474-29a33c53699f,Kashvi Saini,MALE,First Responder,2
91bf7746-fb46-4498-85c8-8ed40755e93b,Charan Puri,MALE,Doctor,2
d2b1168a-1dfa-4a5c-9307-3d1589a1ebd4,Inaya Bava,MALE,Volunteer,2
2f42b492-82f4-4e44-a9f7-54703356069e,Wyatt Mishra,MALE,Officer,2
fb728d86-44c2-4c17-81c2-63505e07824d,Chandran Deol,FEMALE,Fireman,2
5bf7434e-e493-486a-a938-84eec55fe13f,Rishi Sagar,MALE,Fireman,2
c62da0aa-1e00-4f9e-8fc3-bbc9ffe8c1dd,Ekansh Sunder,MALE,Officer,2
1aecef8c-f498-422d-ab0a-92db7e8fa6de,Ekalinga Mital,FEMALE,Volunteer,2
d20ae0de-6e16-4e08-8a05-38afb4708635,Waida Pillai,FEMALE,Doctor,2
77956c32-a5e2-4dc5-8ff2-1b5afd267de1,Bimala Luthra,FEMALE,Volunteer,2
3d715a9d-15d9-4882-b028-1efb193764f0,Ayaan Tella,MALE,Volunteer,2
16a201c1-260c-4747-936a-47ebae3d4ae7,Odika Bedi,MALE,First Responder,2
35a5b798-88bf-4db8-9923-113c1c96652d,Yachana Mani,MALE,Volunteer,2
9bb07af9-60ce-4300-9b17-5b08ff030ad4,Maanas Zacharia,FEMALE,Doctor,2
ee235296-fa5f-444b-8440-79ff92992119,Jagdish Ghose,MALE,Doctor,2
d9c43e8d-ce43-4f02-9106-d9bf679fcd88,Harini Sridhar,MALE,Doctor,2
18bda2d8-c6fa-4ff2-9790-95a687e6f39f,Jyoti Tiwari,FEMALE,Doctor,2
3fe0b940-a6cf-4640-9812-d731974addd5,Chakrika Hayer,MALE,Volunteer,2
e9a8d069-fe56-42ce-b622-7e775b3ef67c,Akshay Ram,MALE,Fireman,2
b0b286fc-5407-4f24-b0b8-3271081e60d2,Chandresh Thaman,FEMALE,First Responder,2
bd224866-0fa5-4429-8e30-1b7e8c2f95ca,Vedika Krishnamurthy,MALE,Volunteer,2
2f032600-8828-4cc3-a22d-f3054f0078fd,Ayaan Parekh,FEMALE,Volunteer,2
701dacd6-2245-4f73-926e-f9903b35b783,Krish Rao,FEMALE,Doctor,2
019a2e1c-dbc2-4dab-88b0-a73d2b7ad1b1,Krish Nori,FEMALE,Volunteer,2
65a14231-cbc0-4947-a6d5-314bdeb8dd1a,Samesh Bose,MALE,Officer,2
976dbaca-14d0-49e3-8669-9ec666760dda,Chandresh Tata,MALE,Doctor,2
659fe002-9cc3-4fa6-8c29-bbc317f34ce4,Charita Atwal,FEMALE,Fireman,2
bed328f9-18f1-49ef-bb0e-657b2aaad197,Ayush Sheth,FEMALE,Fireman,2
a38a0e42-671f-48fb-aeda-26096d962bb2,Zansi Puri,FEMALE,Doctor,2
fbd08e54-7b23-40b3-b52f-2841e78f5223,Gaurav Mitter,FEMALE,Volunteer,2
762aa3c3-97a1-44b9-bd97-efb3c9924ccf,Sanya Kakar,MALE,Volunteer,2
2917cdf4-7d91-4ec0-aa24-23a08217784f,Jhalak Choudhury,FEMALE,Officer,2
1692a0c7-045c-4549-b546-d32072e67b86,Samesh Deol,FEMALE,Fireman,2
f3b719cf-4c17-4995-9d12-716dc0cfe6bd,Hemani Thaker,MALE,Volunteer,2
3301c84f-1b87-43f8-aff5-31040ddc5680,Rehaan Kant,MALE,First Responder,2
27faa53a-1e65-4c2e-a3eb-570a254bc889,Xiti Mand,MALE,Volunteer,2
93ab2729-15c0-48f2-87b8-dceae4d40348,Jai Dada,MALE,Volunteer,2
04164ceb-73b7-4bd8-8919-879303a5bb72,Jason Sarraf,MALE,Officer,2
527ca43c-edf3-45df-8e7b-6066336e6bb7,Rajeshri Johal,FEMALE,First Responder,2
3c3784ee-9f85-459e-ad26-fde1f88ee7a0,Bhavani Wali,MALE,Volunteer,2
cd483e6e-7b2e-4380-a26b-b30d4c5f9049,Krishna Ganesh,MALE,Volunteer,2
503857c8-663b-4fb6-8c5f-ebe49dfa4298,Baghyawati Savant,FEMALE,Fireman,2
38579acb-a1dd-4fc3-a15a-ee6590c8c784,Damini Mallick,MALE,Fireman,2
ab5e1651-911b-4beb-ac1e-fbf9c86fcbce,Jalsa Handa,FEMALE,First Responder,2
5b210ee7-db15-4c23-837e-dd68f9f77c62,Isha Vala,FEMALE,Officer,2
109a7454-dea3-49b9-9f33-515f0779ce45,Frado Kant,MALE,First Responder,2
caf81215-95cf-4d58-b2b7-324889c43bcc,Yutika Kunda,FEMALE,First Responder,2
6fe58354-955f-4939-9808-bc2ae324ec01,Patrick Khurana,MALE,Volunteer,2
87bdbc09-5f67-4f31-9662-59ff2de64b14,Sudiksha Sachdeva,MALE,Fireman,2
f583a380-7e39-4b10-89e3-e6b86fdb7851,Yashvi Vasa,FEMALE,Doctor,2
aa3de70b-0d5e-419a-96e4-9ffdd57be03f,Eiravati Wason,MALE,Officer,2
4190e574-70f2-441b-ac12-fcaf5c22c913,Wyatt Chowdhury,FEMALE,First Responder,2
9287d395-e708-48bd-b9f5-6684f5278ffc,Pranit Iyengar,MALE,Officer,2
2942d545-f22f-4a36-a6e9-4488358f1c20,Lekha Doctor,FEMALE,Fireman,2
dd96a2b5-8d84-4d75-958f-ace43440880f,Yamini Chand,MALE,Volunteer,2
7225e525-c39f-473f-ad9f-9b10d3b83204,Om Anand,FEMALE,Volunteer,2
e27690e4-3564-4db2-acfb-4e138e21b881,Azad Naik,FEMALE,Volunteer,2
58f116c5-7de9-4f19-ac7b-613a3c65559d,Jonathan Wagle,MALE,Volunteer,2
37bcdb37-cac0-4e80-89a5-1aeb3466d0cb,Bishakha Warrior,MALE,Doctor,2
32629299-cea8-4c41-aed7-6838d22ddf59,Wridesh Balakrishnan,FEMALE,First Responder,2
d2d3768b-c28a-409d-8b57-e92bd34ad024,Irya Chawla,MALE,First Responder,2
52c94e8a-f81e-4426-bed5-027e8a82f624,Barkha Ahluwalia,MALE,Volunteer,2
63b67f23-c4d5-41fe-a0f6-019889cfaa53,Vamakshi Pillay,FEMALE,Doctor,2
3e390b78-c4db-4344-a421-c2da90ab6f8f,Yamini Yohannan,FEMALE,First Responder,21
87c4e5c1-6d67-43ae-ab52-1330792a6cd8,Yauvani Loyal,MALE,First Responder,21
2d2f941c-40d8-4c63-b8a2-f60314695e5b,Damini Kapadia,FEMALE,Volunteer,21
b1fb97ce-451b-48b8-be69-1c3c3736455e,Edhitha Tank,FEMALE,Doctor,21
531d6911-ff68-4646-bdef-d4ea9f977fe0,Yashoda Keer,MALE,Fireman,21
22c799f6-5ada-4c31-afb0-9e200c489d4a,Mohammed Mammen,FEMALE,First Responder,21
7bbbc051-9123-4942-922d-da3fb227b3e2,Gaurika Mohan,FEMALE,Fireman,21
56bc441f-04c7-4d27-9494-b04c8a441a8f,Chasmum Datta,MALE,Officer,21
165ceed6-3d26-4d68-982b-397e81f06995,Reyansh Saraf,FEMALE,Doctor,21
3c90c714-bf04-4119-9c77-edba9c151bfa,Yashasvi Nagy,FEMALE,First Responder,21
8435eca1-2922-49c9-8499-7df6f0bfa7c7,Leela Virk,FEMALE,Volunteer,21
e6a60dab-9ffa-472a-afd3-ae895a2e38ef,Barkha Kurian,MALE,First Responder,21
8a3e9d4c-b715-47e1-9e23-3d2c6d9894dc,Rehaan Suri,FEMALE,Doctor,21
a477736d-7ebb-4f81-9a2b-f87a3237e2f4,Gauri Bassi,FEMALE,Volunteer,21
8391a60c-ecf7-455c-8d3c-2f5c160abc13,Reva Boase,MALE,Doctor,21
92011860-7fa2-4a28-a9b9-63b66c66cb35,Robert Cheema,MALE,Fireman,21
c287935c-fa90-4201-8d25-09882f2ebaec,Imaran Narula,FEMALE,Doctor,21
41794ac8-7c90-40b4-936b-c3a3d49c49a2,Nikita Sethi,MALE,Fireman,21
396bc00e-7a90-4bea-9891-c606bb15a7d3,Saanvi Joshi,FEMALE,Volunteer,21
b9ab62f3-e0a7-44f4-aa06-73261ed1758c,Watika Choudhary,FEMALE,Doctor,21
f3e68804-7ec4-4b94-9863-aba3df82fb07,Pratyush Wable,MALE,Doctor,21
ee125597-df7e-466a-b081-c00f237d441e,Chasmum Sankar,FEMALE,Fireman,21
90991dda-cefc-431a-a248-29328eb13671,Lavanya Lad,MALE,Fireman,21
bea726aa-e73e-4c1c-863b-2f2b299a70a6,Kevin Dara,FEMALE,Fireman,21
055c6758-cabe-4475-8300-000164dffc11,Kamala Parikh,MALE,Volunteer,21
a3e989f4-8410-450d-83ff-b9d70128cf9b,Vasudha Dhar,MALE,Fireman,21
1e135758-213f-40cd-bbd9-051a4e4ac67a,Kabir Bassi,FEMALE,Officer,21
d5525152-1fcb-499d-b686-e9dd717e0c11,Theodore Seshadri,MALE,First Responder,21
eba47b11-5e3a-40be-9d75-770663f118de,Lopa Patel,FEMALE,First Responder,21
9c47049f-7754-4378-b8fc-c183beee8c9a,Max Zacharia,MALE,Officer,21
fe7264f7-7df2-4d5b-9a0d-5b2c9c9472d1,Caleb Banik,MALE,Fireman,21
37a33e09-9e7d-42af-97af-791993baa450,Xalak Dutta,MALE,Fireman,21
c05cb4f6-3bb7-46f5-98a7-8f84809cc7e6,Pushti Kata,MALE,Fireman,21
aff24240-c35b-46f8-99dd-54d81c92b017,Ethan Deo,MALE,Officer,21
87877453-7d46-4729-928c-f7ba43612c35,Abeer Devi,FEMALE,Officer,21
74a38af8-6bc8-4010-92d9-6e8119bb9716,Prisha Merchant,MALE,Fireman,21
383052ed-e3da-4034-9aa1-f411452e158d,Tanmayi Warrior,MALE,Doctor,21
e6985798-de1a-43b7-b1be-6a1be2fa7d49,Falan Cheema,MALE,Volunteer,10
e71dc1af-ad18-4bb1-a251-50ac6f6411e0,Elijah Nath,FEMALE,First Responder,10
a8f318ad-bfe7-4cdc-976c-c12aba90a80d,Gabriel Soni,FEMALE,Officer,10
1611c429-66a7-4909-b69a-a8e2f6378131,Jagat Hayer,FEMALE,Doctor,10
8d1a43d0-6681-4afe-bd69-b9b2550c710a,Brijesh Pandit,FEMALE,First Responder,10
10e8c9d4-6f8e-4274-a3b8-d72f3b426494,Yamini Behl,MALE,Officer,10
100451ab-44cb-4f5a-87d3-612cab7ffc1c,Harshil Bhandari,FEMALE,Fireman,10
00a5268e-2dc1-47a6-8380-93d87f5afc41,Tanvi Kaul,FEMALE,Officer,10
fbdaebfe-26f8-4d66-a4f6-27823a07f0ba,Urvashi Dhar,MALE,Volunteer,10
b17cc0a5-1df7-40cb-8d59-5f5c2824543b,Kevin Sawhney,MALE,Doctor,10
fae21586-3dee-4d7f-b45f-4c7de8a1bacf,Chandresh Vohra,MALE,Doctor,10
25a94518-1f92-44c2-aef8-fe745b21bb93,Krisha Prashad,FEMALE,Volunteer,10
628dbabf-4470-4716-ab91-28c79bac966c,Gaurang Pai,FEMALE,Doctor,10
00391f38-9cfb-42d9-9af4-1c66a2c26296,Yug Mital,MALE,Doctor,10
01e51499-3a95-479d-8665-65315bb6e6d1,Zayyan Suri,FEMALE,Fireman,10
38f194dd-00bb-4abd-953a-20d9f0710904,Oeshi Sekhon,FEMALE,Doctor,10
60d78a99-f7ca-497d-841e-568e27918581,Aarini Wagle,MALE,Officer,10
7955e7d3-cc07-4388-99b0-8e368530b35b,Dhruv Kata,MALE,First Responder,10
6e51c627-88f4-41f5-ac01-898305c4b795,Madhavi Mittal,MALE,Volunteer,10
28927283-23e6-441b-895d-8ec8b8094600,Fariq Sabharwal,FEMALE,Doctor,10
b50e10a8-0308-46ef-b93e-03bb56f3c3e4,Umang Batra,FEMALE,Doctor,10
be7fa59f-4be0-477a-bca4-a626349c6926,Keya Wali,MALE,Doctor,10
467e97ab-00a2-461d-8873-3a8b4fd6a3a6,Sara Sidhu,MALE,Officer,10
8a67da98-2157-4138-a488-ff92fbb519c6,Yatan Singhal,FEMALE,Officer,10
156a34e9-3c6f-4fb5-abe6-c162482eb057,Naksh Gokhale,FEMALE,Officer,10
a1d1671e-2f2e-4495-adc1-52650a192863,Ekantika Kalla,FEMALE,First Responder,10
018d766b-bde9-4e2b-a4f0-b9a117d0c557,Karan Bhat,MALE,First Responder,10
28e4d37f-9f98-41e1-841b-87647fa36b7b,Qarin Peri,FEMALE,First Responder,10
8409f4c1-91d9-4356-84d9-24db972f79a0,Prisha Sastry,MALE,Fireman,10
893de293-3992-4ef7-9970-5f0357ee9f48,Netra Tiwari,FEMALE,Volunteer,10
8e0e84f2-ac6a-4fbc-bf61-9d89f605b8b0,Anthony Vaidya,FEMALE,First Responder,10
967348ec-e68f-4f2e-b05e-c5b8d352ac64,Ira Dhar,FEMALE,First Responder,10
ca3a0eae-cf4a-4082-bc88-a62b05202ba7,Isaac Chandra,FEMALE,First Responder,10
a97439b3-96f5-4378-8da2-07bab291a366,Yamini Agrawal,MALE,Doctor,10
09ca5ea9-10aa-4c56-8083-5fb68aa7e3a4,Daniel Setty,FEMALE,Doctor,10
3fb31c9e-a173-4a91-a284-58a9828b6643,Zaid Ravel,MALE,Volunteer,10
7d6d83dd-fc0b-48d1-8c21-8f05a1b08858,Amara Iyengar,MALE,Doctor,10
79527690-da4f-4965-9625-daffb7d43a17,Frado Goyal,MALE,Officer,10
d90607b0-5b8d-481a-b791-7b42b2831abf,Om Borde,FEMALE,Officer,10
d0458d06-a475-4b98-ae1a-de5103e1b8b7,Nitara Kota,MALE,Officer,10
115e5bf1-4cb6-45b7-9367-6183d49b0797,Idika Sachdeva,MALE,First Responder,10
314920bf-c724-4f95-a764-f1974b70abd7,Yash Srinivas,MALE,First Responder,10
9eed5c87-afc3-4031-b20b-539a51c30277,Dhruv Pandey,FEMALE,Volunteer,10
a2fcbeab-31eb-48c6-aa40-e5c63026b144,Hemang Brar,FEMALE,Fireman,10
63298504-28b7-470a-8042-748d9d0968d6,Unnati Malhotra,FEMALE,First Responder,10
1760045d-657a-49f0-a711-2dadb740a7fe,Zayan Agate,MALE,Officer,10
40ba790b-9c1d-49ee-8ec8-aa1cac298a96,Balveer Virk,MALE,Doctor,10
dd007abd-3dfe-460e-9a05-0801d575b3c8,Samaksh Wable,FEMALE,Volunteer,10
e27965ff-7d7a-4c02-856d-e4380bbea735,Alexander Virk,FEMALE,First Responder,10
6f770a28-fc4f-47e1-93a7-b8fdb52e89f2,Aditya Bora,MALE,Volunteer,10
4a617bf1-328a-4855-81c4-129243c93cad,Vedhika Rattan,MALE,Volunteer,10
e7b914ae-da8f-47fa-aac1-201780f0ec30,Advika Baria,FEMALE,Volunteer,10
1acec70b-ceb3-407b-8ffb-07dbb8b82d4f,Saumya Borah,FEMALE,Doctor,10
3301229c-27f0-4887-92de-b9e39ffffc25,Rachit Bora,MALE,First Responder,10
cb742715-1842-4166-a1c8-5cdffa7d6a32,Bahadurjit Bumb,FEMALE,Fireman,10
35bb4bfb-1c04-4710-a291-35fcc04be36b,Amol Sarkar,FEMALE,Fireman,10
a657d1e8-06c3-4e11-927f-b7ee2635b719,Megha Arora,MALE,Officer,10
9b3c3857-fcf3-4168-8d6a-e25fe797dbd7,Umang Ghosh,FEMALE,Fireman,10
cf89cb31-32e5-4d9b-b3e9-a84334d00b9f,Yachana Varma,FEMALE,Volunteer,10
1b618d76-c76e-40a4-8dfa-a78bb4e2f44f,Diya Chahal,MALE,First Responder,10
554ede07-b17e-4ef3-8d54-58503b53c204,Darsh Shah,MALE,Officer,10
c356c379-33ce-42ff-bd8f-6319b752d2d4,Girik Menon,FEMALE,Officer,10
fa3fdd0d-07bc-43bc-a95d-19f6f47ad32d,Divya Dutta,FEMALE,Volunteer,8
1b5d01b7-568d-441d-a5fb-51ffde7bc95e,Maanas Chakraborty,MALE,Doctor,8
a06dc1b7-4856-4f40-85b2-ac3a505bfecb,Rehaan Ahuja,MALE,First Responder,8
0599fb97-070d-423e-af33-31b57c04cb8b,Meera Ram,MALE,Volunteer,8
fca8ef97-5144-4d5f-9a28-cf5cf2e2cdca,Jairaj Ahuja,MALE,Officer,8
009a17f2-9831-4313-8d0e-8c9b4043debf,Vasatika Gokhale,MALE,Volunteer,8
997806c7-14a0-4c67-a46c-68ff880ea041,Arunima Kaul,MALE,First Responder,8
0916d928-79bf-4c44-8fa0-18442f4d0e98,Yug Loke,FEMALE,First Responder,8
5d84d329-1712-4c5b-a701-611fb05d7aef,Triveni Chawla,MALE,Volunteer,8
b84af83f-3617-4845-9456-79cf0fdeda3c,Imaran Sawhney,MALE,First Responder,8
10f959c5-71b1-44cf-bbd0-419b63c48001,Frederick Nigam,FEMALE,First Responder,8
536d9ade-1e19-4a33-b86a-dcc87100bd5c,Leela Mital,MALE,Volunteer,8
f070e797-d021-4386-8ce1-d64649adbc42,Ayushman Dash,FEMALE,First Responder,8
be41d932-afcf-434c-9aae-335d60ee6502,Karan Jhaveri,MALE,First Responder,8
92c5724f-c2c2-4a4c-bb34-158ae8d4af66,Ishwar Anne,FEMALE,Volunteer,8
070392c3-ecdb-4f80-a265-9ef1ae8fc80a,Ikbal Saxena,FEMALE,Fireman,8
9bccf200-10fa-4bcf-90e2-7ec28eada1de,Kalpit Batta,MALE,Officer,8
64895c3e-943e-4ba8-974c-baced066ba3c,Warinder Randhawa,FEMALE,Doctor,8
4ea0287a-fcf0-4109-b752-69248acb80dd,Viraj Datta,MALE,Volunteer,8
9b456408-0d8c-491b-874c-8586b6444ff9,Viraj Desai,FEMALE,Officer,8
27277b59-32f5-475c-b1bc-c255301a5ef8,Wazir Seshadri,FEMALE,Volunteer,8
7ae9e292-01fb-44c8-9390-bc68622933a4,Anthony Uppal,MALE,First Responder,8
abef9f03-e796-4da2-8bde-3c29a0c31e7d,Aashi Gulati,FEMALE,Volunteer,8
ac3532c7-285f-4c13-b1e2-b5ace3662a16,Anita Wali,FEMALE,First Responder,8
44f88f53-6210-49ff-a16c-ecc70193d4fa,Qushi Goswami,FEMALE,Fireman,8
339b4d4a-b692-4437-a3ec-fc1bcd9fc656,Ekavir Chakrabarti,MALE,Doctor,8
4b103f54-83bf-4e4e-b960-955f8df3f4b3,Ryan Sankaran,FEMALE,Doctor,8
95d80af8-cbc2-4ff6-a7cf-ec4348479394,Isaac Andra,MALE,Officer,8
024955ed-9338-4e7e-bdfd-f0632b0d9f40,Zehaan Bala,MALE,Doctor,8
a8eccefd-08e7-401f-b1c0-2ba2c3c3c963,Atharv Peri,MALE,Doctor,8
588dcb2a-79cb-49fb-8d67-a1558b0f7003,Nilima Bhattacharyya,MALE,Volunteer,17
9de7d50a-2d52-4017-9671-b86181aa2efa,Yauvani Vyas,MALE,Fireman,17
2b5aeb5e-1c06-4dd8-8f63-123243179038,Baljiwan Rastogi,MALE,Volunteer,17
f48eea71-fa9c-4f42-a053-febd1b1c8275,Nisha Jani,MALE,Volunteer,17
e8a3867c-d187-43df-b7e5-b731cb323f17,Abdul Bhalla,FEMALE,Volunteer,17
947ef421-192c-463c-b992-82cd1ae3b184,Frado Seshadri,FEMALE,Volunteer,17
9e89e37a-8d51-4b94-9790-96a73df0e80e,Manan Narain,MALE,Officer,17
4985b518-9ca3-4902-b155-7d9b202f059a,Megha Puri,MALE,First Responder,17
eae2dd2f-2cf9-4c08-96ae-3181e19a5693,Sneha Pandya,MALE,Volunteer,17
a8489d2c-3931-461b-a5ba-1f0ba5e7e15b,Udarsh Tara,MALE,First Responder,17
92ee284b-6f38-4552-bc65-5e829c817042,Lohit Dugar,MALE,First Responder,17
d154e09d-a4b2-483e-aac1-a8a0780f350a,Girindra Ahluwalia,MALE,First Responder,17
3fcc3f5a-1688-496a-9498-b90b361d42e4,Advay Padmanabhan,MALE,Volunteer,17
52f75001-5e6a-4853-803d-dc977a8483c3,Aarnav Dash,FEMALE,First Responder,17
80aea228-e016-4519-81b8-9a0fd6262de0,Eesha Sama,MALE,Fireman,17
decc6f32-5274-404b-aaa7-bd629b59d271,Jyoti Bose,MALE,Officer,17
2cd78d27-26c1-46b8-af8f-72083ca63010,Gaurav Kumer,MALE,Fireman,17
e01d824c-eebb-4d13-ad20-a5b770a82378,Girish Srinivasan,FEMALE,Volunteer,17
fd56aaf7-738e-4871-ba98-6e4f199bf8b2,Aarush Batra,MALE,Doctor,17
8c39ca35-7238-47ef-bf90-02d651c62ab7,Aarini Tata,MALE,Doctor,17
dbe9c296-d36f-4810-9655-43ce814880f1,Damyanti Prabhu,FEMALE,Officer,17
34343f44-70a5-4e55-aa21-44d6b7b60f5d,Vrishti Cherian,MALE,Doctor,17
e75e83f4-4d37-4952-8d53-a94f90b35866,Anita Madan,FEMALE,Officer,17
6dc02a02-a39c-4829-a7d1-9f9d0774cbd2,Veer Rajagopal,MALE,Doctor,17
9d28a13e-76df-4e97-90f9-9787e3ecdc73,Michael Trivedi,MALE,Fireman,17
64aa408e-f328-49a1-ac24-208a1229b8cc,Sneha Tailor,MALE,First Responder,17
23ac2e06-ba48-4f1b-8a46-00baca33edea,Mitali Sarna,MALE,Fireman,17
d695678d-67be-4751-bb57-063949beba73,Ishani Pau,FEMALE,Doctor,17
b2c725af-1f26-4920-bd2c-3a303e6614f2,Indali Palan,MALE,Fireman,17
9b010d4c-c89f-4947-9635-ddf50e57af3a,Om Badami,MALE,Doctor,17
3573ad06-2910-4c35-8f3d-7d210a512209,Om Kumar,FEMALE,First Responder,19
bf7c5dfc-6899-4fa9-a722-231f0268ee43,Jyoti Sharaf,FEMALE,Doctor,19
f1a113d4-efe1-4cae-9b5a-d46f8f32d80b,Nathaniel Gade,FEMALE,Doctor,19
eaa847e2-0022-4ead-9e36-abd249d49eba,Deepa Vora,FEMALE,First Responder,19
6d428f2e-b300-49ad-b613-f521ff667c61,Sachi Sabharwal,FEMALE,Volunteer,19
02868801-5bf1-4a48-9840-8105603626f0,Yashoda Kibe,FEMALE,First Responder,19
789fc5bb-a983-4530-8167-ca4973c02798,Max Sachdev,MALE,Fireman,19
78a6138e-30e1-4738-a9b5-b53778318967,Kabir Sodhi,FEMALE,Fireman,19
9c7a202b-d288-433c-87fe-6a15607c95b5,Benjamin Datta,MALE,First Responder,19
e657f72b-704d-459e-b7b1-156f3b2f4851,Zaitra Natt,MALE,Officer,19
ad87094b-76c6-4d2d-aba6-c08ebe36ee78,Tanmayi Narasimhan,MALE,First Responder,19
7c4a86c0-e3f0-437e-b440-5340381ed9d1,Devansh Prabhu,FEMALE,First Responder,19
971dc2fe-1f22-4d6e-9541-7cbc01bdb853,Yahvi Srivastava,MALE,First Responder,19
b95fd319-374a-47c2-aef0-8447ceba0684,Daksh Rajagopalan,FEMALE,Fireman,19
632ab771-89ad-4b42-8ed5-b49cb4639682,Zayyan Balakrishnan,MALE,Volunteer,19
dd56e277-df2a-4b7f-b7a6-a8cd2748a31c,Shivani Padmanabhan,FEMALE,First Responder,19
aced309a-222d-4d9e-8e82-6f64ecac7e4b,Chaman Swamy,FEMALE,Volunteer,19
834c6606-34a0-4d77-8089-01c52c2da17e,Harini Bobal,FEMALE,Volunteer,19
6ee70b0c-5319-4b4b-badb-276b89a87831,Saumya Kaur,MALE,Officer,19
e8cc3e26-8510-4afa-b943-2f95b77878b3,Alka Gera,MALE,Doctor,19
2325aa9a-6e40-42eb-a179-ebb456add6db,Unnati Contractor,FEMALE,Officer,19
f708146a-4d7a-45ed-9824-4da6cdce953e,Laksh Sankar,FEMALE,First Responder,19
b536ccb3-945e-4d6f-a816-8abe045e5f91,Panini Shenoy,MALE,Doctor,19
22f28565-91a1-49b9-9a22-d06745bfc0e9,Forum Nath,MALE,Doctor,19
39c59213-73ad-4a9b-ae90-9553fd67578b,Unni Hora,FEMALE,Volunteer,19
d81d4894-d255-4e23-b3cd-98bba21f2438,Januja Choudhry,FEMALE,Fireman,19
7f4232ab-22db-4088-adc4-63e3904eb021,Ekapad Pai,MALE,First Responder,19
2a09cebb-957d-4526-9b9b-090893d0c2de,Yadavi Wali,FEMALE,Officer,19
24c78eb5-39ba-4dd5-af3f-63807dbd78e6,Charvi Vig,FEMALE,First Responder,19
9d25e273-1f96-4bab-bc94-82f4d98488de,Dalaja Sachar,FEMALE,First Responder,19
9bd0caf2-d527-4efb-8050-2aa94b72170f,Abdul Comar,FEMALE,Volunteer,19
598e6350-c477-43f2-9e29-c7bae9058030,Bhavna Prabhakar,MALE,Volunteer,19
448b90a4-3672-4960-9edc-4a27b82ac168,Darika Venkatesh,MALE,Officer,19
c62ae7d1-9b29-4509-b684-6f1cf2a91840,Mitali Patel,FEMALE,Officer,19
fd298f2a-149d-4f47-bc65-56a11d508800,Manthan Lall,MALE,First Responder,19
c654ef80-fce4-440d-9ff9-76e171209852,Suhani Koshy,MALE,Officer,19
15aab0dd-3ce9-4ccd-8cab-24597ddf4558,Luke Loyal,FEMALE,Fireman,19
92ae55f8-23df-4ed9-b903-aaef1d63bc15,Varenya Prabhakar,FEMALE,First Responder,19
97a85941-1cba-472a-8f74-9241df7899e4,Lipika Rattan,MALE,First Responder,19
df6c5909-3327-406b-8f0b-ea2f000775ee,Pallavi Jain,MALE,Doctor,19
c7ae5282-f273-4fe8-b7ab-6f01255b3687,Pallavi Char,MALE,Fireman,19
685b5d1b-c49b-4494-a2b9-0754f19307fe,Kavya Lanka,FEMALE,Doctor,19
21358799-8ec3-46fc-b538-5a18720e5564,Yashawini Doshi,MALE,Volunteer,19
5dfd03a2-27dd-4485-b304-6538d884f658,Henry Sandal,FEMALE,Fireman,19
1cce4ca5-b796-4a18-af34-8f8af2814a60,Udyati Rama,FEMALE,Fireman,19
cd3753eb-e173-4314-8cdd-e0457903d0d2,Nikita Kapoor,FEMALE,Doctor,19
5f3fb4df-fbd9-4439-880b-b9b1410b0b1b,Arya Sachar,MALE,Volunteer,19
f9f779b6-df6b-48be-813b-00fc58fde005,Upasna Ratta,FEMALE,Doctor,19
0ce5e9d3-e831-49e8-bce6-182aa9d41ece,Ranbir Lad,FEMALE,Officer,19
33a7ae9e-4955-4ec1-8c71-027a82a2237a,Christopher Srinivasan,FEMALE,First Responder,19
53d7a792-37ee-4e90-9d0d-a3cf12f02da2,Mohammed Rout,MALE,Officer,19
8f50afb7-77c2-430f-9e44-2fb7c22bd764,Harinakshi Gade,MALE,Doctor,19
1c581d4d-ba73-4581-b7ae-8250a4c76a3d,Anay Chada,MALE,Doctor,19
11d8dd1d-2678-4b67-8f1b-d835c04ba315,Bahadurjit Oommen,MALE,Doctor,19
5611c0e2-a420-48ea-aa3d-5e9b155e89c5,Akshay Bava,FEMALE,Officer,19
d30917fb-f3a4-4a04-8270-633d9c7b6349,Advik Pall,FEMALE,First Responder,19
2bf40b17-fb4e-4583-93aa-02509a4fc434,Nikita Lata,FEMALE,First Responder,19
09a1e470-c91b-41f5-8623-82a24145fa0f,Yashasvi Sampath,MALE,Volunteer,19
58d56562-1d58-408e-a07b-18720c71d351,Bhavna Savant,FEMALE,Volunteer,19
7525266c-8a6d-4a52-bb2e-c91e79e8ec10,Tanveer Balakrishnan,FEMALE,Volunteer,19
1f5e0e18-a82f-4eef-99ce-61aaf0ffae24,Baljiwan Rout,FEMALE,Volunteer,19
9ffa1f2f-e1b7-4535-9ffc-e469e5581d3b,Xiti Baral,MALE,Fireman,19
95b18c53-e325-4c98-82d5-dbcfe1bfb24e,Chakradhar Sathe,MALE,Officer,19
7a362c41-47a2-4ede-b0f1-ca8a81387ddc,Keya Datta,MALE,Fireman,19
81511cf6-b27a-4044-9d6c-9d755cac22c4,Vincent Khare,FEMALE,Volunteer,19
1fd9b8a2-5268-48a4-aacd-3bda4a363f82,Diya Wason,FEMALE,Officer,19
43b8576b-439b-4605-acfd-99e755896de5,Adya Rout,MALE,Doctor,19
35e39f6d-804a-48a5-a783-0e649d74c3a7,Rushil Bava,FEMALE,Doctor,19
5be29bfe-205f-4b0f-98ef-684827d016c8,Ekiya Ramanathan,MALE,Fireman,19
c7f21868-262e-4b12-89e1-a3dd9e51e2bf,Mugdha Sahota,MALE,First Responder,19
04de297b-9d35-4536-a10a-49ae02cfdc84,Pranit Nayar,MALE,First Responder,19
49dce6c4-65e9-4ea5-b80f-2e77fc9bb195,Oeshi Dasgupta,FEMALE,Volunteer,19
e7965e49-28e0-4d27-a98c-7bee4587f5e2,Saanvi Nayak,FEMALE,First Responder,19
9c74c32e-7006-4946-9582-93903586e325,Abha Aggarwal,MALE,Fireman,19
8fdcaeea-b6f9-48c2-a62a-12f1d5261fd1,Ethan Narasimhan,FEMALE,First Responder,19
5db94a18-cb10-45c4-ab5d-3e22129e79be,Reva Kumar,MALE,Fireman,19
0c4dce3c-8c3a-43ca-bfe6-4df2e5fa5345,Nikita Chanda,MALE,Officer,19
8917f3ae-f22d-425a-903c-14f67b731649,Omisha Swaminathan,FEMALE,Volunteer,19
19ba487a-f09b-43cf-8365-8e5c0e7da5b6,Ekalinga Mukherjee,FEMALE,Fireman,19
11387714-0b7e-43e8-ad22-a1e49dbb9f78,Gavin Wadhwa,FEMALE,First Responder,19
70d2c8e7-a6cf-46f8-bb0c-5bb31bd75e64,Mason Bava,MALE,First Responder,19
b5a52777-7233-4e4b-addc-e7a66ffc0b52,Faqid Raj,FEMALE,Fireman,19
ad03b7cd-4876-4ead-af36-bcf5399019fe,Theodore Mitra,FEMALE,Volunteer,19
52f31869-8e60-460a-ad33-63d91751246d,Anusha Bala,MALE,Fireman,19
94e1d82a-b4d3-41d6-ba47-c5c0758349d7,Liam Bali,FEMALE,Volunteer,19
834de505-effc-4bd1-a54c-c7ec602318f3,Chanakya Kumer,FEMALE,Fireman,19
5251222a-7427-4c53-a298-4e3f6d90662e,Ranbir Bakshi,MALE,First Responder,19
e1f5a048-2984-476f-80ae-2a6449744b57,Michael Sarraf,FEMALE,Officer,19
3ceae7db-6a09-441f-b2d2-8c237b1906c8,Advay Bajwa,MALE,Fireman,19
f09adddc-c257-42e1-afd7-bdbf8680a4ab,Mitesh Kuruvilla,MALE,First Responder,19
0c894adc-6deb-4631-a3bd-42dfe6edf761,Ekaraj Chandran,FEMALE,Doctor,19
1101c20f-81e3-4acf-8fec-5be8e589108c,Bina Parsa,FEMALE,Volunteer,19
01ace334-b09b-40d4-bfe6-69c821eba4c9,Abdul Kohli,MALE,Officer,19
43aeaedb-fb71-46e7-bfab-5b9ce37e185e,Nikita Vyas,MALE,Officer,19
dead75d7-c823-4db5-a6b3-8210a5971062,Gavin Chandran,FEMALE,Doctor,11
2d9fdf8f-cc32-4050-acd1-e55ce706d389,Upadhriti Shere,FEMALE,First Responder,11
f0d5ec2d-6b30-4ba4-a306-04ace85f3f81,Vihaan Mangat,FEMALE,Fireman,11
82cb8b98-85df-41a4-8602-5471dfd27710,Yochana Mital,MALE,Doctor,11
883a26bd-4c12-4c33-b295-d020d580a26e,Hemangini Yadav,MALE,First Responder,11
ed719e3e-2811-4325-80d5-6e79297a13e8,Yachana Bumb,FEMALE,Doctor,11
019f205a-30b7-465a-9493-940d6d716f0a,Triya Ganesan,MALE,Volunteer,11
94739e84-f73e-4e13-a6bd-816928eecf94,Naksh Ramaswamy,FEMALE,Volunteer,11
7d6fefb5-d1ec-41aa-acc9-911a289967b3,Xalak Bajwa,FEMALE,Volunteer,11
2a9e7ef8-2272-486e-acaa-7e998c781940,Nisha Jhaveri,FEMALE,Officer,11
b6969215-375a-4a23-8318-d5bcc0699fc4,Upma Doctor,MALE,Fireman,11
d40bf538-a7fa-4eba-8834-4cbd40c25deb,Damini Parmar,MALE,Fireman,11
f6641343-9e76-464c-9dc8-93b26ba2352b,Jeremiah Keer,MALE,Doctor,11
8eae05f1-d593-46b7-a01a-6cd21f54f183,Mohini Bhat,FEMALE,Fireman,11
33291685-131d-4f3e-a285-0213c94955e4,Oeshi Pingle,MALE,Fireman,11
18163ede-f954-4e38-8f70-cec28fc754ae,Pooja Mahal,MALE,Officer,11
f8e7e1ff-57e5-42c1-a96c-447547b9d4cb,Raagini Parmer,FEMALE,Volunteer,11
44d78418-7b61-402c-a55a-5a9058ab02a9,Omkaar Shanker,MALE,Fireman,11
2ac29148-b156-4116-86de-6dd1afc4b643,Yashasvi Mallick,FEMALE,Volunteer,11
ea0803fb-48df-4566-840d-c2d15c4446f8,Waida Lad,MALE,Doctor,11
d92e012a-4687-49fa-a534-7f39405e81b5,Fitan Agrawal,MALE,Officer,11
87bb045d-c4a5-4c96-83b2-b55ddbae3de8,Darika Kumar,MALE,Doctor,11
501b8896-363c-48eb-8240-b48cd3db095f,Theodore Tandon,MALE,Officer,11
3acddd09-7b80-48cc-861d-47706ff42270,Janya Pal,FEMALE,Doctor,11
aa3837ce-c9cb-4ef9-9e2e-0ef14447c2cd,Pushti Krishnan,MALE,Volunteer,11
121e7e90-5e0e-4e6e-9847-6c910ecd313f,Kritika Ganesan,MALE,First Responder,11
c71503ab-a50c-4e5f-887b-7e3ddf61690c,Harrison Madan,MALE,Fireman,11
0df20e28-ef93-4352-9eec-d213e367a3d7,Rushil Kannan,MALE,Volunteer,11
5abe5bf1-ae75-49fc-a72d-62de08bd690c,Jonathan Roy,FEMALE,First Responder,11
f02543d0-2b7c-488f-b41a-0f44a0263868,Radha Mangal,MALE,Fireman,11
9e751bff-9cff-4700-b982-fd088a4ae1d0,Raghav Bhardwaj,FEMALE,Volunteer,11
d478ef3b-850e-4691-8dc0-7493f7f50b61,Arjun Bath,FEMALE,Officer,11
57e3b285-fa2c-4a04-9a83-217cf3cd911a,Vrinda Madan,FEMALE,Volunteer,11
432c3ebc-a122-49ec-8dd9-ac5216a464cd,Ethan Dhillon,FEMALE,Fireman,11
df903387-7779-419e-b212-a56873c755ff,Vidhi Raju,MALE,Volunteer,11
f8536487-725d-46a8-9274-df27e23c10ed,Manbir Muni,FEMALE,Fireman,11
4ff1d0dd-bed3-42e8-8363-3658e16985ef,Harish Dar,FEMALE,Officer,11
f4c54bca-05c4-4df1-ae80-c24fceb8374f,Fariq Setty,FEMALE,Doctor,24
41e02b00-f377-4f78-a210-6ce5e0725e4b,Champak Sant,FEMALE,Volunteer,24
c7e442ac-9fc4-43ec-a153-3297ccfcd419,Yashica Bhargava,FEMALE,Officer,24
44d2ed1d-a055-42c6-9c56-99c6d8b51f10,Neha Hegde,MALE,First Responder,24
0df67fb6-7535-4579-b066-65281f1fb58a,Omya Batra,MALE,First Responder,24
280f9bbe-3926-4623-b48a-8f9e82e50dc3,Leena Handa,MALE,Doctor,24
b74b5e4e-04ec-44ab-895f-48e5f4c0033f,Bina Arora,FEMALE,First Responder,24
9e6486fe-63c3-4275-b575-3be5d56f0fda,Harshil Mangat,FEMALE,First Responder,24
cfdf3ea1-70a2-4ea8-b928-c66d2b00a935,Tara Mall,MALE,Doctor,24
e5196a32-0cb6-45d2-b4b6-25b44ef0fa01,Vasana Rattan,FEMALE,Fireman,24
57202d0c-6430-4b0f-b41f-0e933db42746,Dayita Bajaj,FEMALE,Volunteer,24
35387816-bed5-464f-aa49-7faf373fa68c,Vrinda Gandhi,FEMALE,Fireman,24
73a431b7-4ba5-40a3-91a4-05f0367775c2,Qushi Ahuja,MALE,First Responder,24
b08fe573-fdd4-4fdd-ab5d-d0c398ba4d9f,Utkarsh Parsa,FEMALE,Doctor,24
f0447939-7fd9-4cec-bfca-706acd891113,Lekha Bakshi,FEMALE,First Responder,24
dc82d0fb-df74-492b-bcca-51bc025ad66d,Sarthak Shankar,MALE,Doctor,24
47fc2668-9f48-447c-baa0-7f4153f7369e,Jagat Contractor,MALE,Officer,24
b63723dd-4f03-4aec-b521-e408c0b36fb8,Daniel Chad,FEMALE,First Responder,24
02b3cbce-5932-41d5-b90b-9549f7ea7919,Aditya Narayan,FEMALE,Officer,24
375326b7-f57e-474f-a3b1-bbc146d15060,Chandran Ranganathan,FEMALE,Volunteer,24
bd8e40c4-2e8e-4202-91e3-8e73c209caa0,Nirja Dugar,FEMALE,Doctor,24
da2dad34-704d-48d5-bc0f-e99f0634d54b,Ria Raghavan,MALE,Fireman,24
65c85cbd-814a-4e16-94bd-c2eed479b84e,Atharv Master,FEMALE,Officer,24
cdebbeaa-3873-482f-9e99-a7a1bdeb167d,Logan Sidhu,FEMALE,First Responder,24
d83c3ce5-8689-4c15-9eb3-5a09530ba6a5,Zashil Shah,FEMALE,Officer,24
9c05ad23-20ef-45ed-97c1-3f6985cdd669,Tanvi Jani,FEMALE,Volunteer,24
911ab527-a350-461f-ba06-10ffaa56ef86,Rachita Apte,FEMALE,Fireman,24
18137658-7748-4a23-9979-de5a9494c3f2,Samuel Agrawal,MALE,Volunteer,24
3c6368c0-660e-4bd0-aa1c-5ae98c3623d3,Ekalinga Gill,MALE,Doctor,24
9098d864-3863-4071-98bc-19f2789eb71b,Ridhi Khanna,FEMALE,Fireman,24
8a6ca11e-1522-4ea2-b633-f3390758606a,Fariq Iyer,MALE,First Responder,24
a29d9d39-cf28-46ee-8b59-6cfae1d00a0c,Xalak Dixit,MALE,Officer,24
f84ebe83-858d-4712-9ca3-6508daba10ab,Manan Rai,MALE,Volunteer,24
935e436d-0dc3-43fb-a418-995720b9807a,Krishna Seth,FEMALE,Volunteer,24
105ec43d-03e3-4b55-a75c-b30a71ba9b06,Ria Kala,MALE,Officer,24
7a1ceacb-547f-4c86-a1a7-499d6f858367,Upadhriti Sinha,MALE,First Responder,24
b4663a9d-078f-496f-8cc5-f961278cea0e,Krish Biswas,FEMALE,Volunteer,24
6e210030-bafa-4ad0-8bdf-10937f8c3742,Sara Desai,FEMALE,Officer,24
40805829-43f0-4d08-bb53-5e0f48b27633,Zaitra Rajagopalan,MALE,Fireman,24
24424fa3-0136-47c0-aa03-25662376b0ad,Aarush Dara,FEMALE,Doctor,24
52a66482-1cec-472c-a76f-7f073e5c4491,Gayathri Naik,FEMALE,Fireman,24
5dfa4d6e-1cac-4973-9169-1d63bf2b1bec,Omkaar Samra,FEMALE,Doctor,24
d59cd682-641e-4a8e-b7bd-6ca768da6db2,Simon Sahota,FEMALE,Fireman,24
40256449-39b7-4550-aa5c-98d0adf9a72d,Harsh Pau,FEMALE,First Responder,24
b2beb359-2b97-4ed1-9831-e33a96280293,Kamala Kohli,MALE,First Responder,24
ab8d96fc-0618-4093-ae8d-25635b113c50,Yadavi Chakrabarti,MALE,Fireman,24
50f1a67d-e85e-41eb-982c-d40a0fbcb4a2,Jairaj Shetty,FEMALE,Officer,24
6584aa16-618a-4ec6-a3cd-a4a00721dbb5,Chanchal Sidhu,MALE,First Responder,24
59f15393-98e3-4c1a-b921-2d2fb9828206,Gaurangi Venkatesh,FEMALE,Officer,24
67e4bed8-2edb-4c33-9966-67618f0bcd87,Falan Bansal,FEMALE,Officer,24
e52a96ef-a913-4cec-97bf-632f365b2343,Pratyush Bir,FEMALE,First Responder,24
ae7e0c08-349d-453d-aab2-159c03650aef,Abdul Mutti,FEMALE,Fireman,24
f6fcb442-df7b-4e61-bd9e-4c2703bbc34b,Chanchal Kohli,MALE,Fireman,24
89f584cb-6a36-4f8e-808b-b45c2075d349,Ladli Kant,MALE,First Responder,24
f940dcf9-d77d-4d57-bf4b-4bfc7ad35bd0,Qasim Memon,FEMALE,First Responder,24
be83a7ad-3cdb-4f3a-bba3-6c1d6d96ea20,Xiti Mall,FEMALE,Doctor,24
8253cfd3-efc2-49cd-a2c7-63d63bbef0d8,Onkar Gour,FEMALE,Doctor,24
f0d9e52f-e329-4d0e-829c-b43f5fe0bf52,Alexander Gour,MALE,Officer,24
28d7504b-3c80-47da-854e-9760d2193cad,Qabil De,FEMALE,Volunteer,24
9737fe90-b3c8-466f-af7a-0f507cce5a72,Harish Som,FEMALE,Fireman,24
8207c992-2471-4eb4-9a9c-e07f8633e868,Harinakshi Dora,FEMALE,Doctor,24
ffca8399-52c8-464d-ab23-62479008a48e,Meera Goel,MALE,Officer,24
bfda3f57-ba25-415c-8630-1f0409252835,Yutika Dasgupta,FEMALE,Doctor,24
177915d1-04da-4ac6-b786-dd249ff155a4,Harita Rattan,MALE,Volunteer,24
3904c09c-4109-408f-9d23-2c1d862dacbb,Ronith Vaidya,FEMALE,Volunteer,24
4f5c1041-5bcd-474c-9154-a6fcd319dd93,Daksha Sani,MALE,Officer,24
b6bddf53-9a76-49e3-853a-b8bc4cf4b3e3,Amruta Rajagopal,FEMALE,Doctor,24
80bf7250-4423-40a9-afdb-22836a6c2007,Nidra Dhar,FEMALE,First Responder,24
5fc397c7-3d84-499e-986d-bada2820fd3b,Wakeeta Gaba,MALE,Officer,24
ec08846e-22a2-4461-b167-8c2d63667a1a,Girindra Chandran,MALE,Fireman,24
70495585-e547-441e-924f-857bad394f09,Yuvraj Chandran,MALE,Doctor,24
657658cc-b71e-4bee-b8ca-ca78c00ac17f,Veda Loyal,MALE,First Responder,24
bbfab6f8-7c6e-46ab-b5da-c91d290f04f8,Eshana Handa,FEMALE,Volunteer,24
cb21385e-b770-4172-958e-2adfb573f583,Ansh Mann,MALE,Officer,24
f8616ad7-dbc3-4fb1-8958-f87a99d0d693,Bina Dixit,MALE,Fireman,24
d4b7dcaa-43ee-4ed4-834b-55fc16cf1e96,Radhika Nayak,MALE,Doctor,24
8e08dbc2-b8e6-461f-a86f-b81dad4b9bd3,Leela Ghose,MALE,Fireman,24
b23e60e5-0fff-45c2-9013-650a1ae849ed,Jasmit Srinivasan,FEMALE,Doctor,24
11dd5952-a26b-4cc2-b7fc-ef2ee5627ce0,Naveen Kar,MALE,Fireman,24
ab7b79eb-fba7-4820-922c-ec0e2a244278,Madhavi Rai,FEMALE,Doctor,24
15168d77-a0da-4dc4-af46-e1611ff59cbd,Jason Misra,FEMALE,Volunteer,24
54f377dc-a748-465b-86a9-27ad376c0227,Riya Toor,MALE,Officer,24
a0b1ddb0-a257-4ec4-91de-05334127283c,Vrishti Virk,FEMALE,Volunteer,24
3b5b29bd-68d3-45ae-8c40-62cc6d416aaa,Manthan Master,FEMALE,Volunteer,24
05b9c8e0-1bd5-4bab-97f3-d537e292f202,Aishani Thaman,FEMALE,Volunteer,24
de6588c0-32ac-4ce9-a48a-7717fcd3a933,Hardik Dyal,FEMALE,Volunteer,24
d2b73623-eb51-4f30-b2d6-55db459e2c4a,Irya Gara,FEMALE,First Responder,24
370a848e-2777-46b9-b478-8a96f61e7418,Bhavya Chand,FEMALE,Officer,24
f40a10f0-3850-4e10-8cb3-85c29d6fdadd,Chatresh Sahota,MALE,Officer,24
e7d8a85a-f727-43f0-afe5-475c49349b97,Vrinda Chada,FEMALE,First Responder,24
39f9c1ff-c797-41aa-ae5c-49e8b49c716b,Chaitaly Chaudhuri,FEMALE,Doctor,24
8de21554-0c6b-4d45-9ed1-3e5b904b427f,Rachana Apte,FEMALE,First Responder,24
2401f4ed-b932-490d-a9e2-f44b748819a9,Wriddhish Cheema,FEMALE,Fireman,24
d845fd17-a9b9-45a4-82a8-76b993a5c859,Dominic Sidhu,MALE,Doctor,24
6a18f21c-5a9b-4623-b548-b00893bdedb3,Geetika Master,MALE,Officer,24
7ddadc1f-5410-49a0-bd2c-51b983cd6f8a,Dev Randhawa,MALE,Volunteer,24
3f471f6a-b207-4e54-9d17-08a64fa38399,Falak Desai,FEMALE,First Responder,24
fa17a83e-44f3-4d2a-b326-222088eb0b39,Jagat Salvi,FEMALE,Fireman,24
a3d72f6d-e9f0-43d6-809a-0363fe757ec1,Avi Peri,FEMALE,Doctor,24
c19157c5-319d-4f3f-abfd-e7765ac9bb71,Ekantika Srinivas,FEMALE,Doctor,24
5006fcc5-2c7d-445f-9265-3c6129b811b7,Azad Sem,FEMALE,Officer,24
e811d939-9df7-40c7-8ca7-bf455239b65a,Anirudh Kapur,FEMALE,Doctor,24
6f2252d4-5260-48af-b5f7-12b6b4a09b9c,Kashish Desai,MALE,Officer,24
01aade87-c4c8-4a46-8177-326ef4ea6959,Jasmit Chakraborty,MALE,Doctor,24
a2f631a4-5068-4e16-8adc-16e4048c9895,Hemangini Balay,MALE,First Responder,24
65ee7bc6-be2b-47bf-abcf-4442bd74e2ae,Nimrat Keer,FEMALE,Doctor,24
377e2f13-2d6d-404f-bf54-b17209e1f51b,Niharika Mukhopadhyay,FEMALE,Doctor,24
58ec50df-b7ce-4f42-aa27-9705168255c8,Chakradhar Ramakrishnan,FEMALE,Volunteer,24
0a4635e6-528f-491d-a7f0-e7157388cf00,Gaurav Lall,FEMALE,Doctor,24
23586122-e031-47b4-91b7-bb10f6e72a81,Nicholas Patla,MALE,First Responder,24
cfcfa4d7-e67e-4a0f-8c21-90af25d06f3e,Dhruv Ravel,MALE,Fireman,24
83b0636b-35f5-4a21-a1e7-043f7d1091b3,Reyansh Chauhan,MALE,Officer,24
650cb13d-309f-4851-86be-2f152fc7f30c,Faqid Modi,MALE,Doctor,24
d6b6f2e2-62a0-42f3-a5d4-1fdc23980e96,Krisha Jaggi,MALE,Fireman,24
4c1c309b-624d-43c0-86d5-296a9a92a929,Ekapad Thakur,MALE,First Responder,24
67e78db1-0c5a-4052-9725-2af69852ef6e,Mohini Krishnan,FEMALE,Fireman,24
97bf6625-06db-4ed5-a674-b2687190efdc,Tanvi Madan,MALE,Volunteer,14
1854b59f-e51c-4ab9-acf0-f4cc1bc21095,Dakshesh Saha,MALE,Fireman,14
79668455-6f69-40d7-a51e-f5967cb9a60b,Banjeet Gour,FEMALE,Fireman,14
15f8874f-2edc-4859-a9a3-4ffb7d55fe87,Vasatika Chandra,FEMALE,Volunteer,14
caafe35a-15da-40a4-9ca1-179cae3e167c,Yatin Gopal,FEMALE,Doctor,14
7f7d9363-865f-489d-adcf-f5e588fc4369,Ranbir Narain,FEMALE,Volunteer,14
324ef965-8f68-4e3c-aeb0-9f72aaad588d,Rishi Gola,FEMALE,Officer,14
8cddc158-deb3-454e-9ca6-10554b9e304b,Qushi Mukhopadhyay,FEMALE,First Responder,14
71f214c1-0282-450f-aba1-820156b9f27f,Zashil Goel,MALE,Volunteer,14
8be0e89e-52d3-4d0b-942f-6f7352f1cfdd,Yatan Sandhu,FEMALE,Fireman,14
4f6c7ac7-fd23-4703-8d07-4f2b2120bacf,Charita Shan,FEMALE,Fireman,14
a3e7ecad-4323-4e09-9c27-b0f6085cf0bf,Rishi Sha,MALE,Officer,14
a71f6e4c-7031-487e-830a-aa0d9d91f62c,Nachiket Kumer,FEMALE,Fireman,14
1da07365-7133-4034-97bd-48006cc7b5e4,Darpan Vohra,FEMALE,Volunteer,14
04c1d11d-b823-4d9d-9bcc-b7f740a53048,Kevin Mistry,FEMALE,Volunteer,14
a9acaa21-f893-4c06-b2a4-bb9d640f9cb6,Isaiah Oza,MALE,Volunteer,14
ea3b93e7-e58a-47e5-a3b7-0fa78dea8d85,Eta Mannan,FEMALE,Doctor,14
b655454d-cd46-4138-8e17-e76abd4ba269,Ria Mangat,FEMALE,Officer,14
dc348071-4981-436d-9765-f562cd07a795,Mohini Shankar,FEMALE,First Responder,14
a0280772-32b8-4471-b701-c8d9528dc32a,Maanas Gera,FEMALE,Volunteer,14
0e7bdb47-735c-4fb9-9c52-a7151d6533cf,Upma Doctor,FEMALE,Doctor,14
bc5861f6-f9cf-4341-b483-46ff4cb6fba6,Ekantika Sarin,FEMALE,First Responder,14
88efb6d4-7127-4ede-b1d4-1bf572459527,Lucky Wason,MALE,Officer,14
39ae6865-e79e-462d-8b9e-2a99dd0ac434,Hritik Narayan,MALE,First Responder,14
161885e5-a0fe-45ed-8553-7dbdae7b529a,Pahal Kala,MALE,Volunteer,14
bce54c75-5798-46e3-ab0d-3a8b240cbdc5,Kiaan Tara,FEMALE,Doctor,14
cb71de9d-ee83-4604-a145-2ffe574f1f6a,Karan Bala,MALE,Fireman,14
822824fb-8de3-4f55-812e-457807e213da,Balveer Balay,FEMALE,Doctor,14
3b93b239-27ad-4e28-a2cf-353bdf425e90,Ekaraj Ahluwalia,MALE,Volunteer,14
ccf8b7d4-cbef-492c-9313-522bde9c355e,Bhavini Sem,MALE,First Responder,14
da3477d2-830e-450b-b402-3e597f645bb4,Chasmum Dua,MALE,Officer,14
a876f62c-c058-495b-9d15-b214c53924a6,Vritti Chad,FEMALE,Volunteer,14
f2e8faf0-44ed-475b-ade9-95a54b2edc58,Suhani Dhar,FEMALE,Officer,14
9d4f4659-d17a-451e-8319-ea363748e228,Rohan Lalla,MALE,Doctor,14
f44dd9c5-6d57-4c4b-bd85-052080473a70,Shaurya Bava,FEMALE,Volunteer,14
f479ebc4-e49f-45e2-9fe6-2cdb4e9da2e3,Idika Kala,MALE,First Responder,14
fb03df22-5988-4104-bb08-f739cc1b3dc5,Warinder Chahal,MALE,Fireman,14
96aa4257-9fcc-42e6-8476-2d39c1c4c428,Anita Chana,FEMALE,Fireman,14
65fe487b-dbaf-489e-9508-29441fd8d4ed,Ridhi Malhotra,FEMALE,Doctor,14
9136513c-8cd2-4fe1-9607-07b142b8967a,Qadim Chad,FEMALE,Officer,14
8eb62e73-673a-49dc-9af6-8276068e0c4e,Yadavi Lad,MALE,Officer,14
822bb290-81bf-45ff-80b8-6a7928a5e6af,Rohan Date,FEMALE,Volunteer,14
fe1baa20-04c3-4f98-9f8f-0a9243843273,Robert Basu,MALE,First Responder,14
3f8f1169-8c42-4082-a575-7cab90be5e68,Lopa Radhakrishnan,FEMALE,Officer,14
d5835bc7-c8ad-45d5-a84c-71c46a2ebec1,Samar Mohanty,FEMALE,First Responder,14
8c55f684-bd69-4270-9dcb-6660f8089164,Umang Shroff,MALE,First Responder,14
2486c328-98eb-435c-920b-6b32a6d0d6e5,Yug Krishna,FEMALE,Volunteer,14
25992336-47ee-4506-a2cb-c96d78f38f31,Jeremiah Parmer,FEMALE,First Responder,14
6cc621b6-ffb7-44e8-abad-0b5d6dc0e6cd,Madhav Dani,FEMALE,First Responder,14
905cd363-2843-401d-b19e-bab8ea709998,Deepa Kulkarni,MALE,Officer,14
3a5250a6-990e-4be4-a5ee-a3473980fd53,Sachi Basu,MALE,Doctor,14
97195d41-6bb3-450f-96d2-f8437548bdeb,Zehaan Mistry,MALE,Fireman,14
05779b32-5f5c-44b0-8ead-3b630420744c,Hardik Sawhney,FEMALE,First Responder,14
e8e051be-8e17-467e-abdd-7ed84d6d1a5c,Nachiket Agarwal,MALE,Fireman,14
a76e6720-5ae9-4d91-b616-6a3c9a951810,Niharika Misra,MALE,Volunteer,14
a5f4909a-80a1-4dc5-99e6-47fc5d67f646,Balvan De,FEMALE,Fireman,14
b5e3f795-089e-4523-b01f-3b1c40eae0f0,Zayan Naik,MALE,First Responder,14
0a01436a-e952-4366-8045-2bfd82e45bec,Nimrat Grewal,FEMALE,First Responder,14
5dc4dbe1-413d-4b7f-9c1e-61af82c91881,Avni Varughese,MALE,Volunteer,14
cab92e70-8fbc-4d30-8e5b-69a4e619fb06,Viraj Khurana,MALE,Volunteer,14
88120331-6a2e-46cb-8d28-d35403f256bb,Upkaar Tara,FEMALE,Fireman,14
222ec2a4-0d83-4619-9880-933791fa1e4a,Sarthak Shankar,MALE,Volunteer,14
c289d9b8-be55-44ee-8269-8358634aa416,Vedika Kapur,MALE,Officer,14
1dac2f4c-aace-4352-ac89-80fce82756e6,Gunbir Oza,FEMALE,Fireman,14
9eec4fdb-15c1-466a-a713-b2fc5ef5dd23,Vasana Kalla,MALE,First Responder,14
c36499fd-203d-4463-b9c5-e2f473d95fb1,Hemal Loyal,MALE,Officer,14
6d81339e-0b6a-4a95-ad0b-07608dbcbaf8,Ishanvi Wali,FEMALE,Fireman,14
c32bf3ef-4e4b-41bd-b7df-585685cf06ed,Januja Chhabra,MALE,Fireman,14
2fe96abf-4e1d-4192-818b-faf7262d13e9,Xiti Wali,FEMALE,Doctor,14
c02796bb-4c4c-4e29-b75d-6d7259b5d736,Yatan Ganesh,FEMALE,Officer,14
5d0057d1-b2d0-418e-bace-fbe84e0b7012,Yug Bakshi,FEMALE,Volunteer,14
1e48ab37-e0ea-465b-9e8d-df61985852cc,Anika Atwal,FEMALE,Doctor,14
0bb6bd92-9fa5-4881-a475-6045a30b6689,Zashil D’Alia,MALE,First Responder,14
a67825ec-c84a-4942-8da7-d84a1716cec9,Turvi Bir,FEMALE,Fireman,14
348c447e-c411-492f-a337-c1579fd91153,Yashica Bhatti,FEMALE,Doctor,14
8c2719c8-6747-4b48-be7e-429d61353796,Yash Deep,MALE,Fireman,14
7d948896-ea1b-4daa-928d-225e6d170446,Azad Bajaj,FEMALE,First Responder,14
3d1338a0-c8dd-41e6-85e5-14a87512e976,Manthan Gaba,FEMALE,Doctor,14
43e49518-277d-4ec8-9bf3-e79f5cfc322a,Gaurang Lal,FEMALE,Volunteer,14
1419e286-a9d1-459d-859e-79acf5ccdda7,Widisha Natarajan,MALE,Doctor,14
10f08be4-c561-4319-950a-ffa545fe1597,Tanvi Ranganathan,MALE,Officer,14
998c3e29-2b20-4cfe-b2a1-6b08a561d495,Ayushman Thaker,MALE,First Responder,14
7526ffbd-6dfb-41ee-b8c9-21553b9f4142,Neelima Cherian,MALE,Fireman,14
ee95cbb0-a53d-49fa-b922-925a13f7dbae,Rushil Singh,MALE,Volunteer,14
0b0e2aa8-339d-4187-8f6c-45f9f5b0092c,Yasti Kulkarni,FEMALE,Doctor,14
b50558da-5801-459f-a1d2-e1f25bfc4c78,Unni Bhat,MALE,Doctor,14
70e3312c-e151-4429-8174-c74ddee08dbc,Ishaan Dada,MALE,Doctor,14
231d343a-8fb0-4aa8-9451-632d9766bb22,Leena Khosla,MALE,First Responder,14
64cb4fbc-0f63-4139-9d75-6797c87f98c5,Lila Buch,FEMALE,Officer,14
c1185b4a-3c71-4a66-bdb1-ac6906a4652b,Aryan Bhavsar,FEMALE,Volunteer,14
743b2190-1fa6-44f4-b3dd-4f64629482b7,Nitesh Sama,MALE,Doctor,14
39902222-8f2c-4790-a6ff-6f51abd9c854,Tanish Naik,FEMALE,First Responder,14
8f8a2c7c-6300-4fac-917e-427966585420,Yuvraj Zachariah,MALE,Doctor,14
8dce2512-121e-451b-bb79-1a87a43016fb,Harish Nayak,FEMALE,First Responder,14
d64ea510-dccc-4dee-886a-98509fd29b2e,Mugdha Divan,FEMALE,Doctor,14
99ee128e-84b1-44c5-9fbb-3d8ffcf95d66,Udant Gera,MALE,First Responder,14
8fbcf666-570e-4921-8eb2-efe2d637d1a5,Udarsh Ganesh,MALE,First Responder,14
ffd0988a-88c8-49b4-92da-8cc843475136,Harita Nori,MALE,Fireman,14
fbb2d899-9567-4179-9c2b-7db82334092f,Ridhi Modi,FEMALE,First Responder,14
9608ed91-5746-4b5f-9608-b2f1b0a2f501,Qushi Jha,MALE,Doctor,14
a3c84362-c6fe-4a9f-a33b-6b65cdcc8c5e,Ria Lala,FEMALE,Doctor,14
d9377b0a-c413-492a-8759-5f8842cc3f74,Fitan Narayan,FEMALE,Doctor,14
5080c449-921a-44c4-960b-e3221f62b6b7,Leela Barad,MALE,First Responder,14
c44193fa-2723-4a2b-8d5a-cc7c17c93b5b,Jagdish Radhakrishnan,FEMALE,Volunteer,14
18fc78dc-5575-4ef6-bd36-e880b2335b23,Riya Sule,MALE,Officer,14
3ac8f655-b472-4330-b645-5f8d3b6a4ae7,Gaurav Vala,MALE,Doctor,14
72e10637-1bf4-4c88-ae68-cbb78bb3d266,Vyanjana Barad,MALE,Volunteer,14
a0564b40-0d8d-4399-b983-c0cacfb7ca23,Timothy Tella,FEMALE,Volunteer,14
6cef55aa-2324-4dc6-9148-8d707fe26af6,Yashoda Behl,MALE,Doctor,14
915e766a-e419-4230-87e1-d8a4ab6f15da,Mekhala Lala,FEMALE,Fireman,14
be4ab54e-91ec-41dc-afa9-5dfae06710b0,Widisha Parmar,FEMALE,Doctor,14
87da54b0-f330-495b-a763-76ffcce93a07,Vansha Krishnamurthy,FEMALE,Doctor,14
51a0a477-d49c-452a-a12c-df3e5082a1fa,Yashasvi Garde,FEMALE,Fireman,14
90f57127-05c6-48d2-b5be-a01fc0c3d668,Rajeshri Sahni,FEMALE,Fireman,14
573a4428-b5ba-430b-b0d9-1e3d0a2bf062,Yatan Narayanan,FEMALE,Officer,14
7d6ab151-73dc-4cfb-a8e3-4ded3d534c92,Geetika Mandal,FEMALE,First Responder,14
07d276bb-a225-4660-91d8-efe335929f0d,Charles Patil,FEMALE,Fireman,14
55325121-8cef-4a57-b222-f8f11a378d53,Anamika Borde,FEMALE,Officer,14
43032c0f-61a8-4351-bba3-9ce53f97a29e,Abha More,MALE,Volunteer,1
c65b03e1-165d-463a-90cf-d5f09f9c458c,Upadhriti Bhavsar,MALE,Fireman,1
46c78deb-ac50-4b2f-8a25-1df4605562c9,Wriddhish Sheth,MALE,Officer,1
c0677a48-b1ac-4df5-964e-a430c6959c6b,Chakradev Karnik,FEMALE,First Responder,1
031e36eb-a84f-45e1-b2af-d667e7746b1e,Bhanumati Yogi,MALE,Officer,1
fcd7a088-560f-487a-9cf3-37f109a82023,Upadhriti Dayal,MALE,Officer,1
75eaed09-b868-498e-9592-608318e75db7,Idika Sankar,FEMALE,Doctor,1
c264e9cc-c56e-4e78-a491-b4bd2eeaf694,Jacob Parsa,FEMALE,First Responder,1
2b488c5a-a16e-4b89-9ebb-4aea5fd640f3,Bachittar Loke,FEMALE,Officer,1
bdd7c42e-85b9-4a03-83f4-7951c5f8ea50,Zaid Bail,FEMALE,First Responder,1
bd79471d-1ff2-48e0-8dbd-1f718ed4b2fb,Frado Tripathi,FEMALE,Officer,1
a45ae661-8fe6-403c-a4f5-685ff76e6b4d,Yatan Sahni,FEMALE,First Responder,1
b15bbb01-dce1-47d7-94bf-89d5b94a5e80,Aadi Hayer,MALE,First Responder,1
d13c012f-9f1f-4897-b471-e02141d526a7,Girik Bora,MALE,First Responder,1
6015a458-ae9c-4a08-99de-0fe3570ba3ce,Niharika Menon,MALE,Doctor,1
361aa83e-b628-4c05-9e9b-73f6f32a839d,Rachita Kari,FEMALE,Volunteer,1
406e063c-9bf3-4f68-8da8-1cf6f9a598f3,Ira Chawla,MALE,Fireman,1
df1794ea-c41a-437b-835e-cab91367e1bd,Leena Sanghvi,MALE,Fireman,1
5f9ef08a-6a5c-449d-9e48-917fbb8de13c,Aahana Ramaswamy,FEMALE,Fireman,1
eb6b98ea-72db-4bf5-aef3-07e6ed0ddfda,Upkaar Gupta,FEMALE,Officer,1
62d7093d-7fd2-456d-8f62-192437b68baa,Omaja Gour,MALE,Volunteer,1
7acd3b29-060b-405b-bcfb-14e17f8dd575,Hitesh Samra,FEMALE,First Responder,1
b1410eb8-c5e0-4482-a770-54dece769912,Lipika Venkataraman,MALE,Officer,1
3d9b197f-396b-49d6-9fdf-f647601d4d86,Banjeet Sharma,MALE,Doctor,1
4cce087b-a7cf-4a59-a25c-ffa3329157fb,Nathan Dugar,FEMALE,Fireman,1
39fd2fb8-7873-47ae-9086-e961d14d7db5,Azaan Nath,MALE,Volunteer,1
8af60d8b-31df-4dfb-abb5-91287cddc5e9,Bakhshi Mukherjee,FEMALE,Doctor,1
f7463918-97f5-45d7-9961-703f702d208e,Yauvani Purohit,FEMALE,Fireman,1
1d002c30-5176-4db7-9905-c5e1c2bd8a63,Darpan Kulkarni,MALE,Volunteer,1
5cec727d-1aa8-41db-8ac0-dea797b460d6,Oeshi Ramaswamy,FEMALE,First Responder,1
73c70946-3302-48c8-ab5e-dac8fd00a297,Wazir Gopal,FEMALE,Fireman,1
8764f80f-7dc0-4439-b296-a41ad8e750c0,Avi Raja,MALE,Fireman,1
96a96c21-7b0e-4398-a556-538b87892909,Ishwar Chanda,MALE,Fireman,1
2fdf11ea-328b-4ef4-a46b-c9dac2d4a982,Bhavya Rege,FEMALE,Volunteer,1
767aaddd-4ec3-4395-ab9f-090d717820bc,Yutika Naik,MALE,Officer,1
ba2d00dc-f551-4a54-85c9-5b1af3bb56a6,Yashica Karpe,FEMALE,First Responder,1
f843e76d-ca9b-4e61-9e10-35dd2cad645d,Pratyush Tailor,MALE,Volunteer,1
51962e2a-4d26-4cad-a100-ba6e0b403f81,Michael Koshy,MALE,Fireman,1
f1749c19-9bad-403e-affc-7de2e5d3be88,Lohit Konda,FEMALE,Fireman,1
f1ac4f3d-0c26-40eb-bd4e-b913c20d1c27,Vamakshi Gill,MALE,Fireman,1
494eace0-065d-45e2-b890-c1653f3bec0f,Janya Mukherjee,MALE,Doctor,1
cc427044-0195-4d9b-aaae-eabad58425ff,Udant Varghese,MALE,Officer,1
52cbc865-5816-4bd1-917f-512e3b64bd02,Madhav Sandhu,MALE,First Responder,1
a78ca6ee-c559-4c7c-9471-3eb84ca2b958,Aarini Manda,MALE,First Responder,1
fa2c5cd0-04b6-4355-a624-7075ababdf05,Harsh Dyal,MALE,First Responder,1
95f94acc-8d92-4e73-a9f6-e1e3ce23b20c,Parth Bassi,FEMALE,Doctor,1
aa4567fa-87ca-4a8f-84f8-0eba2ea6cff9,Zinal Mistry,MALE,Officer,1
66bcce6b-5130-49f7-a425-4560f94f7eb0,Odika Krishnamurthy,FEMALE,Fireman,1
6e71eac4-066b-4e25-88fc-155572517b79,Rayaan Rao,MALE,Officer,1
28c0cf7f-6719-4351-91e2-7d7948468c47,Pushti Nayar,MALE,Doctor,1
490be5fc-16a3-4176-953f-f9afe9df4852,Jairaj Gandhi,FEMALE,First Responder,1
350575e0-a1e0-47f3-be7f-fa6a1b2cfeb7,Bhavna Chhabra,FEMALE,Doctor,1
bf6b816a-df2d-41d5-a7ed-0b138c0cba50,Dipta Pant,FEMALE,First Responder,1
8bc6f883-bb9e-44ce-870b-e995c1744ff3,Zilmil Pall,MALE,Officer,1
8711c644-5291-481b-a78c-2317c1030c95,Jhalak Sami,FEMALE,Fireman,1
27cc7111-7189-470a-8069-c2e0bd86c279,Ekavir Dasgupta,MALE,Officer,1
00954499-fe22-4d51-bcc6-615559ffb7f1,Bachittar Kade,MALE,Officer,1
e3576c90-0efc-49dc-a6a7-f552465cdc00,Qarin Taneja,MALE,Officer,1
1286b15c-912f-4da0-b62b-22671ba6c9fb,Manan Venkatesh,FEMALE,Doctor,1
72d0fdd5-b24c-49b6-91de-52b122abeb1b,Krisha Doctor,FEMALE,Volunteer,1
9fc0f202-36b3-4be5-bfb1-be4ca7fbdab1,Shivansh Sachdev,MALE,First Responder,1
16d1b539-bba8-4f7a-b6c2-60f6a393e738,Darsh Das,MALE,Fireman,1
a965418e-2b2b-4e77-a7d7-5202b7962c9f,Ronith Basu,MALE,Officer,1
c9dae0bf-33aa-4ac0-a9b3-6b1615c6d833,Hemang Bal,MALE,Doctor,1
b029aff6-0126-435b-b201-3a2d58f21428,Ekapad Contractor,FEMALE,Volunteer,1
2c490cad-130f-4c62-8a53-1524682e7f33,Maanav Bora,FEMALE,Fireman,1
ee987878-9f57-416e-a2c7-8acf73f8ee84,Jatin Sibal,FEMALE,Officer,1
3f7d85a1-3b65-4f3d-bb12-262027aedf32,Hamsini Khalsa,FEMALE,Doctor,1
54dbbf6c-c49a-40b5-81c5-8df65dde2a92,Dakshesh Rajan,FEMALE,Officer,1
6fb72903-3cb5-46ae-b1ff-37996a3eb4ba,Upkaar Bhatt,FEMALE,Officer,1
cebcfe55-2c3c-4da0-b6bd-6811235cff30,Ridhi Batra,FEMALE,First Responder,1
58c77824-5961-4039-8f94-b79cbd97fe6d,Diya Randhawa,MALE,Volunteer,1
34ed4108-2598-4665-bc72-036071a775ec,Ikbal Atwal,MALE,First Responder,1
bf88cf30-474e-4697-a4c2-b4449e971d2f,Indira Shere,MALE,First Responder,1
378c10e0-fe62-4817-9250-6933f0f2271e,Forum Suri,MALE,Volunteer,1
f47f58fd-20e1-4fe5-b993-8b773d37bff4,Rayaan Devi,MALE,Volunteer,1
9040bf3d-947b-4ec7-ae56-a290c4da72e4,Ranveer Swaminathan,FEMALE,Officer,1
e79cf42a-4b94-4a45-a504-44604d0448e8,Deepa Palan,FEMALE,Volunteer,1
066f71ff-624e-481a-bf58-6964e6e399e8,Janaki Badal,FEMALE,Doctor,1
8fa55f2d-b62e-49bf-8e01-6922f80b2ec4,Yash Sathe,MALE,First Responder,1
2f446c2c-9291-458d-af77-35ebca2d89f1,Neha Rao,MALE,Doctor,1
97319881-5a50-420a-9bf5-f69a3816b5c8,Lohit Sengupta,MALE,Doctor,1
b9a708d0-7576-41c2-b9ec-15bc05fb76a4,Aditya Sodhi,FEMALE,Fireman,1
80d764e4-3648-43cd-8d60-bd8bd0685651,Gagan Sankar,FEMALE,Volunteer,1
c7891189-56cd-4768-83c3-7ba4abb2b9b0,Saumya Sandhu,FEMALE,First Responder,1
c1987d49-2309-4563-997f-1cc024c3a6c1,Max Mangat,FEMALE,Officer,1
307ea08c-f84d-4159-8e05-3e233c08aec6,Niharika Batra,MALE,Fireman,1
2a4270b4-cb14-4887-aeac-28a430a53373,Sudiksha Patla,FEMALE,First Responder,1
23770b1b-dd11-4a4f-ac31-d29a1b5ebb05,Tarak Yohannan,MALE,Officer,1
a904d7b2-c173-4ae1-b244-f8bcfe4a9f08,Yutika Guha,MALE,First Responder,1
379079ef-49d6-4f14-aabe-1f752b870ec9,Balveer Naidu,MALE,Volunteer,1
0188771a-e2b9-48ef-9d21-ecf1fa8d0ebb,Arya Bahl,MALE,Officer,1
55c2646f-12e3-4d38-835b-1bcca63eca13,Harish Sankar,FEMALE,Officer,1
afb3df0e-375c-44f1-99ce-3cbc06277400,Andrew Sachdev,MALE,Fireman,1
e41f0253-4baf-431a-8aab-b3ea461595fe,Tanay Bhatti,FEMALE,Volunteer,1
3abd8d95-0898-43a0-b325-fa7fbc86c33b,Vamakshi Sachdeva,FEMALE,Volunteer,1
da7aef61-fc22-4b76-a93a-7ffe1ec1ce6d,Vedhika Sarraf,MALE,Officer,1
0a7105a2-7a09-4be5-a537-78ab4503f1e3,Harish Dewan,FEMALE,First Responder,1
d47cea91-c678-4329-96a4-a5845f0f681d,Ryan Goyal,FEMALE,Volunteer,1
a0429782-1792-4df7-b0cf-65bef7e40957,Zayyan Parekh,MALE,Doctor,1
05b7048e-ec2a-43bd-86b6-739317925dbc,Pranav Gupta,FEMALE,Volunteer,1
0338d4b1-637b-486d-89d3-0d1a6adcf174,Aayush Krish,MALE,Officer,1
e73005d6-37fc-4a32-ba27-98961d3b5cba,Dominic Prashad,MALE,Officer,1
229447fa-4b28-4c4a-b19d-c8c959f8ac01,Vrishti Mangal,FEMALE,Doctor,1
02d4dfdf-a78d-49d6-95c3-8a28f2642d28,Peter Wali,FEMALE,Volunteer,1
6a98e013-816f-4834-b04e-976021b56ad6,Samarth Rattan,FEMALE,Fireman,1
0cfb9e4d-b7cd-47ba-bb07-ed0378c279e4,Vamakshi Parsa,FEMALE,Officer,1
aee4b358-4c52-4fc3-b149-468bf0cdfc6f,Hemangini Anne,FEMALE,Doctor,1
74280925-49b9-4a89-b895-0e974387393f,Charita Shere,MALE,Officer,1
eaaffaf3-23cf-4753-970e-eff761446a0f,Tristan Mitra,FEMALE,Officer,22
dced938a-88d6-4abc-999f-cafa96aa72f9,Jasmit Mangal,FEMALE,Officer,22
1988a274-cd02-477a-9694-293afc70ac21,Farhan Ahluwalia,MALE,Doctor,22
d044b869-2fcb-4d57-9a2b-3da7d4816700,Xavier Lala,FEMALE,Doctor,22
57dc10eb-9e3f-42e7-bce4-41e9dee681ab,Mohini Babu,FEMALE,Fireman,22
6ca6a413-1599-4f12-95d0-14e083756ba0,Balendra Patla,MALE,First Responder,22
8ca9f520-f98c-4633-a06b-f96d8fce3a5c,Madhav Wable,FEMALE,Fireman,22
29901bb7-11c3-42c6-bdfe-29e6ccd8dea8,Bina Desai,FEMALE,Officer,22
434fef0b-65bc-400a-a07d-bc93bec70df5,Ekta Bansal,MALE,Doctor,22
313650cb-13da-415f-8ab1-4e11323ec5ae,Urvashi Sankaran,FEMALE,First Responder,22
6ae37ca6-1a5f-4143-b8a8-b046236ea11b,Janaki Kar,FEMALE,Officer,22
7a159736-efa2-4af5-a3eb-dd152024aa50,Bahadurjit Misra,FEMALE,Doctor,22
39c5f6e5-08c3-4a7e-a320-609287596bbc,Advay Pall,FEMALE,First Responder,22
4f229f02-5360-4002-a9b5-12a67f37bd15,Edhitha Dugar,MALE,Doctor,22
bc1fec5e-617e-4d84-a524-6fc077d6ca77,Vansha Varughese,MALE,Fireman,22
2a77022e-2659-41eb-ab87-b222e3d3e0c1,Jonathan Salvi,MALE,Fireman,22
1981ec5b-0302-40b2-9f9b-becfe898d555,Pranav Ravel,MALE,Volunteer,22
f91c7975-bfba-4db3-b37c-204416caf694,Rachit Rana,FEMALE,First Responder,22
e513725c-d4cf-4a51-8f67-017641cd0f0e,Alexander Zacharia,MALE,Officer,22
3924a610-d616-4c54-a8a7-febc2277d0ea,Ikshita Dhar,MALE,Volunteer,22
2d48de3d-f89a-4367-9149-38dcbe427161,Amaira Banerjee,FEMALE,Volunteer,22
8dd47b07-37af-466c-a112-9ede00592121,Azad Cherian,MALE,Doctor,22
3f611edd-d92a-4761-80f7-39b52d04fdd4,Xalak Date,MALE,Officer,22
e643803e-b46e-4dee-83cf-b6aca98265d2,Shravya Sankaran,MALE,Doctor,22
a748ee69-6427-44e1-967c-27cb4ffb2bbe,Niharika Hegde,FEMALE,First Responder,22
eb7d0ce8-a95d-4992-9e11-5feda0aa1561,Gayathri Sur,FEMALE,Doctor,22
a597f478-553e-47e2-aaae-3615c325fef8,Ansh Kade,MALE,Fireman,22
6d4b83fb-50b0-4327-8ab4-7919b0a50838,Yahvi Iyer,FEMALE,Officer,22
c09fe8b8-cc36-45f3-b9f5-c896c7b5d44e,Mohammed Bhat,MALE,Volunteer,22
18fd8e01-38e9-428c-9df7-f545431ea52c,Rayaan Oza,FEMALE,Volunteer,22
eb887bb2-3809-4524-9f03-a83242a6f489,Shravya Gopal,MALE,Fireman,22
fbd19e54-2e5b-401c-94ce-36b25e40715c,Urishilla Sampath,MALE,First Responder,22
6870627c-1733-4d13-b5ab-aec10265d620,Urvashi Khanna,FEMALE,Doctor,22
4548e3ef-e3ca-467b-a9c9-cc6d7182435d,Arya Contractor,FEMALE,Fireman,22
08c28915-3ae6-4866-8f31-a37aef428b23,Christopher Gara,MALE,Officer,22
8145a041-e1a7-4010-accd-2dbd6015528a,Ati Divan,MALE,First Responder,16
57e989fc-0071-4cef-98b1-64ce5708a9ab,Zaitra Bath,FEMALE,Doctor,16
4d34d03e-6f3e-484d-8778-f859ccfab6c4,Maanas Aurora,MALE,Officer,16
14396e08-b55b-4bf2-87d4-8b735615275c,Urvi Gandhi,FEMALE,Fireman,16
473c378d-7d47-4265-8fff-1da9aa92134d,Joshua Shanker,MALE,Fireman,16
c0bef6e6-db1b-4a9a-ba02-a69f494dc991,Pavani Sachdev,MALE,Volunteer,16
4345c7a9-87a7-43e9-965c-95f601a75a93,Oeshi Thakur,FEMALE,Volunteer,16
20a89123-9505-489b-8d5d-2ad8afe65704,Ayushman Shere,FEMALE,Fireman,16
b9d34108-4282-41d5-b0fd-4c7c918b98ca,Warinder Sarma,FEMALE,Volunteer,16
8adf9064-3320-4ca4-a125-3e9ce76815d3,Anvi Gade,FEMALE,Officer,16
a449765f-34b3-4a14-8ee6-ef9115b0015a,Nihal Mittal,FEMALE,Doctor,16
4595220d-b6dc-47a3-8df0-d30cafd7a16c,Ishanvi Mukhopadhyay,MALE,Volunteer,16
0707a3ac-2706-4031-afaf-8c23b046ea79,Ekbal Brahmbhatt,MALE,Officer,16
dfd84004-5427-414e-aa0b-1613f052dc08,Anmol Khurana,FEMALE,Fireman,16
d9313a27-76fe-496b-8560-c280a3fdec03,Raksha Gokhale,MALE,Volunteer,16
6a1925c2-0aa4-446d-8994-98d9528e46d4,Sachi Patla,MALE,First Responder,16
5fbc52ae-5577-4642-8ce1-4b4b7574eb97,Darsh Hari,FEMALE,Officer,16
769940b2-0fdc-4898-8400-11c0b7d19a30,Zashil Dey,FEMALE,First Responder,16
c2709479-4a97-47f9-a663-fc4cceef5eb5,Turvi Puri,FEMALE,Officer,16
23354e7d-f542-4b72-9e91-c5da14070ca0,Manan Dhar,FEMALE,Officer,16
7f39a748-929f-4405-83c1-8ae4c051e400,Rayaan Date,FEMALE,First Responder,16
1b627ef2-ba97-4bac-8e64-5a321581259a,Sathvik Seshadri,FEMALE,Doctor,16
c527d87b-76bc-4221-9703-510a72853a4c,Samaksh Jayaraman,FEMALE,Fireman,16
a644d64d-a4e9-4117-a78d-66bf664ddb53,Nisha Chand,MALE,Officer,16
8494e329-9bff-43b5-8904-3facbb5af205,Nathan Bakshi,FEMALE,Officer,16
0cf2faac-4c9a-443b-b74b-8fe81aa14278,Girindra Kade,FEMALE,Volunteer,16
7f679c3d-7593-46e6-bd31-2caa2286f5a1,Varsha Mahal,FEMALE,Fireman,16
d3a02718-ba93-4cb5-98ff-32177574037b,Niharika Krish,FEMALE,Doctor,16
cdcaefca-8e26-4846-9f24-e8fa65dd30ae,Oeshi Chaudhary,FEMALE,Fireman,16
2c3f7243-b0e1-4028-9e58-f1e6ac1d42f3,Megha Gole,FEMALE,Fireman,16
7593ce36-d55d-4933-ae64-5ee8c041e4d8,Lopa Parmar,FEMALE,Officer,16
137343a9-7640-4a69-bf5a-13e72cf76790,Gaurang Arora,MALE,Volunteer,16
a3792d5a-6600-47e6-ab13-3184e36c7079,Liam Goda,FEMALE,Fireman,16
c866370c-7352-49c0-a5a1-aa408e399c00,Netra Madan,MALE,First Responder,16
51bc2dc4-e337-4eaa-b739-cdfb4ea99411,George Bahl,FEMALE,Volunteer,16
c6cc9815-2858-49b5-b6c9-fe077cf05200,Tanay Chana,FEMALE,Fireman,16
afad656b-503e-44e3-9d0b-54c9988a8829,Maanav Koshy,MALE,First Responder,16
709a63e1-96fd-442d-a9a9-6336491307d9,Vyanjana Parmar,FEMALE,First Responder,16
7a538dae-5a8e-4820-9524-bdf95a7897be,Pushti Talwar,MALE,Doctor,16
30ee3520-4e23-4bc8-9acf-e8278f9841fc,Mitesh Sule,MALE,Officer,16
7f9cff61-9ab9-426c-8885-feb7b96b7100,Libni Kumer,MALE,Doctor,16
d5cbdfe9-b347-4911-967f-b579f990d272,Gautami Koshy,FEMALE,Officer,16
3e8d18c1-63ef-49f9-883a-63ee117563a6,Mekhala Char,MALE,Volunteer,16
34fce2c4-5440-485c-a25a-1e80cad10616,Ojasvi Chahal,MALE,Fireman,16
79df18ac-06bb-447e-9ed9-b212da811c32,Rachana Pillay,MALE,Doctor,16
5ddc3a1d-fc57-4f2e-a320-6d391774778b,Atharv Kapur,FEMALE,Officer,16
d9d442c0-8e9e-41ea-89c9-7f27debc5a11,Amrita De,MALE,Volunteer,16
9cb65504-a0f9-44c1-8a2b-74b63b124cc1,Eshana Dara,FEMALE,First Responder,16
acebf2da-dc2c-43b0-b998-f994c714b755,Vrinda Mammen,MALE,Volunteer,16
87e3836f-b49e-45b5-b8f0-15c333e3822e,Alexander Doshi,FEMALE,Fireman,16
f294544a-e49d-45e5-95d9-250144c49573,Brinda Dhar,MALE,Officer,16
defff705-bf8f-40e4-8412-13037a01238d,Krishna Panchal,FEMALE,Volunteer,16
e8a98ac8-1423-4058-a449-93d878e026d7,Yoshita Merchant,FEMALE,Fireman,14
25f082d7-1a0e-4d7f-8c44-282436d70429,Charan Kannan,MALE,Volunteer,14
a54d8998-59a2-4f89-9c86-f9da8d8a30be,Riya Muni,MALE,Doctor,14
6e00a741-3352-48b3-af89-ecb11123d4e1,Om Tiwari,MALE,First Responder,14
819c7d76-0c06-4335-9d2c-f8644fd41fbc,Chaitaly Ram,FEMALE,Fireman,14
d3723c3a-ec1a-46fe-a987-b2dfba83918f,Rachit Murthy,MALE,First Responder,14
9c13d7b7-a40d-45b4-8b56-6385f432cf43,Hitesh Kanda,FEMALE,Officer,14
1b4fca6e-fa6a-4465-ba81-b75343823265,Peter Grewal,MALE,Doctor,14
85304b7c-cf76-4c8a-acd8-48fbbe6808f1,Farhan Sura,FEMALE,Volunteer,14
b7c4310e-4e77-46c0-8422-6443326f71fc,Ayushman Chopra,MALE,Fireman,14
e589ba6c-f103-4033-836d-cf08d3f123af,Aadi Shah,FEMALE,Doctor,14
1dbb1454-56e6-4dba-a4ef-cd07ebe9c0b6,Varsha Tella,FEMALE,Officer,14
29f82d90-e270-4cd6-8250-47bf1eedb428,Sai Kapur,MALE,Doctor,14
1cee85af-1646-4c7f-93ed-634a31a6609c,Finn Nigam,MALE,Fireman,14
069473cf-35e5-4184-9ac4-abff632474de,Hardik Rege,MALE,Officer,14
64a4c1ff-6acf-4883-ac23-e1da9cf13421,Vaishnavi Narang,FEMALE,Doctor,14
43f3e1fc-0489-4029-b256-3da3e0dcbd0e,Max Agrawal,MALE,Officer,14
1f9dbfea-d1d9-4d6b-8e48-39650121084e,Banjeet Din,FEMALE,Officer,14
407639a0-2adf-46dc-b270-a5737921060a,Jagrati Mangat,MALE,First Responder,14
ed59a58d-91c5-46e3-aad1-66ba4d5aff11,Samuel Pandit,MALE,Officer,14
0a62026f-ff14-4c20-ac44-af6d82574bfc,Akshay Chacko,MALE,First Responder,14
a85e7216-e3e2-41ee-ab3b-ee906c07b53c,Kalpit Sangha,MALE,First Responder,14
f9952bcf-cc41-49cf-88f1-d58842e59045,Champak Gour,MALE,Fireman,14
aad0888f-2881-48d7-a478-b38000dfacaa,Gunbir Sem,FEMALE,Officer,14
e1196715-4ca2-4faf-b39a-52cb818eb05f,Patrick Karan,MALE,Officer,14
707f9dcf-5692-4006-a68c-ccdefb76f662,Rishi Sathe,MALE,Volunteer,8
f3eaa702-196c-49d9-b57b-4081cec182e1,Ronith Anand,MALE,First Responder,8
d9f97bda-f4c3-403c-ba9f-d1e619213778,Hritik Barman,MALE,Fireman,8
c66bd101-2968-4dab-9018-47945d53ded9,Mekhala Rajan,FEMALE,Volunteer,8
c83ebbb9-d578-45a3-9d65-5509a7b509b5,Meghana Hayer,FEMALE,Doctor,8
842158a4-061c-4e36-8ca7-c5333113077c,Chatresh Bakshi,MALE,Doctor,8
cad4bc48-1268-4166-8569-43fd01191eb5,Hredhaan Mishra,FEMALE,Doctor,8
74bf24c1-7315-4add-8712-b1e42bf09bd4,Chaitaly Raval,FEMALE,Fireman,8
81534111-b3fe-4de3-a6d5-e64add8b653e,Harrison Biswas,FEMALE,Volunteer,8
f14761aa-3aa8-4908-96a9-f58a2439fc03,Sneha Kannan,FEMALE,First Responder,8
b9eb6269-c270-4ac6-98e4-00563a98dae9,Aashi Bedi,MALE,First Responder,8
37b7a38a-0447-4e03-b87e-2bbf0412189c,Hemang Madan,MALE,First Responder,8
12d1541e-97b1-49c3-8db4-bb4533046121,Priya Varughese,FEMALE,Doctor,8
d7f1b593-d8f2-4d72-b8dc-ded084b4b690,Faqid Dhar,FEMALE,Volunteer,8
1cf4e2a4-501b-473b-990c-15787bb5562a,Falan Nanda,FEMALE,Officer,8
fa372a02-d89f-42fe-867a-dabcc0b1cbef,Lakshmi Vala,FEMALE,Fireman,8
c5056487-0dc7-4ded-908f-5f527875621d,Nirja Dhingra,MALE,First Responder,8
16b0e335-d383-40c7-9876-2918bd564b14,Tanish Venkataraman,MALE,First Responder,8
2523e0d0-181a-4c0b-95b8-4fd47861637e,Rayaan Sangha,FEMALE,First Responder,8
8c5b3702-b249-4873-ac07-ef5456cfb2ff,Chavvi Murty,FEMALE,Doctor,8
fed6622a-c70e-4f4f-bed2-962bf4f888e5,Samesh Varma,MALE,First Responder,8
c2e1edea-e948-471e-a7c7-98f2ddf7e138,Wishi Kaur,MALE,Doctor,8
a28b3c23-4ae7-45e1-a782-037a6526cb4d,Sanaya Bhat,MALE,Volunteer,8
fc882aca-8348-4c91-87fd-985e60f562d9,Gayathri Thaman,FEMALE,Doctor,8
c359a948-5517-4eb2-967e-1a2162c78e90,Alexander Gandhi,MALE,Fireman,8
bd82e702-1ad0-4a90-86a1-1dcffe98ceb1,Ganga Borah,FEMALE,Doctor,8
a578a3ac-4e8f-4a00-b53e-64c9047f6f8b,Raagini Sarna,FEMALE,Volunteer,8
04267bf0-0733-498f-81ff-e7b30dffd6d3,Ranbir Chadha,MALE,Doctor,8
a65dd6ae-116d-4841-b64e-f0ad541b4462,Kala Karan,MALE,Officer,8
9d5c32f6-eb68-4795-97f9-95fb1e7b2483,Tanvi Vaidya,FEMALE,First Responder,8
474f30f4-7d9e-455c-9a86-be8ce858dd96,Caleb Raju,FEMALE,Volunteer,8
786c32ca-b530-4f33-8074-8a8c3e6665ed,Adya Iyer,MALE,Fireman,8
85d7b21b-79ff-4929-bfeb-465f52fadbc0,Suhani Murthy,MALE,Fireman,8
d717eda8-fa52-4fbd-a1ae-df9bda0a8c47,Jasmit Jani,MALE,Fireman,8
15563d07-9663-4b3b-aded-fddda146302a,Anjali Buch,FEMALE,Officer,8
1ee0d7ea-16ae-4941-910c-6103030957e7,Michael Subramanian,MALE,Volunteer,8
e5821a81-1145-4a06-abd7-3a7df97a5aba,Upadhriti Krishnan,MALE,Doctor,8
fbe399bc-c87d-49f5-b0b7-20b4dc6df681,Anya Shan,FEMALE,Volunteer,8
2414381f-7c63-453a-b683-f88f3b142fa3,Warjas Jhaveri,FEMALE,Doctor,8
8da2e842-171d-4df7-8185-f193bf1e302e,Yadavi Samra,MALE,Doctor,8
14c496e4-75fd-478c-840f-1a7851355edc,Vincent Mukherjee,FEMALE,Officer,8
27dd75bf-ecef-4129-be54-c716d0c645dd,Xalak Bora,FEMALE,Volunteer,8
758c3592-8673-48d4-bf3b-f202def1913c,Shivani Bhattacharyya,FEMALE,Officer,2
fc331fb6-06cd-4863-afde-4ca9fb63bd8f,Balvan Varma,MALE,Doctor,2
23ebf905-4219-4649-8b9e-009a3fdb2df0,Riya Narayan,FEMALE,Fireman,2
914c142a-cae4-415c-899d-544cc050b633,Oscar Raj,FEMALE,First Responder,2
193025f7-ca94-43ef-8183-2856aad94ba5,Neha Sandal,FEMALE,Volunteer,2
ab729b49-7d3a-493f-a9d9-bdb1749eb8d7,Samesh Goel,FEMALE,Officer,2
624b1291-0b96-4b54-b75b-e616ab7caa26,Wakeeta Virk,FEMALE,Volunteer,2
85bcbc31-9f68-493e-9706-e1545ea6e45e,Laksh Suresh,FEMALE,Officer,2
9aad5b66-bad1-4e7e-a262-223d5a50e375,Ranveer Pai,MALE,Officer,2
59eb407c-bf39-404b-8b6b-d717b72ef8fa,Onveer Sibal,MALE,Doctor,2
c16a9c4c-632d-4645-bf11-7e78fd009b70,Manan Sekhon,FEMALE,First Responder,2
f61550b9-6191-4b00-9b65-a7ae8aa27e11,Eshana Gara,MALE,Doctor,2
fcb5ba1d-1f07-4c88-a9e1-7acef45e8b7c,Widisha Majumdar,FEMALE,Officer,2
4b593c3f-8b66-4158-a4c3-7030c77ffcc9,Ekta Wadhwa,FEMALE,Officer,2
22212bf0-22d5-4ec1-ab45-16ed939dc53e,Hitesh Srinivasan,FEMALE,Fireman,2
e34dd549-2095-4490-b630-b5190d90c056,Peter Srivastava,MALE,Doctor,2
a3dd8623-056c-4841-91fe-a7611b21030e,Alexander Sangha,MALE,First Responder,2
27af5970-75ef-49c9-8af4-8e52045d691e,Ishani Oak,FEMALE,Volunteer,2
f384f4cf-bfe6-4abc-9423-41a9c5cfa46f,Farhan Thakur,FEMALE,Volunteer,2
ad88aeeb-ce49-4896-a486-aa346c5470ef,Nitara Garde,MALE,Fireman,2
432a2cd7-6ce5-4a40-9b3f-d9ce6f4f2f17,Yachana Borah,MALE,Fireman,2
a0ac614b-55b5-400c-b999-7e7020e7686f,Lakshit Choudhary,FEMALE,Officer,2
a663a14a-7cda-4a09-99af-55515f4884d3,Laksh Raja,MALE,Fireman,2
d704891d-f7fd-4faa-921c-bad9f972aedd,Dayamai Palan,FEMALE,Volunteer,2
c0749fa6-9e1a-4029-bd1d-63379e700497,Unnati Swamy,FEMALE,First Responder,2
6a76fc84-9006-43ac-b730-a29cee53a1ae,Tristan Khare,MALE,Officer,2
bc47796d-682b-4492-b64c-a9e01a92b6ac,Guneet Madan,MALE,Fireman,2
bdffe83a-4224-4c4e-b286-ce7fb2af18f7,Chandresh Kalita,MALE,Volunteer,2
bc41dfe4-f227-4776-a344-d50bb1ce3269,Anvi Natt,FEMALE,Officer,2
3720abe7-a5e9-4530-84cd-5517a10f482a,Hitesh Sangha,FEMALE,Officer,2
87a6e484-9c2d-4240-b38b-d34e8a3c4b69,Oni Pradhan,FEMALE,Fireman,2
16efb24e-5166-47ea-8295-19ff8ef93530,Nathaniel Tank,FEMALE,First Responder,2
24911733-5e57-47f3-a550-90a69dbd34e9,Bhanumati Devan,MALE,Officer,2
fef71a4c-bc1b-4e84-9f6c-a3531d869114,Mohini Varghese,FEMALE,First Responder,2
fe174a5b-7cf1-4779-935a-a44c2e4cb4e0,Vihaan Aggarwal,FEMALE,Volunteer,2
7265e334-b241-413e-b49d-aa4d86a9b902,Wriddhish Maharaj,MALE,Doctor,2
1219ff9c-fb76-459e-aae1-f146100da1d8,Manan Basak,MALE,Officer,2
dea66607-ec56-4df5-a9e2-b45007415bf0,Jason Arya,FEMALE,Fireman,2
04ad617e-1db4-4998-a8bb-5e78887a2dc8,Warjas Bhasin,MALE,Volunteer,2
45ca632a-3ec4-4b6f-9395-6eb89b5a4074,Gaurang Dasgupta,MALE,Fireman,2
9280206a-01d2-469a-aef3-15355d797598,Dakshesh Lad,MALE,First Responder,2
ef551db0-77dc-404a-8dce-2523ef6935d4,Yashoda Shukla,MALE,Volunteer,2
4b624ab1-5374-4302-a3f7-a0cc8803a358,Zaitra Dutt,MALE,Doctor,2
bb1b6611-ee62-44d4-a291-9fb471207294,Ojas Mall,MALE,Officer,2
1a1fd63f-81aa-4ffb-aacb-877d2bf9c6b1,Bhavya Goswami,MALE,Doctor,2
10c4d0d3-6804-4ee7-ab6b-149bb83d72fe,Champak Balan,FEMALE,Officer,2
916f4ee8-85f0-42e7-af5e-e8269c6a9106,Chandran Bera,MALE,Doctor,2
9764f3ad-8dbd-4d19-a68a-ea32291693e6,Osha Agarwal,FEMALE,First Responder,2
57f8cc34-2b1a-4478-9207-ae6bea6c4a0b,Leena Bawa,FEMALE,Officer,2
c5d03097-0b25-4966-a519-e0334fd518fc,Anirudh Khosla,MALE,First Responder,2
bab99169-5814-44c3-b3fd-2c5cab14bf90,Yashasvi Ramaswamy,MALE,First Responder,2
16d3c447-4dbd-45fb-9c86-8f4dafdd342f,Aarush Mammen,MALE,First Responder,2
519a6222-b7cd-4668-9c79-c78f424c0f19,Aadi Sachar,MALE,First Responder,2
e853a0cd-c531-481e-828a-af50f1986087,Maanav Comar,MALE,Officer,2
2fda4eeb-ecc5-4c54-ba0b-d7d7efa0e657,Zayan Dutta,MALE,Fireman,2
fbaa1e2c-8521-4e6e-a901-811768e70459,Urishilla Sharaf,MALE,Volunteer,2
e6da665a-f2eb-4675-a094-c8e61dbb71ae,Priya Setty,FEMALE,Fireman,2
664e3008-1fe1-4469-9754-04d6fed3325f,Abdul Mannan,FEMALE,Fireman,2
b1392692-9463-4970-a458-69b47fd923b3,Oscar Lalla,MALE,First Responder,2
0caa17da-b4fb-43e2-9fd2-28168c55ee9d,Zayyan Banik,FEMALE,Fireman,2
e8efdf40-4b96-400b-aae8-ffe36f6d8142,Jacob Hegde,MALE,Officer,2
3afa2b03-c2f5-408a-a86b-6c7782b5865c,Naveen Borra,FEMALE,Doctor,2
46e382eb-fc71-4223-af67-617924e0e1f3,Mugdha Malhotra,MALE,Doctor,2
2ae19392-9f81-4a4e-a23b-88d38d40e93e,Pavani Talwar,FEMALE,Fireman,2
d740d581-3304-469c-bd95-b2fa6f983aed,Nathan Sachdeva,FEMALE,First Responder,2
bf366229-7291-458d-a930-eb234189e547,Mohini Vyas,FEMALE,First Responder,2
ca6fd2cb-a83c-4335-8b09-59760e1f913b,Girindra Mitra,MALE,First Responder,2
36e99eff-b021-4ce5-84b4-075035d3f923,Upasna Nadig,FEMALE,Fireman,2
23d00a5e-6f53-4dcd-9ac8-8be4f074ca97,Udyati Chandran,FEMALE,First Responder,2
7202681e-f9f2-4ab5-82fe-ead831966170,Chandresh Sankaran,MALE,Officer,2
24507163-aba6-432a-b462-d15cd22fae00,Mitesh Mohanty,FEMALE,First Responder,2
2c1c5634-5d6f-4307-b3fc-faecc77e2a67,Amara Basu,MALE,Officer,2
1ac49046-0bd0-4dae-98e8-eee3a26fbbb0,Imaran Shroff,FEMALE,Doctor,2
c63809a1-37c1-415b-9710-d5fc9408e6b8,Divya Date,MALE,Volunteer,2
a13485be-8eec-4d43-8edb-0aa04fababe9,Jeevika Sahni,MALE,Officer,2
5304996e-66f8-41c8-9f81-1f700e333c82,Elijah Agarwal,FEMALE,First Responder,2
d42f5a4b-4939-4074-abd0-de7d2d714000,Chakradev Morar,FEMALE,Fireman,2
f55678cf-2909-45ee-89c6-4e6be8e8833c,Suhani Mane,MALE,First Responder,2
ff3652de-5cef-40d1-a058-2121254b8329,Tanveer Johal,FEMALE,Doctor,2
4e4bd330-a25d-4473-884b-c26491a6ac07,Christopher Nadkarni,FEMALE,First Responder,2
2a7c8992-51e9-4368-a83c-a155afdb2b92,Omaja Hans,MALE,Officer,2
f232bd2a-2ced-41d9-b3e4-2e9dd3a623f2,Jeevika Mangal,MALE,Officer,2
da5db87b-4e28-482e-bc13-1e1222bda420,Damini Sahota,FEMALE,Fireman,2
cb26e2d6-ada0-470d-9077-e30ea0308c11,Nikita Mody,MALE,Fireman,2
113d2d95-7780-433b-be72-fa0fd10f1b5f,Samaksh Kalla,MALE,First Responder,2
f9f73ca1-56cb-4609-ac95-a267d6915235,Damini Ramaswamy,MALE,Fireman,2
08489f68-5248-4d3c-bed1-13cf35d9474f,Hredhaan Acharya,FEMALE,Doctor,2
0b0ab551-5a44-431d-862e-2cf43420f043,Janaki Buch,MALE,Volunteer,2
4c1e9eb0-42c6-4c37-9e77-4eea8e038658,Harini Divan,FEMALE,Doctor,2
c8e0ca0c-5ceb-48bf-96e7-0021c04f0aa6,Warhi Lalla,MALE,First Responder,2
4689cb19-786a-40f0-a4ce-e40ef78abb4d,Libni Anne,MALE,First Responder,2
c420d69d-2b79-4f40-bd3d-ec4c2c9708cd,Kamala Mani,FEMALE,First Responder,2
9914c3ce-2653-4001-99f1-9acc253197cc,Raksha Bhakta,MALE,Fireman,2
d31ba2c6-bcdc-4076-aefd-c842080655b5,Zayan Grover,FEMALE,Fireman,2
ddd7327b-25ad-48ee-83cd-c8326c5cba4a,Nathan Bera,FEMALE,Doctor,2
391ddd2c-2555-4473-862d-76691f97f895,Bina Ramaswamy,MALE,First Responder,2
ed87410b-fff9-4153-8d31-17e935639edf,Anirudh Prakash,MALE,Officer,2
97248f86-107b-4a4e-b310-7b9f5c114a6b,Sai Dhaliwal,FEMALE,First Responder,2
02c7b28c-23b5-4bb6-927b-22c37921a290,Janani Choudhry,MALE,Doctor,2
5d535c25-0ea4-43e0-b7ea-0ee5807644a9,Ridhi Bakshi,MALE,Volunteer,2
cf26da8d-e379-4aa4-83a6-1ee9f79357c1,Charvi Devi,FEMALE,Volunteer,2
00469f80-445c-4df6-99d5-04f40489e40f,Gauri Dara,MALE,Officer,2
49839372-1581-4471-87f4-669576356344,Xalak Gokhale,FEMALE,Fireman,2
3cab6bef-f6a8-46dd-8bd9-72da22e25a8a,Charvi Shenoy,MALE,Doctor,2
38a14ce8-7d63-4671-a6b7-eb8dec08a44d,Laban Kalita,FEMALE,Fireman,2
2341caea-613e-42ee-a402-05ec5f9507b4,Anthony Chadha,FEMALE,Doctor,2
fcd8db4c-a1fb-4315-89c1-fe0201ec53af,Bhavya Mangat,MALE,First Responder,2
cb37f2fc-9797-4228-b4c7-7d7bec118cde,Zilmil Amble,FEMALE,Doctor,19
333bf3ff-c0b6-4d22-8867-385c8a050985,Tanmayi Munshi,FEMALE,First Responder,19
1aa52920-8ea7-46e8-8d04-31587a9fcc5d,Yadavi Bir,MALE,First Responder,19
26ae17ba-f5db-4642-b3fa-3579162ebb1e,Warinder Prakash,FEMALE,Volunteer,19
c9c35be7-c3fc-4ed4-b9a1-d9363765ed9a,Chatura Chana,FEMALE,Officer,19
b8dd2acd-a9b0-4a26-85d7-bfcf51cb3d71,Megha Mammen,FEMALE,Doctor,19
a4d02589-1d05-4888-a328-38d78bdef79c,Zaitra Sawhney,FEMALE,Officer,19
870880dc-9c5a-4b02-bb3e-5ba81fd1db66,Hiral Tella,MALE,Fireman,19
89e3385b-68f4-463c-9693-9b944a2343b4,Zansi Narula,MALE,Doctor,19
6af3b425-4be7-4b38-8653-1c2ee355a769,Samarth Walia,MALE,First Responder,19
b8e691df-da5d-49b5-9d06-4b4aeb04ed6f,Edhitha Radhakrishnan,MALE,Doctor,19
028441b1-79ac-4247-8015-1870ec25c855,Gauri Dhaliwal,FEMALE,Fireman,19
e353bc5d-002e-4f4c-984d-66d29323aff9,Atharv Minhas,FEMALE,Doctor,19
6456a45b-056a-4da1-bc18-a47226f8ccd1,Abhimanyu Sachdeva,MALE,Doctor,19
50045ff3-ae64-4f89-be20-93cc2c757651,Ekani Sachdev,MALE,First Responder,19
910a3afc-6859-41b3-8ae6-c62795126a24,Janya Apte,MALE,Volunteer,19
184cdb4c-7fe8-4d94-8369-60a5a76a4794,Upma Verma,MALE,First Responder,19
f8477577-695f-4aa7-8961-d356ac0f49b2,Bakhshi Rege,FEMALE,Doctor,19
95922947-5df7-41c7-9137-340a0fbb9096,Ucchal Balakrishnan,FEMALE,Officer,19
3bcdce4e-c5e5-414b-867e-3b950c771bd4,Tamanna Chanda,MALE,Volunteer,19
086cac1f-11b9-4e79-9fca-f62e40e838b8,Jeet Srivastava,MALE,Volunteer,19
810d0f6f-fbb5-415c-bdbb-0ce0d31868a6,Indrajit Dube,FEMALE,Volunteer,19
548d93b8-81e9-41ac-8124-5b02968dd74e,Siddharth Chander,MALE,Officer,19
4b2de751-05c6-4e74-983c-325afcc4db40,Vedant Krishnan,MALE,First Responder,19
cc59ea92-e0e3-4185-bbe0-6e75dd2ca4bc,Wyatt Kale,FEMALE,Fireman,19
c15d98f8-782e-4bbe-baff-a32e39bf5102,Dev Korpal,MALE,Volunteer,19
952e1727-a573-4cb0-b2b8-d04ca4e37acc,Oviya Gola,MALE,Volunteer,19
ffb80aca-6bb7-4f15-b5dc-6cd676b22635,Aishani Patla,FEMALE,Doctor,19
946bf2fb-ec85-476e-a5b1-fb6750b3ab47,Advik Chopra,FEMALE,Volunteer,19
e1066ed9-2a9c-4daa-8df6-05d8b95cb218,Amol Badami,FEMALE,First Responder,19
ce36c725-d88c-4a03-ab21-91d4752acf7a,Yash Keer,MALE,First Responder,19
fe922d20-afb0-47c5-90aa-ad93e7215a4a,Urmi Madan,MALE,Fireman,19
85192e5c-307a-446f-827c-c540bb19e457,Gagan Mander,MALE,Officer,19
4698e0b3-2c74-4862-836a-7551efd7fa5e,Chandran Narula,FEMALE,Officer,19
837330dc-12f2-4f13-94a1-2dceb0da6161,Deepa Amble,MALE,Officer,19
f2669572-7566-40d0-b712-8566f3db61f0,Isaac Savant,MALE,First Responder,19
a1829062-084a-4457-8251-9ca39a3773f3,Mekhala Oommen,MALE,Officer,19
53776f5f-9c21-4480-aae5-0d2a907c9c2a,Ekaraj Oza,MALE,First Responder,19
93c5224f-b2ca-4ddc-8c55-451ae4578066,Prisha Saha,MALE,Officer,19
cfbd60cc-b80d-4341-b2b9-25f14156692d,Inaya Kota,FEMALE,Doctor,19
09adffe0-e28d-4a60-b1b1-e1005cb82c55,Nathan Tiwari,FEMALE,Volunteer,19
674d671f-fb1c-46a2-b8ef-7b3c9a9228bf,Widisha Naidu,FEMALE,Officer,19
7238df68-0142-4664-b770-123498e6dedd,Vidhi Mishra,FEMALE,Fireman,19
2e332bc8-e013-445f-b6ca-d016453c5b66,Orinder Pillai,MALE,First Responder,19
9da1535f-a1e0-4d90-9f61-91c211b5ae7c,Anusha Sarin,MALE,Fireman,19
5b6d5825-2e14-415e-bed0-1ecb988799e7,Finn Ratta,FEMALE,Doctor,19
e7f91ef6-ebbb-43e9-860d-d175ba97f896,Omkaar Thakkar,FEMALE,First Responder,19
f3840f12-4153-4d8f-828b-f8b398cd1392,Caleb Rattan,MALE,Fireman,19
6dca73c6-6898-44fa-95b7-197cb586ce4e,Faris Bora,MALE,First Responder,19
1c8bb1fd-d91b-4928-8244-a29066754da5,Adya Ramakrishnan,MALE,Officer,19
e274d62f-d97c-4cfd-b0b1-4dcc851cfbf9,Umang Jayaraman,FEMALE,Doctor,19
3a0182f2-965f-4a76-a626-0a4f7f17787c,Aayush Venkataraman,MALE,Volunteer,19
19ba1bb6-def9-4226-99c7-163dfc94d7fc,Kevin Sachdeva,MALE,Volunteer,19
48e13766-6d22-4fe4-ab26-dbdde013b67f,Suhani Arya,MALE,Officer,19
763e7ec1-a624-4c0e-89c8-7bb61382f29b,Krisha Jain,FEMALE,Officer,19
93c33824-a40b-44b1-8297-649934a5d65f,Vedhika Choudhury,FEMALE,Volunteer,19
2670eded-35e0-4625-b12a-3bac3a4bfbdc,Aradhana Varkey,FEMALE,Doctor,19
cf08aad2-7b09-4c44-85d0-41a605da37b5,Jeevika Venkatesh,FEMALE,First Responder,19
92432716-2ede-4ce9-9c2b-a6c2cab32786,Fitan Shetty,FEMALE,First Responder,19
a5a9aff3-32d1-4654-8d77-84c0ce38cf16,Arunima Bedi,FEMALE,Officer,19
a4553cad-0986-4f4a-8a32-125a233e1995,Vinaya Guha,MALE,Volunteer,3
d8d185d1-f775-4dd8-83df-62d983627384,Chasmum Gour,MALE,Fireman,3
15cf45a4-891a-42e5-a614-5929e230cd16,Garima Korpal,FEMALE,Officer,3
c26c2aa8-d0d0-4fce-8f29-14a0631435a8,Sathvik Wadhwa,MALE,Officer,3
ab8af9d3-4d14-44fa-b509-b77dc4d94f42,Girish Basu,FEMALE,Volunteer,3
9e4161bd-501a-481d-97cc-d28789efea04,Gavin Srinivas,MALE,Fireman,3
7ca789bf-1638-413a-b635-4e205f577795,Vedika Iyengar,MALE,Doctor,3
cd38e80d-efeb-451f-86a3-4a20577033f1,Saanvi Mangat,MALE,First Responder,3
b5d52a3f-84b8-4d1a-8501-7ceb6bd5cf49,Sai Contractor,FEMALE,First Responder,3
76683e73-c535-4931-98d3-31301f082ab4,Ekaja Parekh,MALE,Volunteer,3
32ef84f9-a66e-4609-8ece-7abe4c9e6329,Aayush Banik,FEMALE,First Responder,3
de58dc9f-a0d3-4647-b4e1-862e4cb561c1,Lajita Divan,MALE,Volunteer,3
a1e9f5f8-d445-4fa5-b528-2add1613f352,Vivaan Sachdev,FEMALE,First Responder,3
5228db29-0d5c-4f3f-b0f6-1a62e8262cd8,Anmol Karnik,FEMALE,Officer,3
00a349fb-07b2-41d5-8db1-32f4daeee21a,Saumya Brahmbhatt,MALE,Doctor,3
40e6cdb1-ac9a-4143-b110-0297cb69ac8a,Henry Bora,FEMALE,Volunteer,3
50bd6c08-bf29-465c-83ef-8e9b448b090d,Logan Mutti,MALE,Officer,3
1410a9b9-31f1-475d-ad45-63a818cac0b0,Mahika Lalla,FEMALE,First Responder,3
622c85fc-e84d-491b-b136-5c138fd89d9a,Yatan Shenoy,FEMALE,Doctor,3
fbfa4cb0-d76d-46e7-8b44-842e5b59d96a,Chanchal Lalla,FEMALE,Fireman,3
2f2c12de-3ba7-44f3-bd8d-02c697d41633,Nilima Naik,MALE,Volunteer,3
1aa6e67a-aacf-4a68-8693-2e779e5b606b,Yagnesh Pillay,MALE,Volunteer,3
c26c3c1a-3d4b-4399-acb8-1d01b10bd25f,Darpan Dutt,MALE,Volunteer,3
8ebd4281-651b-49b1-a111-f56cab6cc152,Wazir Sundaram,FEMALE,Fireman,3
dcb19ab7-5d8e-447f-affc-5e07fd9fb160,Sanaya Gupta,MALE,Fireman,3
c427ea45-c881-48ed-944e-659ff18f2728,Ekiya Guha,FEMALE,First Responder,3
2ae7a2c1-5945-49f0-9070-50fdd81103a2,Dayamai Sandhu,FEMALE,Volunteer,3
675a7319-fdb0-4b7f-8530-fea0a5116089,Vivaan Tak,FEMALE,Volunteer,3
cb195ab3-a1ce-4741-ad6a-7e6adb70241d,Lakshmi Gera,FEMALE,Volunteer,3
0a7ee5ee-b557-487d-b6ba-7ef6ceedfd12,Manya Sant,MALE,First Responder,3
f18fe7c8-8ba4-4a0f-982b-9df58e1d6211,Bishakha Lanka,FEMALE,First Responder,3
d351ff48-a54f-4f0c-9257-e0d5fa9569f9,Avi Saran,MALE,First Responder,3
d1fdee26-1ea2-4fc6-bf3d-e37a3e88a9e0,Gaurav Manne,MALE,Fireman,3
ac48f6d1-ae4a-4e18-848a-915cf587e21a,Jatin Sur,FEMALE,Officer,3
cd079e93-b298-4add-a925-eeea9a2aa73d,Harinakshi Salvi,FEMALE,Officer,3
52760236-e8f7-4253-b2ca-2b0054c163d9,Ekavir Batra,FEMALE,Doctor,3
4eb668db-51c3-49f2-972d-444ff54dab5c,Krishna D’Alia,MALE,Doctor,3
087c70ee-34a6-4713-9889-cbb53a258f10,Gaurav Nair,FEMALE,Officer,3
065f028d-ac5c-43f8-a58d-a37aea49abfd,Anvi Vasa,MALE,Volunteer,3
9eaf30f3-7671-4874-ae8f-dbd46333d12c,Shaurya Salvi,FEMALE,Doctor,3
619039d7-6faf-41fe-8382-85d4dcb6592c,Eiravati Sehgal,FEMALE,First Responder,3
bc3fd985-6f8f-4de3-9c9a-ed3a261e1692,Henry Chander,FEMALE,First Responder,3
ea957180-83bc-41bd-8600-ad88ece2d1a1,Januja Chaudhari,MALE,Doctor,3
c8f22fd6-6d93-4743-be0d-025b12d5d528,Qadim Prabhu,MALE,Volunteer,3
780dda60-7806-49ed-8b1f-8fb68efe2ce2,Ekaja Yadav,MALE,Officer,3
99c669e1-6288-4f95-a8fc-e933dbff994d,Adya Chanda,FEMALE,Volunteer,3
1d6c497c-a979-49de-852d-ec51839d499d,Agastya Dhar,MALE,Fireman,3
5f20adb8-0b64-42c3-bb90-ea516a0473e1,Lavanya Peri,MALE,Volunteer,3
c9643d82-93a6-4a27-97b2-c8c8e672ab2f,Yatan Kumar,MALE,Volunteer,3
a4e002c2-ed08-4baa-b8b9-ac2dd32694f9,Manya Ratti,MALE,Fireman,3
18136c2f-6851-45be-bbb5-8e240b3a615d,Mason Sarma,MALE,Doctor,3
0063fa52-e147-44ef-a0ff-7453f5999511,Amrita Gokhale,MALE,Officer,3
dd489847-9f06-4f4c-b42b-8fb3329bcb06,Anvi Raghavan,FEMALE,First Responder,3
b3f98d8e-19f5-4948-8c2c-1043f4353aee,Vidhi Kakar,MALE,Volunteer,3
62986e1e-5d92-40e8-bb00-21a643ae10a7,Tripti Oak,FEMALE,Volunteer,3
d357534a-e6ab-42dd-ab9f-49286538f970,Yutika Patil,MALE,First Responder,3
43baa862-a89a-4aaa-a061-93d3d40e6dfa,Anamika Oak,MALE,Fireman,3
cc01b01e-b211-4553-b762-1160ef118fd8,Bhavna Chandran,MALE,Volunteer,3
2e7f9f2e-b359-45d6-8c41-05147e3ffa58,Kashish Toor,FEMALE,First Responder,3
7e827d22-12b4-48ec-a1ae-2da9b2115570,Henry Sachdeva,FEMALE,Volunteer,3
8568c7d1-be69-43f0-ac8d-3546dc708b7c,Vedant Keer,FEMALE,Officer,3
3303ae7a-ed90-407f-9272-b96a148c201c,Wazir Dada,MALE,First Responder,3
18f3b75d-1a7b-47c6-81e0-c2eab910d5d9,Dhriti Bhargava,FEMALE,First Responder,3
eaea9276-3799-44dd-8928-e9f744b6158c,Darsh Rattan,FEMALE,Officer,3
703e3b25-8e02-4827-a0ca-537bdb78b76b,Noah Doctor,MALE,Fireman,3
576dd9e7-b668-4db6-9b8e-ac6701fea235,Dayamai Parmer,MALE,First Responder,3
b97c5b81-4dcc-49dc-9c0c-b62469208d36,Nakul Dani,FEMALE,First Responder,3
58a987e0-a4c2-432c-95ad-0c8cdb027853,Indrajit Apte,MALE,Fireman,3
ecb235f9-73be-48cc-82b6-a6fde5191415,Janya Arora,FEMALE,First Responder,3
438e31f3-265d-4d9f-bc01-16e1c646f10b,Anvi Nath,MALE,Volunteer,3
ee486fb5-acfb-4ba2-9fab-1a14d6a0eb69,Zaitra Balay,MALE,First Responder,3
f88895f0-63cf-4ab6-b68b-d7653f9f24f8,Ekansh Sekhon,MALE,Volunteer,3
5e40ee20-a6d2-47df-9868-2571a41ec2dc,Farhan Konda,MALE,First Responder,3
c0fe3270-f3a2-442e-a0dc-88e6badf5549,Widisha Bobal,MALE,First Responder,3
09590b07-1b21-4f5c-84c1-2f70aa117048,Chatresh Deshpande,FEMALE,First Responder,3
669d397a-1699-4780-8e34-635db7f5c89b,Aarush Mani,MALE,Fireman,3
3513c023-de0e-4584-9c8f-8c6a7acd5aa9,Bakhshi Ratta,MALE,Doctor,3
138821ec-90de-4429-aa9e-63a7247192fb,Quincy Prasad,FEMALE,Fireman,3
e1b8e425-7cc4-4cc1-9e17-3f55eab72eba,Faraj Varkey,FEMALE,Volunteer,3
1eff5d62-5793-48a9-9123-5f3a318d15f0,Elijah Rama,FEMALE,Volunteer,3
f7c0fdce-363e-4413-8421-f6183f5d188e,Nandini Aurora,MALE,Doctor,3
c0581ee9-7d5b-41c3-a6e6-7dabb6a3b37b,Bhavini Sem,FEMALE,Officer,3
135c6236-7b0a-4e83-8a3f-47139098a918,Anya Lalla,MALE,Officer,3
6887e106-793a-4759-bb05-fd92a6f2c7a2,Jalsa Mani,MALE,First Responder,3
e6d5023d-36a0-4b8f-ab7e-d22c1b37f115,Mitali Shan,MALE,Fireman,3
c74e16ff-dd98-45db-a8ee-d55851770b89,Aarush Prabhu,FEMALE,Officer,3
1afc5f2a-546a-4183-8e3d-acf804c0e6bc,Guneet Desai,MALE,First Responder,3
1342e81a-9ee3-4c27-87f0-d1b109ea5714,Ridhi Mohanty,FEMALE,First Responder,3
07816c82-f99c-4e42-8b90-dd3f8d55cded,Elijah Cherian,MALE,Volunteer,1
8bb45cf5-6e22-4038-b578-1c7380530a8a,Hemal Bhargava,MALE,Officer,1
92f5ee5e-13c7-4d5a-815d-1f1d8fa520b6,Yug Sandhu,MALE,Officer,1
ba31c516-4310-40c4-b6d4-77020fe2669f,Victor Gill,FEMALE,Doctor,1
321aa1a9-3ee7-47b9-8d6b-596bf4a7c8e6,Jagdish Hora,MALE,Volunteer,1
ae531e89-b98a-4a10-8383-add467d03ea8,Chanchal Sampath,FEMALE,Doctor,1
72576063-6d37-4276-8a25-6cf314f438b0,Aadi Desai,MALE,Doctor,1
4f791293-9222-452c-9d33-3f3392fb1db2,Ekansh Devan,FEMALE,Volunteer,1
5523acf1-6e5e-45f0-a7d3-bb09df35ba65,Neelima Oza,FEMALE,Volunteer,1
1ae2d9c0-0c5e-4b8c-a076-86e256b79da0,Victor Parikh,FEMALE,Officer,1
85ae1ffe-866d-42f4-8579-60ba34031718,Raksha Sen,MALE,Volunteer,1
d28229f8-6dce-4099-b466-645177c154dc,Warjas Sahni,FEMALE,Officer,1
38f6aa1b-6adc-45ba-aa7f-ad669834630e,Shravya Vala,MALE,Fireman,1
de074564-9280-417f-80c0-fcf0160abdb7,Agastya Bhavsar,FEMALE,First Responder,1
f1fbd2f6-999d-4cb3-88f1-74690ab26e5f,Reva Rau,FEMALE,First Responder,1
f39a772b-3856-408e-b4e3-2ce3889435c7,Bimala Anand,MALE,Officer,1
f4d131e7-680c-44ba-8f97-91eec1ef7be9,Vedant Yadav,MALE,Fireman,1
1b9ffca5-96bf-44fe-a114-7bc9712a82ac,Jyoti D’Alia,MALE,Fireman,1
ffd3e2cd-314c-48e9-8718-4919c07bd136,Siddharth Deol,MALE,First Responder,1
105ecbe2-f751-4531-9176-bd130abbc3e6,Yamini Batra,MALE,Volunteer,1
87481998-3c94-412d-8a9e-de7c579af5ab,Falguni Ramachandran,FEMALE,Fireman,1
9e88f3e0-2d95-4f9e-b456-a84c2654c0eb,Mitesh Pradhan,FEMALE,First Responder,1
57d852d4-feba-4c9e-a2e9-1139ebc113f9,Ishanvi Sridhar,MALE,First Responder,1
16dfebb7-5b69-4bf0-aa67-21efcbd90fd3,Frado Koshy,FEMALE,Fireman,1
52b8fffb-047f-43b4-8000-11ec27f9c7d9,Jagat Kala,MALE,Doctor,1
aa05efe4-82b4-4d72-9de9-4e878aa9542c,Girindra Sanghvi,FEMALE,First Responder,1
1f972f90-6724-4fb7-a04e-f9d0aeb993a0,Janya Kar,FEMALE,Volunteer,1
4016d2bd-8d1c-42c1-94d0-2853c994134c,Krisha Kala,FEMALE,Volunteer,1
5e38ef71-c0d9-48df-a04a-7746d114467d,Viraj Sheth,MALE,Officer,1
7378548e-bc0a-4536-887c-99379a446905,Isha Sarin,FEMALE,First Responder,1
88f25c86-439d-42a1-a16e-c6512efd82b6,Pranav Chowdhury,FEMALE,Volunteer,1
74a5df56-27c2-4c03-b9ef-22beffbe7d16,Viraj Dey,MALE,Volunteer,1
82ab3acf-1055-46d2-8977-e66e1b3d7d10,Manan Ramesh,FEMALE,Fireman,1
1608ac29-8117-4174-8cbc-693cc3fc0f8b,Chakrika Walia,MALE,Volunteer,1
59c4384c-a22a-44f1-a652-0d2b48549e09,Isha Raj,FEMALE,Doctor,1
fe8c513d-9034-43dd-9839-e67ed7cc131d,Widisha Ranganathan,MALE,Volunteer,1
58d24570-d085-438e-b6e4-7bc8f45405ee,Forum Dhawan,MALE,First Responder,1
a3289d45-e010-49b4-84c9-b97c1f47ba9c,Aarav Natt,MALE,Doctor,1
14ce8e77-11c0-4417-82d1-a28ba15a71db,Omaja Deep,FEMALE,Doctor,1
26ecaebd-215f-4e74-8c89-08acda904139,Vidhi Chakraborty,FEMALE,Volunteer,1
dc479d63-925a-4b1d-b6a0-b788ad1b4aef,Mugdha Subramanian,FEMALE,Officer,1
8f44182a-3cc6-487b-9186-40babdc03438,Lakshit Sharaf,FEMALE,Doctor,1
3e6108cf-acac-4175-9cbf-1454e8b3ccae,Yashawini Pandya,MALE,First Responder,1
25efa24a-f0d0-45f0-81bc-a1790415c9fb,Mason Bhatia,MALE,Volunteer,1
10065462-b232-4a4b-b060-0200a94430c4,Hemangini Brar,MALE,Volunteer,1
731899ce-31d4-4ef8-a592-bb2c6f4f9611,Rachita Rai,FEMALE,First Responder,1
3ef3b5d0-7288-4481-b814-768da029ae3b,Diya Balakrishnan,FEMALE,First Responder,1
7dda42e4-e864-4a36-a0e3-0e61bfe386ca,Theodore Rai,FEMALE,Volunteer,1
41705866-0e07-4db3-9899-dd27b8785c4f,Mohammed Choudhry,FEMALE,Doctor,1
84fd1c66-0ace-4ec5-b197-e1934055bab3,Keya Tella,FEMALE,First Responder,1
3dbf18f6-8ea4-4e78-afa2-42e2972b6fcd,Nirja Dugar,MALE,Doctor,1
e24aebb6-3168-42f0-ab3e-5511a87ddcb2,Darika Sodhi,MALE,Doctor,24
fc469a1f-1e84-49f6-a1e8-e390d8e88bd1,Arya Issac,MALE,Volunteer,24
237d721e-0d08-4f40-bb3f-b51bf69b7d62,Kashvi Sarraf,MALE,Fireman,24
ccb30e05-c13b-4ac8-9319-d3383cdb249d,Waida Koshy,FEMALE,First Responder,24
007ed4b8-3f16-4ea0-8284-a7e096df5514,Gaurangi Taneja,FEMALE,Officer,24
c2ff4c68-25c2-403b-be1f-077539814974,Chakrika Dara,MALE,Fireman,24
ba723817-d699-4c17-86ed-1e6ad944311d,Warinder Kade,MALE,Fireman,24
2e5afc92-d700-443d-b24e-e504da520892,Isaac Tak,FEMALE,Doctor,24
7765880b-e115-4bdc-b59d-dfe854797cdc,Utkarsh Prabhu,MALE,Officer,24
7c0ff05f-d0e4-4654-ad2d-a72f54395952,Nimrat Thaman,FEMALE,Volunteer,24
43c0b259-a309-4ccf-ab74-7537901d2231,Lohit Ghose,MALE,Volunteer,24
eb607655-2a8a-417d-8ac3-22300a3332b2,Dakshesh Sarkar,MALE,Officer,24
3ca65f4c-d500-4777-b4d1-e2e50a03e803,Kashish Gill,FEMALE,Doctor,24
7f37c2d9-d410-4f52-b16f-63374cac2edf,Vrishti Deshmukh,FEMALE,Volunteer,24
604f4649-86be-41e2-b773-3ee077dcff82,Ubika Saha,FEMALE,Volunteer,24
29eef0c4-3970-4e0a-8fa4-c2c8a435781f,Janaki Mital,MALE,First Responder,24
604ff7be-2fa4-4e62-8467-27fe7d145c2a,Neel Pall,FEMALE,Volunteer,24
58e19cd3-fbd9-4f37-bc54-e396caf7592c,Azad Bhagat,MALE,Doctor,24
afb4e6d8-28aa-44e6-983e-b78d26da7586,Krishna Nagi,FEMALE,Fireman,24
790bc989-e18c-494b-bd57-e8f47d782c85,Deepa Walla,FEMALE,Volunteer,24
214e4732-0bb5-4cc5-b9fb-4576d2d31261,Anmol Sura,MALE,First Responder,24
d1340411-6e47-4adf-aaa5-4bfbbe921955,Lopa Sabharwal,MALE,Fireman,24
175e3b56-9027-411a-94e5-e969270d7de4,Rajata Mistry,MALE,Officer,24
8817c6c0-29d2-4b2a-b46a-6d5d6ba53327,Anya Chakraborty,FEMALE,Fireman,24
f917363f-c9d5-4004-a44d-3409e9f597f5,Udant Murty,MALE,Doctor,24
8020d7fb-234c-4ce1-b935-a9b522e80d16,Niharika Sengupta,MALE,First Responder,24
7d5392a7-7e82-4a23-8d30-bdea8109027f,Balhaar Mital,MALE,Doctor,24
7b047219-4c60-4105-88f4-5b0662895ec8,Ikshita Lall,FEMALE,Fireman,24
3dc65c11-1ce7-4096-83ef-5d9d6276253a,Oliver Nagar,MALE,First Responder,24
49e54d91-c542-43ef-b468-9251cd9a0e66,Mitesh Issac,FEMALE,First Responder,24
1b00ed92-fe20-490c-a383-c3d3d3db88c3,Advik Deep,FEMALE,Doctor,24
e0e739b8-33ee-4d39-b068-2b2c70cbb28c,Warinder Khare,FEMALE,Officer,24
75207fc5-ba7e-457f-b606-305ddc38de6d,Bina Subramanian,FEMALE,Volunteer,24
104fd96f-5228-477a-b2ed-d9f892380ce9,Vasudha Reddy,FEMALE,Officer,24
3d85356e-db64-40d1-baac-4f4c61d5d410,Aarush Ram,MALE,First Responder,24
96b6c1b5-c581-4cd9-a4d7-8d3713fe84da,Ladli Virk,MALE,First Responder,24
ccf5da87-e58d-4c29-be25-40eeca50ec2c,Lekha Sunder,MALE,Fireman,24
0a2543c5-27df-4591-a16a-bbb86749c45a,Pranav Kashyap,MALE,First Responder,24
9e14cfce-dcaf-4055-9de1-6052894ebbb5,Amrita Prasad,MALE,Volunteer,24
5f5c84da-dc0a-4089-8d23-fd1db8ba38a0,Pallavi Ravi,FEMALE,Fireman,24
f82eda9c-d80c-49aa-bf7e-543565587ce2,Girish Sarraf,MALE,Officer,24
9c736f5a-5748-4978-b310-9a1e41ce47b5,Kala Arora,FEMALE,Doctor,24
9615df79-4c84-42b6-97e8-7562101c1855,Baghyawati Tak,MALE,Volunteer,24
a131001d-a810-4fbd-95b4-03393a7559e4,Arin Merchant,MALE,Officer,24
3be31a40-6817-4d99-ac3a-1fadb6907732,Aayush Raja,FEMALE,Volunteer,24
d82f585d-30a1-4fc7-a7f3-53e06fad4c96,Pratyush Kale,FEMALE,Officer,24
068a96fd-0441-407d-8aab-0b7b3627aeb6,Triya More,FEMALE,Volunteer,24
5fe61fe3-9367-45ee-8630-3a06d5a75541,Nicholas Chad,MALE,Volunteer,24
56e4c012-146f-4de0-a5bd-4fdf91b66dd0,Amaira Muni,MALE,First Responder,24
205b2341-2dec-4f86-9113-3020a700608f,Gabriel Mittal,MALE,Officer,24
ce4c397f-f65d-4b60-8caa-a93396b6c661,Dipta Badami,MALE,Officer,24
b02b6d87-ab4e-4378-8f93-2fd2cae6f697,Wazir Sangha,FEMALE,Fireman,24
6b62c26f-67ca-49ee-ba03-ae4f5aacc6f5,Jeet Bava,MALE,Fireman,24
8aadcdf0-cae8-4f1d-ae8c-9ca1ba55a1d5,David Chhabra,FEMALE,Fireman,24
97179501-7acd-4a44-908e-66a4387b2fe6,Kala Cheema,FEMALE,Doctor,24
f68d6ad0-d796-40c1-996e-5717dde1aebd,Saumya Bhatt,MALE,Fireman,24
80bc3700-c81f-413e-8c48-fdd6a2833efb,Saanvi Toor,FEMALE,Volunteer,24
7283c629-7c00-4054-9581-b4a22b6e25cb,Ranveer Arya,FEMALE,Volunteer,24
f12b81ac-aa9c-4d9c-acc7-40e24aa39a9b,Balvan Gupta,MALE,Fireman,24
9819ebc9-4454-4b7b-9821-94dc70e4732f,Zayan Sahni,FEMALE,Volunteer,24
8f08c65e-b3b0-4a10-bd60-5ffe3dc758ea,Dominic Singhal,FEMALE,Fireman,24
89d7d2ac-0ef2-41b0-9ac2-e39b2d7d401b,Amruta Edwin,FEMALE,Doctor,24
0004980a-39ab-46b8-8e99-83d98622d258,Aashi Bawa,MALE,Officer,24
a77d624a-cfe5-43b7-a23d-8be9586bdcb7,Udant Bhardwaj,FEMALE,Volunteer,24
fe8a6f1b-6cd6-4329-b882-69797b512112,Maya Gulati,FEMALE,Fireman,24
1479d8ce-61f5-4a89-98e9-ce21615e7e02,Dev Batta,FEMALE,Volunteer,24
ea53ebfe-c797-47d0-8fe3-4d0f69a79469,Yagnesh Mutti,MALE,Doctor,24
fc1bf93c-6452-4ebd-8eec-b786983f2dbe,Kashvi Barman,MALE,Doctor,24
c816ae53-069a-40f2-9c3c-61feee8fc0f2,Rushil Kannan,FEMALE,Volunteer,24
41bc471c-f13d-4ebc-b05e-bdffbe471050,Thomas Sane,MALE,Doctor,24
14d6d23a-0f6d-4f9a-83f7-381641f8dba9,Rishi Thakur,MALE,Officer,24
286d9305-a76c-4493-9b93-39c123b56b87,Yashica Koshy,MALE,Officer,24
8a2ef551-84ca-47b5-a4c3-03cee210e3e1,David Naidu,MALE,First Responder,24
c387ebdd-c79a-4e0e-b2b3-fb8a09866a15,Samuel Ghosh,FEMALE,Fireman,24
5dd7f702-3033-40e1-bf78-3595f4b352e0,Yahvi Dhar,MALE,Volunteer,24
0314819f-4216-466e-8620-a04fde17fcc1,Charan Khurana,MALE,Fireman,24
652fb996-c382-4b81-8490-c49d19f0b9af,Urishilla Narayanan,MALE,Volunteer,24
fc74fd59-76f8-4699-99ab-0584e2bcdbfb,Faqid Warrior,FEMALE,Fireman,24
e5ca9364-7eaf-4ef2-82e6-726627e0a5e3,Ati Dhawan,MALE,Doctor,24
97232325-df8a-45c0-84f4-3ecf1ffa44cb,Ganga Bhattacharyya,MALE,Volunteer,24
401636c2-e1e2-4748-828e-22b706ff19a1,Kai Kibe,MALE,Fireman,24
11d68b95-b03b-4a73-997c-a9578940cce1,Niharika Sur,MALE,Volunteer,24
2b785e75-f54f-4795-8cd1-84c2c7cffcc1,Tanveer Prashad,FEMALE,Volunteer,24
18a9908c-ce75-4ecd-9781-7cfc4dab19b6,Qadim Sankaran,MALE,First Responder,24
e713fef3-7fef-4040-918f-9f8a20eec93b,Jagrati Gill,MALE,Fireman,24
ef7b4203-9444-47c3-ae25-c6282b249cc0,Upadhriti Chadha,FEMALE,Fireman,24
d38683b0-afb6-4449-a483-d3661252e33f,Urmi Ratti,FEMALE,Volunteer,24
fb85162b-b9ac-4b10-9b0c-e1737ca11930,Maanas Varughese,MALE,Volunteer,24
74ec804f-01ff-4abc-97b5-8b9625d21b62,Xalak Kumar,MALE,Volunteer,24
33bdb794-56aa-4c79-bc14-fb1680534eb1,Isaiah Kala,MALE,Doctor,24
2e5543ed-cd32-4797-bc8f-e82d05e94a14,Vamakshi Grover,FEMALE,Volunteer,24
3a9eb092-143b-45ec-8537-3afde9433d04,Vyanjana Cherian,FEMALE,Doctor,24
587fda30-d010-46c3-be14-caf4304910e1,Gaurav Ramaswamy,MALE,Volunteer,24
5c38f6fc-7e3b-40cc-abe3-3d825c8e3d08,Anika Suri,MALE,Doctor,24
25d0de0e-22b8-4d9a-a6b8-2e34f2718c04,Hritik Kar,MALE,Officer,24
a97f7d22-f50d-45de-8e42-23ff6eb7f91d,Advay Chander,FEMALE,Officer,24
39a8cd51-c8de-4ffb-aa5d-40479b1c577e,Gaurangi Jain,MALE,First Responder,24
0fd744a4-efe0-4e03-b5e6-3c0240df7a21,Ikbal Om,FEMALE,First Responder,24
35b7cdbe-7569-4711-8133-898ef73e1a3e,Amaira Sura,MALE,Fireman,24
3e6933af-c753-4a2c-94a3-c22f7ee21e4c,Girik Shere,FEMALE,Volunteer,24
60509cb3-4c17-44ef-a4da-3af161fc415e,Rajata Sachar,MALE,First Responder,24
444ff540-30b8-4368-b9d3-16dd3c50b0d4,Indrajit Gour,MALE,Officer,24
3b88aa57-bd52-477b-a8fc-917fb634fd2c,Amaira Seshadri,FEMALE,First Responder,24
2767b6c2-5fcc-4bbc-8ede-d110fb0754fe,Benjamin Kurian,FEMALE,Officer,24
873772ed-a4ab-446f-9c10-c41b58f0de24,Ekavir Naik,MALE,Fireman,24
8f1109b0-f2f8-4e3b-aebf-089c58a87679,Ethan Ahluwalia,MALE,First Responder,24
c3ae7465-9f54-4bf6-9323-facae4156c71,Aarav Sunder,FEMALE,Volunteer,24
0779f45e-023a-44a9-84c7-33fc792a4d9e,Ansh Banik,MALE,First Responder,24
df131560-86db-4659-9b1f-efbef09f53cd,Raksha Kalla,FEMALE,Volunteer,24
a84bf8b0-1404-4d7b-9549-85f3d5659b29,Falak Khatri,FEMALE,First Responder,24
8cb64238-8e18-47fb-bdc9-bf2640564f32,Ethan Vaidya,FEMALE,Fireman,24
7c58464a-686c-4d06-98b3-6398bdc6ab37,Harita Malhotra,MALE,Officer,24
465040de-d642-4994-8500-ed78a20e5eed,Ranveer Reddy,MALE,Volunteer,24
c85409be-8ed5-4548-bf76-f8d9cd2a31ca,Faras Shere,FEMALE,Volunteer,24
80902217-43d7-4cb2-9a83-c1412fc3b435,Arunima Mitter,MALE,First Responder,24
86701b8b-96f2-4343-9de4-cb59b23f2e31,Indali Dyal,FEMALE,Fireman,24
448676df-8cab-4f61-bd95-cecc60cb6e3f,Pallavi Sabharwal,MALE,First Responder,24
397ddf6b-3e83-47c8-b8a4-f622e27ad3e5,Umang Choudhry,MALE,Officer,24
cbf8ca46-dbfb-4545-a795-2bf338acdee2,Chanakya Dugar,MALE,Doctor,24
78668748-30fa-4343-aa63-3b9a1080712d,Abeer Goyal,FEMALE,Doctor,24
85f951ac-f30c-4876-8304-fe34fb52f6ee,Maanas Ravel,MALE,Officer,24
f655aa25-76e5-41c1-8054-80f9f76d4f38,Samaksh Kota,MALE,Officer,24
bc44e2c6-bd84-4467-8b3f-5311df281f81,Thomas Madan,FEMALE,Doctor,24
d74a7c9d-aecf-4501-9830-af4a885d1c37,Varenya Sibal,FEMALE,Fireman,24
40858103-d80d-4cab-b3d4-bff02f3555b7,Warhi Bali,FEMALE,Officer,24
93bf0ccf-8fc2-440c-b313-31f0117fdb90,Balhaar Issac,MALE,Volunteer,24
32886762-d165-40cd-86f6-56c83822a3c5,Netra Suri,MALE,First Responder,24
2aaa5023-cc22-4b1b-8ec8-4c008f90d01a,Anirudh Prabhu,MALE,Doctor,24
2ece4b7b-9895-4afd-bbc0-c182c1f566e7,Abeer Chadha,MALE,Volunteer,24
6e8e6c42-84aa-4723-92e0-dff08032f698,Vanya Kuruvilla,MALE,Officer,24
80fd8564-ebae-4fa2-b1d8-7a383780e0ff,Ishwar Puri,MALE,First Responder,24
f67c6ec0-2665-4af9-84c3-9f4de1df76db,Yutika Vasa,FEMALE,Fireman,11
bc445db6-d314-4810-86a1-403b281621f8,Widisha Lad,FEMALE,First Responder,11
7ebbda37-ff55-49e5-99f5-cd6bd6032e57,Xiti Sachdev,FEMALE,Officer,11
69bffd3b-eb42-4dfb-9102-33fb09aec089,Indrajit Sama,MALE,Officer,11
568ef233-8b07-467c-81bb-774a3e4c1edd,Nandini Munshi,FEMALE,Volunteer,11
cce9174e-de55-4c0b-a510-fe9881fdedc8,Aarna Edwin,FEMALE,Doctor,11
1c3c7958-47da-4314-bfd8-b486b1746232,Ikbal Salvi,FEMALE,First Responder,11
bcbf303e-85fa-4dcb-a44b-c7b8014cf3e8,Vamakshi Randhawa,MALE,First Responder,11
b357e52b-ffa5-48a5-b9b5-15e4cab56bac,Zaitra Dewan,FEMALE,Fireman,11
101bf7fd-fb83-4790-8a1d-03992eb9fe84,Lucky Parmer,MALE,Officer,11
2ed7e5a9-1c5a-456c-83cd-69f466e3520e,Osha Merchant,FEMALE,Doctor,11
4de9a8b2-7e9d-4fb7-9523-d1945b1fd006,Ekansh Kaul,FEMALE,Officer,11
667e81f5-c1bc-4a1d-8181-b37de3e9b5b4,Keya Kuruvilla,FEMALE,Volunteer,11
72889ca9-ce25-4724-9014-d02e135bfd28,Aachal Rana,FEMALE,Officer,11
d2f2719d-8253-49ee-80f6-d587a80ff5f1,Nicholas Chopra,MALE,Officer,11
7f9e9ff8-e311-4295-8f64-c9804b7ab41e,Naveen Bal,FEMALE,Doctor,11
67d7e72d-fb81-40b3-ab6a-2c4e72bb2a34,Yamini Subramanian,MALE,Doctor,11
5bcc3317-08ae-483a-816d-621b724ea304,Chandresh Randhawa,MALE,Doctor,11
c6b8a048-c683-4de7-a030-7667032f25a6,Advaith Ravel,MALE,Doctor,11
64ad6c37-1751-4cd1-944d-31cb4d68ebd9,Brinda Sinha,FEMALE,Fireman,11
e9233e77-39a8-4a94-a860-df96265ea2f1,Kavya Om,MALE,Doctor,11
c6562acf-39df-4acf-90e5-313e1c209382,Hemangini Prabhu,MALE,Officer,11
7ff75229-0a09-4d54-b22d-4587db74c583,Rachita Naidu,MALE,Fireman,11
c17d0d1e-7ff7-4b7a-aca7-d845139446cc,Gavin Boase,MALE,Officer,11
05438fcd-d186-4959-85fa-7311c88d29f1,Pushti More,FEMALE,First Responder,11
9987a4e9-675e-42ee-8b0d-c61a98764b75,Daksh Naidu,MALE,Officer,11
29f834bd-b05c-4290-a749-1ec3c9752765,Indali Sen,MALE,Volunteer,11
027ccfc6-b49f-4891-a5c0-762c3356006f,Yadavi Sem,MALE,Fireman,11
344d5260-e01d-44f7-8403-13c27eb9ea08,Pratyush Ramaswamy,FEMALE,Doctor,11
cf8fd6a5-a402-4313-a7b7-a79a5549aae7,Krishna Gour,FEMALE,Officer,11
c31e75f4-2d69-4d58-8a29-e687130a9ef7,Oliver Padmanabhan,FEMALE,Doctor,11
d7decbdc-59c7-4d26-9e84-4d2ebbeba2e7,Lavanya Ramesh,MALE,Doctor,11
ecefac46-13e2-4e6b-8b5f-af5b365660b5,Tanmayi Boase,MALE,Doctor,11
53ed059c-a5a9-444b-97f3-79e7035a748d,Veer Gade,FEMALE,Fireman,11
6b7b6015-7bcc-4092-b677-787d5aa7c47f,Atharv Kibe,FEMALE,Fireman,11
ffd44a3f-eb5e-4648-a8b4-a974ec4cef1f,Ranveer Chahal,MALE,Doctor,11
b79f9e8c-68c5-456d-b109-3641ae03fbaa,Ekani Choudhury,FEMALE,Volunteer,11
067eb3fd-e357-4b51-9ec2-2347e7fe41e6,Upasna Menon,FEMALE,Fireman,11
a64a0f3e-7aaa-4c61-b45f-ba653e6321d4,Garima Ranganathan,MALE,Doctor,11
1b49bd2e-5efc-46cd-8951-adca0e4e9df8,Balhaar Deep,MALE,Doctor,11
81dfb8e2-0c57-40ed-9a3a-b668fa1eaa3a,Orinder Upadhyay,MALE,Doctor,11
4e61fe95-8bde-4183-bc98-a7d2d110d1d2,Jack Chad,MALE,Officer,11
4e6d2aff-2659-490b-aef5-e2921c849ec3,Ekta Mishra,FEMALE,Doctor,11
177cf93c-9d96-41d1-9dda-911340302b5b,Zaid Lall,MALE,Fireman,11
afd2f5fd-50b3-4f46-96f0-47a672a00e0f,Devansh Khatri,FEMALE,Fireman,11
88119e3c-8dc3-46ca-98f4-d07eec4c9029,George Sarma,MALE,Doctor,11
454e5380-7ce4-4bfd-98b1-d4d3dced7542,Lipika Kala,FEMALE,Officer,11
056f8ccc-9669-4111-88ad-c3ccd04d5b32,Sarthak Rajan,FEMALE,First Responder,11
c243a089-6f43-4d89-8b22-740bd254f1c7,Yutika Lad,FEMALE,First Responder,11
ec241d16-0868-4ffd-bfc9-9e47d53465e8,Alexander Mani,MALE,Fireman,11
e3ba25e1-0055-4af3-9397-9caa4c3ad95a,Fiyaz Tak,MALE,First Responder,11
c97e2491-e376-4296-b555-10e3926564d8,Bina Pandya,FEMALE,Volunteer,11
02f6b6f7-810f-4397-bc93-3805889788d4,Maanav Bakshi,MALE,Officer,11
6932bb99-c1c1-45ae-9452-2f3436e0ba92,Zarna Kalla,MALE,Fireman,11
1a2df874-7052-464c-b507-fbf387aa7386,Zilmil Sahni,FEMALE,First Responder,11
976f8adf-0a39-499c-95cd-625349ddd45b,Andrew Rege,MALE,Officer,11
671fdfa1-1b4c-4d4f-84b6-a88888ed4846,Nidra Sabharwal,FEMALE,First Responder,11
c70a50bf-fb08-4a74-b8ec-4dbf0305bf12,Mohammed Dani,FEMALE,Fireman,11
e850631c-1610-4064-a7b3-afaabbaced1d,Aditya Pingle,FEMALE,Fireman,11
97cd7d99-8a76-4b0e-83d6-025154ff2d24,Sneha Agarwal,FEMALE,Doctor,11
39ab3e62-a7d3-4ff0-a7c6-e9289e4d3a31,Orinder Sama,MALE,Volunteer,11
168847cc-23ce-4755-b0d7-3eb76542147d,Gaurangi Khare,MALE,Fireman,11
9223bf90-3da9-49fc-b2f5-b7f5f70a967c,Avni Narayan,FEMALE,Volunteer,11
1eddfe5d-dc44-4ed4-bae1-ba7594b61d7e,Yochana Ravi,FEMALE,Volunteer,11
fd9c99a4-5201-42ab-837a-b0dee1d6d725,Chakradev Sur,FEMALE,Fireman,11
fb178daf-461f-41cf-ab2f-0615c6bd9c28,Neel Date,MALE,Fireman,11
882d1aad-50e3-4eb4-b114-2ed88724fc8e,Timothy Mani,MALE,Fireman,11
a74fbe09-5910-48e8-9986-e26472d779fa,Krishna Rout,MALE,Fireman,11
a64426a2-67d8-4809-981f-82804d6f6d0d,Azad Upadhyay,MALE,Volunteer,11
4c7cf018-6cc2-48ac-b7a2-7fe6ecd7411b,Tanveer Chaudhary,MALE,First Responder,11
c6b8278e-a747-49da-80a3-80e1ce5194a9,Pavani Malhotra,FEMALE,Volunteer,11
3fa5c07a-8221-4df8-a95f-2c758d1e36e2,Ekansh Soni,MALE,Volunteer,11
cf89453b-54f3-469b-a639-5ff7544095e1,Ladli Hegde,MALE,First Responder,11
ffeeab6d-8846-4ddb-bb5b-734152d51473,Triya Shan,MALE,Officer,11
ccc67910-688b-486a-99d7-85e386d4e918,Liam Pathak,MALE,Doctor,11
98890466-2b0e-44f0-97ed-51ad8108b83f,Alexander Natarajan,MALE,Volunteer,11
588d38ba-24a3-4e9b-9af0-fd53818b594c,Sai Bhatnagar,FEMALE,Officer,11
62790151-3d79-47a9-abfc-1b5977c9114d,Ishaan D’Alia,MALE,First Responder,11
21134be5-5be8-4244-b895-b5417ca33682,Tamanna Dara,MALE,Doctor,11
da121884-015c-49bf-8963-f42f3ee775eb,Kavya Chadha,MALE,Fireman,11
4c6737f0-db37-4243-8bda-5a5c366be330,Ethan Gera,MALE,First Responder,11
b2ec3369-9e9f-49b7-b8f2-c3a814917bd0,Dalaja Dutta,MALE,Doctor,11
7d35a912-28f1-4bb2-924b-6551da93843e,Nimrat Gulati,FEMALE,Fireman,11
c5d5ab37-5782-48cd-a0c7-85b276a8fc1c,Krish Purohit,MALE,Officer,11
ec93bec0-c281-449f-ae42-8339888969e3,Aarna Boase,MALE,Doctor,11
7abf33dd-86e0-4fce-ba69-9773561737d5,Ekani Bansal,MALE,Doctor,11
7be1429c-bc56-422a-bb4e-4d7e81e0f649,Chaitanya Nagar,FEMALE,Officer,11
3278f87f-b646-44d7-bbe2-b9188f464023,Chandani Naidu,MALE,Doctor,11
00fffed9-29e4-4e96-8058-4f28a9ae20d1,Aayush Singhal,FEMALE,First Responder,11
255480e1-6c41-44e6-84c5-af8d1dd7ef52,Xiti Sabharwal,FEMALE,Doctor,11
0068e274-9555-4545-ab89-fe89add2d9a8,Jeremiah Ramanathan,FEMALE,First Responder,11
cb1d5514-83fe-4de1-9893-ac1e7556ce04,Omkaar Kurian,MALE,Volunteer,11
04a3b202-63da-42e7-82ac-1db458310dab,Varsha Viswanathan,FEMALE,First Responder,11
f7403e32-7be5-4b63-bd7f-12610a6e393d,Qarin Barman,FEMALE,Officer,11
e05ee847-ff3b-4fa4-91b6-dfd8ab934ad4,Yochana Samra,MALE,Officer,11
6fd183f3-674b-4f25-8811-0fc5574b51b7,Matthew Chaudhry,FEMALE,Volunteer,11
1e68bfb5-efe1-46c9-ac1a-e0de09eb05cb,Qadim Patla,MALE,Volunteer,7
b9e4dd40-c8ae-44ad-8a85-011901a55294,Gaurika Bava,MALE,Volunteer,7
4f98659a-d0d7-41f2-ad10-8a26a7702a98,Jhalak Wason,FEMALE,Fireman,7
b25421a8-225b-4a14-85e1-3c13d6bdd643,Unnati Dass,MALE,Officer,7
2221aaad-ca96-4392-9e82-19b7e101e967,Joshua Patla,MALE,First Responder,7
27ccd9be-ccc3-4018-a456-4524d4d846ce,Girindra Shan,FEMALE,Fireman,7
9879fcea-59ed-4a28-864f-2284cbc8f3e1,Ekalinga Shanker,FEMALE,Officer,7
e7eb19f6-0e77-4235-a15e-894998f23b25,Aarush Sibal,MALE,Officer,7
19ecb387-a677-4dbb-a907-6ce867e36459,Ati Basu,FEMALE,Officer,7
c86e0e11-6d1a-4c8c-ba18-dbea157be4cf,Neha Zachariah,FEMALE,Volunteer,7
5f7a5e8a-8836-49bd-8142-6ae5ec4e4fc2,Brijesh Oak,MALE,Fireman,7
2625efd8-439c-4408-9858-ddc0c6fb9768,Victor Arya,FEMALE,First Responder,7
e7ad6935-99a2-4531-ac9b-09a65dca60de,Ekalinga Luthra,MALE,Officer,7
6d1dbc2f-1768-424d-8788-97b23e15a49e,Chaman Panchal,FEMALE,Officer,7
5b9b31df-e1be-4ddd-9df8-361967f4a976,Daksh Gole,FEMALE,Doctor,7
0eeb6cdb-7a90-4c8f-b945-90458eac3584,Charles Zacharia,MALE,Doctor,7
da221f1f-bd2c-4f04-8391-afc41cd89b8f,Nathan Anne,MALE,Fireman,7
e713cfe7-334f-4474-824e-3ca85f157130,Brinda Chawla,MALE,Volunteer,7
785c2b70-4d6f-447a-b1b9-56be13a158e0,Gabriel Patel,FEMALE,Volunteer,7
3094802a-8cfb-42c8-9c99-389e4d80652f,Bimala Ranganathan,FEMALE,Volunteer,7
f2035d8d-ab31-4837-8102-b25786e78952,Madhavi Sankar,MALE,Officer,7
5bc00944-6645-429e-82d9-9b11d3fb7c94,Dalbir Srivastava,MALE,First Responder,7
8570fc05-8308-4119-982f-f560bc2db74f,Adya Deo,FEMALE,Officer,7
4fd15e98-3bbd-4e51-a6d1-33c14b0c6565,Zarna Malhotra,FEMALE,Officer,7
9631560e-a6da-4859-97c6-836ffadfb987,Meghana Choudhary,FEMALE,Doctor,7
daa2a506-4f7b-4627-9f55-a33942dac179,Bina Verma,FEMALE,Doctor,7
7cc51987-655e-4b5d-b9aa-1b0a2639512f,Libni Sarraf,FEMALE,Volunteer,7
40bb3eff-21bf-4cad-8c50-030ff57b513d,Nitesh Shetty,MALE,Volunteer,7
85c4962a-f680-48f9-8464-a530cde6d429,Qasim Narang,MALE,Fireman,7
57029b55-60f1-44fb-9d6c-d1a6cb3fc185,Xiti Shankar,MALE,Doctor,7
bac032ba-db00-4997-b5b6-786c914a74a8,Vincent Khare,MALE,Volunteer,7
2d3fbea2-66f1-4af7-b3bb-733920b80052,Parth Balan,FEMALE,First Responder,7
e7747edb-a3da-4f9a-b350-2649f8d93186,Xavier Bera,FEMALE,First Responder,7
54baee60-9000-414a-86ff-e040933ece9f,Hredhaan Rastogi,MALE,Volunteer,7
595c403f-2c3e-4a31-ad22-7b343cca2df0,Zaid Bakshi,FEMALE,First Responder,7
c0d5428a-c629-4b24-9f5c-0d7e6496b52f,Ekbal Shroff,FEMALE,Officer,7
1fec5fe9-cf2d-474b-bff5-9b827c78c081,Saksham Naik,MALE,Officer,7
ebb4dce6-8752-40d5-b6c2-6778ca7e412b,Forum Nayar,MALE,Officer,7
0b613b54-d8e4-4820-aaea-02de09a2bfad,Vedika Baria,FEMALE,Doctor,7
8818fc9f-50af-4d37-bd57-1a764c158e75,Ladli Gaba,MALE,Fireman,7
75fc0ccc-5f17-4d7b-9109-5acc66a72de2,Liam Borde,MALE,Officer,7
dbb0d331-cc88-4c64-82ce-cb596bc12399,Bhavini Khatri,FEMALE,First Responder,7
65c09525-e4a8-4ed7-ac95-d215d0f80f2c,Anjali Joshi,MALE,Doctor,7
b6dcdb60-32b8-4721-8082-19a3e03d87b4,Anirudh Hans,MALE,First Responder,7
6c3faef6-7e20-4cf6-b315-9047ee9bea12,Hritik Rau,MALE,Volunteer,7
65c23542-e7a2-4a56-a580-3799ee7d8ce4,Aarna Dewan,MALE,Fireman,7
b45c9629-df1a-4d34-bd53-512bcaaac683,Frado More,FEMALE,Volunteer,7
17eee966-d2e2-432a-a143-c6c5ce5b1202,Aahana Vohra,MALE,Fireman,7
d949682d-791c-49ea-85a2-c0147f639604,Daksh Hegde,MALE,Volunteer,7
fb1d1640-f848-4c0c-97f5-db5621eeb910,Robert Khatri,MALE,Fireman,7
864231b7-de67-43c0-89a7-b5b97110e3dc,Jai Raj,MALE,Fireman,7
3a48b0e3-ab0c-4239-9b8f-418b52af1e15,Vihaan Chowdhury,FEMALE,First Responder,7
afc1f7d6-bf8d-4668-8a87-da24fb1f8322,Irya Ramakrishnan,MALE,First Responder,7
113b3e16-da0b-4a90-a64b-8fac7599fccc,Veer Cherian,FEMALE,Fireman,7
aaeac12c-18c6-448e-80da-27d32b6f1dad,Panini Pai,MALE,Doctor,7
3a9ffcb3-3a36-4b2e-a877-184ec014c2fd,Anya Kanda,MALE,Doctor,7
29d5c11f-6e19-4acc-9b1d-30027e7e5cad,Raghav Chada,MALE,Officer,7
57d0fc39-94c4-4452-9d93-840421c634a5,Nisha Hans,FEMALE,Volunteer,7
bc498bb5-d672-4091-a0c5-2ef51cb66c3f,Indrajit Mann,MALE,Fireman,7
c3e7c32c-d91f-45ed-bf51-d3112ec58231,Saanvi Ravel,MALE,Fireman,7
02acd89c-5d4e-42ca-ae50-787c989a5430,Zansi Nadig,MALE,First Responder,7
ec268ba0-d391-4082-bb88-2e08bea08aff,Wyatt Gopal,MALE,Doctor,7
c60beb12-45f1-4db9-a47c-1624ab411202,Isaac Oommen,FEMALE,Officer,7
be30acf1-dd10-46b3-bc4c-1e977cc8986b,Qadim Chhabra,MALE,First Responder,7
fabd946b-a05a-407f-a0dd-dd65453cf1e0,Aayush Murthy,FEMALE,Officer,7
384e4f5e-e2e8-4477-b8e4-92e6b4445230,Girindra Dani,FEMALE,Officer,7
308cbf2f-9c07-4b67-9f66-c0a76eb06eb3,Faqid Bhagat,FEMALE,Doctor,7
c7ce3648-4e00-4e6e-a478-1db5bcdc5941,Oscar Maharaj,FEMALE,Doctor,7
efa5b30a-6eb1-48a6-9046-b10664c26b28,Jonathan Gole,MALE,Fireman,7
8976f23a-7da1-49c5-b9f6-afc252bd4afd,Chasmum Chahal,MALE,Officer,7
52b7ab5f-b780-4b8d-b20e-4e0dacc205a0,Pranit Divan,FEMALE,Officer,7
e2181ccf-91a4-435d-9181-e84069fc1dc5,Lakshit Tandon,MALE,Officer,7
22be6ecd-f70f-41c8-b915-d37edb9db8e5,Daniel Mandal,MALE,Officer,7
fe480deb-9286-4400-a2ae-4151670d3e73,Mohini Muni,MALE,Doctor,7
e1d13478-198d-4bdb-b462-4ec41631b6df,Tripti Korpal,FEMALE,First Responder,7
429fc239-d618-4b72-8e60-e6b542188142,Gagan Nagy,MALE,Officer,7
67d5f1b0-5d37-458a-bf4f-37e676faa5a3,Yagnesh Devan,FEMALE,Doctor,17
d7c220c1-d17d-468b-b9ed-6a8b6135f496,Lavanya Bandi,MALE,Officer,17
5451edf5-2fd4-407f-a34b-ce332a64a603,Anvi Balay,MALE,Fireman,17
e6b0fd5f-2e6d-40cb-8e85-3f668f415b36,Aachal Munshi,MALE,Officer,17
9a045b33-55e0-494d-8caa-0751d458ff18,Oliver Chaudhary,MALE,Officer,17
cd3b93bd-1ef9-48ad-86a6-234793611847,Raagini Chokshi,MALE,Fireman,17
45019ae0-0eaa-4238-bf71-2db7a872653d,Anya Ben,MALE,Fireman,17
d7e91e09-27d3-4154-b5a4-07855c624ac2,Onkar Nayar,MALE,Doctor,17
e2205355-5b27-40b7-ba01-11653cad3b5a,Imaran Dhar,MALE,Doctor,17
0d36677f-a438-45d0-94fc-0c450358dfa9,Yashvi Narayan,FEMALE,Doctor,17
3926d57a-426e-41b2-8e0f-258a6bb636f1,Sara Lal,FEMALE,Volunteer,17
1196de73-bd49-4194-a6c7-07eeafc07bb2,Devika Rau,FEMALE,Volunteer,17
1e97bc30-fcd3-4703-96bf-1356eadfec96,Aayush Guha,MALE,First Responder,17
5b6458be-b51f-4149-9241-ebecb4e88dd7,Ekaraj Venkatesh,MALE,First Responder,17
323d8005-1a57-4c94-8929-a4755e4cb912,Darpan Padmanabhan,MALE,Doctor,17
8c11c5a7-824e-4bc3-a744-e1c6a30b7bdd,Alexander Contractor,FEMALE,Officer,17
90ac9d14-233f-47ae-9a19-8f09373892f8,Nathaniel Chand,FEMALE,Officer,17
940061dc-152a-4527-87c0-df12f39156a5,Rachita Talwar,FEMALE,Doctor,17
b333a89c-a1ea-4463-9c15-1aec8309a109,Gaurav Mall,FEMALE,Fireman,17
cc5c3ebe-63be-4f55-ab8f-013e9be38874,Kala Varghese,FEMALE,Doctor,17
8374c87f-cca2-4b4e-94ce-a4b67e056013,Samarth Bir,MALE,Officer,17
d7574008-374e-44d1-9e60-8cd59e880cb9,Daksh Bhatt,MALE,Officer,17
582cdc65-752b-4775-8544-4ad048f84289,Charita Bal,FEMALE,First Responder,17
4409f45d-9b50-4588-b081-1ce129c19384,Patrick Sood,FEMALE,Doctor,17
76d49f37-0f01-4f3d-a6c4-ea8cf0a18fde,Manthan Oza,MALE,Volunteer,17
fcc8f196-cf31-4175-aa8b-2731b512bdf5,Shivansh Shroff,FEMALE,Volunteer,17
2cbdf132-6f24-473f-8afe-64066a067436,Isha Ramaswamy,FEMALE,Fireman,17
51356e32-70cb-4e68-ae50-e5d6ef7cb684,Indrajit Srinivasan,FEMALE,Officer,17
f8ae258a-e4a4-4c29-ac98-e5687e7fa1bd,Upkaar Kari,MALE,Fireman,17
984d9a08-226f-4a86-b120-792843133ecd,Jairaj Cheema,FEMALE,Fireman,17
b003813e-ae68-4d63-824e-4a0bd3ab6b4c,Lipika Lad,FEMALE,Doctor,17
f3371ac3-9f52-439b-aeeb-6d6b8601035a,Vasana Dugar,MALE,Doctor,17
ec091b08-b32d-4aaf-8613-12c605696fab,Zaitra Bali,MALE,First Responder,17
ccc099b4-be09-43f4-963f-9b8979b1a0a1,Aashi Prasad,MALE,Officer,17
1cd5a2d4-0a1f-4f17-ab1e-27f1bfc14d4b,Tanmayi Shukla,MALE,Officer,17
86f9fcd9-acee-4496-85ff-f8c5519da070,Jason Sood,MALE,Fireman,17
61839300-7b26-4ffc-a20c-aaf9890f05f4,Hredhaan Palan,FEMALE,Fireman,17
399c18f8-1bf8-46d3-9a9e-58d9c75cfa2b,Maanav Agate,FEMALE,First Responder,17
adbed22c-b846-4dce-9c85-4c94527dacf1,Upadhriti Jaggi,MALE,Officer,17
921dd834-55d7-4c8d-8098-2932ca4b0319,Isaac Deol,FEMALE,Volunteer,17
1f9174fe-96f9-45c6-b97c-3388ef71e214,Jhalak Chada,FEMALE,First Responder,17
c3ac9c41-5f06-4d91-b2c7-aaf70e50f572,Tejas Mane,MALE,Officer,17
102b7a65-5b3e-49cd-bb15-1b0d489a18c9,Chatresh Bora,MALE,Fireman,17
b0c98f02-df0f-4e81-bd72-dfd9da10a1c4,Amruta Wali,FEMALE,Volunteer,17
2a178ac1-3b6c-47fe-a2f7-eeb84bdbc4cd,Dominic Baral,FEMALE,Fireman,10
efb69c55-893b-47ee-ab55-d7c18fe6d1d7,Bhavini Yogi,FEMALE,First Responder,10
7e9d9adc-31d6-4969-9c7c-80d5325e8476,Zehaan Bose,FEMALE,First Responder,10
135f8ada-5951-4012-9003-8949cd224ba4,Aarnav Raja,MALE,Volunteer,10
1795dcfb-a0e8-47d9-ace7-52ab749d637f,Bakhshi Bhat,MALE,First Responder,10
520fda8f-f7d5-462c-bf2b-fe1ab652d13c,Sara Radhakrishnan,MALE,Officer,10
963f399d-de3f-4624-8b52-794a4b5373d8,Hemangini Dewan,FEMALE,Volunteer,10
504baff7-4eb3-4db8-9e0d-ed77a658a3d3,Krishna Mangat,FEMALE,Volunteer,10
caf370d6-3464-41d7-b449-cc080ce63b20,Falan Sinha,MALE,First Responder,10
3b17635e-038d-4830-87e2-b9ce7d315d71,Orinder Basak,FEMALE,Officer,10
0dd9e647-f59a-4326-ab79-ea049ec791a5,Praneel Ramachandran,MALE,Officer,10
1281e523-0365-463d-adc0-0adfae99bc3f,Diya Pingle,FEMALE,Volunteer,10
cd0c8a8c-ff7c-4010-a37f-8eb2947d1bf2,Raghav Deo,FEMALE,Officer,10
2252dbf5-944b-49dc-b3f8-854d4b036365,Sarthak Rajagopal,MALE,Officer,10
5cc01d9e-d941-4c47-b25f-e571e3502545,Mekhala Uppal,FEMALE,First Responder,10
0b25521a-35fb-486a-b609-4424976b86c9,Yug Venkatesh,FEMALE,Fireman,10
1839fb20-2ae4-4844-b02c-c8b234565ea6,Yatin Nagarajan,MALE,Officer,10
50ec56e0-fc35-48f9-af80-9b277e0a43e0,Kiaan Chandra,MALE,First Responder,10
b09d9f81-ddc5-4ac6-a0fc-aa1ca19e08a6,Anvi Sane,FEMALE,First Responder,10
d0936f25-1076-4163-864e-1ebc6afa20f6,Arin Chahal,MALE,Doctor,10
006f2ed9-040b-4eaa-9b58-2c882eedbb69,Lajita Sura,MALE,First Responder,10
c62245da-6824-4f43-aa2e-74462201e118,Vedant Bhatnagar,FEMALE,Doctor,10
64d609ff-e8c9-4875-9f62-21ae8f6b2a45,Tejas Sarraf,FEMALE,Officer,10
d5fe1a43-2209-4f1c-a169-dd9690b0354b,Watika Wable,FEMALE,Fireman,10
b0741462-5363-432a-a011-090803b09804,Jagvi Sule,FEMALE,Doctor,10
21f35401-a2a8-4de0-a6c8-b2ed84f177ab,Vansha Bajwa,FEMALE,First Responder,10
a0f9bad8-eec9-4350-9107-200d3147a925,Ansh Ganesan,FEMALE,First Responder,10
1af4895c-dfb8-4c00-9285-7240ac258b58,Nachiket Kota,FEMALE,Fireman,10
9d1c940b-f119-47ad-a5ac-8f54d45a60d9,Pooja Mangat,FEMALE,First Responder,10
88b321e4-2147-4410-8ecd-d58d466d92f4,Rachita Padmanabhan,FEMALE,Fireman,10
36e4bc96-b895-4632-a807-1c6eb0b19cb6,Chandresh Panchal,MALE,Volunteer,10
07fd108f-cc0a-44b7-975d-eb95f98d2e7b,Chandran Sabharwal,FEMALE,Fireman,10
e47dd884-ad5c-4c3e-b96d-9c5175c0bac8,Tristan Dora,FEMALE,Fireman,10
d5d2e610-78b3-40b6-bdb7-6da1ad6ee259,Aayush Barman,MALE,First Responder,10
ec292f72-b6a6-4526-8961-72e5e6ef8d24,Patrick Raja,MALE,First Responder,10
4d86a41e-452f-43c9-bb0a-0da4b2dd1631,Rehaan Vig,MALE,Officer,10
4fa76774-6188-4520-84d7-34f73bcc8be0,Aadhya Baria,FEMALE,Fireman,10
33bd314b-92dd-492b-9243-92f5638360a2,Dayamai Saha,MALE,Doctor,10
1b2ba297-2e21-428d-8d6b-83dd7fb0b3c2,Tripti Aurora,FEMALE,Volunteer,10
2fca0e93-913e-4694-940c-98608438d9d3,Upkaar Rama,FEMALE,First Responder,10
594c2ffd-8b27-4b91-bb8c-6eb354db843d,Dhruv Sarin,MALE,First Responder,10
94fdebe1-c819-41fa-a5db-bef3bf6ad4ba,Omkaar Babu,FEMALE,Volunteer,10
01d83950-9125-4fe8-ab17-aec8eb58bdd0,Indali Sem,FEMALE,Volunteer,10
d0dabfef-08da-4f40-9f8a-502fd50d7e45,Udyati Loke,MALE,Volunteer,10
d9f799e5-3898-46ac-9aa9-83476423d8d5,George Jani,MALE,First Responder,14
c596f7a4-a0a7-4e50-aed1-a8238f999697,Upadhriti Handa,FEMALE,Officer,14
4c311ed6-4a74-480d-be04-19ed72a8063d,Rehaan Sarma,FEMALE,Fireman,14
516d60ec-4524-46f8-83da-ca2a5ecae336,Aradhana Kota,MALE,First Responder,14
1a8a08d6-2016-42ea-8ca4-31734269e060,Ucchal Tara,FEMALE,Fireman,14
0703c917-77bd-4bad-b71d-26207a71bf69,Karan Hayre,FEMALE,Officer,14
30f42ade-3054-48c9-9ce3-64aede71cca2,Veer Kunda,MALE,First Responder,14
c958d6ab-cc71-4d80-be94-4a6bcbcf806f,Nilima Vohra,FEMALE,Volunteer,14
cc8db8fe-0c08-4748-8618-64b115ca050a,Ethan Iyengar,FEMALE,Volunteer,14
196d82dc-abe8-4bcd-8aed-fdc6038439d3,Fiyaz Dass,FEMALE,Doctor,14
3391c0df-4ff3-4791-aa1f-1525d959e010,Pavani Mann,FEMALE,Fireman,14
aa28b50d-514d-4b05-9e7e-0795c7412c72,Falak Warrior,FEMALE,Fireman,14
be0c5f80-53b1-4e4f-b28b-18e938b0e027,Rudra Ramesh,MALE,Officer,14
b92e3365-40b2-448c-8847-bd39ae19a39e,Chameli Muni,MALE,Doctor,14
fbeb62ed-3ee2-4c95-b910-81485db0e4aa,Fitan Chakraborty,FEMALE,Doctor,14
a8cba9db-1014-4c35-bd19-dec94a7f592f,Hemang Menon,MALE,Volunteer,14
b0d2759c-0487-418f-baa3-d171cc2a98c4,Theodore Goda,MALE,Officer,14
3da6c25b-7a73-4b1f-a455-108296fb623f,Faraj Bhardwaj,FEMALE,Fireman,14
bffbec85-76ec-494f-a5f9-2112cfa9c4b9,Girindra Dhar,FEMALE,Doctor,14
e206abe7-b9d6-49f5-ab05-9337876e6671,Ijaya Thaman,FEMALE,Volunteer,14
2399e8a7-f82e-4fe2-a8dc-609965cfd7df,Banjeet Jani,FEMALE,Doctor,14
36c46da3-ebad-4295-abdd-ddb8c2458854,Wazir Salvi,MALE,Officer,14
d8afddfb-1a34-43c4-8631-6ae9d8bda622,Gautam Mohan,MALE,Officer,14
0c702b34-b223-4a0f-8062-c2e1bfd9426a,Krishna Sani,MALE,Volunteer,14
46e6b5e8-d7a9-435f-a7d8-63ed30f73a2c,Wridesh Ganesan,MALE,Fireman,19
8c0fa974-ad9b-4e78-9a51-19196903ca32,Nandini Merchant,FEMALE,Doctor,19
c7fac685-6096-4bcc-b007-39d3e4d73a02,Ria Sathe,MALE,Fireman,19
7f0c8c13-5e1f-4894-bea7-85efdf8d95be,Ishita Maharaj,MALE,First Responder,19
4cf36ace-dad0-4b24-8c92-b5743927953f,Pratyush Sharaf,FEMALE,First Responder,19
9d060f12-7b62-4ba3-8160-4cbeee81e87a,Ekbal Nagar,FEMALE,Volunteer,19
4ecfeee0-53d5-4fb7-a709-95ab22a84f0a,Sara Deshpande,FEMALE,Fireman,19
ea635821-cae9-400f-86ed-8f0b31fe45eb,Anika Loke,FEMALE,First Responder,19
c00159db-f15c-4118-b449-7337491732f6,Ekiya Khalsa,FEMALE,Fireman,19
4eee9157-77a8-41c4-8986-61b148da6ac6,Caleb Nagarajan,MALE,Fireman,19
e5ab383e-8370-4685-ad0a-fc57f11716ae,Jairaj Solanki,FEMALE,First Responder,19
1790ee66-c1fe-418d-b22e-2ca75b04b584,Maya Buch,FEMALE,Fireman,19
8754615f-f20f-415f-b542-63b919279d8f,Ekansh Thakkar,FEMALE,Volunteer,19
d587e43e-0c46-4873-a6bf-4fc22f5b8e83,Aarnav Sarin,MALE,First Responder,19
4b1cb776-e9d0-48d5-a8d4-d62aedad7757,Anjali Mahal,FEMALE,Officer,19
11e35935-0c94-4645-815a-cdd8676510f6,Christopher Kohli,MALE,Officer,19
78b7f948-7ff0-43cd-806b-7d340353cdac,Warjas Prabhakar,MALE,Officer,19
0c114353-f6b8-45f4-96b9-1e7d55065f9a,Lohit Chada,MALE,Doctor,19
06f07399-2dec-4153-b78e-faa366f7faf0,Abhiram Mannan,FEMALE,Doctor,19
4a63344c-5bb4-429f-a69f-97874b386276,Gunbir Bose,FEMALE,Officer,19
1d2197e1-5607-45c2-99a4-c9cae0256b4d,Liam Dani,MALE,Doctor,19
5e5b3616-6ac7-4afb-a63c-e0a21cd3f180,Sneha Vala,MALE,Officer,19
ac9cfa67-6564-47ab-9855-c0356ad2b969,Upasna Mallick,MALE,First Responder,19
64a8a994-4abb-4886-9074-57345aea566c,Gautami Mani,FEMALE,Volunteer,19
712748db-fc19-4393-8faa-36a28a810e2c,Nilima Kapur,MALE,First Responder,19
a60a589f-ee04-47af-ad7f-24fa7c2251cd,Damini Sathe,FEMALE,Doctor,19
bbb5bf52-e6ea-4175-91e0-3df4b4bf784d,George Boase,FEMALE,Volunteer,19
928b6dfe-62e6-46b2-8595-6a51b1371a29,Sara Sharma,FEMALE,Officer,19
18eb9972-b197-4334-b852-9f8ee6536fe2,Nimrat Sachdeva,MALE,Fireman,19
c38021b3-9fe6-4497-ae52-e68835b952f7,Aditya Nazareth,FEMALE,First Responder,19
a4f99259-3be2-46a7-8a6e-b24c2d71ea31,Lajita Naik,MALE,Fireman,19
6f68cfe4-0d49-4952-8d35-fb76c9bb2021,Yashoda Krish,FEMALE,Fireman,19
560cd082-5dbe-42f5-bd14-9a24483f20cd,Bimala Ramakrishnan,FEMALE,Volunteer,19
a1df2ad4-3c31-46c5-b700-46f2fe206e7c,Om Iyer,MALE,Officer,19
a06a8bdd-d7b3-413a-8507-c3133e4c8c33,Triveni Kapoor,FEMALE,Fireman,19
ab816ddc-3996-43a3-863c-c8ee474e9e90,Michael Iyengar,FEMALE,First Responder,19
5383a89e-8b1b-446a-a6af-6e5e6985f4dd,Rehaan Agarwal,MALE,First Responder,19
39846e0b-4192-419d-a333-fee9e3bf468f,Utkarsh Batra,MALE,Volunteer,19
22718f8b-43ff-4179-b428-1b9929b892f3,Aarini Shanker,MALE,Fireman,19
aaa42e63-11be-4fd5-b140-2ee2dcb12b93,Balveer Badami,MALE,Fireman,19
392787ef-3d53-40d3-a55c-21a23512a633,Priya Manne,FEMALE,Doctor,19
9afc0030-dbbd-406e-8536-5d9bef3f124d,Samarth Oak,MALE,Doctor,19
fe8d166a-da62-4c54-8fd0-d1d31d178321,Jonathan Varghese,FEMALE,Doctor,19
24e294aa-8a7e-4c4a-bcf0-6e3d231ead4a,Darika Sangha,FEMALE,Officer,19
d61a536e-830a-486c-beae-ee245c15d093,Girish Mall,MALE,Volunteer,19
9f1d7e38-b441-48dc-986a-7c2b68a4f639,Chaitaly Sabharwal,FEMALE,Doctor,19
8ed18192-40e2-43f6-ac47-c8c0b518d9a4,Gautam Dugar,FEMALE,Officer,19
8326b0a3-a181-4ca2-9ac3-ba19115ac374,Kai Soni,MALE,First Responder,19
84e8a653-feb6-4b8f-b0a2-513aa88fb935,Gauri Mital,FEMALE,Volunteer,19
4a366a52-ee18-44e5-b04f-9dabbf75206b,Damini Banerjee,MALE,Fireman,19
d6e6cd06-dc41-4175-b972-435352610983,Kabir Buch,MALE,Volunteer,19
731b7799-6cf9-406e-9641-9c237dd45343,Jatin Som,FEMALE,Fireman,19
47e08039-1bca-47e2-8fd8-865d0e00dadb,Aradhana Deshmukh,MALE,Doctor,19
ecb7007c-f78f-432f-bf7f-df6947691323,Chandani Dhar,FEMALE,Doctor,19
ff1ee06c-4e7d-4090-a779-2ab98b7c3059,Faraj Kala,MALE,Doctor,19
c7d0355b-fe0b-4348-94b0-90c7f919730e,Vansha Raman,MALE,Officer,19
0ff511bb-5de0-4ff3-9cff-4fd65e6e984a,Advika Narasimhan,FEMALE,Officer,19
42f25065-3414-41aa-9c50-a1b424bb3232,Ekta Rajan,MALE,Volunteer,19
310c2316-45ab-4b6a-b951-90991db7f3ec,Rajeshri Ben,MALE,Volunteer,19
7276d091-1d32-4abd-8868-1723af735a1a,Gagan Sathe,FEMALE,Fireman,19
0ae8cc4e-9aaf-4b6a-8edb-806994ce64a3,Anya Mane,MALE,Fireman,19
fe152e8b-bfff-4346-83bc-07a2e915b0ad,Harini Mohan,FEMALE,Doctor,19
5a0b5b96-f208-44af-88ee-31890dae90c4,Ronith Desai,FEMALE,Volunteer,19
6b67ec12-d9af-44a2-9eb0-fe17c333bae5,Nachiket Jaggi,MALE,Doctor,19
d934e727-66dc-400e-92d0-5dcc4655ea2c,Jason Deshmukh,FEMALE,Doctor,19
7aeca491-3669-40ca-a590-803fee004c54,Charita Subramaniam,MALE,Volunteer,19
7c13fe11-9929-49e6-8a6d-c671730ded1f,Yashvi Dugar,FEMALE,Fireman,19
3951fb3b-e7e1-495b-af67-a00b8b7c0d48,Deepa Kapoor,FEMALE,Doctor,19
3ded4bce-c679-4e89-a8e4-6bafd2353d00,Thomas Bajwa,MALE,First Responder,19
128dd138-5e27-4704-80af-2e46d3554a8e,Yuvraj Kapadia,FEMALE,Officer,19
4922a4d9-1357-48a3-9c9c-dbaa39d08360,Mitesh Patla,FEMALE,Volunteer,19
58a2d632-2743-4fc2-9921-6fe932f7f7cf,Oni Maharaj,FEMALE,First Responder,19
2a8d9d5d-7659-45c5-b463-e73142f277d8,Odika Krishnan,MALE,Volunteer,19
7ddea4f2-22fb-4456-bbd3-3e96942798a4,Alka Babu,FEMALE,First Responder,19
333a7dac-df62-4274-8af4-4e0d5cd2bd89,Aradhana Kohli,MALE,Fireman,19
cde2f418-19e1-4dc5-b903-d4b609c61c4d,Adya Bedi,MALE,Fireman,19
11ba3e38-2145-47a6-9c26-e908cfe98d08,Zaid Bakshi,FEMALE,Volunteer,19
be295650-fb14-4bb8-9d89-1d0f6297c30f,Neelima Chahal,FEMALE,Fireman,19
0a4c7103-a742-47db-8101-4687b587a3c5,Ridhi Dube,FEMALE,Fireman,19
657e9dcd-d4d3-4d7f-817b-98259a53f3a2,Devika Keer,FEMALE,First Responder,19
b3145560-aec5-4ca5-bb08-2a43847714f0,Zansi Sibal,MALE,Doctor,19
1e0b1c41-1f8d-48c6-9c97-12f86f4ba0e9,Manya Khosla,FEMALE,Volunteer,19
2d0439b6-9e4c-4fca-8aa9-5a11f1f8f335,Nathaniel Seshadri,FEMALE,Doctor,19
1927ff92-e185-4f32-bae7-24dfc07f1bbe,Oscar Palan,MALE,Volunteer,19
56eda026-ea27-46f0-a526-ee60f7385af8,Henry Gola,FEMALE,Doctor,19
e5c02f05-e79d-4462-b703-99f68e601b52,Kashvi Kaur,MALE,Volunteer,19
f637f5ba-2fd9-48b5-b423-399fa96c25e5,Aarav Loke,FEMALE,Volunteer,19
57c8d626-a583-419f-8137-c05b943b387c,Zaitra Mitra,FEMALE,Volunteer,19
099ae60b-0775-4553-9cb7-996c1faab5fe,Tripti Dara,FEMALE,Officer,19
77515157-d68e-4861-a7c2-1a3f481d071c,Anmol Gopal,MALE,Officer,19
56d21332-3cbc-461e-9a00-12b7909e67e2,Sathvik Bose,FEMALE,Doctor,19
4daae6b3-f13d-4ee6-8dcb-341082580a4a,Darika Samra,MALE,First Responder,19
549d3c1b-ccd3-4c92-b60a-5d2a6aeaaf56,George Barman,MALE,Volunteer,19
9f91c214-c188-4d95-b2f9-d854bedc038e,Sara Viswanathan,MALE,Fireman,19
a4c0d521-ca32-47c1-9c30-eeb6cfb8ced1,Megha Gala,FEMALE,First Responder,19
a00ecd65-c0e2-4825-9050-9bda6defb52d,Darika Chahal,MALE,Doctor,19
324e39da-f9eb-40ac-9eea-54d06b95a3be,Saanvi Lalla,MALE,First Responder,19
9083fdff-6c14-461f-934f-9b2c3c3c1cb3,Bahadurjit Ramesh,FEMALE,First Responder,19
e15ccf65-7be2-4af0-85a1-2e5ffe269a2f,Abeer Chauhan,FEMALE,Officer,19
844e07c9-a352-4d46-99ba-edac74eaf01d,Yutika Mangat,MALE,Volunteer,19
76b60a2f-d38a-430c-87cd-a91596994b85,Nitara Chatterjee,MALE,Fireman,19
4daf9d67-96e0-4863-9ba9-214ea4ad808e,Urmi Narayanan,MALE,Volunteer,19
abbfdbd6-55da-4445-ae6f-b51c86d541d5,Imaran Mangal,FEMALE,Officer,19
7c02c966-feca-4f15-ae01-25d8d8ec55b4,Balveer Deo,MALE,Fireman,19
ba8870db-f310-4b6c-8b88-078ce4879b7a,Xalak Sampath,FEMALE,Officer,19
57472633-87c7-4a0a-b2be-4ac5614f8906,Faras Apte,FEMALE,First Responder,19
f7211f22-aa8e-41ad-be4b-03e73f669c8d,Sneha Mane,MALE,Fireman,19
25005f0f-df7c-48ca-bbf0-c6245cd2cc87,Devika Kant,FEMALE,Officer,19
9285d79a-0410-473a-b618-b92a642fe6d4,Ladli Din,FEMALE,Doctor,19
4578794e-1cb3-4cf7-b22e-a31177a8a74e,Jagrati Khosla,FEMALE,Doctor,19
9a7cfb92-4edb-4208-a060-eaf798f85124,Vansha Sanghvi,MALE,Doctor,19
18bee6fb-041b-4747-8124-a8b86cf82daa,Aachal Narang,MALE,Officer,8
7f35ea87-afc9-4b13-af8b-cb17260ee437,Suhani Som,MALE,Fireman,8
f05a81e0-3347-4d9b-abd1-93edf1eebd9f,Ekavir Hayre,FEMALE,Doctor,8
49956bfe-d2a7-4974-aa5d-d7d1ec036f28,Yashodhara Bhatti,FEMALE,Volunteer,8
eef3e5cc-3198-410d-9865-8cafa063a67b,Tara Palan,FEMALE,Volunteer,8
53203e6c-e434-4cc6-b484-d5226d2ec871,Aditya Thaker,FEMALE,Doctor,8
fa35bd8b-cf4e-4662-8aa8-80093ab5875b,Anthony Sule,MALE,Officer,8
e8ea4ed2-cb5f-467f-bc0d-be74737c25f7,Hitesh Parsa,MALE,Officer,8
5dd368c2-da4a-443b-93ae-fc7e8c7e1f98,Omkaar Gopal,MALE,Volunteer,8
8ee378e2-24b6-40b2-8ca8-b6acae480d4f,Vedhika Shankar,FEMALE,Fireman,8
b563c0b1-2b82-4686-9840-e0f1e66d9787,Kalpit Saini,FEMALE,Officer,8
f633de89-3b2d-4ca7-a3b2-b502415462f1,Pavani Bains,FEMALE,Fireman,8
c745bcb0-68c6-4f6e-bb86-a317e3006397,Jackson Vohra,MALE,Volunteer,8
1c959e0e-e044-4886-986c-3bfc1aa83a2d,Yash Ramesh,MALE,Fireman,8
b1b7011f-a6a0-455a-ad95-c0479486973d,Hiral Gokhale,MALE,Officer,8
0ded2f16-ec39-4b65-9b5b-c47dfa04ba89,Upasna Hans,FEMALE,Fireman,8
35197c28-8893-4b91-8538-748e42fe536a,Oliver Samra,FEMALE,Fireman,8
d276cbc3-93e1-4bd8-86be-103c4697539a,Chameli Nazareth,MALE,First Responder,8
4573776d-25b7-4a8d-8af9-7fecb4c58750,Qadim Naidu,MALE,Volunteer,8
31d534c9-9f86-4c0b-af2b-4423c79fbba6,Finn Ghose,MALE,Officer,8
9e89d4ea-8af7-4cb1-8a78-67df776b3216,Faraj Savant,MALE,Doctor,8
774430c7-88c6-41b4-a00b-bbde69f809da,Charita Doshi,FEMALE,Officer,8
69bdfcde-c054-412d-a03d-c70f195d6615,Anvi Ram,FEMALE,Doctor,8
28669f42-f898-4337-bd42-3a703dafba7e,Baljiwan Dada,FEMALE,First Responder,8
68235186-479c-4070-a56d-a99a5f48d875,Bhavani Bajwa,FEMALE,Doctor,8
ebb11ba7-6b2e-4306-b17d-d38179b655dd,Sneha Thaman,MALE,First Responder,8
f6a4667b-497b-4779-8127-150a01434b9d,Isaiah Dhar,FEMALE,Volunteer,8
ab42474b-5ffa-43d8-bf09-d4cc8a7430c8,Maanas Ravi,FEMALE,Doctor,8
265e9b2f-d0c7-4eb8-817b-44f75819555d,Lipika Bedi,FEMALE,Doctor,8
77a91ff0-b768-46c9-8c7b-80ad30713fed,Chakrika Kohli,FEMALE,Officer,8
f0cd0bc0-eb1d-4e31-9718-7d879801516e,Advik Sandal,MALE,Officer,8
1c716b15-bdf2-488e-b0a9-ea0e0f8929d1,Damyanti Atwal,MALE,Fireman,8
b0a5ab6d-d90c-4dfd-bda7-5fadb8bb5d61,Siya Pai,MALE,Volunteer,8
7959ca80-b4dd-4159-b5d7-d28a388bcd61,Jackson Malhotra,MALE,Officer,21
367cfb34-ca80-44d0-a599-2cb10a07def2,Aarav Tandon,MALE,Volunteer,21
7e5ab1c3-be41-4f60-a6db-51a778161436,Abeer Mane,MALE,Fireman,21
3b77d8cd-f1be-4b90-b779-ebd04f6c4149,Vaishnavi Ahluwalia,MALE,First Responder,21
dfd005d3-a175-422c-86e3-55b6853a07e8,Yashoda Banerjee,MALE,Volunteer,21
6a11a863-bed2-40b9-bfeb-85670f7ef502,Shravya Wason,FEMALE,Fireman,21
2819b62a-30f8-4503-9b0b-0364124b9557,Tanish Dua,MALE,Volunteer,21
ba47f17e-2708-4c88-b6ff-172765f40bab,Baljiwan Chanda,FEMALE,Officer,21
36aee5c7-b615-47d9-be32-0498bcae63e0,Hitesh Varty,FEMALE,Officer,21
5a801fa7-7cba-42d5-bbba-f9ba3dcab859,Widisha Saini,FEMALE,Volunteer,21
13026a6e-ec28-4b3b-a417-39fe56147b36,Advika Bajwa,FEMALE,Doctor,21
3428b6a4-4f8b-46ee-baab-5bcd58f6b755,Oscar Talwar,MALE,Volunteer,21
0a1136f5-2ac4-4d00-b016-a6c162b41c50,Harita Mahal,FEMALE,Officer,21
927f0407-ad96-4198-b600-579fa0514abc,Kamala Wason,FEMALE,Officer,21
ca7ebd09-6cb7-4702-bcaa-11c969626322,Daniel Kanda,FEMALE,Officer,21
c5a0256f-4f89-44d9-ac90-c3efe4c1d2df,Ekaja Ahluwalia,FEMALE,Fireman,21
8a0235f4-ccc1-4eef-8214-4ed0c5e92b95,Balendra Manda,FEMALE,Officer,21
f8304623-7362-4672-b9d3-ac028d1352a6,Gavin Ramanathan,FEMALE,Fireman,21
d3c0332e-7f11-40f8-bf3c-336bf9c70c0d,Ekaraj Chand,MALE,First Responder,21
b3c55f8e-0bd5-4759-905d-54cf116f4d46,Ronith Dora,MALE,Volunteer,21
47fefec6-ea72-446d-bc48-b5ae7562f968,Shaurya Krishnan,MALE,Fireman,21
116860b4-c1b6-4fd5-9577-b65b3a85ea96,Amara Kata,FEMALE,Fireman,21
1da71ed8-cd41-4010-9479-651c8e10002c,Chanchal Wason,MALE,Doctor,21
e7237684-661c-4699-8635-28afc7b830fc,Sathvik Swaminathan,MALE,Volunteer,21
679e6758-d8d3-4732-ae2e-9954bf0f9380,Qasim Sabharwal,MALE,Volunteer,21
a9521313-24c4-4a39-86ba-5d2d9294cc5d,Michael Deol,FEMALE,Officer,21
9370d2c1-f973-486c-9919-ae5938ae335b,Chavvi Dixit,FEMALE,Doctor,21
9913ab35-1547-46d3-a886-1d8d5e4411d8,Gayathri Agrawal,MALE,Doctor,21
35054a72-3ab8-44d6-92ff-f9b96e0bf444,Dipta Kota,FEMALE,Volunteer,21
d635d63d-0f6c-4c01-a9fc-f55b05d57330,Nirja Gill,FEMALE,Fireman,21
f128ee8a-db8a-4470-8063-42abef2c9479,Pooja Chokshi,MALE,Fireman,21
564751b7-cb64-4636-8f47-fa15ba9db67c,Charita Bahri,MALE,Fireman,21
6d25fc57-dd55-4f14-b855-a75ed1d0eb5c,Hemani Uppal,MALE,Volunteer,21
5e48c437-1cf1-4196-a775-5bd32ae3bbf2,Ojasvi Baria,MALE,Officer,21
87a8bca8-b738-4d9f-b7c7-e1ff77549b7c,Yoshita Bhavsar,MALE,Fireman,21
08543843-a001-4f7c-812e-700e6c96573a,Arjun Chanda,MALE,Fireman,21
6c6e1291-1bdc-4b2b-a513-2f067d5cb3c9,Zaid Kota,MALE,Volunteer,21
e617fd71-6257-4e7f-822a-8ff8079e4649,Vamakshi Kumar,FEMALE,Volunteer,21
171d5f6a-91a0-4ac1-9309-67561b9d6ac1,Aarini Bajaj,MALE,Officer,21
6dba70f7-907f-4b9b-967d-175d4d4aae9d,Oni Sami,MALE,Fireman,21
96a66f60-154a-4c57-b673-b05ac3ade49a,Samaksh Barman,MALE,Volunteer,21
0c59960f-5b2d-458f-9725-ea4f3c180c89,Netra Mani,FEMALE,Fireman,21
103f8b45-50d9-4f0b-9366-6f13eb6c2d1c,Viraj Dora,FEMALE,Doctor,21
09fbb82f-e6b4-4ea6-8ce3-562ea55bc97b,Harrison Chakraborty,FEMALE,First Responder,21
6e2932bc-20e7-41a1-9068-1527241497e0,Omya Gade,MALE,Volunteer,21
631bd1d7-8307-4381-8c89-db100f664221,Dev Majumdar,FEMALE,First Responder,21
f3ea0745-5f20-4efb-94f7-950776bc0784,Zaitra Muni,MALE,Doctor,21
14d3a1bc-d27b-4c0f-a811-567cd7b5e11d,Zayyan Vasa,FEMALE,First Responder,21
6010bf8d-4772-4d93-ab41-520b53c656cd,Jai Amble,FEMALE,First Responder,21
643e98d1-e36f-48c8-8a93-d7eb343faef3,Chatresh Panchal,FEMALE,Officer,21
5be05d51-9688-47aa-84ac-b9445004c7dc,Gayathri Rajagopalan,FEMALE,First Responder,21
316311cc-98a0-4590-adb4-a79a909eeebe,Aditya Sem,MALE,Officer,21
c81de886-af01-46be-a960-93e1cea8907b,Darpan Kala,FEMALE,Volunteer,21
f4feb846-0df2-435f-b271-1e3bfd4ef032,Vedika Hegde,FEMALE,Officer,21
7eddb47f-a989-49e0-bd1d-0b90b7bba84f,Warda Sahni,MALE,Doctor,21
cb88cba7-59a0-442e-b90d-1ac3f9c11bb0,Gayathri Sachar,FEMALE,Fireman,21
fd2ade08-04de-4217-8754-52e909d10887,Ayaan Andra,FEMALE,First Responder,21
1e902cd2-f06f-4a1a-918c-1d11b88f1d36,Naveen Borde,MALE,Fireman,21
d4344e66-e094-4fc4-8fc6-0d779c48af59,Utkarsh Pall,FEMALE,Doctor,21
8f210303-b8ca-4da4-bc55-081001a422a0,Zaitra Mammen,MALE,Volunteer,21
c9930a5d-a755-411e-9085-f18f2080e560,Udant Basak,FEMALE,First Responder,21
8502ee8b-370d-429b-ac86-b939849bbe4e,Naksh Desai,FEMALE,First Responder,21
2471ea24-911d-42ac-877e-cb0478af34a9,Sudiksha Virk,MALE,Fireman,21
7aae0b06-048b-451c-8354-15045648458a,Chakrika Bhatti,MALE,Doctor,21
052f02c4-e284-4021-b9b7-b0c35493365e,Ishaan Raja,FEMALE,Doctor,21
ed409d01-917f-4555-a710-5a780292b7a8,Unnati Nori,MALE,Doctor,21
fa550a79-2afb-4de8-863e-8ba6d51bef30,Faraj Mital,FEMALE,Volunteer,21
b8258e10-c665-408d-a2b0-a98151c52260,Ridhi Sane,MALE,Fireman,21
cf53b80a-b5b3-4cb3-8c89-3f6bc7072e5e,Yauvani Upadhyay,MALE,Doctor,21
c1dc9992-6997-4314-a316-dedbd8cfb205,Anvi Anand,FEMALE,Fireman,21
a35da3cb-ee18-4d18-b5f3-873ca7e8a009,Hritik Gulati,FEMALE,Fireman,21
f963ea92-e2b5-42ce-8e24-f05e05d97061,Jhalak Hayre,MALE,Volunteer,21
49ca0dc4-63f8-40ce-92aa-91c691529c38,Lucky Dhingra,FEMALE,Fireman,21
1691d71b-a6ec-4fec-bbdb-ea53f5383bfd,Pushti Kamdar,MALE,Officer,21
fd0367b5-e8d6-463a-8f8f-faa96f9dedbd,Keya Bahl,MALE,First Responder,21
b9364166-bbfa-4bd2-bf32-04b6e23cfce9,Amara Hans,FEMALE,Fireman,21
168dc4f6-caf9-4715-b591-0e721d375934,Charles Mitra,FEMALE,Doctor,21
942958d1-cab0-4c6e-9276-557c0ac2f266,Siddharth Chaudhary,MALE,Fireman,21
37198ee8-10da-42d2-89f2-541e1ad779e1,Gayathri Joshi,MALE,Officer,21
695401af-39d7-487a-9dc3-0c339222904f,Faqid Gour,MALE,First Responder,21
b7c4a76f-362a-410a-bbc6-919ffa364c60,Tamanna Madan,MALE,Doctor,21
35aafd86-f723-4c3d-89b8-883267d135a0,Meghana Sandhu,FEMALE,Volunteer,21
6b6c1bcb-6d0d-480c-9e98-f7bfa4f9249e,Jagvi Chander,MALE,Volunteer,21
b1918e3e-ffbe-4449-9294-45873b4304c6,Ranveer Murthy,FEMALE,Volunteer,21
b07f2f90-b788-4458-a7c7-84f7eaa4d878,Gunbir Thaker,MALE,Officer,21
3935a2b0-010a-4c39-aef2-7b56a1ba53ec,Dayamai Yadav,FEMALE,First Responder,21
2a415094-ce53-4974-9a60-40979764a21a,Noah Batra,FEMALE,First Responder,21
d0f0c192-66da-4eac-8857-44a26719392d,Jatin Rao,FEMALE,Volunteer,21
5766b145-d536-4d73-a661-85c34a743116,Joshua Bhavsar,MALE,Doctor,21
20b612b6-de6e-42ea-8f43-5299d2cccda9,Amaira Deol,FEMALE,First Responder,21
9bf282b8-8884-4cde-8ea2-ef7a63b48d10,Praneel Deep,FEMALE,Fireman,21
a83e9696-5b3a-49c6-80a4-f3c1f7669e1b,Sara Lal,MALE,Fireman,21
b7c24917-46f6-4a7e-892f-2337bafff2fa,Indrajit Sharma,FEMALE,Officer,21
bf49f8b0-ebd2-458b-a12d-2bb60b93fdb8,Frederick Dave,FEMALE,Fireman,21
9562bacb-c1c4-4176-8884-d5f5ae51c412,Madhav Merchant,MALE,Officer,21
cdf3e3cf-801a-45c8-9521-9cafcc9c7dbc,Nathaniel Bhalla,MALE,Officer,21
0be04336-2959-471a-a0ba-edec0d9b9a89,Priya Sabharwal,FEMALE,Fireman,21
0b7e03a0-ca3c-4b1e-bde9-52f22d9fcb69,Bhavani Raja,MALE,Fireman,21
d79951af-dbb7-48e5-a41d-f5c0582bc5f7,Maanav Iyer,MALE,Fireman,21
33a5b9cd-4010-40e7-a3f5-08429064e4bb,Sarthak Parmar,FEMALE,Volunteer,21
cdeaf0a6-6c81-4295-a66a-4ca0f184576c,Charita Virk,FEMALE,First Responder,21
be4110ed-1546-4477-8954-806b139738cc,Harrison Tailor,FEMALE,Fireman,21
8557b2d7-1204-4869-be41-ab47b8e970c5,Kashvi Puri,MALE,Volunteer,21
ed64dcf0-6d32-4622-9d3b-7bfccdb8ff44,Ganga Narula,MALE,Officer,21
37cc013a-7059-48c8-80e4-0c01ad542711,Leena Kapadia,FEMALE,First Responder,21
e08765cc-dc1e-4a65-b90a-1393a8bbba0e,Onveer Sehgal,FEMALE,Doctor,21
be2138a8-554b-4dbb-bce1-402af30e338f,Meghana Virk,MALE,Officer,21
cf692235-c1e7-4be4-9e3b-6d92f75f4a7c,Kabir Dalal,MALE,First Responder,21
51ae2de9-d3d4-4d62-8451-9436f584b1bb,Netra Dasgupta,FEMALE,Officer,21
24038126-b099-4d0c-9b0b-6657a8542f31,Dayamai Mishra,FEMALE,Officer,21
1e787b7c-5203-46c9-bff9-a81c95769db6,Yashvi Dara,FEMALE,Officer,21
9a2ed833-f5d1-47cc-8d93-3bdc19bcf6ed,Yashoda Chandra,FEMALE,Doctor,21
9e8c57b4-4af8-4edd-9e15-3b115a0432da,Gavin Dixit,MALE,Fireman,21
ee61821c-d494-488f-b1b2-29f5f264e15a,Gautami Balasubramanian,FEMALE,Doctor,21
6f44dafb-d467-4fa1-a6b1-d1ab30ea4659,Indali Bose,MALE,Fireman,21
3a1ca4a0-8ed2-4712-9bcf-ecca07ee9c60,Netra Mody,FEMALE,Fireman,21
bb06a06e-6ce8-4df7-8f47-abdb50476059,Wazir Chandran,MALE,Volunteer,21
36673481-ed6a-47e1-b173-6a31aa7ba344,Ishwar Nath,MALE,Officer,21
00e24f34-ef11-4682-8ffa-0fc3ade0e95e,Parth Keer,MALE,Officer,21
e14a28b5-81e5-480c-8d00-60cc5c2ca12b,Jacob Batta,FEMALE,Volunteer,25
1bf18de0-7d70-4ed0-a275-63552bcea5c4,Niharika Sethi,MALE,Fireman,25
9ca7b2af-e146-4e5f-a841-ba5e842a2394,Samaksh Dass,FEMALE,Volunteer,25
55857c70-c715-4c62-bdb4-e03a0ef559fb,Kai Das,MALE,Volunteer,25
d9bc905f-7292-43b0-9daf-a0bbd143216c,Jasmit Nagar,FEMALE,Volunteer,25
95ac5ea9-1590-458c-aa2b-2fec570190ea,Meera Roy,FEMALE,Volunteer,25
5d16efd4-b43d-405a-9ddc-5d60dc81bb5e,Rushil Chopra,FEMALE,Fireman,25
9dd3da79-914d-4afb-9a7c-77d7a500042b,Tanveer Ramachandran,MALE,Volunteer,25
3ecf48c2-e7c9-4dd2-9843-38703c726d39,Yagnesh Sandhu,FEMALE,First Responder,25
d0af4d00-8525-46e5-84cf-50f9a6ae72cc,Simon Maharaj,MALE,Doctor,25
87104e9c-3a9e-4a63-92a3-635fd1931b42,Logan Subramaniam,FEMALE,First Responder,25
1f98f6ba-f0cb-442d-9863-c5bf0be4275e,Manthan Arya,FEMALE,Doctor,25
12b42726-2202-4cf3-9f8d-6b9c5fb04bf8,Irya Bahri,MALE,Fireman,25
e4a83126-0d7d-46b4-9070-8f0f20e43f15,Darpan Bajwa,FEMALE,Doctor,25
33cc57c9-527f-4df4-9d60-c43e56f5a071,Chavvi Kalita,FEMALE,Doctor,25
6deca4cd-3dd4-44bd-8eb7-71227208b0b2,Ubika Agrawal,FEMALE,Doctor,25
99f9d1eb-ac44-4306-a67d-3aaef8918649,Falak Sidhu,FEMALE,Officer,25
2bea89ac-5ad5-4a28-b89e-79e5d4cb3b0f,Bhavani Sundaram,MALE,First Responder,25
673cc8df-36b5-47aa-b286-45730d36d487,Yahvi Bala,FEMALE,Officer,25
91fe3eb9-1163-488f-a9c6-d4d31bb4de78,Triya Mane,MALE,First Responder,25
6f5af2b7-0aef-4dd7-8b76-eb90f45dba49,Veda Dave,MALE,First Responder,25
04c61038-03ad-4a67-b719-2ee35f1fdd19,Udarsh Bir,FEMALE,Doctor,25
b8327606-a3e6-485c-959e-60fc0e44b54d,Kiaan Hora,FEMALE,Fireman,25
11a09160-1a94-4030-bda7-9c52ee2a994d,Sneha Deshpande,FEMALE,Fireman,19
6e534d0b-e9a6-4b10-b333-89581b2988ab,Robert Banerjee,MALE,Volunteer,19
93b32b46-f2ca-4658-b5bb-544d4b7e78c6,Vivaan Boase,MALE,First Responder,19
d9dbeff9-1316-478b-adbb-87632306d296,Rishi Sankar,MALE,Volunteer,19
fd3b8128-4ced-4196-b393-bad67590c0c4,Mekhala Dass,MALE,Doctor,19
07b12b07-bd7e-4a47-b2e0-6d8233f852b4,Ubika Tara,MALE,Fireman,19
06944943-e05b-45d3-81b7-9a6481ea673d,Advik Desai,MALE,Officer,19
a42552b3-bbc9-4e8a-a9ea-09a764ba16a4,Vedika Hegde,FEMALE,Doctor,19
128397b5-b8fe-40d6-a1e9-859ab80b09e4,Krishna Suri,FEMALE,Fireman,19
24beed69-f461-40c3-ae45-5a6607951fa7,Inaya Verma,FEMALE,Doctor,19
2ce73d3e-e9ac-464b-a20d-03fc288bea26,Yashodhara Grewal,MALE,Officer,19
b10d88ad-0eea-438a-8efa-816f608910fd,Kai Oommen,MALE,Fireman,19
4a1781d8-a616-4d96-bb1f-4b235f02c1d3,Pooja Thakur,FEMALE,Officer,19
ecc95de9-868a-4f26-b9bc-1a0d7cbc03cb,Hritik Keer,MALE,Doctor,19
ec621585-f5e9-43a8-bb21-0811f0ae4e7d,Ekansh Ahuja,MALE,First Responder,19
149dc07d-3a0b-4ae4-ae9a-65f97556b7ee,Harita Chatterjee,MALE,Officer,19
bfdd2a95-f273-4f9a-bf74-9ef91c99c8a7,Lopa Dave,MALE,Doctor,19
d1a9c3dd-d6f4-4224-b4d7-febe014bc004,Vedika Agarwal,FEMALE,First Responder,19
cdebe882-6b77-4aa4-b03e-4fdd8f16a049,Vyanjana Sunder,FEMALE,Volunteer,19
e12ee3a3-5ea0-498c-882d-b289258b8f1d,Bhavna Garg,MALE,Doctor,19
5be99cdc-1b4a-4fb7-bb4d-7de65d128b3e,Dhriti Chokshi,MALE,First Responder,19
59fe0a80-acff-4317-bcbf-5d5771218e1c,Michael Babu,MALE,Doctor,19
0ea6ddc5-d805-4859-97e3-f9c4e40cf9ea,Anthony Reddy,MALE,Fireman,19
48354865-093c-426d-8f51-baf920e29e8d,Mekhala Palla,MALE,Volunteer,19
0eb65640-d0fd-425c-b003-9a8770c59936,Liam Halder,MALE,Fireman,19
1e763961-baab-462a-9d31-23af8b5e2fbd,Lipika Randhawa,FEMALE,First Responder,19
b82013bd-0cba-4396-82a4-f328fc9b03e3,Qasim Majumdar,MALE,Doctor,19
c2888e2b-6390-423d-84fc-7487026b8ffb,Udarsh Suri,FEMALE,Officer,19
f21cda74-e294-4254-949b-2cebc73a22a2,Aashi Chander,FEMALE,Fireman,19
2a4a2682-f54e-44ea-8c50-f5db0ed1cdb4,Yashica Chaudhry,MALE,Fireman,19
89a07736-6a60-455a-8945-98eaf6c4b0c7,Yug Raman,MALE,Doctor,19
4aff20b9-a448-46b9-b83d-ae81a065b7f1,Wazir Borde,FEMALE,Officer,19
eee9a620-fffe-4f2a-9c3a-17a5e7a54743,David Nath,MALE,First Responder,19
e813691a-26b2-46fc-af23-858ba3e5094f,Neel Bajaj,FEMALE,Fireman,19
6189a9a7-7d4d-4f10-83f6-66d3addd4c89,Frederick Kalla,MALE,First Responder,19
c1db478b-c4d3-4cc8-9059-9904a1b93fc2,Jeremiah Reddy,FEMALE,First Responder,19
e6bd6e10-b38a-427e-a91d-ab0c62029c41,Thomas Dasgupta,FEMALE,Doctor,19
15ea6e85-4ad6-4e4c-97e9-940e4c76811c,Tanish Sathe,FEMALE,Fireman,19
97cba873-d9f6-4253-a211-7e632b2aee65,Urvi Trivedi,FEMALE,First Responder,19
6958549f-56ce-4308-ab84-3daea5a2429d,Laksh Ghosh,MALE,First Responder,19
813b97d6-21bb-4b56-be9b-e5474c57f93a,Tanveer Ranganathan,MALE,Volunteer,19
110888ff-7c78-4bbc-8c4f-75dccc24e096,Nakul Dash,MALE,Doctor,19
1138760d-a6b4-4281-906a-54ad255b1fb6,Ekta Acharya,FEMALE,Fireman,19
c5abee93-278c-421b-b264-41856004e086,Shivansh Mand,MALE,First Responder,19
cc624dfd-16bf-4dee-bf93-06395b71965b,Bakhshi Kaul,FEMALE,Officer,19
7501f41d-64e2-45df-b255-e83d3f05e143,Xalak Raman,FEMALE,First Responder,19
f3979081-c450-4e93-8fd8-6818dfc41a13,Damyanti Tripathi,MALE,Fireman,19
50861a3b-227f-434f-b586-d8da78395cdc,Krisha Rattan,FEMALE,First Responder,19
45053c7e-ee7f-42c2-b3c3-1b38f68f7bc7,Frado Varghese,MALE,Doctor,19
3c738f9c-d5c5-4dd0-96ef-f2ca3469d934,Saanvi Sandal,MALE,Doctor,19
f404193b-e9ef-43f2-bbf9-1c02c481e4c1,Yashvi Borde,FEMALE,Fireman,19
881305fb-8e5e-4dbd-a16d-88cbb3218bca,Anita Kamdar,FEMALE,Fireman,19
e59d0837-fd16-4f92-9543-5b265004beea,Aarav Deshpande,FEMALE,Officer,19
94aff3df-25ae-4e80-80cb-9785d8214509,Oeshi Sule,MALE,Volunteer,19
bdb84e3e-901c-4ab8-b9bb-af84c59fcb31,Jeevika Bajaj,FEMALE,Doctor,19
e7746bc2-7e9d-4488-9e9f-71406f1c1889,Yasti Kala,FEMALE,Doctor,19
236ebd57-ce23-497d-a89e-035d1a612927,Agastya Borde,FEMALE,Fireman,19
c6f5ca8c-5249-47cf-a8f2-9a2ac567a149,Wakeeta Bose,FEMALE,Doctor,19
956db8b1-545c-47bd-b716-7ce2f70aa02e,Meera Kulkarni,MALE,First Responder,19
8237a48d-e033-45b4-8769-9e594a50e584,Maanas Sama,MALE,First Responder,19
a949b6b0-ed56-44db-827a-e2d897a039c3,Kamala Kamdar,FEMALE,First Responder,19
1798463a-18eb-4d97-8c47-f8a66800ec8d,Azad Basak,MALE,Volunteer,19
54f4af8d-18c9-4b71-b16a-5aa4d034baf5,Keya Pant,FEMALE,First Responder,19
d3910dea-487c-41aa-8396-088a7106d08c,Zehaan Sarma,MALE,First Responder,19
9832673c-648a-48e0-bf6c-3984a42a7d72,Lucky Ghosh,MALE,Officer,19
7c897b69-5ec5-4899-b6c7-6a6e8d395836,Chavvi Prakash,FEMALE,Doctor,19
6383ca0a-9bb9-4701-aeca-eb6b8c03bb9a,Libni Cheema,MALE,Volunteer,19
d8d97375-767f-40a7-a01a-17444af0b6a9,Lohit Sethi,MALE,Fireman,19
883b4ed3-14d3-4422-a2dc-a4364d39dec8,Chatresh Srinivas,MALE,Officer,19
420da16c-6e19-415c-9840-d991080ccdc1,Gavin Padmanabhan,FEMALE,Officer,19
52468402-2cb9-4cc4-964e-e19dae83c6a3,Wahab Prabhu,FEMALE,First Responder,19
bb2880fb-6b53-4833-8fa4-4a034047d387,Ekiya Parmar,MALE,Officer,19
4fe2eeba-fc14-4c13-bddb-e66e322f7654,Tanay Borah,FEMALE,Doctor,19
a0b3b4cb-b4dc-413b-b5d5-f489f78cc2ca,Vyanjana Ratti,MALE,Officer,19
4df9d6ae-55ea-48f7-b924-b0742948b5dc,Arunima Konda,MALE,First Responder,19
e6f2a679-6d1c-4ac7-ac9d-e61b12dbeeca,Banjeet Boase,MALE,Fireman,19
8a37ca7a-0312-4df7-ad7b-6081523755c7,Veda Raghavan,MALE,Volunteer,19
c8ac6899-ebfc-4e6f-ba27-1975b7bfad3e,Indrajit Deshmukh,FEMALE,Officer,19
a7eeccda-d58b-40bb-98fd-d339146cf5b1,Nitara Jha,FEMALE,Volunteer,19
0b21a2c9-598a-44b5-a432-d1e73fa80aa9,Rehaan Ram,MALE,Doctor,19
5f799f11-623d-49e8-8936-7b17b74d9a94,Eiravati Subramanian,FEMALE,First Responder,19
d6d6f372-6c32-4d87-9f85-c4db3763ab51,Tamanna Kala,FEMALE,Doctor,19
751ac172-d289-4726-adc7-840abeaa7d8b,Daniel Prabhu,FEMALE,First Responder,19
def350f1-c78f-4528-9dd1-c6ebb44cdfd3,Yutika Rattan,MALE,Doctor,19
0bc48c0c-7cc1-4a76-ac4e-3ee5719e67ed,Chaman Kumar,FEMALE,Doctor,19
6c3efc06-8649-416f-8af1-4588dfd21316,Prisha Yohannan,FEMALE,Officer,19
80d705b4-fd80-4adf-91ab-3d6568eb0798,Gunbir Sengupta,MALE,First Responder,19
f978dc0b-702a-4f2e-89b2-b084fe27ecdd,Jai Iyengar,MALE,Fireman,19
5e297ef5-f4a1-412b-9545-5bfe6fd20c1b,Balhaar Bhandari,FEMALE,Officer,19
3cf87910-ea7e-4abf-b283-41f0e5a4f74c,Prisha Dixit,MALE,Volunteer,19
f402410a-9591-4aec-8207-771b9f8bbc1c,Jyoti Oak,FEMALE,Volunteer,19
f939621f-849c-4a84-9068-9f44c4cb60c7,Nihal Lall,MALE,Doctor,19
9bb955a1-9db3-45d7-86fd-34e56c011c2e,Viraj Dar,MALE,Fireman,19
8c61ef23-1581-40ed-bffb-ae48bcb3682c,Omya Venkatesh,FEMALE,First Responder,19
3075839c-9fb7-4d5b-9939-bd314e8bf600,Chaaya Saha,FEMALE,Volunteer,19
08ef5e25-5b47-4758-82f8-9bd87a73bffc,Utkarsh Bali,MALE,Fireman,19
dcff3504-8dc3-4133-b45f-2c2b20054359,Janya Ahluwalia,MALE,First Responder,19
400f51b1-d310-49ff-b43a-b86bac1a3c5b,Agastya Pingle,MALE,Fireman,19
e504f90e-9be4-431e-b665-2f7cd748c9d3,Chasmum Swaminathan,MALE,Officer,19
ce850dbd-52d4-43b6-9197-7d21b74d4b51,Mohini Gade,FEMALE,Fireman,19
93d96121-8d26-48c0-9919-3c4fb1fd2cf8,Odika Mann,FEMALE,Fireman,19
2cc07d3c-a355-4508-8ec5-40bb9065b8ba,Dipta Zacharia,FEMALE,First Responder,19
ad3c216e-9cf3-4c21-96f6-d176dc8ce367,Ranveer Tandon,MALE,First Responder,19
8f6bbd9e-3efe-4ffd-b13a-2be2a2c54a8a,Amaira Saraf,FEMALE,Fireman,19
3a8c9fd5-3936-4b39-9ee3-26e986e9db56,Matthew Bhavsar,MALE,Volunteer,19
a1e957f7-22cf-453d-8b8f-889867c55d68,Riya Kibe,FEMALE,Volunteer,19
d0a63f34-a7ac-478e-b77e-591c23440b74,Lohit Parmer,FEMALE,First Responder,19
dc0bddac-8aff-4a2e-8db7-3f1d875c1216,Charvi Som,MALE,Fireman,19
2d79630d-5e1b-49e6-90a4-5f0dd982a050,Udyati Bahri,MALE,First Responder,19
dbb15f5e-c719-4955-ab14-b881bf102d23,Advika Suri,MALE,First Responder,19
c8b7a33b-0e66-4b60-af80-1b5b30e62f63,Chatresh Mani,FEMALE,Volunteer,19
bc0d50d0-e793-4f07-868f-0273bc08f231,Ishwar Sant,FEMALE,First Responder,19
1cf6d4b5-a57b-4912-af1a-314fac7eb697,Warinder Dhingra,FEMALE,Fireman,19
8bc2dd13-d28f-4f48-93f6-c847649322de,Ekantika Vohra,FEMALE,Volunteer,19
d232f379-b46e-428c-9a97-139b27c8260c,Kai Bhakta,FEMALE,Fireman,19
8b8c25b6-ee08-422d-b10b-eaeac232d33b,Jonathan Kant,FEMALE,Volunteer,19
3425a9ec-d84a-4fdc-b27a-57b1b15f086c,Unnati Sani,FEMALE,Fireman,19
8525f968-fe65-4d7b-af19-3b1927f60720,Laksh Dhar,FEMALE,First Responder,19
4b528746-b5e7-43aa-854d-424cad78de32,Frederick Chauhan,FEMALE,Volunteer,19
4fd35ecf-0977-47c7-92b5-256761f08e9f,Zayan Wadhwa,FEMALE,Officer,19
bdda0472-df73-4fd9-9834-b2c894206d3d,Udyati Pai,MALE,First Responder,19
4030ff77-0f68-4462-ba06-5b426aee0fca,Tanish Upadhyay,FEMALE,Doctor,19
1dbddcf3-50e9-440d-bea9-ea52b68168e9,Ansh Gour,FEMALE,Doctor,19
c888f1c4-6487-4360-860a-01f342f32813,Jasmit Verma,MALE,Fireman,19
97353f11-edbb-42fd-b232-942780787f21,Yashvi Tata,FEMALE,Fireman,19
55c8a20d-0384-4d38-b44c-4f7bdfb822a7,Sanaya Wali,MALE,Fireman,19
64cdfadd-8118-472c-953d-fa234a589129,Dayita Manne,FEMALE,Doctor,19
64f38df5-4325-493c-8e9e-49bff40706ea,Falan Chaudhary,FEMALE,Officer,19
b1dd1a6b-8500-4a5b-9956-38d5b2ce50bd,Ojas Acharya,MALE,Doctor,19
f9de710c-a2e0-4e99-aac6-50a8c5a31283,Gunbir Virk,MALE,Volunteer,19
385da819-edfb-4538-9dbc-869f63e35a77,Henry Bahri,MALE,Volunteer,19
8377ad24-9817-49ed-825f-bab04d710a27,Ojasvi Borah,FEMALE,Fireman,19
5cfc4b16-e7fc-44c3-af9e-0f52af06b3bb,Ishanvi Pai,FEMALE,Volunteer,19
ee72a452-01fb-4c52-aede-12924ce6b468,Yash Wadhwa,MALE,Volunteer,19
88bfbb84-fec7-418a-af69-6a238d2416f0,Mohammed Shetty,MALE,Volunteer,19
e63c790d-1a26-4fcd-a802-32280553c7a4,Vrinda Banerjee,MALE,First Responder,19
d1a85e31-9c51-46fd-b987-27826654ee56,Yatan Barad,FEMALE,Officer,19
612d6f4e-7582-46e8-a9d7-1674fd580942,Ishani Rao,MALE,First Responder,19
efb91d22-87c1-40c4-8a07-117ce647d227,Oliver Gaba,FEMALE,Doctor,19
9f98cf39-527a-4bb2-a3da-764d93b82999,Anita Handa,MALE,Volunteer,19
a7da232f-4956-4f1f-8ba3-00f3208d426e,Saanvi Mangat,FEMALE,Volunteer,19
fad75fef-01f9-4c83-a188-750a5d8fc057,Azaan Narula,MALE,Doctor,19
b4f7b7e1-ba12-4e95-8f5e-433dc9a16493,Anay Kala,MALE,Volunteer,19
0bee19cb-8f45-428d-b19f-088d2e1c7e99,Hemang Batta,FEMALE,Officer,19
50fe4768-1321-47a1-acc2-dbfd96a2bef7,Gaurangi Pillay,MALE,Fireman,19
43573ec7-ab7c-4d85-8310-71ec7c205b26,Fariq Chaudhari,MALE,First Responder,19
595cd5bd-fd40-4709-b594-3f8f4ea3d7f5,Zinal Madan,MALE,First Responder,19
0a5b7db6-9a3a-443b-a713-fa3d949ef4fd,Osha Anne,MALE,First Responder,19
97840d1f-1a49-46f1-93f0-aee585b7f1e6,Ishani Shah,MALE,Officer,19
3a142a36-df30-4668-a47a-e6bbdf6eeaa9,Daksh Sha,FEMALE,Volunteer,19
d6b1a3a4-4474-446b-b0f8-eacae6de7817,Chakradev Kanda,MALE,Doctor,19
1105619e-1739-471f-92e6-98ca0741ec95,Niharika Bala,FEMALE,Doctor,19
c00df5f8-ef42-446e-889d-6d4f06e7358b,Abhimanyu Upadhyay,FEMALE,Doctor,19
a3fcabf9-4349-46f3-88b2-9bfbaeb34f08,Neha Naidu,FEMALE,Officer,19
9419f98c-b00c-429b-8cea-52d54c736b5a,Ojas Mander,MALE,Officer,19
175f896a-40b4-49cd-9f35-aa41205c0958,Mekhala Mahajan,FEMALE,First Responder,19
c839e279-7505-4bea-acdf-400de173eb03,Sanya Sachdev,MALE,Doctor,19
790334f1-8a03-4c0f-aa76-b24b62a3fbb4,Vihaan Varghese,MALE,Fireman,19
c155c48f-b7da-4508-adec-b4f0e3ad3ed1,Ekapad Nagi,MALE,Doctor,19
571ae109-de58-49f4-9fca-d3f5dd29b72b,Brijesh Dhar,MALE,Doctor,19
b96dc56b-5232-4bb5-9061-7bb82c010a56,Rishi Pandey,FEMALE,First Responder,19
16464da7-fdc4-4000-b58a-4b1199c39b3a,Ucchal Dhar,FEMALE,Volunteer,19
90dd9b84-2a61-49f7-8260-96b734555f99,Tamanna Sankar,FEMALE,First Responder,19
e8e3eed3-884b-411b-a2e3-9f359f77b028,Aradhana Minhas,FEMALE,Fireman,19
31d5056c-a70a-496e-95cc-17ebfc6195f1,Azaan Sane,MALE,Doctor,19
196b87ee-a76d-4492-90de-30c11ae611a4,Falan Kara,MALE,Fireman,19
e3d4c8f3-eee9-4fc2-b254-e82914fcabda,Manya Tank,MALE,Volunteer,19
fecf5ff9-d3f3-4a53-9fbd-a4e1fb0e6405,Darsh Bassi,FEMALE,Officer,19
1e51b842-b2b5-47fc-9931-973de3632e78,Advik Sankaran,FEMALE,Fireman,19
cd5725fd-018f-4c43-a82f-122e174565ca,Ansh Puri,MALE,Officer,19
f5d6c04b-afa2-4d2f-8250-7ff1b629cd4d,Nihal Barad,MALE,Fireman,19
3fac4b57-5f76-4c03-b302-8d577e861282,Hredhaan Kota,MALE,Fireman,19
0f0ddde9-aa9e-47c0-8af4-bb03c55c2474,Nikita Gokhale,FEMALE,Fireman,19
046bed93-3f5e-47ae-acf7-5641f599bc4c,Kevin Brahmbhatt,FEMALE,Fireman,19
dde5f9a7-6795-4586-adbe-0392d9331224,Siya Raman,MALE,First Responder,19
934818cc-e65e-42d9-b621-a601736bd706,Mason Shukla,MALE,First Responder,19
f80367fb-2960-4c42-82cb-3e5a6adf528b,Vedant Kota,MALE,Volunteer,19
5a4afe93-b43b-4c19-8c1d-6bd9658aae05,Vritti Bhatt,MALE,Volunteer,19
ddbd9419-1bc7-4524-8c1e-4c32e4147314,Hritik Yohannan,FEMALE,Doctor,19
24236588-4fbd-41c8-aaa5-559a578be139,Vidhi Choudhury,MALE,Officer,19
ca8cced8-81db-4084-8c5c-b5868ae80889,Qushi Kashyap,MALE,Fireman,19
6abcd816-27ed-4bd0-94d6-47f01c8daf0e,Odika Shetty,FEMALE,Doctor,19
a91d6507-0574-4c8f-a53b-b0f808b6b0db,Ekiya Agate,MALE,First Responder,19
71f3dabf-2904-491e-b3fc-124ab73690de,Chaitaly Oommen,FEMALE,Volunteer,19
369588af-2a61-4581-817b-c16c74a5e875,Nitesh Kala,MALE,First Responder,19
fc575e21-8cc7-4a51-85c9-395f478fd4b0,Nachiket Bava,FEMALE,Doctor,19
e8bf8a71-852d-45a5-8f59-988f8d52f1da,Yuvraj Bora,FEMALE,Doctor,19
20f8d836-8506-42b6-9159-5c09a720f6a1,Ekaja Naik,MALE,First Responder,19
f55152fd-1f00-4be8-a32f-e17830953354,Abhimanyu Bawa,MALE,Fireman,19
b24a5e55-b7e6-4153-a413-de1b7ac80416,Ishwar Prashad,FEMALE,Officer,19
e7031915-4c50-46ed-8664-ff4f25ace342,Akshay Oommen,MALE,Officer,19
05f3eec5-f792-49d0-8744-e1f20bc3470a,Devika Rajagopal,MALE,Volunteer,19
afc374c4-2856-499a-b4db-3a5f50411c9b,Teerth Bera,MALE,Volunteer,19
9d15e749-ad90-404b-89e7-03fe116e884a,Sanya Dalal,FEMALE,First Responder,19
cf15352a-fda7-451a-a430-8f852b996ad1,Baghyawati Taneja,MALE,First Responder,19
4d359461-e202-4142-910d-6319080d3698,Reva Bhasin,MALE,Fireman,19
9ed35920-8d20-42bb-835d-d2ecc33889a3,Gagan Kata,MALE,First Responder,19
b27e11fd-085c-4a70-bb55-39fe034c628e,Gaurang Madan,FEMALE,Officer,19
dc27327a-a610-48b6-a318-7bdaef329142,Rayaan Shenoy,FEMALE,First Responder,19
35b8dc18-404e-474b-b177-8edfabfee7a3,Kalpit Tripathi,FEMALE,Volunteer,24
2a333165-567a-4d8d-b030-c98b93f635a7,Bhavini Karan,FEMALE,Fireman,24
4d639231-0a4a-40c3-9064-bfb366a5eaa8,Darika Brar,FEMALE,First Responder,24
f8f8323e-5ec5-419c-a56f-a49439516b5e,Amara Sinha,MALE,Fireman,24
caaf78b1-833c-44fd-86ed-ccde099fc1ff,Xiti Mitra,FEMALE,Fireman,24
0866cd18-fa29-4acb-8f94-bbf4c565f111,Banjeet Shan,FEMALE,Officer,24
ccce9c8d-0ce1-45b3-9eee-24875a0d1dfe,Chandran Handa,MALE,Doctor,24
e7c8e927-be43-4812-aa02-8ce3488fc51d,Falak Dalal,FEMALE,Volunteer,24
cf7c0547-30ac-40d1-a9e4-955e191c6989,Inaya Om,MALE,Volunteer,24
6db7070b-ed5a-43e6-9568-5ad43b5b0c66,Meghana Bal,MALE,Officer,24
7d3f9f1e-cf15-45d5-a8a0-ca9d821e2209,Nirja Madan,FEMALE,First Responder,24
2ba60c2b-0eed-40ff-92c6-13f3859a9c82,Balendra Atwal,MALE,Fireman,24
5a21fab9-4733-4960-b615-f6a3d379cc81,Yachana Ganesan,MALE,Fireman,24
0f91949a-ce4e-40fd-babd-736efb7f8443,Hredhaan Bawa,MALE,Officer,24
95cde495-e0dd-4a81-8b8e-87b69b4fae0b,Nachiket Karnik,FEMALE,First Responder,24
eeb14ef0-4983-4759-b4e2-5a099dec1006,Robert Sarma,MALE,First Responder,24
18cd33d1-a3bb-4b49-9220-72761ca16711,Falguni Ratti,FEMALE,First Responder,24
be6a43bf-4fbf-4779-8ff9-a232e4e42352,Ekanta Ahluwalia,FEMALE,Doctor,24
803c892e-d9f2-46d6-8ee8-2df90b574771,Vrishti Mukherjee,MALE,Doctor,24
59291676-88a9-4c34-8943-f05220028688,Yashica Hayre,MALE,Fireman,24
3f20ac48-df8d-48b0-8f28-ab28fb52cc07,Forum Tailor,FEMALE,Doctor,24
451b346a-1a41-4be3-8b44-9e91462d6873,Kevin Date,FEMALE,Fireman,24
024de0e8-0953-4c86-ae59-78da65b7df4e,Advik Gill,MALE,Doctor,24
68bcacde-14b8-47ae-97e9-611dc510ce98,Radha Krishnan,MALE,First Responder,24
60cfb94f-7770-4e56-a932-e984982fb4cf,Ladli Char,MALE,Volunteer,24
46aea6ec-c1c4-4dfb-9872-6e2170729145,Advaith Seshadri,MALE,Doctor,24
62ecfa5c-4a95-4849-a743-1a18406fc46c,Ishani Nadig,MALE,Doctor,24
b0f05226-51ad-408a-8182-04ea0d3e21e5,Rachit Narayanan,FEMALE,Fireman,24
9c6d93f5-2337-4fed-b12e-a2a5f9a47e7a,Joshua Pillay,FEMALE,Officer,24
9ba633ea-bfb7-4a5e-875d-3ce17f72de95,Vidhi Vala,FEMALE,First Responder,24
c58ec2bd-dcdf-4bc3-a88a-2e2825b7e1e5,Bina Johal,FEMALE,First Responder,24
b15634bc-565b-4f07-a250-f0e8c275f4f7,Girindra Warrior,FEMALE,Doctor,24
405dfbf6-bef2-4a57-8b1e-571e246cbd9c,Yug Pant,MALE,Officer,24
6f24a096-3ea2-42f2-a20b-487780632caf,Ansh Sarma,FEMALE,Officer,24
a78a115a-f23a-44f7-b4ae-0609720bbbf7,Nachiket Hayre,FEMALE,Doctor,24
8cdd1c5f-7ba3-4b38-b1ac-9139187b7a68,Garima Dutt,MALE,Volunteer,24
076c3d1d-6daf-4d36-82ba-7da72b69f5d8,Yasti Atwal,MALE,Doctor,24
32a2b538-ab0a-48b7-b2b2-f6e03468373e,Brijesh Peri,MALE,First Responder,24
2b35b8af-9a94-4d01-8460-edc9d6a2f28d,Deepa Tara,FEMALE,First Responder,24
9a532fae-8fa8-491e-90af-53a68f85e57f,Andrew Padmanabhan,FEMALE,Volunteer,24
55c4f32c-b15a-4181-b5cc-17c1eaefcd5e,Samarth Rajan,FEMALE,Officer,24
6272110d-b466-4b42-9eb4-364cbda4032c,Pranit Master,MALE,Officer,24
b6f9a02b-f85e-448a-bf8e-fb5eecdc636e,Xavier Chakraborty,FEMALE,First Responder,16
9a7b05b3-11dd-4026-9f11-fd5405014a45,Dominic Tandon,MALE,First Responder,16
e138932f-5eb7-4ade-8646-825310bdd7ad,Lipika Varma,FEMALE,Officer,16
8dc75416-d488-4d32-9c66-616659827366,Jatin Varghese,FEMALE,First Responder,16
86581c62-75f4-4ba8-b2b1-38459cb36f5f,Ansh Madan,MALE,Doctor,16
4a85f145-047e-4a26-a194-319cf064de93,Geetika Divan,MALE,Doctor,16
e8e0a159-2011-46df-ab1b-890a9d71d583,Krishna Sankaran,FEMALE,Fireman,16
5063d55e-be9b-45db-ab49-9985159c2c2c,Balendra Bal,FEMALE,Officer,16
cb88258f-7d5d-4244-b660-f3c8c50ad49f,Gabriel Konda,MALE,Doctor,16
1c50906d-b055-46c1-82fe-9a6c1442893a,Veer Tata,FEMALE,Volunteer,16
15dcbaf3-b533-49fc-bc94-e4ae56a0719c,Neel Saini,FEMALE,Fireman,16
3ab090ec-ef83-4cef-b63c-8d9932f15e08,Fariq Manda,MALE,Officer,16
28cd0cbd-7809-44e0-aad0-ec1fab232c8c,Lekha Deshpande,FEMALE,Fireman,16
0e287d85-3280-4ee8-9fa7-7a090d80f670,Aarini Desai,FEMALE,Volunteer,16
7f617851-e0bb-457b-80a4-3d9e3ff16746,Vedika Sagar,FEMALE,Volunteer,16
311e5d18-f64a-47a9-b0d0-05b98d2a969f,Vasana Seth,MALE,Volunteer,16
a91088ed-8ac9-4420-b746-7ab995a092b0,Prisha Chad,MALE,Doctor,16
cbabce71-69a7-413d-98aa-050597c64644,Girish Naidu,MALE,Doctor,16
bc94c3c0-6cac-4840-89b8-8694a3a7b34e,Maya Uppal,MALE,Officer,16
fef79fbd-4e5e-4c58-8eaf-cf5ba14b5769,Kamya Khanna,MALE,Fireman,16
5a9301f6-ebec-4c09-9d3e-7a5cc4f8119e,Gopal Yadav,FEMALE,Officer,16
022859a3-3244-41da-bbc3-16cd2e8395d5,Mitesh Kar,MALE,First Responder,16
38959168-93e8-4426-bd81-961cd1947f95,Waida Koshy,FEMALE,First Responder,16
524438e4-2fe8-46f3-ad16-9f0accb8cce7,Zilmil Natt,FEMALE,First Responder,16
c2054d5f-9803-44bf-bda3-d94ed2a9fb83,Gunbir Sehgal,FEMALE,First Responder,16
509a75af-5aff-43b7-9f30-273cd625232a,Ekaja Raja,MALE,First Responder,16
d7bad1e3-c99e-40c5-984c-99d83600c092,Xiti Mall,MALE,Officer,16
c572160c-ddc0-4a1f-aa09-874dd332120b,Nikita Sagar,FEMALE,Doctor,16
67ddf8a4-9185-42f2-a50b-3159e3f9f8ca,Ijaya Shetty,FEMALE,Officer,16
15fd906d-4e08-451b-a49b-5d42cabbc1ae,Owen Bhavsar,FEMALE,First Responder,16
5a742fb7-c578-4cc6-a4ca-b5c313bd1a6b,Vritti Badal,FEMALE,First Responder,16
a9959f15-9421-4bfe-8edd-05c3c68eeead,Laksh Manda,MALE,Officer,16
83a06257-1f30-4824-a90b-f142c6865677,Wazir Saxena,FEMALE,Fireman,16
2adbb3f0-35f4-4c6f-b851-cee3267b02ee,Joshua Bhandari,MALE,Fireman,16
f6722b9d-ee38-41c7-bca4-56c930aa4c19,Om Deep,FEMALE,Fireman,16
f527e206-cb18-4b3f-93cf-f4c594832b9a,Watika Goda,MALE,Doctor,16
8fd7fb21-9d8c-468c-86e6-7cc123e12814,Upadhriti Chawla,FEMALE,First Responder,16
2fdb82a5-e1e7-4845-8050-052ae36a3770,Quincy Kadakia,FEMALE,Fireman,16
027a0c67-298c-4d6a-8cf6-d6f0966a161d,Abhiram Panchal,FEMALE,Officer,16
1e42a92c-d093-4f41-866b-cae646fb30ec,Chaitaly Aurora,FEMALE,Volunteer,16
b0e8e2dd-d148-48bf-940c-ea7bcadf3752,Balhaar Sehgal,FEMALE,Doctor,16
86f45f06-8635-4d31-a71f-253fadf6db50,Lucky Patel,FEMALE,First Responder,16
2067c8b5-7eb5-4c13-b950-cff5bf870cbc,Eta Bajwa,MALE,First Responder,16
31fffeca-65f1-407a-a630-d43646a38bde,Jagdish Anand,MALE,Doctor,16
04f574e6-30d5-4b66-b0f0-6a5fd24d03b4,Finn Manda,FEMALE,Officer,16
819bbdcd-55e5-44a1-82d0-0f8fa32f7b92,Oliver Shanker,MALE,Officer,16
62ed0e3a-5097-4f2e-b473-a97f94d028ff,Azad Kota,MALE,Volunteer,16
8ee63d86-599d-4b50-9e48-0eca48601af0,Rudra Chopra,MALE,Volunteer,16
70f85c1d-77f2-42b1-a07c-746b6adae899,Chanchal Varughese,FEMALE,Fireman,16
22067307-a23b-4b65-b76c-4d21a1d7255b,Udant Venkataraman,FEMALE,Volunteer,16
880de2bc-e5ab-40d5-bc64-4540b12bd073,Chatura Mand,FEMALE,Fireman,16
122d9d35-1a04-401a-a60a-2f055f158a25,Adweta Samra,FEMALE,First Responder,16
ff935bdc-1f7a-49e4-957b-40bf27f85aad,Vanya Balan,FEMALE,Fireman,16
b961c7cc-b691-4845-a3ba-9fb1a4ab7333,Nidra Tara,MALE,Doctor,16
fa501136-93b0-46fd-84f7-34e79b3fa3ba,Wridesh Uppal,MALE,Officer,16
8d4d2a43-17fe-4f7d-bbb2-12bda226e6ea,Nidhi Krishna,MALE,Officer,16
0d87a9a5-257e-448b-bc41-5f7723bfe362,Hitesh Dora,FEMALE,First Responder,16
86a8d8c9-3247-4eba-b49a-c2586ce80ab1,Faras Goel,FEMALE,First Responder,16
cdf01335-57e3-4fc3-8611-ab43f55a60f4,Dhriti Bakshi,FEMALE,Officer,16
0e7b8ed2-2e84-40d9-9d3f-8d3cc03f0063,Pranit Ganesan,MALE,Doctor,16
a9face10-a808-43fb-9a9c-aec187edf3d2,Isaac Oak,FEMALE,Doctor,16
f9bdb070-aa93-412a-a4ab-905501ac5f3b,Upma Chandra,FEMALE,First Responder,16
8ecf320d-88f8-4e4b-b18b-2dd29b445160,Fariq Bansal,MALE,Officer,16
39bbac62-d93c-4210-b03c-b48fd1cb3f2d,Jai Dyal,FEMALE,Volunteer,16
dc65d404-8dfa-4b60-8c7d-55a4b591564e,Rishi Rau,MALE,Volunteer,16
b98fdff0-d39d-4dd3-8cfe-a6b0e88e9e60,Banjeet Dugal,MALE,Fireman,16
120851f1-3659-4022-a194-f00716dd599e,Hardik Wali,MALE,First Responder,16
1b58a1d6-13ec-4a33-8a26-9e8dd84e2755,Elijah Tak,FEMALE,Volunteer,16
585da6d8-20d9-4c53-9f3c-19c3150bbba1,William Kumer,FEMALE,Fireman,16
23eb1a5c-7aa8-4a44-930c-a9d4250ca98f,Gaurav Sampath,MALE,First Responder,16
97632c05-8e32-4bd7-b39f-f3c75a382830,Raksha Madan,MALE,Officer,16
e1f96b3b-37b0-4066-996c-ab491337cd3e,Daniel Chawla,FEMALE,First Responder,16
3f249061-2ebd-408f-91ca-2d73736bdee1,Wakeeta Bora,MALE,Volunteer,16
25c34f4d-cb2b-408d-beda-604653a499eb,Theodore Nori,MALE,Doctor,16
54a16bf0-c1d2-41c9-a8b3-65391187a4c6,Jyoti Ghose,MALE,Volunteer,16
f73b2ec9-8106-4877-bbb5-84a48738aaa6,Chakrika Hora,MALE,Fireman,16
dfc9987b-d4fe-4774-b79d-d83088cf6474,Hardik Chauhan,FEMALE,Officer,16
26c8c53b-993c-4df4-81ab-529f2629e31b,Ryan Virk,MALE,First Responder,16
6558b3ed-ec96-4791-9fa6-9a80b19f03f6,Ubika Dubey,MALE,Officer,16
f0044a91-ffba-4d8b-83f4-bbc8f3c98f5b,Balveer Buch,FEMALE,First Responder,16
d1e28cbd-49bf-4148-b02e-7b7d3049cad1,Yahvi Gara,MALE,Fireman,16
c265783c-6d15-421f-8321-1dc610efc26a,Yasti Kant,FEMALE,Doctor,16
5c8f7b46-7741-4b5d-9e92-7056f433466c,Jagrati Rattan,MALE,Fireman,16
db7c0b26-9ff6-448f-849e-bac1b05a2c63,Naveen Nori,MALE,Fireman,16
bccbc699-1621-486c-8db0-71bd1d32e234,Fariq Hari,FEMALE,First Responder,16
1a68b9d8-dd73-4cd1-9a97-406a41b4004b,Falguni Behl,MALE,Fireman,16
9da796f6-7df3-4d3b-b314-71b0e79c732d,Nimrat Oommen,MALE,First Responder,16
4b7336a4-3aea-4fba-9e03-b4ec53e37367,Turvi Lata,MALE,Doctor,16
874bd01c-c658-4f2e-bc85-490d7137c1c3,Aarini Dutta,FEMALE,Fireman,16
498c7f37-9278-48d8-a147-17e7e8596558,Bhavani Gokhale,FEMALE,First Responder,16
ce0f64de-147b-4b8c-aa17-97bd4ab89755,Utkarsh Anand,FEMALE,Officer,16
0967d65f-a9c9-4a96-9085-5796bb9346d7,Gaurangi Issac,FEMALE,Fireman,16
39e4e552-04da-4cca-9c01-89aae0e05813,Sachi Chacko,FEMALE,Fireman,16
3cd737f1-b7e6-4e7f-a28f-ca61594d53d7,Aashi Mann,MALE,First Responder,16
3cfd970b-93bc-4817-8058-8eb9b199dee6,Upkaar Natt,FEMALE,First Responder,16
409df3d2-892b-473c-b1ba-9ec0991d2d8d,Radha Gopal,MALE,Volunteer,16
2f00dfc7-9438-4b40-a160-6aa7a41710d9,Banjeet Choudhury,MALE,Fireman,16
a45ca247-29a7-4f5b-bea3-15af0761556c,Bhavani Varkey,MALE,Doctor,16
b8bdd0f6-7e8a-4f17-9bf3-40cb176ec940,Agastya Sama,MALE,Fireman,6
cdbf69af-3b1e-439a-8511-6e723330679a,Pushti Rama,MALE,Fireman,6
e0a95771-7dce-416c-8936-91804189a392,Vinaya Sangha,MALE,Volunteer,6
8ee92ab6-892e-4680-8751-12ad5d456b0e,Rachana Kalla,MALE,Doctor,6
9951ac48-4c87-49fc-9f3d-3e6f21ecb72b,Baghyawati Char,MALE,Officer,6
8589287f-db9d-4fd1-840d-862832b077a2,Robert Pandya,MALE,Fireman,6
cca1a1b1-df5c-4ad6-8adf-100a7a5f50d6,Turvi Pandey,FEMALE,Volunteer,6
29635cdc-72b9-4ea3-bce9-8492687682fc,Rachita Kapoor,MALE,Officer,6
ba01a3a1-9c10-4c9c-b180-bfafcc4f5f5b,Fariq Golla,MALE,Fireman,6
007d17aa-a76f-45fb-9422-96113bf2f3cb,Odika Yohannan,MALE,First Responder,6
998d7b0b-e6c4-4e50-8093-56669617f057,Anirudh Brar,FEMALE,Doctor,6
4bcf421b-e6d5-4f11-826f-ba8a6c7762eb,Naveen Ranganathan,MALE,Doctor,6
33356bde-d90c-40f5-85ae-7884c1908c17,Jack Bhakta,MALE,First Responder,6
f1547bfe-a845-4fa6-acc1-8331ca5e831c,Gayathri Nagar,MALE,Fireman,6
deffcd4f-2598-4515-ad91-b4d29f221bc6,Bhanumati Pandya,FEMALE,Fireman,6
babc245d-768b-415d-96d0-6f0417c78707,Hritik Chakrabarti,FEMALE,Volunteer,6
b5460c96-9457-4aef-a4b8-7712f6f28f44,Baljiwan Rai,FEMALE,Officer,6
9a8f68f5-ebad-4913-84b0-8fe750deaf16,Wishi Madan,FEMALE,First Responder,6
b0d58bdf-cb32-4f58-95c0-af608c0e73c2,Amara Pillay,MALE,First Responder,6
19a6dd2c-e91a-4094-98b3-ed194410e205,Adya Barad,MALE,Volunteer,6
929222ec-37f8-4d04-956e-f849930c268f,Kashvi Mitter,FEMALE,Fireman,6
b9de616d-59e6-4903-a93a-50b8fc529ec9,Darika Sastry,FEMALE,First Responder,6
db8d9c0e-f9aa-4b0d-9e25-65a252b5311e,Charan Maharaj,MALE,Volunteer,6
8c0c0817-b27e-46fa-b685-dc6dcf076030,Ranbir Banerjee,MALE,Fireman,6
ca53d31e-b764-409b-9a5e-67835c9addd2,Shaurya Bajaj,MALE,Doctor,6
1b0d2b3c-d96b-4f67-8e6e-f546b2217bfc,Chaman Mukhopadhyay,MALE,First Responder,6
c6f35e25-5271-41ec-a862-1efcc61d12c4,Chameli Baria,MALE,First Responder,6
8d080c34-6c61-4ef5-aade-d9ff7648c7f1,Daksh Bera,MALE,First Responder,6
d2ee7061-85ea-4962-9ab9-ce62a404d89b,Oscar Edwin,MALE,Doctor,6
cb098672-5be4-4e22-9277-a767e867d5ee,Harini Bhatti,FEMALE,Doctor,6
b0c11130-6147-4a2a-af85-c6a6af878be1,Quincy Sant,MALE,First Responder,6
4ebdb59e-5c25-4967-b975-816db9239887,Vihaan Barman,FEMALE,Fireman,6
3a770048-c58b-4e20-9916-58c0fb0e9b32,Zaid Jain,MALE,Volunteer,6
eb20a70d-6e30-418e-ae1e-95882b3f453e,Ekani Keer,FEMALE,Fireman,6
a4b98c61-50d2-4b45-8754-46f88ae458b1,Varsha Gour,MALE,Officer,6
bfaf1258-db8f-4d89-acda-1ef4e3f6cad6,Anika Thakkar,MALE,First Responder,6
7c9d470c-7f33-4df1-a079-290072cf2804,Wahab Kamdar,FEMALE,Fireman,6
fefd5fc8-7590-437b-812b-7325ce695452,Samaksh Palan,FEMALE,Fireman,6
2ad5da9d-e31e-4a52-803b-bc0067521e32,Nidra Chadha,FEMALE,Doctor,6
368178bd-f48d-45b1-8a87-ad77edf98ddf,Samarth Naidu,MALE,Officer,6
70357ea4-3789-46ea-aa8e-d98eaed2e729,Balhaar Garde,MALE,Fireman,6
cf9f0ad4-6eb4-4aa2-90f3-730f99659825,Kabir Prasad,FEMALE,Officer,6
aed53996-0265-4aab-9c3b-af5255830cf9,Zansi Lad,FEMALE,Officer,6
7ef93654-2400-4df6-97dc-ea04b612dcfe,Zaid Bhandari,MALE,Fireman,6
b37bfb88-b5cf-4ee9-95ef-4736eee97d33,Vasatika Guha,MALE,First Responder,6
b2420886-675e-409a-b6f6-d2967f1c5133,Zayan Narain,MALE,First Responder,6
377e6c2c-f486-4411-ae52-1e60f2ea53df,Eta Sastry,MALE,Doctor,6
fa09a433-e321-4df7-b0a2-7059fdcb565c,Qasim Mani,FEMALE,Fireman,6
82819cb0-4d04-4f74-aefa-dbd126869689,Jeet Tandon,FEMALE,Fireman,6
7d71d1f0-5c63-45a2-bbf0-d84f95380699,Kavya Walla,MALE,Volunteer,6
d5247b1e-7137-4125-8cfc-38cc68c53703,Hemani Venkatesh,MALE,First Responder,6
b5a9685f-a2f3-4992-bdc3-cc5aed663172,Lipika Gera,FEMALE,Fireman,6
787984a0-e814-4b0d-9924-e0a49fb44f26,Veer Dutt,FEMALE,Fireman,6
6de9af66-5d60-4836-8943-5ccee738c5aa,Lavanya Panchal,MALE,Fireman,6
6ef49664-56a6-438a-bb30-8fb1dc84a347,Nicholas Lala,MALE,Volunteer,6
2455fcde-a8fc-4f34-8bdd-325ee509b3f6,Mason Chakraborty,FEMALE,Doctor,6
de1b4c2a-3f88-4a23-b102-f39d582a23c3,Bhavini Kalita,MALE,Doctor,6
77fbd722-dd47-422f-abd8-f9e1f64d9456,Viraj Shah,MALE,Officer,6
1aa9c219-ca82-494d-8291-117959befd33,Oviya Chand,MALE,First Responder,6
d173c304-dff9-4848-ac7a-4d1493e6b433,Ekalinga Kadakia,MALE,Doctor,6
09faf157-bef4-454b-a550-d32ef78c8fde,Oliver Deep,FEMALE,First Responder,6
db8a2164-81ae-4754-b2a0-89db356d9619,Chakrika Chaudhary,MALE,Fireman,6
cc0329f3-5f35-4a2b-9e34-1f2c2f02e13b,Hemang Bala,FEMALE,Volunteer,6
0c683b70-d561-4a9b-a2e2-d3fbf1fdd1fb,Rayaan Zachariah,MALE,First Responder,6
dda8ec00-f9f7-4a81-a727-653658f15b84,Sneha Sur,MALE,Volunteer,6
06a56ef9-f4db-4a4f-bcfc-d03944d6a43a,Ekantika Khanna,FEMALE,Officer,6
7e0888a6-57a9-4157-b43f-05ac1d250da3,Vrinda Vohra,MALE,Volunteer,6
1d0a852d-4f8c-4f4b-9846-d82b9f695349,Yagnesh Kari,FEMALE,Volunteer,6
477d3e67-82e5-49a8-86ca-8e0dc044fa5d,Zayan Sodhi,MALE,Doctor,6
ed0fe0f5-9c09-428b-a1a9-f857d71cc6bc,Mekhala Dass,MALE,Doctor,6
d82fde60-ce50-4b7b-85fe-15e2bc9d4a8e,Niharika Rau,MALE,Officer,6
faefc696-d617-4e7a-9e79-ed953f06fedb,Kamala Reddy,MALE,Doctor,6
dba51c77-f07c-41bf-95a1-bbc92840f029,Sai Palla,FEMALE,First Responder,6
8c0d252e-df09-421f-a211-63719b9a57b3,Jagrati Dalal,MALE,Volunteer,6
eb0ff250-242c-4748-b686-e17b298a8dfd,Jasmit Sha,FEMALE,Officer,6
3a310ae9-8d38-44ca-9c67-5a219381c870,Charvi Shenoy,MALE,First Responder,6
4b92c0a2-fb60-4d04-80a7-97c39eb2552a,Sai Mukherjee,MALE,Volunteer,6
50bc01a6-55e4-4c37-976c-e353593ceda4,Warda Bala,MALE,Doctor,6
d580932f-b56f-44a2-820a-f6cadad0ae9b,Oviya Sethi,MALE,First Responder,6
bea68e61-8b3d-4c74-877c-2795c7de1463,Maya Kota,MALE,First Responder,6
6db45eaa-877e-44e9-9669-5729b5b3240f,Raghav Krish,FEMALE,Volunteer,6
38c428f7-0f0b-4171-9e3a-3564bdf9e379,Arunima Boase,MALE,Doctor,6
94c4d3c2-f471-4503-8e2c-08f447bf3b88,Praneel Sidhu,MALE,Fireman,6
a837cdd2-7050-4d65-a9e8-243812187c89,Vinaya Vyas,FEMALE,Volunteer,6
109be697-7b89-4574-9524-5fd53504bb47,Warinder Hayer,FEMALE,First Responder,6
ff7dab30-f328-4da0-8a2e-157a6190a971,Girish Hans,FEMALE,Doctor,6
ea1a85ba-f056-45bc-82c0-c360422fa734,Tristan Sama,MALE,Volunteer,6
08e52cf9-0ba5-41a1-999f-9eec7bb17ffc,Ayaan Seshadri,FEMALE,Doctor,6
f6351d0b-9346-4db3-a59d-72801fff5a6a,Mitali Hari,FEMALE,Doctor,6
9f35ad50-8040-4c57-9cdf-fb79b04530e0,Chatura Puri,FEMALE,Volunteer,6
f471f92f-9552-43b4-b48c-98df81280186,Nilima Uppal,FEMALE,Fireman,6
e715cfbb-1f13-4474-9ea9-fcbebd314e7d,Triveni Trivedi,FEMALE,First Responder,6
be532612-7871-4a19-aa02-c3ed76cb91e1,Advika Keer,FEMALE,Fireman,6
bb0e690d-c4c2-47bf-a7c3-028804cc41f1,Saanvi Bahri,FEMALE,Volunteer,6
37179422-8049-40f6-b5f9-ccb68198257c,Ladli Sehgal,MALE,Volunteer,6
be07ccc2-3a36-4e14-bd5e-fb3f014bbd0d,Tanmayi Ramanathan,MALE,Doctor,6
73def2a5-5227-4049-bdbe-5273f1fa75cc,Ikbal Saran,MALE,Officer,6
79b1469d-5af1-4b55-b32e-13861badccdf,Yashvi Ramaswamy,FEMALE,First Responder,6
ea1fdf9c-35f9-41f5-9c3c-dd76cb246ccb,Reyansh Kurian,MALE,Fireman,6
9d8934fb-7da3-4dd9-8732-cc9632b26cca,Upma Subramanian,MALE,Fireman,6
9c698a08-fb4c-4486-91fe-2bafbdfbb301,Aashi Bobal,FEMALE,Fireman,6
84c381ac-cf94-4a0d-8cd6-9629d4435c5a,Charita Shroff,FEMALE,Doctor,6
b164092e-eaf9-4e16-920a-244556adaf7f,Chaitaly Merchant,MALE,Officer,6
094ba8ce-8ce3-4567-9cae-3792decabd4c,Jeremiah Sawhney,FEMALE,Fireman,6
35edf96d-b257-4b98-8ce0-5cf237b73006,Dayita Mahajan,MALE,Fireman,6
203338fb-b5ad-4148-bc1f-d0c32affff98,Unni Baral,MALE,Officer,6
67a97aae-0d67-48a0-8f5e-91add5876530,Finn Bumb,MALE,Doctor,6
41821065-5216-4840-badb-785195e2eda0,Balhaar Nagarajan,MALE,First Responder,6
26bb71a2-d68c-405d-909c-15140185902f,Amruta Ramaswamy,MALE,First Responder,6
409541bf-093b-4edb-a913-7119a9defa7f,Tamanna Kadakia,FEMALE,First Responder,6
551c6674-b4b5-4d44-a051-dd150e90b7d9,Harita Chaudhary,MALE,Doctor,6
4d96b85d-fe1c-41bd-b5f2-e8d695d4f8ad,Samaksh Rattan,FEMALE,First Responder,6
ecb75aa5-6706-423a-bd8f-4f0d9c6677b2,Ladli Sahni,MALE,Doctor,6
9c9e32d9-70cc-4b13-bf80-5555c0ef2430,Baghyawati Rama,FEMALE,Fireman,6
6b410a13-ec1b-4b20-9699-636e0285dd57,Frado Vohra,FEMALE,First Responder,6
20c82dd9-0580-4ec6-a431-1c1c2b1abf5d,Hardik Mann,FEMALE,Doctor,6
b09f7e6e-096b-48fc-886b-bda024b61dea,Rudra Venkatesh,MALE,Doctor,23
f62e9dcb-7677-48b7-95e4-c98da7d999b1,Vedhika Dhar,MALE,Doctor,23
575e389b-9a35-4362-a97e-52231fe89d72,Aahana Gola,MALE,First Responder,23
b9f40b85-8965-4e49-b285-a1f9e0719a7a,Yashawini Memon,FEMALE,Officer,23
d4e2cdba-a8d9-45e5-bb8d-b0d2cc388ae3,Pushti Mital,FEMALE,First Responder,23
ac14692b-9ed2-4aea-9d36-e2e2fbb58f16,Mugdha Shah,MALE,Officer,23
0689b9c6-0bb9-4571-b219-538b20a79515,Jhalak Kannan,FEMALE,Doctor,23
af658545-b9b5-4306-84f5-519bb5e45c51,Sanaya Chada,MALE,Volunteer,23
a3076ac2-470d-4277-93c3-c5e470116234,Ridhi Kannan,MALE,Fireman,23
52404a83-92df-4179-9fcc-0096d7e65292,Odika Sastry,FEMALE,Doctor,23
da7bcc70-f821-4efb-a4fa-a1081753ffc1,Yashvi Vig,FEMALE,Doctor,23
ad7c0472-d31d-48aa-98bc-db1f77e61bc3,Indali Dar,MALE,Volunteer,23
adfd343a-1691-4465-8c08-b052ee0dacdd,Dalaja Balakrishnan,MALE,Volunteer,23
2ad0b430-54a8-488e-83d8-7485b7d07515,Anirudh Shan,MALE,Fireman,23
b00fd2a1-58d8-49f9-b03e-ebf6e47daa33,Jai Karan,FEMALE,First Responder,23
cf066a60-2d03-4471-938c-962f9e86efb1,Abdul Samra,FEMALE,Officer,23
36cfbcb2-4b12-4532-bf20-ce380d52a931,Nakul Gill,FEMALE,Doctor,23
d99a801c-f7e3-48e8-bfe3-3ae219374bca,Charita Keer,FEMALE,Doctor,23
52975b31-2e78-4f23-b46b-cb8621f14a6d,Utkarsh Wable,FEMALE,First Responder,23
419aae80-74a2-4eb5-bff5-4f0c9607cc0f,Advik Buch,FEMALE,Officer,23
a4616873-811b-41c7-842c-92d625590910,Theodore Ratti,FEMALE,Doctor,23
42c49a61-96be-4dbd-a073-66df172fbe77,Lohit Varughese,FEMALE,Fireman,23
1cd715e2-7d26-4f49-9602-522ae4b152dc,Qadim Khare,FEMALE,First Responder,23
c2a54a7b-fd7c-46c2-b733-47d12f76b15c,Oeshi Srivastava,FEMALE,Officer,23
14af8fec-5e0a-49d9-bffe-e453a9a6ab65,Forum Nori,FEMALE,Volunteer,23
098856a6-5fc8-4d67-8415-e63c8cee71c9,Idika Malhotra,FEMALE,First Responder,23
e1813e37-95bf-4c72-bcd7-779180147c33,Yatan Mohan,FEMALE,First Responder,23
9a400a70-6eaf-48ef-907b-dae03cd91a3f,Yochana Datta,MALE,First Responder,23
0dadc933-0a4e-4bbf-ba6c-73ee36c846c8,Yochana Raja,FEMALE,First Responder,23
4e65c3db-dea2-46f8-9c78-05b7f86cfd06,Madhav Sankar,FEMALE,Officer,23
199c3315-16bc-4d8b-a923-56101f5853a6,Adweta Solanki,FEMALE,Volunteer,23
d6d4f59f-56dd-48a6-bc9e-2e2810fb0615,Jasmit Sahota,FEMALE,Officer,23
fe25f8ba-7d6c-4158-9f76-932a0cc0a474,Girish Vyas,MALE,Officer,23
b6e5016f-f854-48d2-82c6-ee3c491a4bd7,Qasim Tata,FEMALE,Officer,23
a1fed1f8-ef92-4a88-a67f-6d599414303d,Yahvi Sampath,MALE,Volunteer,23
b44a36a4-3323-4fce-93be-28acb901d0e8,Gauri Acharya,FEMALE,Volunteer,23
1f003849-6561-4ac1-8fc6-4066901d0f8e,Pushti Sanghvi,MALE,Officer,23
b9e73986-9c5f-43f6-8cd0-7095150e386a,Rachit Agarwal,MALE,First Responder,23
da1031f5-467c-4ee4-b934-19f02d8b520b,Chandani Dhillon,FEMALE,Fireman,23
4f3155b8-6f2f-4dad-81bf-93507adaaa6e,Prisha Kari,MALE,Officer,23
542ccd5c-82dd-4c2a-9aa6-4edd88a9e9e7,Mohammed Deep,MALE,Officer,23
d9e8bf11-82a0-44fe-b5f4-737e6b913e88,Anusha Chakrabarti,FEMALE,First Responder,23
26c90c2e-1149-4b15-85ae-cf3301f5d637,Janaki Dubey,FEMALE,Volunteer,23
f2eea43c-cf98-4b40-b948-bbc5a973c764,Vasatika Mohan,MALE,Officer,23
0bca047f-ce4a-48fd-b421-2a460c15bf0f,Gagan Pillai,FEMALE,Volunteer,23
563d030a-88fa-442d-a89f-9be4d5de698a,Falak Naidu,FEMALE,First Responder,23
03b4f2b8-fb03-41ea-988f-72e875714b56,Warinder Chopra,MALE,Officer,23
0457025b-388b-48c3-beaa-47ffddf244ab,Nidra Nagy,FEMALE,First Responder,23
cfa29909-6407-4948-813b-b5dcd578dc4c,Vyanjana Konda,MALE,Volunteer,23
b5239fe5-911a-450a-8bb8-04091fe0d51b,Samuel Om,FEMALE,First Responder,23
d7119d24-ac51-4e7c-af79-f1a6f0e6a34d,Rudra Dhawan,FEMALE,Officer,23
48445b0e-ce70-4985-8866-696867acb188,Harini Karnik,FEMALE,Volunteer,23
eb764a05-c7cb-4882-863c-5779178caa4d,Dayamai Ganguly,MALE,Fireman,23
5b3bfd9a-7e61-4040-b6e5-d4c22065fd4f,Amruta Mittal,MALE,First Responder,23
53544aa9-4cbd-4ae7-8507-bd080f6df65f,Lipika Rattan,FEMALE,Volunteer,23
7cc670e2-71c6-4149-b760-2fe09de17797,Chaman Nadig,FEMALE,Officer,23
d0ac19f1-9331-444d-b93e-4dc3e8119713,Chatura Mani,FEMALE,Officer,23
34cd6cac-07fc-4048-a7da-c60996459ce9,Radha Sandhu,MALE,Doctor,23
87ea4ec1-520c-4381-b4b2-894b5deec56c,Ronith Varma,FEMALE,Doctor,23
eb4e74be-9533-42f9-af4f-62e8dd2a2b9a,Yashawini Bhat,FEMALE,Fireman,23
9306ae54-2fe9-476a-bbd6-e47da7780152,Raksha Lad,MALE,Doctor,23
f45c8230-fa4e-4a67-b352-7aa0c7dd35b3,Lavanya Barad,MALE,First Responder,23
b43c089b-a070-4705-9af9-52da4ec6a1d0,Dakshesh Agrawal,FEMALE,Doctor,23
1eb35d5e-f499-4649-a6d8-58b450d0128d,Hredhaan Dube,MALE,Doctor,23
857af497-1718-42aa-a915-eefe560c105b,Nirja Gaba,MALE,Officer,23
8f460f80-d962-4d5f-ac6a-101ce65160f7,Ijaya Dixit,MALE,Volunteer,23
df2faa36-f940-4fa4-a6fa-7532cfaf50ff,Chaman Varughese,FEMALE,Volunteer,23
d0fb80a5-4ac7-4bc6-b97d-787f02ebe5b0,Frederick Mani,MALE,Volunteer,23
716b9861-c67f-4d9e-9099-3c4bc150a65b,Vrinda Mishra,FEMALE,First Responder,23
405018c7-1be1-4871-9f90-ddcbb59faf92,Lakshmi Varghese,FEMALE,Doctor,23
291afee7-599d-4d75-a163-c4b39cf19c88,Gaurav Banerjee,MALE,Volunteer,23
06746f81-254c-49fa-a524-05724a705e0f,Jeremiah Sampath,MALE,Fireman,23
8b956679-f065-4d00-8df9-5f12b39d666a,Chanchal Dhar,MALE,First Responder,23
0589e671-cb90-4e9a-a4ff-339a659e309a,Chaaya Ramakrishnan,MALE,First Responder,23
309ee114-7adf-43e9-9e46-3c1f8f0ee1ca,Rajeshri Borde,MALE,Doctor,23
13e2fda8-a6a0-4a5c-817b-dd61689a38e6,Rishi Jaggi,MALE,First Responder,23
a5453cf2-7f17-43fb-98f3-59c68160f657,Andrew Krishna,FEMALE,First Responder,23
a4247380-0196-4f1c-aa53-c780904f35d8,Chanchal Uppal,FEMALE,Volunteer,23
5fc4e6f4-ed2e-4d15-8d44-8e3942f1391a,Viraj Zachariah,FEMALE,Volunteer,23
ad8f8f26-6421-4b29-ab2b-5079762fa838,Nandini Contractor,MALE,Officer,23
1c5b65c8-030e-4d63-b0ca-af38460ff40b,Kai Goel,MALE,Volunteer,23
3eb86384-154a-4a86-8da8-d7fb29f241ed,Avni Mitra,MALE,Volunteer,23
39ad0ea9-748f-4528-b77d-8e8fd676cebc,Nathaniel Ahluwalia,MALE,Volunteer,23
ede399a8-5dea-4462-b0c0-15ec1f5069e3,Timothy Nayar,MALE,Volunteer,23
2b228fe8-add2-41c9-b27c-66311bb954fd,Pranit Deshpande,MALE,Doctor,23
85e46d92-34c7-4f13-9888-f09488b90e60,Wyatt Sharaf,MALE,Doctor,23
4aa4df23-9537-4bc2-b7c1-36f5f223579b,Ira Sathe,MALE,Volunteer,23
0e3952da-9c92-4cdd-a6c7-68e4d91d1553,Aditya Chandra,MALE,Doctor,23
7c2cf111-38cc-4eb4-ab62-6b6f7e41f951,Gaurav Bhandari,MALE,Volunteer,23
231d109f-0a9d-41fb-afcd-95a6d9765427,Janya Mittal,MALE,Officer,23
5e80d60a-69a7-4c36-99ac-be670f9f472f,Noah Nadig,MALE,Officer,23
7d81e4e0-3cd0-452f-bfcd-b18ef848372a,Gaurangi Deshpande,MALE,Volunteer,23
62d5c1f7-6cb5-4978-bd67-6a2967812a3a,Ishanvi Bhatia,FEMALE,Volunteer,23
ad4800db-ab74-4e84-aa90-5ee21ee99b02,Tanay Vasa,FEMALE,First Responder,19
3c70f145-5fa0-4dd5-bba5-e231601c2465,Wridesh Virk,MALE,Fireman,19
11815e91-52d2-4d36-9f8e-a7cfc9a66eeb,Wakeeta Nagi,MALE,Officer,19
3a846536-e241-400d-8ac3-db1af8e8bba9,Rachita Kala,MALE,Fireman,19
1aa062bb-84ca-4b46-bd2f-8c10ea92e4de,Dhruv Cheema,MALE,First Responder,19
e02c2a93-9564-486a-97d1-5c174eccecbd,Pallavi Sura,MALE,Volunteer,19
88969820-0b0e-4ffd-95a9-60f179e40510,Irya Khosla,FEMALE,Fireman,19
52b71285-dba7-462a-a13e-542f1397e5a9,Ishaan Bakshi,FEMALE,Officer,19
82ba31fa-4dcb-4e0d-bd43-1bcd628b42a0,Ubika Upadhyay,FEMALE,Officer,19
bc00fc49-e111-4be7-9e1e-8d7562f479bd,Neel Halder,FEMALE,First Responder,19
569a8631-b389-4b8a-a9ce-29ea9427364d,Qadim Sha,FEMALE,Fireman,19
b4e2c364-116b-45fc-bdb7-a5031b7254b9,Yatin Sanghvi,FEMALE,Volunteer,19
7dd85c00-2ee7-40f1-92d9-fea257de0d45,Vrishti Agarwal,FEMALE,Fireman,19
eb1c4bed-91fe-4417-847b-55c71ee2afb1,Chatura Chana,FEMALE,Officer,19
48c4754a-e61f-45d0-9fc6-869f527c513b,Gauri Kapoor,FEMALE,Volunteer,19
0694ff6d-5f52-4f22-90fb-bb7086dbb226,Reva Bedi,MALE,Fireman,19
1c9ea567-f5f3-4172-8c3a-8c3063a4e702,Viraj Pillay,FEMALE,Volunteer,19
9bb1b9a6-0704-4751-ae6b-a12b3aea7c65,Bachittar Nori,MALE,First Responder,19
984b7cc4-8d09-4850-bffb-a7f8ae1d893e,Yachana Oza,FEMALE,Volunteer,19
a478fda8-1f99-4bef-9fe2-5fc270fe3a14,Yashasvi Doshi,FEMALE,Officer,19
cde1d75e-ae43-4c4a-81f5-aa410386fdc9,Ekaraj Krishnan,FEMALE,Volunteer,19
208ce22c-7d3c-4d4a-86e4-efddf185448d,Yuvraj Ramachandran,FEMALE,First Responder,19
88d1e39f-e0bb-4041-9bcf-b9d9d65c3568,Warda Sani,FEMALE,Fireman,19
4d4a8d30-effe-4724-b98b-c69d4418ab37,Qabil Thakur,FEMALE,Officer,19
435494e3-05dd-44f6-a0ed-45a5be289f36,Rushil Mishra,FEMALE,Officer,19
cf40bca6-0ca5-4002-b088-e36e697dc064,Oscar Raghavan,FEMALE,Officer,19
4c8aa569-fb54-4651-8fcb-851fbe5d172d,Rishi Ghose,FEMALE,Fireman,19
89baa563-86a5-4bbb-a40d-10c8aed9443f,Patrick Choudhury,MALE,Volunteer,19
73142aa3-8f51-42b1-9da1-fb32b81c62e8,Kamala Prabhakar,MALE,First Responder,19
06d3ef92-7d90-470c-84f3-a09c509a5a89,Dalbir Joshi,FEMALE,Fireman,7
2f4491cf-5bf5-4126-8acf-de24288b5f00,Samaksh Ahluwalia,MALE,Doctor,7
8d3421cc-5c29-44dc-978d-1c492330d62a,Abha Nagarajan,MALE,Doctor,7
b6549465-7c71-4a16-99ce-9c0a9c0f70cf,Gaurav Sami,FEMALE,Volunteer,7
ee2d163b-c242-4426-bf1a-62d2f89ef47d,Yashica Shenoy,MALE,Fireman,7
a4246f07-5c8b-496f-8bea-f28ab787f158,Omisha Cherian,FEMALE,Fireman,7
6c4ed99e-dead-43ad-a694-fecf7a49bfec,Bimala Narayanan,FEMALE,Doctor,7
55d5d878-90a7-47a4-821e-d306a32ab0b9,Jasmit Tank,FEMALE,First Responder,7
8a433caf-2db0-4ce1-a651-c54095d5fca4,Amol Grewal,FEMALE,Officer,7
f5b501d8-157a-43dc-a44c-b31092afe824,Jack Iyer,MALE,Officer,7
9d1a5aaf-43c1-4163-8d8e-14662b34a477,Krishna Merchant,MALE,First Responder,7
b13ad810-d056-40b0-a056-1f22e3816dcf,Benjamin Sachar,FEMALE,Doctor,7
4f9c8745-8310-4e16-9387-f4d2667028cb,Wishi Sangha,MALE,Volunteer,7
f4a9475d-8439-4ae4-b0e5-29cf1fb7cac5,Aachal Rama,MALE,Fireman,7
6c2fabef-3a26-46ba-af0a-002fa7f39035,Rehaan Contractor,MALE,Officer,7
4e364b14-81fb-4ac5-adad-63aff4107a73,Ethan D’Alia,MALE,Officer,7
bd05345d-a7af-4a00-bd72-062af5bf7342,Baghyawati Mukhopadhyay,MALE,Volunteer,7
28a82488-8a1f-473f-a066-04d3a128e19c,Anirudh Ravi,MALE,Officer,7
bff65870-4a3d-401e-bd36-de706ffc0e3c,Anika Saraf,FEMALE,Doctor,7
24669857-9d33-45d7-bee3-07b7f5e8a439,Dominic Wali,MALE,Doctor,7
befbd0f9-c282-4cef-b9ec-0d46e3114c58,Utkarsh Peri,MALE,First Responder,7
0ddf02e2-091f-4975-b6dd-dae9b7efea8a,Ubika Sinha,MALE,Officer,7
760b1dc5-3e16-468b-96b0-c96aefda5b66,Gauri Sha,MALE,Officer,7
cad26db3-b38a-4136-934e-38e310cdd910,Anamika Lata,MALE,Fireman,24
78ce85ee-912a-4d16-90d1-a39fc0629225,Niharika Bakshi,FEMALE,Volunteer,24
671f5e99-bc00-4407-877c-511250626604,Unnati Kurian,FEMALE,Volunteer,24
b0739f31-f938-4aab-aca9-a0b340158814,Faqid Hegde,MALE,Volunteer,24
a09e7549-daa3-45ac-bcec-1a0edf211e88,Ira Bera,MALE,Fireman,24
283e6df9-7256-48f0-8be3-9a52dec75e3b,Widisha Sandal,FEMALE,First Responder,24
6f958e00-3a9a-456e-bf23-d4d762f87814,Omkaar Gaba,FEMALE,Officer,24
7e9a5aab-2697-4d99-8877-0ee39b7ac802,Dayamai Sanghvi,MALE,First Responder,24
1938893e-af13-46ba-8210-50c2340263bd,Sara Bal,FEMALE,First Responder,24
a84c62e6-824f-4209-8431-83e7393b3597,Pranav Apte,FEMALE,Officer,24
4a5d7184-199c-4eb5-a35b-9b82f22ddcdc,Leela Merchant,FEMALE,Officer,24
ae11ee71-8a58-475d-91ad-d1e2d6bd8aa8,Aayush Palla,FEMALE,Fireman,24
b28747e0-56bc-4d79-a47e-e77a21b8f33a,Chakrika Agate,FEMALE,Volunteer,24
2e42e4d6-194c-48c7-b84f-0f41dd5884e7,Shivansh Bassi,MALE,Fireman,24
ef9e6657-537b-483a-81e2-a6f0aa88cb66,Sanya Varty,FEMALE,First Responder,24
50fe6361-45ed-4d72-b12c-b86b89faf457,Chanchal Pandey,FEMALE,Fireman,24
bbbc58d7-f41f-49b4-9b35-6de0cf8a5b24,Siddharth Hora,MALE,Volunteer,24
b45674ec-ca04-47c0-bd89-c0d1e2023a36,Farhan Soman,MALE,Fireman,24
140d9021-7085-4899-9245-6d219ee4bdd9,Ridhi Sur,FEMALE,Officer,24
c562c734-06af-4164-967e-babd9eb397ef,Nilima Sundaram,MALE,Fireman,24
39364ad4-bbb2-4928-b496-ad0bc79d9c02,Zayyan Chandra,MALE,Officer,24
3ff49771-6c91-419f-9e84-76fb209b71fe,Saksham Sridhar,FEMALE,Officer,24
433ddb40-0b42-45bf-810f-8aff2c247d62,Bhavna Bala,FEMALE,Officer,24
8791b468-d53a-4bf2-a1c5-4bd737c548df,Unnati Ahluwalia,FEMALE,Doctor,24
33ee7e0d-364b-46b0-b53f-d12ad0aad31b,Yamini Sant,MALE,Fireman,24
ebd88a5c-5763-450a-9bb6-49a775709e70,Ethan Chhabra,MALE,Officer,24
a931c5ba-42ec-4b73-80ec-1c9e22df0298,Unnati Goyal,FEMALE,Fireman,24
4bcfd736-bb20-42c7-b8ef-6b939ab77686,Priya Bora,MALE,First Responder,24
f499cad7-b27d-4784-858d-86f26a4a42b8,Viraj Subramaniam,MALE,First Responder,24
8b19c0dd-992f-4ad6-b839-16bdbc546943,Advik Memon,FEMALE,Fireman,24
7f57838a-146e-4f67-b847-a23703c99c54,Lavanya Guha,MALE,Volunteer,24
d15a5eb8-a9a2-49b8-a0aa-cc0c5bb6f12f,Upasna Sunder,MALE,Officer,24
4919f37c-d033-4b1d-931c-1ae6bee37c5c,Aarush Sekhon,FEMALE,Volunteer,24
068d621f-67ec-4268-8025-75b3e6d02f36,Dayamai Prabhu,FEMALE,First Responder,24
0e636e37-75fb-4745-b3c3-d75d4098c13c,Andrew Tiwari,FEMALE,First Responder,6
b1c39001-53e6-4634-bb5e-37e1599550a8,Unni Murthy,FEMALE,Volunteer,6
b12fd90d-2292-42fd-a0ce-e61d8cc1760b,Omisha Dhar,FEMALE,Volunteer,6
477989cd-7ce3-421d-a323-aaf949aca7fb,Warhi Chand,MALE,Fireman,6
ef328b33-0bb0-4e75-b952-31b6783e8eb3,Nakul Ray,MALE,Doctor,6
e3f11449-086a-4351-a707-668eb0c1c0b1,Yutika Vasa,MALE,Officer,6
32793144-7ab4-40e2-8083-501a2cf3459e,Jalsa Lata,MALE,Fireman,6
52dcdb9d-58a3-4469-9735-507de53fd869,Kala Boase,FEMALE,Officer,6
611aa134-d1ce-44b8-b81c-146f8a7f1ddd,Kevin Sehgal,FEMALE,Doctor,6
93f6d29a-0bf0-47b4-a1c2-7d82427f4b75,Jack Chahal,FEMALE,Doctor,6
8f3b17f7-80f4-41f8-94fd-b8cd87658201,Krishna Dhawan,MALE,Fireman,6
4eebe73f-6118-4deb-af2a-fa6f8a6cac29,Siddharth Wadhwa,MALE,Fireman,6
27b72f74-7d06-40c2-8f2b-45987411013e,Radhika Hayre,MALE,First Responder,6
10fd8a9a-8d72-4092-b634-1d9eb192bc2e,Tejas Vaidya,FEMALE,First Responder,6
0c5f6f9a-b516-43a1-8d52-d7257584bd9d,Wakeeta Sachdeva,FEMALE,First Responder,6
fcdad90a-c012-430e-99fc-0118ddfdc9a1,Kritika Sridhar,FEMALE,Volunteer,6
84172cae-743a-4d7c-975f-aa25d5dd66d5,Alka Yohannan,FEMALE,First Responder,6
c111b95e-c126-4886-b327-dfc04504f4c1,Avi Chakraborty,FEMALE,Officer,6
95ab40ea-3916-4dd9-8d3d-8a1eb56ac3da,Nikita Rajagopal,MALE,Doctor,6
826679e3-95ae-437e-a1d7-333313819462,Baghyawati Krishnamurthy,FEMALE,Doctor,6
7be86195-ece1-44e8-a26b-58d49f286a5a,Isaiah Buch,FEMALE,First Responder,6
d76134ca-ebec-452d-8150-8f5bf6477e0e,Amara Varma,FEMALE,First Responder,6
1dd244af-1bb6-4412-a7fb-79a2623ca0d5,Jeevika Amble,MALE,Officer,6
d91a4c74-27cf-4489-a171-d732519ec5a8,Jonathan Chowdhury,MALE,Officer,6
d2174b5d-e0fc-4c7c-b1e0-9888eb7a35a8,Indira Ben,MALE,Volunteer,6
e5293ef5-b5e2-4fef-aa41-8042792ffd05,Brijesh Pant,FEMALE,Volunteer,6
67e21163-0c3c-44ad-8445-6adb53c8c195,Shivansh Koshy,FEMALE,First Responder,6
91c8212c-f5c1-4632-9399-1fd5c37b8822,Jeremiah Naik,FEMALE,First Responder,6
bc8d61b4-95da-4dab-9e30-8e12e721ad29,Lakshit Samra,FEMALE,Officer,6
5fae1fe6-01ae-4885-a73a-344b406e870a,Divya Kala,FEMALE,Volunteer,6
f0b03f82-7b6e-4a65-b1aa-f16d4e9f4fb5,Vamakshi Johal,FEMALE,Volunteer,6
61d0967c-db81-4fa6-a03e-45331e1bb666,Tejas Narayanan,MALE,Officer,6
f0288fa1-d696-420d-b835-e190de6d405c,Aachal Chana,FEMALE,Fireman,6
d4a1699d-e49c-4adb-8ffc-9dd39b9a8c9c,Ayush Majumdar,MALE,Fireman,6
376882ec-9596-4d38-a737-9ab0ab0def89,Eta Narasimhan,FEMALE,Officer,6
fa7bb87d-ed47-4fd7-85ec-41ca296e584e,Vivaan Sinha,MALE,Volunteer,6
7a5a2427-301d-45e7-942b-fc08345e6194,Ekbal Jaggi,FEMALE,Volunteer,6
e18386f5-f99b-4fd9-a0d8-b1f6e5b605f7,Nilima Iyer,FEMALE,Doctor,6
bc746e69-5a44-4d81-bd11-bb43de1f16c8,Daksha Goswami,MALE,Officer,6
e05ad1ad-1247-4419-8f4e-16787bdd1baa,Anusha Muni,FEMALE,First Responder,6
e4bbc964-0e0b-4231-ab5e-05186c70812f,Pallavi Sahni,MALE,Volunteer,6
69d2bda0-ccb7-41f7-a375-2ad08fbd5ac8,Aradhana Pau,FEMALE,Officer,6
662c0f54-189a-4482-b0af-bea299cc4b8b,Sachi Chanda,FEMALE,Officer,6
f09c9314-bcc4-4ed1-ac97-0d8a662cb703,Nikita Cheema,FEMALE,Officer,6
5de384c8-c59b-4daa-8625-0b78ed7a72c5,Chatresh Amble,MALE,Officer,6
cb33b5e6-e3c2-48d8-bac3-7b1d423cf89e,Saumya Mukherjee,FEMALE,Volunteer,6
bbd135b8-ea70-4bf0-adf4-007770d7ef2e,Anika Randhawa,FEMALE,Volunteer,6
b81d4050-e1ca-4233-bc88-88302f27107e,Upma Cheema,MALE,Volunteer,6
ae3cc1c4-6ec3-4b27-ba64-e75a69916486,Reyansh Mall,MALE,Doctor,6
20a4c240-54ac-4ede-b944-0ebffcb451e6,Arin Chana,MALE,Officer,6
558464e6-419b-48eb-a009-9656f35e9759,Xiti Bajwa,MALE,Fireman,6
4f7fe33c-fab3-4a23-9fb7-8b05dcd84ce1,Sudiksha Edwin,FEMALE,First Responder,6
171d318b-f771-4935-8a0e-f444824a650a,Pooja Nagi,MALE,Doctor,6
2753bcb1-0fb8-41a2-830e-c08262be0102,Chanakya Rao,FEMALE,Doctor,6
c46585c5-7af4-4f03-ba3e-34b27037b974,Naveen Mital,FEMALE,Volunteer,6
4e533b95-6b9c-493f-bc93-c0f0383a9d7f,Daksh Salvi,FEMALE,Volunteer,6
143f6671-7d67-4c1f-ac2d-0a76e26f7cb0,Lucky Chada,FEMALE,First Responder,6
b7216d20-172c-429f-96db-92acbc6f77f7,Ekansh Rattan,FEMALE,Doctor,6
3bcd4048-1919-4707-a294-df707c38447f,Eiravati Varkey,MALE,Doctor,6
2aa81fd0-eea2-4c31-a876-6818c0156f52,Indira Puri,MALE,First Responder,6
aa780e46-4735-4daa-bb75-35de74951c4a,Kavya Dhar,MALE,Fireman,6
10932bb0-5282-42e2-89ad-dbc10e00bd31,Yashica Kaur,MALE,First Responder,6
7ed74b79-d581-4257-8568-f0247cb52db2,Garima Ben,FEMALE,Officer,6
a06a41a3-e5bf-44cd-ae5d-3e9e1d4c9664,Tanmayi Dewan,FEMALE,Volunteer,6
ca2408c5-3712-4d9a-bcd9-6358900cef16,Unnati Natt,FEMALE,Volunteer,6
3fc0847b-41be-469f-9a86-9be307b82b70,Sathvik Reddy,FEMALE,Officer,6
b7041ebe-ee15-4ec1-a706-40ac6615e39b,Gautam Agarwal,FEMALE,Fireman,6
a1871f31-e467-416b-9371-12402658f570,Girindra Basak,FEMALE,Officer,6
9066f869-ba90-4698-a6fb-0219ef5e1d0c,Odika Majumdar,MALE,Volunteer,6
4136ebc0-42a1-4f03-8e78-9f669c6c9069,Omkaar Bajaj,FEMALE,First Responder,6
4b3ffc66-0035-4397-94a4-18f1c5ef7319,Jeremiah Memon,FEMALE,First Responder,6
3b9bf874-1791-43ef-b683-2c16d9acfb89,Atharv Sarkar,MALE,Volunteer,6
1416bd66-0b30-4a35-be7d-d100d47f1980,Jai Dua,MALE,Doctor,6
a26d7605-2f32-48b1-aca8-e2020eab8c4c,Gavin Char,MALE,Volunteer,6
53767ffc-e539-4d52-9849-25d231b835b5,Pranit Gour,FEMALE,First Responder,6
37805e94-208d-41b2-8918-b9536920c86c,Ikbal Walia,FEMALE,Volunteer,6
980f2d0c-c0b3-4107-9f37-fd60e6549aab,Qasim Oommen,FEMALE,Volunteer,6
5f2787cd-2fc0-4b81-85bf-3599dcaf47d2,Ijaya Wadhwa,FEMALE,Fireman,6
98d1c6c9-3374-439a-a885-c4598372c81f,Avi Bali,FEMALE,First Responder,6
abb4db87-b1db-4990-a2d2-851d28d91a35,George Yohannan,FEMALE,Volunteer,6
b706b9a7-0584-41b5-8de5-751fef706834,Harrison Badami,MALE,Officer,6
b2811f74-b793-418b-b9ec-5f9f43eb44c7,Ishita Mahajan,FEMALE,Doctor,6
8c1c294c-beb6-4965-b0d4-969c49888f90,Ronith Chokshi,FEMALE,Doctor,6
736d1da8-303b-42cc-846b-60e0eb15f57a,Yash Lad,FEMALE,Officer,6
0f123339-53f0-4285-bc04-bb187be588b2,Turvi Venkatesh,MALE,First Responder,6
7c8d0e5f-a4d8-4093-b570-f9c11462bb4c,Matthew Jayaraman,FEMALE,Officer,6
1fb86c19-8aa5-4e3c-b310-ab0296634062,Brinda Majumdar,MALE,First Responder,6
edc88d9c-5867-4629-bead-89de88506414,Faras Dalal,MALE,Officer,6
c8cd8a09-6b42-4491-8b52-39eb4b945bd9,Yadavi Kashyap,MALE,Fireman,6
e8ef10e4-0cd4-4ff8-a7f7-cf593eefea82,Adya Borde,FEMALE,Doctor,6
3fea4bca-b17a-4fe9-acd2-a6956ba59a06,Zayan Garde,MALE,First Responder,6
d0d9073e-e93e-4bb6-9c08-afdd976bfc7f,Pranav Palla,MALE,Fireman,6
b9760734-d331-49ff-b570-c7e150c99c92,Anirudh Pal,MALE,Officer,6
92247dfd-3dcb-459f-9c6f-0356b421cf1d,Yug Raval,MALE,Doctor,6
0f7e4cfa-63e9-4495-8357-8d695455df3c,Aarnav Deshmukh,MALE,First Responder,6
37423338-13d4-4ad1-a5ab-8704bc65a8c0,Maanas Mital,FEMALE,Volunteer,6
16f7a8fb-676c-48e2-b7d5-67180ea286e8,Balvan Pai,FEMALE,Officer,6
51ee0e35-84c6-4d39-b5fd-9401abeec5b7,Sai Palla,MALE,Officer,6
0ab825ac-7686-4903-a0cd-db86856996cd,Advaith Sridhar,MALE,Doctor,6
e0d30b6f-6e78-4fec-841b-1ff6434e4e81,Warhi Randhawa,FEMALE,Fireman,6
081e3fb0-a937-427c-92b5-55aa63ff566e,Qarin Rao,FEMALE,Fireman,6
d69c4fe9-e5d1-4a9c-93cc-714cd947c569,Suhani Chaudry,FEMALE,Volunteer,6
96ceae45-1b39-44d1-83ce-fdec8daf2751,Maanas Loke,MALE,Fireman,6
d17d121d-f325-48f8-bfcc-2e993a9ec3a8,Oeshi Basak,MALE,First Responder,6
9b8d69e0-57f9-4f84-a26a-046dbc316944,Jhalak Khalsa,MALE,Volunteer,6
dd29a143-f071-4b46-81e6-979e433aca56,Oviya Choudhry,MALE,Officer,6
a4718bee-1ec5-4e92-b556-141a25699625,Joshua Hayer,MALE,Officer,6
a4a35af6-697f-4d46-a3e7-bb2f2f5159c0,Amrita Walla,MALE,Doctor,6
64bb29e0-475e-4f98-8bd9-16660f0f4c2a,Nathaniel Vala,FEMALE,Doctor,6
3f875786-5586-496d-9e5b-d1a4482258a5,Chaman Palla,MALE,Volunteer,6
504c2fec-bfa9-497b-8365-ec5a69047b53,Chakrika Nagi,MALE,Doctor,6
25b05ba9-32aa-4eb7-85a8-562824682028,Falak Dutt,FEMALE,First Responder,6
6bd83fce-b751-46d3-b904-48d65f88cfc3,Avni Yadav,MALE,Volunteer,6
2f75bb74-e691-4c2f-bcd7-d80cfb45b3cf,Irya Upadhyay,FEMALE,Doctor,2
0ada93d2-4127-48be-8776-2189dcb8d311,Lopa Prabhu,MALE,Volunteer,2
ff70aeb5-15d8-48a5-a623-1df98eb03b8e,Champak Dash,FEMALE,Officer,2
86df1809-7ce1-4fd8-b75c-528e398d25ed,Leena Bhavsar,FEMALE,Officer,2
3abec4c1-eb41-4f0b-bc08-36cc43571230,Daksh Behl,FEMALE,Officer,2
4be2d677-1434-462f-aa60-7711919138b5,Samaksh Bose,MALE,First Responder,2
f246b862-cdb0-4754-a499-1f5dcec433ab,Jagdish Ray,FEMALE,Officer,2
06937dcf-3501-471f-a10a-6077066d28d0,Tripti Lad,MALE,Officer,2
1bc6319a-2e97-43ac-8042-45603183fe7a,Theodore Dugar,MALE,Doctor,2
56d3825b-725a-45cc-be1c-6330dacb39d4,Wazir Sagar,MALE,First Responder,2
56a20dc9-89e8-4af4-a5c8-8b9a910cf73b,Sai Kara,MALE,First Responder,2
3830137a-689e-4dea-b9c7-c5c8cf7ed858,Indali Prasad,FEMALE,Doctor,2
545a9464-3cf7-4ef7-bbf3-84a5652beee9,Ubika Kar,MALE,Fireman,2
6df32d45-9caa-4a7f-8ab4-96ccfb335d38,Samuel Gokhale,FEMALE,Fireman,2
4c8a0651-75a1-4964-9e41-3ca7611f48a3,Chandran Mammen,FEMALE,Volunteer,2
7a73cd62-e0f1-474d-b4b3-0f126d16838d,Chaitaly Suri,FEMALE,Doctor,2
855b69d6-10bb-499f-9c1b-8f8af012402b,Gaurang Balan,FEMALE,Officer,2
06d6160b-faa6-4baa-8a3b-c314ac0c2767,Hiral Vohra,MALE,Doctor,2
6dc07319-4ac1-476c-8d8a-ea2783d96e3a,Dipta Ray,FEMALE,Officer,2
02f31696-900d-4488-99e4-1c8d1063f1bd,Azad Prashad,FEMALE,Volunteer,2
e931478e-4c82-41ed-ab40-a695ac60e808,Lekha Rama,MALE,Doctor,2
49d7e048-7446-4217-bb1b-3c9f0030bcb9,Yamini Kaul,FEMALE,First Responder,2
b9b513e4-f872-4014-b4f1-342206d3af18,Jeevika Sehgal,FEMALE,Volunteer,2
93409c44-3ab5-4372-bb6c-e6185d0afeb0,Siddharth De,FEMALE,Officer,2
c97b9a7b-0475-4a79-b127-54b9b75c472b,Harini Verma,FEMALE,Doctor,2
3395483f-94aa-4a78-b96b-c275e81ed512,Jhalak Guha,MALE,Volunteer,2
c560502b-802e-4411-949c-56fb5e759b5f,Riya Kalla,MALE,Volunteer,2
fe30ac1f-ec09-4bcb-8016-4ae91cb70404,Odika Madan,FEMALE,Officer,2
e72969d9-ff9f-4570-b0c3-dbbf4f4aab7e,Faraj Murthy,FEMALE,Officer,2
f8387e32-490f-4992-afae-c5d6d85e6a2a,Harrison Lata,FEMALE,Volunteer,2
0ab489d0-7606-4c49-8c75-8afdb273ac05,Benjamin Oza,MALE,Volunteer,2
63ac0429-3032-47cc-8a94-b056fde5764d,Anmol Andra,MALE,First Responder,2
63571b91-a903-45ef-b8ef-db4dc38eaff2,Vedant Kunda,FEMALE,First Responder,2
bbbd1980-b47e-4953-aae2-a226850f7089,Gaurav Tailor,FEMALE,Doctor,2
64885b90-070b-4766-b3f1-f4f525b76bf4,Udyati Zacharia,MALE,Volunteer,2
ac638f66-370e-4069-94c0-640020e8059b,Nakul Naidu,MALE,Doctor,2
9a468a22-1473-464f-b36a-4566d1858200,Ayaan Bhat,MALE,Officer,2
a043d404-39dd-4907-9ee3-f1a7cb786f10,Radhika Prabhu,FEMALE,Doctor,2
3f98aa5e-eef1-4ad1-8e11-728c1a9a8399,Libni Ramachandran,FEMALE,Officer,2
caaf0dc1-ea06-4a0b-bbd3-9570b36be8fc,Vinaya Varghese,MALE,Doctor,2
01ffe741-aa31-453e-8655-4e90d5493821,Kiaan Balakrishnan,MALE,Volunteer,2
7fde7070-9cd2-4d15-b934-e3ec6686d344,Rachana Boase,MALE,First Responder,2
651027a3-67d0-4b64-bacb-f71f38b2a27e,Chasmum Karpe,FEMALE,Fireman,2
96c33d7b-1cb4-4d16-9fff-7253fc436898,Dalbir Sant,MALE,Doctor,2
fc3927f1-19fb-4385-8605-ccf6b8edf43a,Abdul Swaminathan,FEMALE,First Responder,2
5c7f6237-4768-4f51-996f-a2a4d21bd660,Nakul Bal,FEMALE,First Responder,2
640e2acf-bfa1-4576-a3cf-9ba0832aec85,Theodore Ganesan,FEMALE,Officer,2
3ee4fa0b-a769-4062-ac71-98f7ba9a2101,Faqid Goda,MALE,Fireman,2
fc7a3edf-03e6-4e22-8772-c58b7fcac0e7,Warjas Oak,MALE,Fireman,2
0e9be4ad-bd93-4449-a9aa-bc88f7725f02,Vansha D’Alia,MALE,Officer,2
fda2e671-a305-46f6-a8f8-14a8ef56defe,Dominic Panchal,MALE,Doctor,2
44506e27-b059-473c-8403-46a2bac27b5c,Chatresh Bains,MALE,Doctor,2
6ef31bad-0ece-40f3-b1d3-096eacdfc880,Mohini Choudhary,FEMALE,First Responder,2
71e52099-9153-436c-8505-62197eaadfd8,Ladli Ravi,FEMALE,First Responder,2
37527958-dca4-46f5-bb1c-0d809a28f84d,Devansh Palla,FEMALE,Officer,2
dec80228-eeb2-4d79-ad46-d53c760c0115,Vrishti Balan,MALE,Volunteer,2
3f7b0ccb-2ad3-4beb-a7c7-73b846a361bf,Devansh Maharaj,MALE,First Responder,2
fde8da90-5494-4dd0-b5b5-e46263462f58,Chakradhar Chada,MALE,Volunteer,2
233b43d4-b05a-4e0f-b608-a1754ad07434,Thomas Wagle,MALE,Doctor,2
9f141524-46ec-466a-b0af-aeba210951d4,Hemal Kale,MALE,First Responder,2
20557490-0da5-4a8d-9e53-ec7b8115fe4a,Rachana Shan,MALE,Doctor,2
5f71bdfa-137e-4efa-9dea-a300768d2ccb,Leena Aurora,MALE,Doctor,2
1ae25c68-a61c-4816-9cca-cef82af88a62,Michael Mander,FEMALE,Volunteer,2
972a9ad9-3887-4703-a090-1255edef4b49,Faqid Kota,MALE,Volunteer,2
d35e59ef-9001-4b77-95af-6cda1558b007,Kiaan Tailor,FEMALE,First Responder,2
31f56731-13b2-4337-bb1a-67c770569dac,Chaitaly More,MALE,Volunteer,2
853abbb1-d371-40b8-9408-637726d41856,Saksham Wable,FEMALE,Fireman,2
ba01e9e0-f56d-4d33-8a12-9398d638aa31,Brijesh Kibe,FEMALE,Fireman,2
91e1b358-8809-41b8-8c63-85f3fb6df6b5,George Goel,MALE,Officer,2
423885a8-d4f2-48b2-b00f-1a86b2d38228,Nathan Khosla,FEMALE,First Responder,2
3395291c-1718-4e08-8019-d73e6cc351d0,Jatin Dutt,MALE,Volunteer,2
d03916a1-a90f-4abb-8eba-c0e16a3b6964,Onveer Desai,MALE,First Responder,2
7ae2cc18-d086-4efd-b816-364d2843e991,Rajeshri Balasubramanian,MALE,Volunteer,2
59340585-0f82-43cb-bda6-31bdf3420409,Gayathri Ben,FEMALE,Volunteer,2
480fa582-ce8e-4c78-85da-bf03591e783c,Shivani Seshadri,FEMALE,Volunteer,2
bb207e50-cba4-44d1-beba-85372b841750,Faraj Upadhyay,FEMALE,Volunteer,2
8782e8ad-d773-44e9-bdae-ae3ae50ee4ee,Ekanta Kapur,MALE,Volunteer,2
6263d407-fb31-4c56-8df0-8cd8706cd60d,Prisha Purohit,FEMALE,Officer,23
e1b70c5f-67db-4af6-8a4c-a871fc4790c9,Timothy Bhardwaj,FEMALE,Officer,23
f3e832f3-6c3e-487a-9fa1-3b8cbe04c4fb,Ishita Jain,FEMALE,First Responder,23
20441e19-2a8e-4d77-923f-83e7040ecccc,Siya Agarwal,MALE,Officer,23
bbbff89a-6158-4f64-890d-70eb939441c9,Saumya Kashyap,MALE,Officer,23
6eed6030-c9c1-4644-8a1c-082f3ed2797c,Sara Sabharwal,MALE,Doctor,23
6c34b16f-700b-4381-85c4-06eb84156829,Harshil Soman,MALE,Doctor,23
6ac47766-6b76-4324-ba4c-6cb0ac0764e3,Warinder Konda,MALE,Fireman,23
b0180a78-1304-496e-908f-97bf46cf57b0,Dayamai Mann,FEMALE,Officer,23
a29743d3-cf86-424a-86ae-e0a3ceeed1b7,Zaid Murty,FEMALE,Doctor,23
3425e2cc-defc-40ca-ace6-eb2f3778c2ed,Avni Verma,FEMALE,First Responder,23
a82a63e1-916f-440c-9ae8-399ba500ddeb,Ranbir Sha,FEMALE,First Responder,23
842e84ad-4f14-43d9-a0fd-6f397bdea780,Ekbal Nadkarni,FEMALE,First Responder,23
86368fb4-50ad-4a40-891f-bfab2f9d68c1,Varsha Goda,MALE,Volunteer,23
ca0bfa41-e2b5-45e9-a2ec-002015147285,Nihal Devan,MALE,Doctor,23
502a72c9-bfa9-429b-8361-47103bd259f0,Liam Acharya,MALE,First Responder,23
a968a935-6c5e-47ce-b15a-ac57dca98303,Bina Bakshi,MALE,Volunteer,23
441ae54d-1036-4653-9991-c699f2c43f02,Bimala Vyas,FEMALE,Fireman,23
c175bad4-cb84-44cf-ba92-2f41f368cfe3,Vedant Sen,FEMALE,Volunteer,23
69d62891-09d0-41aa-b8d2-2e95fdd9b409,Ucchal Sarraf,FEMALE,Officer,23
429eb968-044d-4368-a09d-5d73e6205641,Samarth Dora,MALE,Doctor,23
4a16e547-eebc-4ab2-95dd-109d05b5f326,Patrick Srinivasan,MALE,First Responder,23
655d1da0-4004-4182-8c15-6c873ab08c1e,Kabir Apte,FEMALE,Doctor,23
60991f9d-2538-4393-a408-e67a87270978,Bhavini Sabharwal,MALE,Doctor,23
6031be62-cd2d-4109-829e-b2d9aabd725a,Lajita Yogi,FEMALE,Volunteer,23
e0073b05-dad8-4acb-8e49-562c8c5173de,Yashasvi Khalsa,FEMALE,Doctor,23
1efeead4-97b5-493b-854f-e84d2e1e1ed0,Yachana Doctor,FEMALE,Officer,23
a043218d-9c19-44e7-a7c1-f9836c731b1c,Robert Kapadia,MALE,Fireman,23
a86fc121-0e76-42c0-aad1-c636ed1843b4,Harish Yogi,FEMALE,First Responder,23
492a6f26-1db2-43bc-9513-eb2985437253,Vritti Sangha,MALE,Volunteer,23
fa9b4823-da5f-4a17-b978-6021108f1082,Yadavi Kapoor,FEMALE,Officer,23
03030b3d-0189-45cf-8aa0-733f28bd5942,Simon Pal,FEMALE,Volunteer,23
f2fcf44b-dc56-4119-b337-61dc1735b198,Pooja Mall,MALE,First Responder,23
b9585847-f3dc-4eaa-a70a-af2117cc175c,Aarav Chokshi,MALE,Doctor,23
f7300206-656f-4f22-94c4-2196f49e3775,Vihaan Chandra,FEMALE,First Responder,23
c7ddb7ed-afc1-4374-9f0f-b82d87d2db85,Harini Wadhwa,MALE,Volunteer,23
5cf6d4e1-bdde-4325-a3c7-6644ecc554f2,Vedant Mahajan,MALE,Doctor,23
b5926194-8199-4345-89f0-a99b87e0dce7,Samaksh Salvi,FEMALE,First Responder,23
deae9598-5f45-4e51-ac94-d139ab8d2d35,Ayaan Karan,FEMALE,Volunteer,23
47f96391-680d-4ad1-8f63-98e338ba478d,Banjeet Karpe,MALE,Officer,23
4291e737-5a89-49a1-8873-395094d01714,Dayita Mukherjee,FEMALE,Volunteer,23
5829e509-3844-4662-8630-6a18486d86a7,Tarak Desai,MALE,Doctor,23
2b7f4283-8fce-4151-92ad-0790c5e8aab7,Jeremiah Vasa,FEMALE,Volunteer,23
2a3831d0-a2e5-45c9-af44-b721104e142e,Tejas Tara,MALE,Fireman,23
403109d2-3093-4a26-b235-7ab32c79fe89,Falguni Sandhu,MALE,Fireman,23
9310e44b-88ef-4583-a3c0-8744f1244d1c,Unnati Rao,FEMALE,Volunteer,23
662bf173-f4e6-45ee-ae8c-f99abda37c8b,Bhavini Ramakrishnan,FEMALE,Doctor,23
850702e4-b42c-41b6-9280-f80c09d7a912,Neel Peri,MALE,Doctor,23
19d021f3-74b6-4214-b47a-f6ba26bf2a5d,Ekavir Rajan,MALE,First Responder,23
726cff50-570c-4ff7-a7f2-4122dfa9ef65,Geetika Kala,MALE,Volunteer,23
7d81ea51-e1c8-466c-b306-6b5055bdeb61,Dominic Rajagopal,MALE,Doctor,23
43378581-5527-4224-8690-9bdb3a9e922e,Urvashi Aggarwal,MALE,Volunteer,23
80fc0bd8-5f00-471f-8db4-f0c5c368b68a,Riya Vyas,FEMALE,First Responder,23
9fae369c-a4a0-4087-bcee-83df61ed5b03,Parth Kurian,FEMALE,Doctor,23
e8aa527b-12b6-4aa4-913e-095a132bfec9,Umang Parmer,MALE,Officer,23
dec94f63-1ff0-423e-806a-474da894552f,Ekalinga Kadakia,MALE,Officer,23
5df80a05-0f77-4b9a-8d14-af3b0f42cdc9,Netra Swaminathan,MALE,Fireman,23
fd98cd0f-246b-431c-a123-75617ab604a1,Kashvi Varkey,MALE,Volunteer,23
513403a1-1aba-4cb3-ac22-1034b2722725,Arya Morar,MALE,First Responder,23
6495638b-9c4c-4765-9ab1-5887818dea29,Atharv Kashyap,FEMALE,First Responder,23
7b2619fb-6be0-461d-987d-873154f9b095,Maya Sharaf,MALE,Officer,23
dd9cf61c-e678-477e-a793-ebdd1b25456a,Anmol Sathe,MALE,Volunteer,23
bcefe1a2-bf1b-48a6-9a6c-f5eaa67b7287,Amara Uppal,FEMALE,Doctor,23
846eddcb-5ff2-4731-b07f-859c13ad682d,Charita Bhardwaj,MALE,First Responder,23
d6af1366-47ef-426e-813f-eb7f6278435a,Yamini Sunder,MALE,Fireman,23
5c109209-1cc7-4b64-9f77-32e0448c7141,Jagrati Grover,MALE,Fireman,23
2d56ac19-12c0-49af-85d8-d1442e8296fc,Max Edwin,MALE,Officer,23
8c0e42bd-104b-4678-aa1a-ea152abdce94,Gagan Pandit,MALE,Fireman,23
b814eac0-48f0-42d8-8fc6-218e45606158,Darsh Zacharia,MALE,Fireman,23
abdc27da-a7b1-4e23-b4d7-da0bfc1989bb,Owen Sama,FEMALE,Fireman,20
8d1f19c8-c942-40a7-8978-6144e6fa15e9,Warjas Sahni,FEMALE,First Responder,20
690be190-cce6-4cb3-b993-868b4d9db173,Chameli Loke,FEMALE,First Responder,20
1bbdb554-8543-4790-a09f-8738f9e2aadb,Devansh Madan,FEMALE,Fireman,20
34923b86-3868-4753-a6dc-354cffe7955c,Yashasvi Chaudry,MALE,Doctor,20
757add40-156c-4dd2-8d7b-cbbcd6f06779,Zayan Lad,FEMALE,Volunteer,20
59712119-9b20-4c3d-9e92-7193ad22298a,Urishilla Menon,MALE,Volunteer,20
d6e7c94b-fafa-408e-a426-a87fa1a35373,Janya Pingle,MALE,Fireman,20
62530b09-4768-4ba3-a2ef-219a6475393d,Benjamin Loyal,FEMALE,Doctor,20
e9320657-30b9-4c40-ae4a-338004868d94,Abha Aurora,MALE,Officer,20
d911eb8d-f8a8-4de3-af22-1ab7da991aa2,Jagrati Pal,MALE,Fireman,20
a78640ac-6d3a-4cb6-99f9-c96f828d58dc,Aarna Sankar,FEMALE,Volunteer,20
9158399a-b61c-4467-bb1b-4507a4c66dab,Kala Rai,MALE,Fireman,20
cc2b44cb-5009-42a1-863a-b57d73cd6126,Lila Sule,MALE,Volunteer,20
2f6fa3d9-5bae-4cdc-97b0-42fe964ab50e,Jagdish Rastogi,FEMALE,Doctor,20
79a91da9-3ba2-4379-9fa1-3f90781e9684,Netra Pau,MALE,Doctor,20
faa0f471-6730-4aeb-823e-af01558983c5,Zashil Dora,MALE,Volunteer,20
49a97f00-7610-44e5-b54d-e31ac77c7003,Amrita Thaker,MALE,Doctor,20
3842d44a-c846-4660-9c86-c21b7a793389,Tanvi Guha,MALE,Fireman,20
569df8e9-fb4d-431d-ade4-42b12d9cbb2b,Atharv Gade,FEMALE,Officer,20
a2d2465a-1ffe-41d6-8537-a913a794b3e4,Ryan Agrawal,FEMALE,First Responder,20
bfee86fc-8134-4539-8d43-20d6652fbd47,Victor Mukhopadhyay,MALE,First Responder,20
253eaa52-0dbc-43a6-90a5-863864e2aec7,Tanay Ahuja,FEMALE,Fireman,20
2b76e731-91a2-4dea-9b2f-3cb5b642c733,Fariq Rajagopal,FEMALE,Volunteer,20
e75ad0e8-956a-427d-8c78-b538f76658b1,Mekhala Narasimhan,FEMALE,Officer,20
074a7abe-35f6-4c5a-85fe-7d07e1039b03,Omkaar Venkatesh,MALE,Doctor,20
912824a8-45b4-4e0d-8919-9a09b8ec99fe,Theodore Kota,FEMALE,First Responder,20
b132e421-f4b0-4a63-9c74-59f4096db68a,Urvi Oommen,FEMALE,Volunteer,20
a4e89dd9-70bb-4a2d-a81b-a4711af6aa9e,Agastya Kala,FEMALE,Doctor,20
d1ca2c02-a2c8-4c14-a942-705345df80d0,Jasmit Agarwal,MALE,Volunteer,20
f4e3170a-930d-4feb-9163-d9a72f7b9ac7,Jagat Viswanathan,MALE,Doctor,20
b3407c59-c7c8-4179-9c33-5096de0836e9,Harish Singh,FEMALE,First Responder,20
34db8e98-397d-4dfb-bdbd-04fab610634e,Mitali Pandya,FEMALE,Fireman,20
3aaa41ce-d350-4d64-bfad-9bdd18b4efb7,Yochana Dhawan,MALE,First Responder,20
3f2e6e53-e816-4e2d-9823-32fd6f08de40,Ranveer Ravel,FEMALE,Officer,20
fdc0397a-a347-46a1-96ae-64935d69379c,Andrew Parikh,MALE,Officer,20
f76eb10e-181f-4b5a-b2a8-bd7aea8ca52f,Turvi Sathe,FEMALE,Doctor,20
a277640f-c50b-4777-a7d5-018ce9b58f41,Simon Sachdeva,FEMALE,Fireman,20
9c77302d-a6a8-470b-994d-d118f724d70e,Pallavi Ghose,FEMALE,Fireman,20
72b192aa-1930-40e1-9734-fa8f9a1410d2,Jagrati Borra,MALE,Doctor,20
6081a957-3a48-43b6-979f-168bc9db0ba5,Liam Nayar,MALE,First Responder,20
e48c950f-8be3-4986-814d-9335bdac51f3,Vrinda Date,FEMALE,Doctor,20
26605401-db6a-4bc5-a333-e2b7edebff27,Girik Jayaraman,FEMALE,Volunteer,20
46ed3ad5-dd27-477c-a162-617fa0e9d3e9,Abhiram Ganesh,FEMALE,Volunteer,20
6b0088d8-0652-4bf6-8bc5-c2037fdb1dd3,Garima Zacharia,FEMALE,Fireman,20
27a37417-b2bc-466d-9387-d0cf3d270b1f,Ishaan Merchant,FEMALE,First Responder,20
36805e05-f139-4d42-90a6-e73f1e77e523,Gopal Upadhyay,FEMALE,First Responder,20
5cf97b4d-19ff-4cc2-b0a1-81bceae5ad4d,Wakeeta Pandya,MALE,Volunteer,20
3974e276-8ca3-46cf-8640-c2f710cc524c,Zansi Barad,MALE,First Responder,20
2cd51a7f-3a3f-4d52-80b3-30bd41f2794e,Agastya Mohan,FEMALE,Doctor,20
670eb005-bc70-4033-badc-bee528adb463,Oliver Varma,FEMALE,First Responder,20
aeb2334d-52f1-4890-b855-62705540df24,Hamsini Ganesh,MALE,Fireman,20
66a57256-ac26-4785-a433-9dbfbdce8114,Bakhshi Kapur,MALE,First Responder,20
bd1731b5-3322-462c-b910-799f5309bba9,Isaac Golla,FEMALE,Doctor,20
1a97b06d-5562-4f48-b0d5-a9578e11d269,Saksham Mammen,MALE,Officer,20
7051df47-e92b-4d2d-817f-c94e91849946,Simon Shan,MALE,Officer,20
b36bbffe-effd-4e5c-9abe-2419967d22d7,Eta Amble,FEMALE,First Responder,20
30351fc2-5b3c-42cc-82e8-4317a782a4de,Lila Dutta,MALE,Fireman,20
7b1c2837-d892-47d0-a8d6-5f8f10e70472,Yashodhara Baral,MALE,Volunteer,20
1beb9df6-6d2b-46fb-8642-c867bdb05064,Oliver Peri,MALE,Volunteer,20
2fddb06f-2dd3-441f-8af5-953d99c5f1e7,Ekta Nadig,FEMALE,Fireman,20
d9217ad6-d333-4cca-9265-9a2b697befff,Advika Sundaram,FEMALE,Doctor,20
cfe76ac5-17ed-4bc4-9434-0004d1ec0f4f,Jeet Chokshi,MALE,First Responder,20
ab3719d7-f177-4b6a-b4b6-518068f1b9e7,Janani Sabharwal,FEMALE,Volunteer,20
28c947b3-3663-483c-9ca2-fa112f17ec7e,Wishi Narang,FEMALE,Volunteer,20
29214f39-1d4e-4e34-981e-4e04674f3b87,Sara Radhakrishnan,FEMALE,Doctor,20
3ac12d9a-300e-449d-8ff4-2c4ce595fe45,Janani Bhatti,FEMALE,Doctor,20
96fee6c5-5b66-47fb-9a84-6d70da26d4bf,Amrita Bora,MALE,Volunteer,20
8be3005b-3861-4156-9de5-1ef5e12171bc,Qasim Chacko,FEMALE,Fireman,20
144c9814-5490-4953-a320-c3cdb9fcb2bb,Bachittar Upadhyay,MALE,First Responder,20
0f4576a0-2971-424a-b858-c0721a937d54,Joshua Garg,MALE,First Responder,20
f5b6d020-dcd3-486b-bbf2-7c534528fe6e,Wishi Agrawal,MALE,Volunteer,20
dd8378a3-4847-4f62-852c-4b78f8e10c50,Fiyaz Mohanty,FEMALE,Doctor,20
bdfd39d4-bd90-4a4c-b3b7-3bc6d8dc008e,Patrick Raghavan,MALE,Doctor,20
dcc58ab1-6f72-49e8-a464-778bdd2eb0b4,Yatan Sengupta,MALE,Fireman,20
68cafcf7-8335-478d-b64c-761ace301e4a,Irya Bahl,MALE,First Responder,20
b0e894a5-9536-4d2c-8455-81f7d7c87e77,Baljiwan Loyal,MALE,Doctor,20
677648e7-6b05-43f4-9251-95d4a3387aba,Qushi Guha,MALE,Fireman,20
21f7c70c-146e-4de6-b8c5-84c07b2965d1,Ishita Agrawal,FEMALE,Officer,20
b871c9fc-a413-4c25-a305-7763aaef8665,Vaishnavi Manda,MALE,Doctor,20
227575af-63e5-46e1-86a8-0c6584463dea,Sai Kala,MALE,Fireman,1
dc671f86-9d5b-4c46-af58-9befef09c3c2,Wazir Barad,MALE,Officer,1
69cddd8c-7b09-4661-afec-1d7f7bf30ddb,Oviya Atwal,FEMALE,First Responder,1
296e51e1-3bba-49cb-8b8e-c857c8edfe15,William Raghavan,MALE,First Responder,1
8f113bc2-e5d1-4cc9-af64-1d25f56f0f15,Leena Seth,MALE,Officer,1
9bbe1d5e-1564-435b-bbc3-033200abb21a,Yug Raja,FEMALE,First Responder,1
466c3158-98a3-46fe-aaac-f55d7de7878f,Avni Bumb,FEMALE,Officer,1
20fb35c5-5d86-48c0-b21c-b93869f6b469,Baghyawati Chana,FEMALE,Fireman,1
a18ee575-000d-4dc8-a3eb-9558a003c560,Triveni Nayar,FEMALE,Fireman,1
16c4d06a-563e-4ccb-9ff7-37cd98db3e85,Max Gill,FEMALE,Doctor,1
1287eb1a-f4c2-4a46-a313-c0e5f60da0e2,Harish Brar,FEMALE,First Responder,1
630d2af5-6d5f-4512-8099-0d13b8fe7052,Aashi Dewan,FEMALE,Doctor,1
0965b0b6-4a67-4a3a-91ec-10aec621a612,Henry Manda,FEMALE,First Responder,1
dd107505-06cc-4ed5-9509-6b8987c1a767,Tanveer Anand,FEMALE,Doctor,1
7f1533da-7f67-46d7-8fc9-9ad4e5b9b4d2,David Khurana,MALE,Officer,1
d042e276-e199-43b2-9652-729f4033c17e,Faraj Mistry,MALE,Officer,1
e2d24a6d-2f93-4f93-a1fa-18635c2a20b5,Raagini Kota,FEMALE,Doctor,1
92cf8803-4f59-44a2-9748-76352f5d27fd,Nikita Bava,MALE,First Responder,1
69565230-0079-4ba4-b335-36b01091c2d5,Neel Saxena,FEMALE,Doctor,1
2da12408-f110-4d19-873a-4d02dbc82284,Theodore Gupta,MALE,Fireman,1
3b4a640e-c6d9-4d8c-b8fe-b1792bddceda,Warinder Ghose,FEMALE,First Responder,1
e8c0689b-aac7-476e-b0f5-f5ced3404449,Anvi Nori,FEMALE,Officer,1
2dc34a84-7daf-4497-8c45-82aca1b071cb,Isaiah Bhatti,FEMALE,Fireman,1
dcaaba39-1bf2-415f-ae43-78dd08cb9649,Radha Sundaram,MALE,Officer,1
bc24f095-bd24-4fa7-bc33-cfb4250e619a,Sudiksha Luthra,FEMALE,Doctor,1
0cc378c8-4eb0-4b28-81dd-dae25c5d6ad1,Bakhshi Boase,FEMALE,Officer,1
92a8cc00-1816-42d2-91af-722b32de4ef7,Irya Merchant,FEMALE,First Responder,1
46071f40-a785-440e-8c1e-30abb0b71d25,Inaya Karan,FEMALE,Doctor,1
6987c7cd-7556-48b8-bcd2-23459a692b81,Upkaar Sunder,FEMALE,Fireman,1
2a231d00-afff-4c1c-a4df-344bb6f386de,Mekhala Dua,MALE,Volunteer,1
c5af05c8-e2f0-4d7b-ada6-a805f064cd1c,Ayushman Tiwari,FEMALE,Officer,1
4f5dce85-86fe-4df0-baa1-805ec5a8a7f1,Robert D’Alia,FEMALE,Officer,1
596d231d-c43e-4bd7-9c00-f72768212df5,Peter Merchant,FEMALE,First Responder,1
b2c91ea3-881c-4cf4-a9b8-e43b763e5727,Utkarsh Kurian,MALE,Officer,1
29c0d453-0e6d-4485-b729-70e54ec31325,Ojas Mand,FEMALE,First Responder,1
a834ed7f-0b87-4019-b407-676a0a0c8ee5,Sudiksha Sheth,MALE,Volunteer,1
450824e5-def4-47a5-80da-ffcd3c89df22,Frederick Pandey,FEMALE,Doctor,1
dfbaa97b-45ea-4c9c-b50e-140c9cccd06f,Farhan Lala,FEMALE,Officer,1
46156a02-8362-4a82-8a44-25e992ab1503,Tamanna Pai,MALE,Officer,1
9b35f292-7cb4-4c0d-9eb6-dbf74d4b522c,Anthony Varghese,MALE,Officer,1
913f1826-38c9-429d-8826-78b36d92ca9d,Aadi Gera,MALE,Officer,1
999d5f2f-c899-4d7b-8b55-768a4d67bc62,Pooja Kashyap,FEMALE,Officer,1
edb0cea6-3306-4729-874a-4be9c35c4cd6,Pranit Dua,MALE,Officer,1
369e647a-89df-4b89-99ad-7cc498aea2b7,Brinda Raj,MALE,Volunteer,1
7f932c5e-8356-435c-a66d-b092a2939051,Fiyaz Nayak,FEMALE,Doctor,1
5e83e842-187d-4b39-b55e-c76bc26ed621,Sudiksha Bhardwaj,MALE,Doctor,1
5316da10-4771-4e2c-9de9-d74e1b7eae74,Elijah Bedi,FEMALE,Fireman,1
646a555d-1dbf-44b9-b22b-6fbe2da94f4f,William Mahal,FEMALE,Officer,1
77632ce6-0eff-4f1b-a202-659ad4841321,Vasana Hora,MALE,Fireman,1
4a04939c-3e50-46bc-89b7-f786f07f88bd,Daksh Sidhu,MALE,Fireman,1
717bac66-941e-4f10-a8b5-cdd25272152d,Unnati Sundaram,FEMALE,Volunteer,1
795c6e73-6a74-4271-8652-5e642745d244,Ekaja Morar,FEMALE,Doctor,1
fe6363cd-8606-4d5d-bac7-4dd728cc1bb3,Ishani Kakar,FEMALE,Fireman,1
990c8f0f-afe8-4906-a967-340eccdd0e7f,Frado Doshi,MALE,Officer,1
01a6c09d-18c2-4248-971a-41e349ec196a,Hemang Shroff,MALE,Volunteer,1
0b489220-85dd-4e0e-91ff-e5aac39d1753,Nicholas Iyer,FEMALE,Doctor,1
8784f426-d671-402c-909b-faa02713febd,Chandresh Dass,FEMALE,Doctor,1
f28c1dea-6649-41ae-b0ec-a590638fe7f2,Shravya Natt,FEMALE,Volunteer,1
de80fe43-f70a-46a8-b80b-84f0d281ecb3,Chaman Bahri,MALE,Fireman,1
103ccd18-bd58-40d4-b86e-00322871d014,Caleb Chander,FEMALE,Volunteer,1
08de1d04-a128-4c95-ba4b-314cad799bd7,Mason Sur,FEMALE,Doctor,1
772ec42d-64a9-467c-84a4-3b803868bd1c,Wakeeta Basak,MALE,Officer,1
0ec6aa0d-5e37-440a-9cc6-8ec0a86e84f9,Harshil Modi,MALE,Officer,1
13373279-00f0-4b9d-b3d0-fdd302a7ffcb,Aishani Chaudhry,FEMALE,Volunteer,1
c384b7ff-0026-4c55-b986-39d8d31b4986,Arjun Bhatia,MALE,Doctor,1
5e5aae27-1b20-4a86-ab5f-3a3e76dc38e5,Charita Ramachandran,FEMALE,First Responder,1
3dfab1e1-b401-4183-af18-b392e9fc5b7c,Yashawini Ramesh,MALE,Fireman,1
73615d15-6756-4fb0-b23f-8f5c6f043105,Max Murty,MALE,Fireman,1
f6d11156-290f-41f6-b320-28b9963947a4,Rachita Mannan,FEMALE,First Responder,1
b737d8bb-b0d3-475b-916a-0dd442725168,Simon Sridhar,FEMALE,Volunteer,1
23e71686-34cf-42b4-888e-1b5119168e64,Kabir Chacko,FEMALE,Officer,1
e4c1bd05-e5b0-4734-9a38-9cc69b19379c,Leela Date,FEMALE,Fireman,1
f3535f0d-dced-4cc9-9613-96087abe0fba,Wazir Ahluwalia,FEMALE,First Responder,1
9cc6294a-1ac0-4966-8bfa-fdc13f791196,Ayushman Panchal,FEMALE,Volunteer,1
0f9c2b5c-479b-4036-a8d0-8dd273658480,Peter Madan,FEMALE,Fireman,1
8103b340-fb58-4abd-98d8-25b34436aae5,Parth Bahri,MALE,Officer,1
3c57fc11-bf96-4316-81b7-171249338ca7,Shivansh Bandi,MALE,Volunteer,1
473e617c-7ff2-4075-8387-c9c8a7ed67d8,Andrew Kalla,MALE,Fireman,1
c0ac4931-d70c-436c-9720-4231b5591304,Vrinda Wable,FEMALE,First Responder,1
a181c86e-2bff-45da-afa0-6525b9d19f46,Saanvi Chhabra,FEMALE,Officer,1
7d73abdf-a29d-4a1c-b87c-cc27c7f6681b,Ayush Shankar,FEMALE,Fireman,1
790df657-c73b-4dd2-81d7-1a5a11a8c9c0,Rehaan Rout,FEMALE,First Responder,1
76b3e317-b380-486a-9689-aa500039e808,Hemang Mistry,MALE,Fireman,1
e8e03be0-695c-486f-94c0-d28e75c7c36b,Triveni Varma,FEMALE,Fireman,1
d9242079-796a-4380-bd17-1a311f4ce92b,Yug Balay,FEMALE,Volunteer,19
746ec27f-e61e-4a4e-a193-d37973d359ee,Timothy Mannan,FEMALE,First Responder,19
5549da7a-0012-4d16-9ce1-b8a685f61a51,Veda Konda,FEMALE,Doctor,19
835217ea-38e1-41e9-8382-26351a5a4bc9,Raksha Srinivasan,FEMALE,Fireman,19
dab1b925-8544-4b2e-9b66-d0bae941078d,Nisha Parmer,MALE,Officer,19
7b177867-ef79-4fe3-96a2-210dcd608e6a,Samesh Chacko,MALE,Volunteer,19
35cf1b41-c1ca-4b6a-89a3-848417f3f02f,Veer Virk,FEMALE,Volunteer,19
aec23744-153c-4c14-827b-ef52caccd34d,Jagvi Dhaliwal,MALE,First Responder,19
f768013a-dfb3-4720-a81c-50770d8fb7ab,Tejas Chaudhuri,FEMALE,First Responder,19
4cd86ea8-66dd-4878-9044-249e2d0e08d0,Hemang Sastry,FEMALE,First Responder,19
6cd68009-c256-4423-8ab3-55382427a3fa,Yoshita Chanda,FEMALE,Doctor,19
68ae847d-0bbe-4380-8691-50c3b152b83d,Yashica Comar,MALE,Volunteer,19
eb754050-3c3c-4b6f-88d2-89b96a879c84,Warinder Halder,FEMALE,Fireman,19
480f8599-0044-45ed-8f3b-2a805401ca2b,Damini Goswami,MALE,Doctor,19
83813551-1dfa-4aba-9a46-fcc887360be9,Harish Barad,FEMALE,Volunteer,19
46b16c4a-c5e4-468f-aecd-c9be48a768a3,Kai Yohannan,MALE,Doctor,19
5d444451-9614-4c88-823d-9f571c312792,Laksh Dhar,MALE,Doctor,19
25271d0f-80c7-452e-a96a-d1f20807390e,Bhavya Balakrishnan,FEMALE,Doctor,19
05e9d052-e694-4206-9dc3-92e91adf1c32,Wahab Keer,MALE,Doctor,19
d4c65bd1-facf-428f-8048-d11d39a9af73,Charita Swamy,FEMALE,Fireman,19
aa7b1b8c-8cdc-4bce-b64d-c630f6e3a95c,Ubika Sagar,MALE,Doctor,19
a45e3a39-31c5-44fa-8c8c-6d022036d1c8,Udarsh Bir,FEMALE,Officer,19
e6f237ab-96d9-47c3-86b6-7d66c410e612,Sathvik Sarna,FEMALE,Fireman,19
36828f22-a230-400c-af2d-2fa40be08cec,Imaran Pal,MALE,Fireman,19
a3e44ff6-c12c-45fb-96ae-92734fe8e355,Qarin Luthra,MALE,Officer,19
ff96ef93-38ee-4694-b41d-4fb0365b113e,Dhriti Borah,MALE,Volunteer,19
5ee33293-4c86-45be-8017-85ec8536e384,Jai Mangal,FEMALE,Officer,19
79bafebf-d71f-4765-910e-17a43505210c,Kavya Saxena,FEMALE,Doctor,19
ce69e3ac-7aab-421c-9ec8-3314dfc9f6c0,Falguni Radhakrishnan,MALE,Doctor,19
5c9cbd30-060d-4ba0-a850-57655e69808e,Sudiksha Dhar,FEMALE,Doctor,19
395a2003-637b-4dd2-b671-287467df20a5,Kai Chaudhari,MALE,Volunteer,19
9e253d91-1c14-4ae7-a074-e34f1dddcadc,Vinaya Kaur,FEMALE,Officer,19
dd607bed-306f-4434-a6e1-25a69af26114,Teerth Sura,MALE,First Responder,19
e65a81db-13fb-4b7e-b7d7-5ea3a674e61f,Jeremiah Sanghvi,FEMALE,First Responder,19
cd8f3f9a-e16f-4811-8961-ca1e2a14ed8d,Qarin Vasa,FEMALE,Officer,19
db4353cf-0254-4b47-b66b-ef39947cb168,Rudra Narayanan,FEMALE,Volunteer,19
b9c2e47f-3b53-437d-b7a2-bc3e500720df,Nidhi Badal,MALE,Fireman,19
36861bf9-ccae-4d65-913c-fa527dcbedb3,Tanveer Dixit,FEMALE,First Responder,19
7d596292-9a90-4a48-ba12-25ad0ae3ef2f,Thomas Palan,FEMALE,Officer,19
0805c61a-dd30-4e80-be8b-34595593241e,Balvan Atwal,MALE,First Responder,19
9e6cf85d-caa8-4a3c-9d42-c86344f44e33,Bachittar Mistry,MALE,Volunteer,19
90efbaf1-4a5d-4079-83e0-0457faf0ac91,Gaurang Bassi,FEMALE,Fireman,19
313bc18a-eee2-44cd-aeac-4ccdd2be702d,Caleb Mannan,FEMALE,Volunteer,19
6a364a10-5d99-4d30-9d43-df4dae1732fd,Manan Bakshi,MALE,Volunteer,19
41544873-86bd-4fa4-b80b-4d17dc3b3a09,Aadhya Munshi,MALE,Volunteer,19
877755d3-b620-45ae-8fa1-b9ed39f0eb63,Harshil Biswas,MALE,Doctor,19
e14b0739-1132-49de-b8fa-7ca1228a9ed4,Deepa Misra,FEMALE,Officer,19
9c441412-ba74-4583-a934-0c3534638330,Wakeeta Bhatia,FEMALE,Volunteer,19
c877b1fa-722d-47ca-9dc9-cb3244ecf41e,Qabil Uppal,FEMALE,Volunteer,19
14f52706-219e-4926-9599-24cbd1dc5b7e,Aditya Misra,MALE,Doctor,19
5284c4fb-d034-4afe-adcc-2b86fef52cd3,Anusha Chander,FEMALE,First Responder,19
c9f27296-7401-4915-b53f-1e8553d89fe5,Bina Keer,MALE,Officer,19
6508af37-3092-4d40-ada7-1042a3cf8721,Yashica Gera,FEMALE,Fireman,19
127935e1-6924-4cd8-8a07-e33122fe82f1,Keya Suri,FEMALE,Doctor,19
9ea54a3a-84fd-4c52-b6dd-1a7bffda7bc0,Chaaya Butala,FEMALE,Officer,19
db507752-d5c3-4e36-b4de-301ce2ee2552,Leela Loke,MALE,First Responder,19
7cd9f863-6fb8-4b2e-8577-2f9f326045d4,Rachit Bava,MALE,Officer,19
b897f547-deba-4931-b58d-7ba205da6194,Frado Singhal,FEMALE,Officer,19
11063ede-0232-4396-b0dc-ee67c53ec371,Dipta Bali,MALE,Fireman,19
3c3c7136-d099-4b7a-9b5d-ec0bf2f34de1,Ikshita Arya,MALE,Fireman,19
553b8630-c95f-4621-9da7-da24067dcd76,Benjamin Narang,MALE,Officer,19
5d38582a-f04b-4a7b-b853-77c5d64341c7,Wahab Chada,FEMALE,Volunteer,19
d78286b7-9284-4ed2-a1dc-cf5c8c3dc58b,Tanveer Saxena,FEMALE,Volunteer,19
b26580ee-1868-47ec-9bc2-fbc018cc50af,Vedant Sastry,MALE,Fireman,19
dc1581f8-29cd-4e8d-8f7f-2da4999025ba,Kiaan Dhawan,FEMALE,First Responder,19
d6a2fe04-a525-43b1-841e-552c31bf83a5,Sudiksha Ramakrishnan,FEMALE,Doctor,19
d80c5f72-4faf-4aa7-bde3-bcf9454370c1,Chameli Shenoy,MALE,Fireman,19
21b3f462-d334-419b-a517-83be13f97ff2,Neelima Behl,MALE,Officer,19
2f1b2c1c-6fb3-4d12-9866-3cb2c50ac352,Oliver Verma,MALE,Volunteer,19
72c2e5ea-ffa9-49cd-be81-b3975dba6c37,Aradhana Venkataraman,MALE,Fireman,19
cae5e2a0-9cba-4028-9157-e8fc5b5597d4,Ekanta Pant,MALE,Fireman,19
0e252c5b-cadb-448c-bd29-10999ecce757,Kevin Apte,FEMALE,Fireman,19
fbad37fc-3f81-4ee2-9df6-dd2abb4de6e2,Meera Ganguly,FEMALE,Doctor,19
f89fea8c-7671-4b23-b78b-445c02aa3561,Yuvraj Gopal,FEMALE,Fireman,19
428d158d-74c3-4390-b01d-1e76d1db3970,Mohammed Sandal,FEMALE,Officer,19
de4bf732-0fa3-467d-baa7-8ce4e01fdf47,Mason Sekhon,FEMALE,Volunteer,19
1affd451-d0a0-4054-a8e6-2192c19bdfaf,Darpan Toor,MALE,First Responder,19
2cdc6cc8-5251-4093-8873-63186b16ab75,Kiaan Kala,MALE,Volunteer,19
73e7d025-0942-4edf-bde9-4efdc6f60735,Daksh Agate,MALE,Fireman,19
54db69d1-53cd-4a44-a624-b5b73d0897b6,Aadhya Thaman,MALE,First Responder,19
4ba44bc4-bb09-48d1-a580-768640694380,Agastya Sharaf,MALE,First Responder,19
78093780-8220-43fc-a884-35c587823828,Aradhana Sarraf,MALE,Volunteer,19
c49015f7-7d61-4064-a5ab-d9899cd1ba47,Gopal Dasgupta,FEMALE,Officer,19
105330d3-5ec7-4d0a-a727-ce5abd700f4c,Lila Som,FEMALE,Officer,19
0470e90f-eac8-44a5-a819-8fe6dcce9309,Samar Chada,FEMALE,Volunteer,19
295eef83-37d8-4713-9c79-fa42616a8cc2,Vidhi Krishnamurthy,FEMALE,Officer,19
7eff140d-dba6-4614-a9e4-1a79bfd964d9,Kiaan Rana,FEMALE,Doctor,19
3f73b072-c045-47fa-abb5-7cbb330ba982,Tara Manda,FEMALE,Officer,19
a098eb85-2789-4568-af5d-1298e2c16ae5,Veda Vaidya,FEMALE,Fireman,19
268be68e-6b06-4723-adea-b7f181b36a20,Varenya Hayer,FEMALE,Fireman,19
f07d265f-e7a6-495c-b080-6207384e0e4c,Kai Dhillon,MALE,Volunteer,19
9b14eca9-853f-4e4e-a424-2e7f4156561f,Ishani Nagar,FEMALE,Doctor,19
06ea7f61-3836-4f48-a012-b7293ca02392,Gaurangi Chacko,MALE,Officer,19
d6760ed2-82e7-4002-a02f-9624725832b8,Aadhya Chaudhuri,FEMALE,Officer,19
4c0c191c-675a-47d6-ab57-d986c9602f72,Tarak Nadkarni,MALE,Doctor,19
6d418b48-3db0-426c-b50e-293c417e1a6b,Vansha Sachdev,FEMALE,Fireman,19
14d6664b-8af8-4b7f-b228-bfabda6db94c,Ekapad Sant,FEMALE,Officer,19
695b6b57-5cb6-45e5-b7ec-cdc5eba01f84,Kavya Sinha,FEMALE,Volunteer,19
b22a9456-5eca-4f89-ae1f-4b11c5d33fc6,Samesh Kannan,MALE,Officer,19
2917a56f-8866-4b9e-9724-af81b903ceb7,Thomas Mane,MALE,Doctor,19
7fa17317-9b4c-4198-b09f-5af03665c2fd,Sanaya Buch,MALE,Fireman,19
046c8afa-b5b8-4860-92e6-a3f6ffdb71b5,Watika Uppal,FEMALE,Doctor,19
7d4f12a0-e794-425c-a336-e2f6c3103532,Chaitaly Koshy,MALE,Volunteer,19
5600e417-bfd1-4fba-87e1-5db38e622c6e,Vivaan Hari,FEMALE,Officer,19
66a3409c-86da-4fdb-a017-ab9ee5f82623,Eiravati Chatterjee,MALE,Fireman,19
3d87cc70-6691-4472-9659-a88dd0e34777,Gautam Chand,FEMALE,Doctor,19
b877069f-04c0-463f-abe4-d2501db67388,Zaitra Chahal,FEMALE,Volunteer,19
717c21d3-c12e-4252-9141-6bb03564f23f,Radha Sastry,MALE,Officer,19
f05bf341-8dfc-4093-bf4c-b7f79d5f8e5e,Utkarsh Zacharia,MALE,Fireman,19
ebecaf66-729d-4605-88ca-d77cf8a656a1,Frado Bal,MALE,Fireman,19
612a68a3-8db3-4d50-a0a5-bb3f955f35ee,Dominic Sehgal,MALE,First Responder,19
7755f78d-5cff-4255-b51f-2e591fdc5fe7,Rehaan Dash,MALE,Doctor,19
5764a2d6-72a4-4cd4-ad47-4d39a9ccbf1b,Anita Garde,FEMALE,Officer,19
5fcbe184-4913-497c-92b3-bc2b96950447,Harshil Sunder,FEMALE,First Responder,19
d0db1ed3-6233-4ed5-a683-06668171e4fc,Nisha Mahajan,MALE,Doctor,19
cbb2691b-a20b-4724-bc44-42af78a971a9,Sanaya Kumar,MALE,Fireman,19
e77be65b-62d0-4d67-8144-11624b215fd3,Kamala Chandra,MALE,Officer,19
7cd72217-f6d1-43fa-a35d-b820a2a17bec,Sai Gera,FEMALE,Doctor,19
73479333-3747-427f-b754-fa65d201b477,Lopa Date,MALE,Volunteer,19
0792540b-5450-4a76-a085-b7e4f330bf2f,Samarth Kibe,FEMALE,Fireman,19
c9a5dd60-98ba-4cef-92cc-4c5dd55bc193,Gautam Vala,FEMALE,Officer,16
8019c265-d060-4a5a-a4bf-20a750fbb18f,Fitan Pradhan,MALE,Fireman,16
f8477e57-549a-4e5c-9063-c2c449dc3a86,Ansh Khurana,MALE,Doctor,16
aec0afc0-410a-46d4-b405-5a8b167312d7,Chakradev Suresh,MALE,Fireman,16
0465aed2-03d2-4596-bf6f-ee57e0a6be91,Kavya Bahl,MALE,Officer,16
aa9657fd-cd07-4cc6-b5ac-6489c0da6254,Daniel Mukherjee,MALE,Officer,16
47ed1231-38f7-4513-b40c-7a172cd5dc0d,Gabriel Chahal,FEMALE,Doctor,16
3fcda739-ac16-4fc5-8453-68e832cb6100,Lavanya Mukherjee,MALE,Fireman,16
53cc1c6e-b864-4ce5-beac-2ba86c5dc351,Geetika Sane,MALE,Fireman,16
58f4e7b5-a060-4655-994c-2f5809b2748a,Nakul Seshadri,FEMALE,First Responder,16
c8848d72-6f14-43bd-a76a-0f16b9da9cb3,Vasana Pai,MALE,Fireman,16
79ecb1a3-c576-485d-ae46-5e6a97e8f8d2,Sanaya Kade,MALE,Fireman,16
403586f4-ebd2-44b0-a56b-f0fc11ba4bae,Triya Chada,FEMALE,First Responder,16
c4524ad1-1103-46f1-ac5a-c140c46e660e,Aishani Gaba,FEMALE,Volunteer,16
2bda6626-3731-4576-8688-e71801e5b6f8,Priya Chauhan,MALE,Volunteer,16
aab63e9c-580a-4fc7-a1f8-037c23f297e1,Pahal Dara,FEMALE,First Responder,16
b2437d74-f546-43d6-a322-8f3e4142b56c,Widisha Rout,FEMALE,Doctor,16
f509b744-5598-46b2-b4f7-00fa0d46a937,Waida Krishnamurthy,FEMALE,Volunteer,16
a3cb13d0-408a-42cf-bac6-4034e7b51283,Om Merchant,FEMALE,First Responder,16
815398b9-bc1b-46dd-96be-8a4c4599607e,Sathvik Balakrishnan,MALE,Officer,16
2fa06ee4-7f45-4e1e-ae10-35a5693ed846,Bakhshi Deshmukh,FEMALE,Doctor,16
d93a09ce-195a-497c-9758-605527f32539,Saumya Halder,FEMALE,Fireman,16
71a7e29b-069b-4562-8051-8c12492d42af,Kalpit Hans,FEMALE,Officer,16
07af88ec-b822-46d1-99bd-ab6cbea6e4d6,Eta Taneja,FEMALE,First Responder,16
1559c5ba-492d-47e8-8943-787f81d09b65,Ojasvi Ramesh,FEMALE,Volunteer,16
202efc65-11ba-4304-9c0b-8a10ba3b72b2,Yash Tara,MALE,Officer,16
b237444d-f08d-4245-9864-54b036f2692c,Anamika Krishnan,FEMALE,First Responder,16
2bd2ac61-80d1-462c-9c1f-b187e5f8b33f,Sai Kala,FEMALE,First Responder,16
8df59d55-786a-4ad0-8f2a-8d9dea2ec87a,Michael Nayar,FEMALE,Volunteer,16
ae84ba13-91c2-47d8-aff9-cc7707e7ba99,Mahika Yohannan,FEMALE,Fireman,16
8e41e3c2-35ac-4419-afa9-ae695ddb4beb,Tejas Jaggi,FEMALE,First Responder,16
2d082b6b-6330-44ca-ba16-cfd145eaf166,Hemani Karpe,MALE,Officer,16
0fcfa015-490a-48ee-a522-ed2acf4a13f1,Tristan More,MALE,First Responder,16
148d1f22-1d11-4e1f-8121-222949d14701,Nimrat Amble,FEMALE,Fireman,16
85760120-dd56-4924-aa8d-526691f939dd,Utkarsh Handa,MALE,Officer,16
e477c3b9-05db-4e54-acba-d139553720de,Naksh Goswami,FEMALE,Fireman,16
f5b5d9f7-db9e-4795-998f-13a641de47c5,Yutika Bhat,FEMALE,Volunteer,16
04c691d2-5c6f-45cf-8c89-79d2ca71a160,Chaitanya Andra,FEMALE,First Responder,16
85a260a4-c068-4b04-ae0a-873f544c6251,Oscar Garg,FEMALE,Volunteer,16
ce643ca5-dac8-4ac3-b9a4-59b8b9ec7cc2,Yasti Warrior,MALE,Officer,16
4d7b9f55-b2db-4375-9bae-dcc3d76ee8c9,Jagrati Saraf,FEMALE,Volunteer,16
b4819c79-808f-4e5a-a943-6aff74599443,Nimrat Nadig,FEMALE,Officer,16
08f47b8d-25d0-4454-8f35-cc48e0ff493f,Nidhi Goda,MALE,Volunteer,16
4126160b-099b-496f-bbc6-610e1c0d6bc5,Tejas Mittal,MALE,Fireman,16
0a2a3ae4-5f66-4cb0-8841-fd2fc9f61b7f,Udyati Prasad,FEMALE,Fireman,16
b252c67e-3ecb-4b84-a09d-ab8fa716102e,Radhika Panchal,MALE,Doctor,16
4c8f528d-fb2b-4cd0-98f8-98e374731d99,Peter Deshmukh,FEMALE,First Responder,16
8622e319-bcef-45b9-bdf9-7727b1f8067c,Varsha Sule,FEMALE,Fireman,16
cdc3f0b8-2bf1-4c83-9531-ca044ed9637e,Yashawini Walla,FEMALE,Doctor,16
86744312-2e4b-4384-ab37-315422d0715d,Peter Mall,MALE,Officer,16
ee7108ee-5c38-45ed-8a0b-159730301911,Oviya Batta,FEMALE,Volunteer,16
b992a769-fffa-4c6a-b092-0ddf40dfdbed,Qarin Doshi,MALE,Fireman,16
e7d7eeaf-8175-4eb7-ad8f-94b2f29c65c6,Megha Lanka,FEMALE,Officer,16
623e3107-3821-4b6a-ac8b-df292583e06f,Charvi Arya,MALE,First Responder,16
584633e4-6a5d-4f86-8729-b189ec8efb6d,Oeshi Mall,FEMALE,First Responder,16
9ebb3f79-35f0-4818-b66d-16e73a2ebbf8,Naveen Prabhakar,FEMALE,First Responder,16
ee528bd4-432e-462a-962d-c5194793bd9c,Joshua Samra,MALE,Volunteer,16
93fde745-a4cf-4a4e-a129-0356b7a4dbe7,Vasudha Bawa,FEMALE,Officer,16
2fea7584-03dd-4014-9d38-166ee384462e,Janani Saran,MALE,Doctor,16
91dcbc8b-1663-4161-83da-8018ad623ff4,Udyati Vig,MALE,First Responder,16
c5df3026-bf80-4794-9812-a372d6b4b4d9,Ojasvi Sahota,FEMALE,Fireman,16
403a731f-a127-4dfb-b11e-458a7b061639,Yagnesh Mall,MALE,Volunteer,16
451b56f7-1791-4380-9e94-0eee69844281,Balhaar Dada,MALE,Fireman,16
bc0fef5f-83d6-4716-8867-4a5050a3a9b3,Qarin Sarraf,FEMALE,Fireman,16
d1db0385-8f20-4cf3-a959-d203d07cb867,Ranveer Chana,FEMALE,Officer,16
bb0ec11a-7dcc-468a-a38b-445ba507641f,Champak Kala,MALE,First Responder,16
a97e9b1a-2ccc-4d4c-bd24-f69dc2525edc,Pranit Tata,FEMALE,First Responder,16
23624b14-dab0-474c-a77a-f2657d2d9373,Barkha Pandey,FEMALE,Volunteer,16
ad75f33f-2eb9-484a-92aa-d3e0affc0b05,Krish Dyal,MALE,Officer,16
6da10461-c8c5-4baf-aac9-b7467ec45796,Daksh Deep,MALE,First Responder,16
c9df891f-d341-46fc-b20b-a8b85ede2252,Harini Tripathi,FEMALE,Volunteer,16
841d0cfa-876a-40c2-8cc4-026631e15644,Farhan Hora,MALE,Fireman,16
426a5532-a25b-4a96-9c17-33fbdde544ec,Baghyawati Wadhwa,MALE,Doctor,16
b87ac557-be13-4b1e-9102-4042fb9126a6,Jagdish Doctor,FEMALE,Fireman,16
a89e547e-55e2-470e-8058-13e484d71794,Owen Datta,FEMALE,Officer,16
01e08dbb-f6b3-46c7-af8b-2cdd48e2d1ea,Ekavir Shanker,MALE,Officer,16
16761b85-8e7e-4dbd-89fa-c4bdb47a187f,Panini Dhar,FEMALE,Volunteer,16
436c65f8-4100-4680-b0a5-8248587aa574,Amol Kant,MALE,Volunteer,16
994e7a7a-36ad-484c-9f34-eb490f89ee1a,Yadavi Saha,FEMALE,First Responder,16
3f8baf76-222e-4fc4-a8d5-339f06929e4d,Lipika Dutta,FEMALE,Doctor,16
8de1f0f9-aa71-4571-abf4-db782a2580e7,Bahadurjit Dhar,FEMALE,Fireman,16
82758fb8-d503-4d70-aec6-7278e8ddc453,Raagini Anne,MALE,Doctor,16
f0af8891-6e01-4d44-b8ee-9b2d91b2caae,Ucchal Narang,FEMALE,Volunteer,16
50130dab-5e17-4c0e-bcf1-86dcd156a3a4,Daksha Nagy,FEMALE,First Responder,19
dad4ccc3-d0d9-4605-8c6f-f41fa448fe74,Samar Merchant,MALE,Doctor,19
1371e160-ee50-4a69-8756-473e578d669d,Orinder Raja,MALE,First Responder,19
241bf48b-1d7f-4b19-b6c6-ca9c8309105d,Daniel Deshmukh,MALE,Volunteer,19
41124d7e-c219-4be1-bbdc-ef1e5209689f,Charvi Bhattacharyya,MALE,Officer,19
52b0bede-102a-460c-814d-da81facee9b1,Harish Mistry,FEMALE,Doctor,19
788ad9ab-bad9-4944-b8d6-7c38726f7479,Advika Wadhwa,MALE,Doctor,19
14ae1566-9c6c-4c27-a60d-8605f6068729,Oliver Dixit,MALE,Doctor,19
2d3eeede-cbba-4042-aac8-99e00742c35f,Ojas Deol,FEMALE,Officer,19
e94d344f-71b0-4232-9cc8-501a76b78471,Aashi Deol,MALE,Fireman,19
350815a1-f8ca-4c3b-9ba3-f88b6bd86e7e,Aadi Mukherjee,MALE,Officer,19
ff8791b0-47df-4549-8272-3ca9537453fd,Hema Dayal,MALE,Doctor,19
0f4d2fd7-b14c-4fea-9f76-73c43eabbfaf,Hamsini Barman,FEMALE,Volunteer,19
020c8a34-d9bd-476f-a227-5c6f16ee3cbc,Rushil Muni,FEMALE,Officer,19
183d7b9a-c395-45ba-81e2-3bfc9394e355,Ronith Hari,FEMALE,Fireman,19
4efb019c-d2cf-4254-9c3c-3ca430ad2a17,Zilmil Mani,FEMALE,First Responder,19
e653e05e-3a86-44b1-a960-16d4d556ebd6,Edhitha Jani,MALE,Fireman,19
04c7061b-c6aa-4f44-8e04-2be196d4df3d,Timothy Chaudhary,FEMALE,Fireman,19
e222bfd2-a958-4166-8006-94f70ceeab10,Mitali Chana,MALE,Officer,19
62b7234e-bbdb-4f61-bb62-6728b6000319,Aarnav Borde,MALE,Fireman,19
4da30dfd-39c8-4f31-bae6-7d60d3943552,Ladli Bora,MALE,Doctor,19
f343c757-9e17-488a-b8a2-db7315b54d47,Mahika Bhasin,MALE,Officer,19
db35324a-25d8-44c9-97f1-2994c5dc7026,Upkaar Bhattacharyya,MALE,Doctor,19
e86884cd-feef-45bc-947d-2a02b46524fb,Gaurav Murty,FEMALE,Fireman,19
5146c7bd-1c0c-4e04-b791-a831bdc9125c,Ladli Ram,MALE,Doctor,19
7ca8a72f-f7ec-48b8-bce0-051efd96794a,Laksh Mutti,MALE,Volunteer,19
85271cd7-0f5d-4c34-94b7-3ec3e87800f2,Neelima Dhillon,FEMALE,Officer,19
a62b11d5-a879-4f22-8d39-87b73664e94f,Varenya Sangha,FEMALE,Volunteer,19
d931107c-de97-46b8-8446-d66110a576e5,Yahvi Palla,FEMALE,Volunteer,19
3b8278c5-9082-4d6a-befc-2c68369f8fe4,Keya Kaul,MALE,First Responder,19
442ea108-7cbf-43ab-9856-753550ecdc32,Tanish Datta,MALE,Volunteer,19
53a678c7-6d49-4cce-ab52-eee1f6a61740,Idika Raja,MALE,Officer,10
4824cc10-f29e-4bc9-8e0e-f5d3ea40aaa2,Inaya Joshi,MALE,First Responder,10
4ae08e41-d809-4e05-ba79-a52e6f4822d0,Geetika Doshi,FEMALE,Officer,10
7f936f79-2c16-4ffb-a29c-8245fa6042e2,Wyatt Handa,MALE,Fireman,10
8f99672a-74d8-4eeb-bd73-7162e831b99d,Kiaan Kaur,MALE,Volunteer,10
c7385bf8-038a-4c62-8a44-b590f495690b,Devika Varughese,MALE,First Responder,10
44b3894c-d8e4-41d1-a940-fb004b424072,Vedant Chander,MALE,Officer,10
515774e9-ecb3-40d1-9d16-245e93dc8ebb,Lakshmi Krishnan,MALE,First Responder,10
bfe5eb3e-a919-41ee-a3ea-e5680635e2c3,Mitesh Sankaran,FEMALE,Volunteer,10
7e2532ca-60c3-4541-8dd8-41d834b98e2b,Raagini Chaudhry,FEMALE,Volunteer,10
0c11f10c-3ef9-45a8-a096-2e069bb21eb0,Wazir Mane,FEMALE,Volunteer,10
68747d5d-e142-449f-98d9-37e737c4f27d,Lavanya Sankar,MALE,Volunteer,10
371ed743-41aa-4a5b-851e-fbef317fe722,Harita Pandya,MALE,Fireman,10
491dc9d3-f4b1-423a-bf52-4ac49ff98259,Patrick Dass,MALE,Officer,10
47668e17-86e3-49b0-9a6b-03803bcbad1b,Lila Manne,MALE,Officer,10
11d6e4e8-0d48-429d-914a-3c247ede9633,Ubika Saini,MALE,Fireman,10
a6cfd2b4-474b-4989-9db5-461aedce38a2,Jagvi Pall,FEMALE,Fireman,10
411c441c-c0ce-4e7b-81dc-2abefc8e3e04,Dhruv Sangha,MALE,Fireman,10
d41f6897-ed13-4a8a-aaaa-d07fbdd97fcc,Ethan Sant,MALE,Doctor,10
8ff97fca-8650-4e67-a8d9-0fcbc6fa47f0,Omkaar Thakur,FEMALE,Doctor,10
53065191-0b37-47ae-b16b-3a78820810e4,Waida Krishnan,FEMALE,Officer,10
c59f197a-fc2a-4baa-8b71-931c3ce2693a,Tanish Gala,MALE,Doctor,10
f16d812e-242b-4c42-82ae-c85bdf2bf01a,Nitesh Ray,FEMALE,Doctor,10
96f7c2eb-b141-4c3e-b8c3-5759a6bf8dad,Dakshesh Kannan,MALE,First Responder,10
6b864074-3f97-4864-8634-f58ba682966a,Anya Jaggi,FEMALE,First Responder,10
c3eac73f-3def-4994-9586-6cb0220bc4eb,Ishaan Loke,FEMALE,Fireman,10
3d6d6a8c-13ef-4114-9a39-f977a0769de8,Kala Tailor,MALE,Volunteer,10
5112321c-77bd-4987-987e-baaed9ca1c05,Gaurav Lad,FEMALE,Volunteer,10
fe0afc09-e529-4def-9557-83ca256b94e6,Balendra Lata,MALE,Fireman,10
4c83831a-3553-401a-9c02-69829c96b949,Madhav Borde,MALE,Fireman,10
000b4bc6-94f2-40df-917f-ac743cec7473,Vansha Din,MALE,Doctor,10
014934ce-729e-438b-b88b-635825f7a8c9,Damini Kunda,MALE,Officer,10
5d6d526f-d341-4d26-8112-aa61177e6f05,Divya Roy,FEMALE,Volunteer,10
1d38c0c5-e8e0-480b-b458-0e683a98557c,Elijah Bali,MALE,Fireman,10
918fd4bc-26cf-459d-9a9d-860ac79f0e45,Lajita Kala,MALE,Volunteer,10
8ea5bb40-6b89-44a1-a15f-29780021b608,Dalbir Sunder,FEMALE,Officer,10
ea741187-5e8a-430d-8d93-de5bfa9d0ddd,Xavier Jaggi,FEMALE,Fireman,10
008c7dbc-897a-4b95-b41b-9d6cf4e0b920,Tarak Bhatti,MALE,Doctor,10
8415fd6f-ebe5-4508-8eb9-094e40d44123,Edhitha Guha,FEMALE,Officer,10
b849a0fe-3b05-4ea2-8d23-09ed93d1bf90,Luke Salvi,MALE,Officer,10
eca037d1-cfa6-4460-b9f3-1ed74127faaa,Tanish Anand,MALE,Officer,10
31e4b483-8aa1-4328-b7e1-a7a76915ec62,Abhiram Nanda,MALE,Officer,10
63003d3f-e383-4963-9796-da0dc2f603a4,Rachit Sarkar,FEMALE,Fireman,10
71be0467-a0fa-42fe-91cb-a5fc67d2753b,Nikita Sarin,MALE,Doctor,10
540a39f7-ced3-4261-b412-699e54f913fa,Lajita Sabharwal,MALE,Volunteer,10
fe466ac1-9012-475a-9094-969fa49a313f,Manthan Dua,MALE,Doctor,10
38219747-cdb1-4f01-acc7-58082f6a3c3f,Bakhshi Bath,FEMALE,Fireman,10
f10c7797-4c59-47e1-89d8-13c39774066b,Oviya Salvi,FEMALE,Doctor,10
8739e4f1-0291-4042-a211-a8fa853ef40e,Brijesh Lal,MALE,Volunteer,10
0c4257e2-09bf-4025-92fb-daed96b11622,Nitesh Shan,MALE,Doctor,10
5e785fb8-eea4-4247-91e4-2bc2321e603a,Atharv Loke,MALE,Officer,10
ec5aad29-0efc-4ae9-9317-87f670b8ea1b,Dakshesh Kala,MALE,Officer,10
c4679761-e054-472f-bf0c-1a2f43d676a0,Ekansh Gade,MALE,Officer,10
86f145f6-4a11-4bf3-922e-db123b3c7564,Victor Dutt,FEMALE,Fireman,10
0c976264-bb14-4000-bd12-123fd63848e3,Anthony Mane,MALE,First Responder,10
3fd0c8a4-7153-4091-b786-00b329d253c3,Yahvi Parikh,FEMALE,Fireman,10
ab84fa92-acab-4f9b-a616-ac9b4a185946,Vritti Jha,FEMALE,Officer,10
ed09b3fd-e3d8-420c-83cc-2cdd2d2cdeeb,Janaki Kakar,MALE,Fireman,10
4b79fabd-3062-46ee-b3cb-acc1bb9659a3,Nandini Chadha,FEMALE,Volunteer,10
f8a4fa98-a5f2-43df-b89b-98b41d5998cd,Samarth Sibal,FEMALE,First Responder,15
23a0faec-bfc0-40ee-b7d5-beb2428f155a,Chakradev Dubey,FEMALE,Fireman,15
8597178b-8f31-478b-862c-e401b90bfe2f,Urmi Mohanty,FEMALE,Doctor,15
c788101e-2201-4c00-ac0e-3e8f6323ff2b,Damini Purohit,FEMALE,Volunteer,15
dcc0503f-eebf-47ac-b9e4-68e344819e00,Balveer Karan,FEMALE,Fireman,15
de3ff726-0c84-4a2f-9ee2-6f0829d97e6f,Devansh Naik,FEMALE,Officer,15
449c4a27-50aa-45c9-a0ce-7660177bcdd0,Harinakshi Garde,FEMALE,Volunteer,15
663ffcb2-b71e-4c17-addc-af6a0e71f8e6,Waida Dutt,MALE,Doctor,15
fc0104b3-67f3-49f2-bafb-a7de0cfdb1b6,George Zacharia,FEMALE,First Responder,15
43c69475-aed7-41a1-ba51-75339455116c,Avni Raju,MALE,Volunteer,15
408b9b01-93cc-4c07-95ef-e61bd4354aec,Praneel Gera,FEMALE,Officer,15
073109a7-de8e-48e3-9166-3ea757d05ce6,Zaitra Edwin,FEMALE,Doctor,15
eaece257-5781-44ae-b023-b6b8da775c1e,Ekiya Varkey,MALE,Officer,15
b8da6581-86c1-4249-b56f-243ab3a59862,David Bains,MALE,Volunteer,15
e929a2a4-35af-4b40-92cd-d6df77769d20,Nisha Guha,FEMALE,Doctor,15
890521c2-0f9b-4b49-a1d3-8a453fd6cef1,Shravya Bail,MALE,Doctor,15
e5774a63-7d7a-4fcc-9532-6265983f80c5,Tamanna Varty,FEMALE,Officer,15
42399624-18ea-4a7e-8d0e-34e49487f203,Mitesh Subramaniam,MALE,First Responder,15
3359a183-3ad1-452f-824e-f32c115ce483,Caleb Bhatt,FEMALE,Officer,15
51a354ef-c533-4fa8-b048-83eaadcaa86d,Nidra Sarna,MALE,Doctor,15
7bfdcdba-8739-4489-afe5-7b80a062adb4,Omkaar Maharaj,FEMALE,Fireman,15
2cb52adc-6a86-47fa-9743-902d420fe44e,Bimala Karan,FEMALE,First Responder,15
a3664f07-361a-4979-bc39-fc3378896334,Advaith Nazareth,FEMALE,Fireman,15
f41f5f01-e0cb-4d70-a3d6-be03d7ab8908,Arya Narayanan,MALE,First Responder,5
13a8e4d3-859b-49d7-9d0a-89ab4ea24839,Chanakya Kohli,MALE,Fireman,5
3fed8415-f72d-4597-b140-3fe5b1ab93ac,Deepa Baria,MALE,Doctor,5
9f41a263-e214-4b10-b0e6-ac1c6c0ae612,Dhriti Karnik,MALE,Fireman,5
ef42bf15-6cb6-4cc0-ac23-2036d8668c12,Leena Soman,FEMALE,Fireman,5
18199f46-ba3f-4a71-8957-4b75e9f4526b,Osha Nayar,MALE,First Responder,5
e660f13e-dcf0-4a2e-9e96-dfd38100633c,Bachittar Kapadia,MALE,First Responder,5
c589a998-f9ab-49c7-a3b2-08fc2d9b97be,Baljiwan Brahmbhatt,MALE,Doctor,5
8473a026-df2d-4d80-ae7a-74e36ad6f6d1,Mugdha Seshadri,MALE,Volunteer,5
9122b2c0-95e2-4042-a40b-4fbe6ebee12b,Jason Kala,FEMALE,First Responder,5
fab6756c-0021-4ca6-a022-bd458c63c04c,Xavier Shenoy,MALE,Doctor,5
b8fa4beb-3e82-4d2c-869d-ebd904e20c27,Charita Cherian,FEMALE,Officer,5
3687c828-ef03-4077-a9c4-444b7d0906a7,Wishi Sarkar,MALE,Officer,5
13ad965b-a603-4cf5-ba9f-0a3470685d68,Ridhi Aurora,FEMALE,Officer,5
d6b75420-b47a-4c94-a8f6-4deb757bb288,Jeremiah Keer,MALE,First Responder,5
ee5f6082-3ed2-4851-aec0-06523500e96d,Meera Nayak,MALE,Volunteer,5
3e93d4ec-6f35-43c8-8023-9ebb939068c7,Yutika Babu,FEMALE,First Responder,5
f4d3e406-9a45-40a7-bdb4-82503f2a1b40,Frederick Chacko,MALE,First Responder,5
a7ae0420-bc46-4245-aa3d-af6772f05c32,Oni Shetty,MALE,Volunteer,5
d47eae92-d550-4236-afa2-37fd25dca4aa,Mahika Dhillon,MALE,First Responder,5
13f1c507-0480-4ebf-9c22-47a421c7ee5d,Maanas Kaur,MALE,Officer,5
f6128ab5-2095-48d5-943f-b947344aaaaf,Mohammed Sidhu,FEMALE,Volunteer,5
b5a2b759-64dd-47dc-ba8b-dae03a7494fd,Chameli Pal,FEMALE,Officer,5
bc5c977c-236f-474b-9b17-5a786c74c1a6,Unnati Chakrabarti,FEMALE,First Responder,5
dde88d4a-e1b4-4669-94a6-c7cfc70b2931,Saumya Basak,MALE,Officer,5
d3f64b41-4fe9-4e02-98cb-ec3ffb66d3ba,Tanvi Rajagopal,FEMALE,Fireman,5
27776aeb-4475-49ed-ab8d-6739f68f4ba1,Gaurangi Parsa,FEMALE,Fireman,5
37de271e-1f9c-4728-96e2-b78d48404d7f,Jalsa Bal,MALE,Doctor,5
daa64232-a470-4670-be25-7805e399e81c,Saumya Aurora,FEMALE,First Responder,5
f48d374e-0ecb-45dc-8b0f-696bb253af12,Vincent Srinivasan,FEMALE,First Responder,5
0b5c5331-3f80-4933-8258-891af5ef04b2,Bachittar Behl,FEMALE,Officer,5
c9e1bf7b-2b78-48ab-9817-8c0db7f2962f,Omisha Balay,MALE,Fireman,5
a1faeed7-3b12-4b68-99e5-171cad4fd886,Nitara Ghose,FEMALE,Fireman,5
24784fec-c76e-4419-abeb-874c4e9197ff,Alka Merchant,MALE,Volunteer,5
2d72e9fd-a5df-4244-b43c-2945b8681ca3,Yachana Bansal,FEMALE,Fireman,5
44292806-41d1-4bb0-9ef3-f862a316843f,Warda Choudhury,MALE,Fireman,5
3cdb5568-05bc-442b-97fd-6580785b40a1,Rachana Sahota,FEMALE,Doctor,5
4d38364a-f1ef-4382-b964-6f6d51ce796d,Chakradhar Murthy,FEMALE,First Responder,5
7306b820-0ebd-4657-816a-a2cb4a4e0d9c,Hemangini Vasa,FEMALE,First Responder,5
2e18a2d5-564f-47f2-ae9e-ca83746c3605,Kamya Dey,FEMALE,Volunteer,5
ce77e0a0-a004-43e6-a918-d7c855c6430c,Kai Manda,FEMALE,Fireman,5
f6813295-73aa-457e-b86c-ddfa7e95d580,Bachittar Chanda,MALE,Officer,5
57db37ed-1157-4a61-b1d9-aca9fad17664,Maanas Bhattacharyya,MALE,First Responder,5
1c2de048-960d-4fa1-b24f-e38ca185ec7c,Madhavi Krishna,MALE,Officer,5
e61829b0-d75d-4a8b-9e30-a96f6eb5ccd3,Chakradhar Kohli,FEMALE,Officer,5
d0474615-d2de-4977-9887-673e88d18e3f,Ekansh Vohra,MALE,Doctor,5
29ab025f-6228-432b-b7b7-02fdae8638d6,Advaith Devi,MALE,Officer,5
183ad61a-e2ba-435e-be8c-367326fa2489,Farhan Sule,MALE,Doctor,5
68355e56-eba9-442c-9c57-1e281f93cef4,Christopher Kade,MALE,Doctor,5
ecb7bf33-ecbb-41f8-bc40-610699716faa,Indrajit Hans,FEMALE,Fireman,5
8799dcc3-273a-4839-b7bb-3338553d4be2,Odika Bal,FEMALE,Officer,5
40118a91-2b86-4f4e-943e-1cd1ed2c921d,Harrison Bahri,MALE,Fireman,5
9bd09bc2-d854-4cec-bb89-98ef465960d1,Joshua Chaudhuri,FEMALE,First Responder,5
142960d8-49c8-49e4-b71d-f0524146b539,Yadavi Gokhale,MALE,Fireman,5
5bcf089f-0fe9-436c-87e8-b5fcec158b45,Sachi Peri,MALE,First Responder,5
8291db37-43b9-415e-a908-9400baca2203,Harsh Nayak,FEMALE,First Responder,5
657d5533-90a3-4654-b990-c78b569e9b9b,Arunima Varma,FEMALE,Doctor,5
823e79e4-88ba-42bc-9616-159c4e4eec09,Forum Kala,FEMALE,Fireman,5
72cbf935-3365-4c42-8497-21eaee38074e,Anita Dubey,MALE,Doctor,5
5ba19a29-2258-4871-80d0-3752806d8bd1,Dayamai Nagi,FEMALE,Fireman,5
56a8c50a-e4de-4cc5-8116-891c635cfcfb,Irya Parikh,FEMALE,Volunteer,5
208e2074-5913-49d6-80b6-af601b434e97,Nathan Ganesh,MALE,First Responder,5
8d52a80f-9110-41e1-997f-be2b642e60ba,Samaksh Sawhney,MALE,Fireman,5
f77ed4c3-0324-493d-bd95-9c21c1b4067a,Vasana Solanki,MALE,First Responder,5
91373a98-031d-4ffd-9d38-9359c7856c30,Urmi Menon,MALE,Doctor,5
b5220878-4cbf-44dd-b6ad-98aa9c6f7bb6,Dipta Chokshi,FEMALE,Fireman,5
f5029322-8764-4adc-a86d-e4f17bbc1d3c,Yadavi Vasa,MALE,Doctor,5
104a9d8b-df3c-462e-be77-0ce73e7298f2,Anika Prasad,FEMALE,Doctor,5
ed976017-0bf6-4095-8014-687a1fe0309e,Umang Kurian,MALE,Officer,5
fc4c0816-ffdb-4f87-be32-011dc49e6beb,Chatura Mand,MALE,First Responder,5
7f8f5209-3113-4456-9647-c82d6aeb6acf,Arjun Ram,MALE,First Responder,5
102de82c-b384-40be-9825-09437553d391,Tripti Kaul,FEMALE,Doctor,5
9dbfec4e-8ce5-4fa9-9ddd-ff8ed6b28012,Anmol Ravel,MALE,First Responder,5
de6927ca-7076-4080-a3dd-e01053d17909,Neelima Karpe,FEMALE,First Responder,5
a50ced73-12ec-434e-a289-99c9489a4792,Darsh Goyal,MALE,Volunteer,5
7792c739-bf28-44ac-92ee-5a8a0ebcfe0b,Bhanumati Kulkarni,FEMALE,First Responder,5
09f327b3-969d-4974-9682-6e2fd66bbc3e,Azad Kapadia,MALE,Officer,5
586fec68-52fa-411e-a211-55e08775c2ba,Zayan Ranganathan,FEMALE,Volunteer,5
f567664e-1272-4783-9195-10a15415b786,Abha Mangal,FEMALE,Volunteer,5
fab0f447-07b4-49cf-a63f-124e32099776,Vamakshi Kalita,MALE,Fireman,5
6449587f-ad6c-4972-8e61-327ecbefbc52,Darpan Bajwa,FEMALE,First Responder,5
5cbbc159-9057-423c-9845-ebe207acaccc,Yatan Ranganathan,FEMALE,Fireman,5
fafe6f00-0775-4985-8e0b-6f7b0a14ad66,Harrison Menon,FEMALE,Fireman,5
5ece8143-af81-4f48-bedf-b9d0657b5a19,Nathan Madan,MALE,Volunteer,5
454e537e-f196-4b41-993a-51d4716ce581,Om Bhardwaj,MALE,Officer,5
4bf4224a-17eb-4c38-80d8-59055d9a1e4c,Daniel Ravel,MALE,Volunteer,5
38d7c24c-c850-432b-8465-e71fc34c4ccf,Teerth Krish,FEMALE,Officer,5
110d0d34-3ff7-40c8-9f38-9316db3763d4,Parth Oak,FEMALE,Fireman,5
9aae675c-2d5a-4d75-8974-2db48032499f,Pavani Nagar,FEMALE,Volunteer,5
97ab3e6e-3a0b-4b25-9a83-581d89bb56aa,Ekaja Mukhopadhyay,FEMALE,Doctor,5
5df873ef-747d-491b-b884-81f35149dd4d,Ria Pingle,MALE,Officer,5
5e523cc8-24f5-4f67-8be6-49d6bd038ba3,Vasana Garde,MALE,Volunteer,5
e0330181-9e89-4f34-8c50-b1a4184dca27,Benjamin Kamdar,MALE,Officer,3
1f4e2ac7-bd62-42d0-98d4-78e045705826,Yochana Bhatia,MALE,First Responder,3
a23bcf45-3cf4-4e0f-b8f4-92ca7a65b631,Rayaan Bajwa,FEMALE,Fireman,3
714d5d98-d850-4670-9357-a15273952eb8,Ati Kant,MALE,Volunteer,3
e7aba642-76a5-45a9-bae9-5fa161d159a7,Xiti Subramanian,MALE,Fireman,3
1c3d4b41-8251-47fd-9e2b-eff133438b52,Onkar Rege,MALE,Officer,3
d3a583a8-87d9-4ff7-b5bb-0ecd611d8bf7,Vrishti Zachariah,MALE,Doctor,3
cefc6ea3-b544-4989-a918-969986e0d4df,Ayaan Shankar,MALE,Volunteer,3
95e086ab-1228-4cef-9cdd-af8cfddca5b8,Jackson Choudhary,FEMALE,Fireman,3
3ec3cd7a-8e99-4b55-afee-48e0a09974ad,Jackson Dewan,FEMALE,Fireman,3
cb14bfd9-02ca-435d-8bb4-829e223aa039,Siddharth Tella,FEMALE,Volunteer,3
0d1a085d-5aa8-4c4c-b581-2875e86a58fd,Balendra Mane,MALE,Volunteer,3
f1676cbc-7dcb-46e8-9a91-cacbef0431a6,Harita Mane,FEMALE,Volunteer,3
05d09bb6-3c64-4bcb-a018-6e644fd40673,Jason Barman,MALE,Volunteer,3
655285ee-2e67-41b4-9fc0-ede8581566d9,Ojasvi Raval,FEMALE,First Responder,3
49effd1d-8bd6-4b54-a370-cd8df8f99004,Fiyaz Basak,FEMALE,Volunteer,3
ec90b18f-2c29-4786-b2f6-175482ed5ed6,Wriddhish Badal,MALE,Officer,3
5017e122-5f61-4a85-b144-74ee330cbf2e,Omya Ravel,MALE,Volunteer,3
144c57b4-f21a-4483-a81d-8e0650b6043b,Odika Sehgal,MALE,Officer,3
27ae9aab-f972-480a-9b49-cfade0e1a17f,Bhavna Pai,FEMALE,Fireman,3
41ca5cba-b271-42a3-b5a6-b2932cdc82de,Rachana Bumb,FEMALE,Doctor,3
be4ceeed-dc90-4cac-a985-e2d114f34312,Ridhi Sethi,FEMALE,First Responder,3
8dc63420-9eac-446e-9cc1-e35233e78a65,Harita Chaudhry,FEMALE,Officer,3
7a295993-7b60-4b35-85de-d6da42b7bd56,George Parekh,MALE,Doctor,3
237c1dd0-eb37-43f2-9f61-1c4efa6f07ea,Prisha Balay,MALE,First Responder,3
60b15167-6d6f-4cfe-9cbb-21e4490d695d,Forum Raj,MALE,First Responder,3
b1b8a44e-98e6-463a-84b1-41d6153c1a46,Faras Bhat,FEMALE,Doctor,3
c01fa6f5-e109-4d17-90de-129497c70d4b,Yashasvi Salvi,FEMALE,First Responder,3
22b075c5-a359-44e4-aaca-c1626f343ea5,Anirudh Seth,FEMALE,Volunteer,3
ddf5671c-f9e5-48d0-ab39-c491e6678b4e,Oeshi Kunda,FEMALE,Doctor,3
80580650-eb02-4490-93b5-7b217441e22e,Krish Pai,FEMALE,Officer,3
683972e7-999d-4447-85cf-e3caaffae95e,Kamya Sharma,MALE,Volunteer,3
b61f5f74-bcec-47c7-9fa9-d6e7b8f43ded,Neelima Kala,FEMALE,Doctor,3
441cf5c0-7c4b-4114-a4dc-ff49e18848ca,Ekanta Yadav,FEMALE,Officer,3
d00444fe-701e-428d-b754-556d5ea7b849,Pranit Choudhury,MALE,Doctor,3
d78a1275-6a83-4ed8-b400-c4191b072655,Arunima Kanda,MALE,Volunteer,3
4a78a336-427c-4596-a8ce-a7d13b6c76bb,Anirudh Seth,FEMALE,First Responder,3
b15b1f07-199b-4a70-a29d-8649ab1d055b,Hemangini Rout,FEMALE,Doctor,3
625986f4-ca1a-41d0-a751-e0d50d75bf78,Nitesh Rai,FEMALE,Fireman,3
e97edd16-faeb-49af-a012-ae7d48cedeb1,Anmol Dugal,FEMALE,Fireman,3
0257fa90-3968-4976-bf37-84a97f71799e,Yashoda Keer,MALE,Fireman,3
1cc1281e-00d4-4239-bcce-8134260439e8,Isaiah Atwal,FEMALE,First Responder,3
36062c54-ccbc-401b-8c7f-77eca088cc71,Vamakshi Dave,FEMALE,First Responder,3
347658c0-6c79-4708-bc33-c16744a23ddf,Forum Mitter,FEMALE,Doctor,3
2ecd3e03-69fc-4a4c-9aa0-5cf275b4c552,Zayan Raval,FEMALE,First Responder,3
9f00dfae-b432-499e-b1d4-546f630b7583,Hemang Ben,FEMALE,Officer,3
906d4843-e757-4a88-a760-baab7a2e8ff0,Frado Dasgupta,FEMALE,First Responder,3
e06bd342-292a-4a1d-add4-523b9701675f,Vihaan Mukhopadhyay,FEMALE,Volunteer,3
fff71540-21e6-4d4f-aa24-19ebaa82bb57,Faqid Din,MALE,Officer,3
b6368a90-1e48-45fa-92a3-14ee3d19571d,Yash Tiwari,MALE,First Responder,3
1fe370a8-697d-4ed9-a2e0-ba583e629d31,Lajita Guha,FEMALE,Officer,3
aa53fca4-c779-4726-9ef3-15ac36c9ff3a,Aahana Majumdar,FEMALE,Volunteer,3
f3135e4f-4bea-4bc8-b867-2b89dc86a0a2,Dalbir Bhatia,MALE,Doctor,3
f8ede0fc-ee24-45fd-afbf-d6ab2eaca503,Shaurya Dalal,FEMALE,Officer,8
0cb742f7-c753-4e7f-bd2a-0e8ce304596c,Harsh Nagy,MALE,Doctor,8
4a27aef1-0865-43de-867d-48b5ece30a11,Vyanjana Kapoor,FEMALE,Fireman,8
4e6a624a-8cd2-4496-b7fb-8640abf7749e,Charita Yohannan,MALE,Officer,8
85ab4c2b-de10-401e-9e79-416dcddec5e1,Owen Bhagat,MALE,Volunteer,8
ff38cbe6-f187-49ab-ab7b-e8d7e8628c9c,Raagini Zachariah,FEMALE,Officer,8
b69fb909-b8ef-4237-aa97-38eb7cc4fa67,Varsha Reddy,MALE,First Responder,8
8cc509ba-2fd1-489e-b288-33db8dbe6023,Dayita Kashyap,MALE,Volunteer,8
058a4af5-cdcc-4424-87d3-d9d089bc0c0c,Vivaan Murthy,FEMALE,Doctor,8
1190de72-cc2b-4d85-9334-a49307ea483d,Lajita Sama,FEMALE,Doctor,8
aa0b732e-cdb3-4979-821a-491030221892,Rachit Gopal,MALE,Fireman,8
9269ff29-df43-4283-bf2e-b14bbd9b4f55,Vaishnavi Srivastava,FEMALE,Doctor,8
d8a5e8f4-c8de-4bb8-a820-7b3fe989aaf7,Dalbir Sidhu,MALE,Fireman,8
b77d35d6-1fed-4d07-8117-4062de55ae03,Hema Vora,MALE,Volunteer,8
1b33a8c3-b843-4f58-acd0-cb36a5b1f503,Ishanvi Char,MALE,Doctor,8
051bcdc9-bd69-4859-b49a-b0c2d9f0e8b6,Eshana Manne,MALE,Doctor,8
f26d86b7-3655-4f98-8d32-e17c94d195c5,Raagini Narayan,FEMALE,Officer,8
b279c4f5-4e1a-4f45-babe-cb12a1d940a6,Anmol Bhakta,FEMALE,First Responder,8
79d4e2e4-cecc-4ae1-9880-28de7616dfaf,Warhi Pant,MALE,Doctor,8
c547e997-2885-4d73-b0be-d7a4a2b0b8e2,Urvashi Dua,FEMALE,Officer,8
4fd3e237-0e16-4cd5-bc83-f2505cc85015,Azad Choudhury,MALE,Doctor,8
f7ba5c3c-e22b-490c-8b49-8a7d8ab42b52,Dipta Sachar,MALE,Fireman,8
4aa601d7-628c-486f-a4d1-475633c1874c,Hema Yogi,FEMALE,Volunteer,24
38d707f4-fffc-4691-9b0e-4dd0fc0bc679,Yochana Suri,FEMALE,Doctor,24
504519aa-0caa-4eff-b3a6-773e7a608b58,Arunima Sarkar,FEMALE,Officer,24
c90a81ca-c535-4d95-8652-4b5ba4ae7a7f,Vaishnavi Shanker,MALE,Officer,24
bba54b96-fa5d-4d15-b0ba-7b6db356112d,Meghana Chad,MALE,Volunteer,24
d62b8a4b-5bbe-4415-a3d5-3f3f191118bf,Madhav Raghavan,FEMALE,Officer,24
d82959a6-90d9-4656-8d85-f6f692a801c0,Vinaya Bajaj,MALE,Fireman,24
1f7488a3-926c-4f07-bdaf-5acdf48985a3,Hamsini Cheema,MALE,First Responder,24
dbc92d13-f8d6-41b6-ae32-b598273402c4,Wakeeta Vora,FEMALE,Volunteer,24
24d6e903-d38c-4e11-8ce2-23580f668223,Ayushman Contractor,MALE,Doctor,24
700a6d02-2c82-4625-a2a4-2a3cf27dac13,Ucchal Mody,FEMALE,Officer,24
03e6da83-b862-40fe-8d86-99efbabdd6f6,Hredhaan Chacko,MALE,Officer,24
4e759465-03e7-4b78-b5df-609269529406,Anjali Deshmukh,MALE,Volunteer,24
f5698c23-d120-4ee7-a5dc-a04c9a3961a3,Upasna Andra,MALE,Officer,24
e53796b1-734a-48b8-85bf-efe4090822b3,Ekaraj Kulkarni,MALE,Doctor,24
9a8a3aa6-e3d3-4ac1-bc07-e46ada095c7e,Liam Majumdar,FEMALE,Fireman,24
3a5625f9-fda5-41f5-a47d-ef901d5c85f2,Balvan Dora,FEMALE,Volunteer,24
19b3e19f-141e-4368-b438-be47b444703e,Gagan Balasubramanian,MALE,Fireman,24
d232eed4-d735-4b98-93f9-824b1100611e,Chakrika Borde,MALE,Fireman,24
7652a488-9319-4dc7-bb70-0c84362403aa,Vaishnavi Kaul,FEMALE,Doctor,24
9ea3ef06-2580-44b3-adbd-0edadc219b49,Lakshmi Shan,FEMALE,First Responder,24
440ad60d-0f1a-4e80-b00b-85b8439e0878,Waida Pillay,MALE,Volunteer,24
6463fda7-53fc-4aae-ba12-6b010680f62e,Leela Uppal,MALE,Doctor,24
3a17ed2e-5c7d-4f7d-bb74-40f07f8ba78e,Vinaya Jain,FEMALE,First Responder,24
fbc0538f-f8fc-459c-9e71-53062a0858c0,Brijesh Sharma,MALE,Doctor,24
04f7cfaa-3882-4c13-9c14-4f246fbbb5c3,Anusha Dara,FEMALE,First Responder,24
ca646af8-739a-4827-b319-5960f3d89644,Qadim Bhagat,MALE,First Responder,24
62095705-8d3c-4388-b86f-75bc0b1e0cdc,Mohammed Sen,FEMALE,Volunteer,24
ec59780e-48e3-4c00-b0dd-949d7e779525,Ishani Subramanian,MALE,First Responder,24
50d04a2c-3f64-495b-a210-1bac5667677d,Sathvik Wason,FEMALE,First Responder,24
70dd2ff5-9493-43a7-835a-11df8c1db0cb,Nikita Malhotra,MALE,First Responder,24
34b1754a-8955-44cb-8637-804047f04965,Gauri Chawla,FEMALE,Officer,24
443fadfd-2167-4279-87e7-340bb1dd77fa,Onveer Gandhi,MALE,Fireman,24
4509698c-648a-467a-b929-3259d1127333,Urvashi Sankar,MALE,First Responder,24
ef55558f-ab1f-4f2a-90ca-7a8eecdf07fa,Gavin Raghavan,MALE,Volunteer,25
363fdfc0-ea89-44a9-b822-5c9bedb8c414,Qasim Bahl,MALE,Officer,25
33f503f3-c562-4e77-b0b7-bf70122b6132,Aarav Chadha,FEMALE,Fireman,25
64bfe027-1b95-4140-82fd-ce6c0205e819,Bishakha Vala,FEMALE,Doctor,25
02091841-24b4-465c-9522-ed50ab91cfcf,Ryan Sani,FEMALE,Officer,25
2028f1e9-1ddd-468a-b599-f3e4ce9b17a4,Ria Madan,MALE,Volunteer,25
990680df-33e8-4e40-8a4c-0f6b71f1fd8b,Rishi Shah,MALE,Volunteer,25
3ace675c-05ac-4dee-89dd-32d25533d5f6,Gaurang Sachdeva,MALE,Fireman,25
353a971b-b21a-435d-a857-de64587bf9bc,Rohan Ratta,MALE,Volunteer,25
6d6b2cf5-144b-400a-9d12-9831c3d79516,Zayan Wason,FEMALE,Fireman,25
d248d33c-851f-4210-b104-bf390575916b,Jai Luthra,FEMALE,Volunteer,25
7b0fe29f-31e3-4916-ae32-a742bfa97ef1,Zarna Bala,FEMALE,First Responder,25
f0a0d372-7195-4393-b313-15e593492b9f,Ekiya Ramaswamy,FEMALE,Fireman,25
6eb83e1d-c7c9-4267-8d8a-37ac8e2c4966,Jonathan Loke,MALE,Doctor,25
6ca894b8-2a7e-4c2d-952e-a38c09b0eecb,Nitara Oza,MALE,First Responder,25
0d0e378a-9c87-446f-ba70-9b52cfd6ea69,Panini Goda,FEMALE,Doctor,25
102baa25-2554-46f3-b427-444ba46b8148,Harshil Hayre,MALE,Officer,25
10b2cac6-7b10-4c23-8c38-9fd6258610e2,Vanya Samra,MALE,Doctor,25
cfe63b56-4c19-4041-9681-9db8e02da3aa,Jeevika Sarraf,FEMALE,Doctor,25
7d55691d-fccd-4387-890f-acf939892a57,Nilima Datta,MALE,First Responder,25
ea44f0a3-a69c-4942-a437-e6630771d185,Amol Roy,MALE,First Responder,25
6a049dfa-8cf8-466d-9dfa-0787f0959a49,Ladli Sethi,FEMALE,Volunteer,25
07842a10-efd8-4d70-8599-f9aff96fc091,Sarthak Venkatesh,MALE,Volunteer,25
1059e3f7-5afe-49d1-b18a-b5b4c0db2b12,Champak Ratti,MALE,First Responder,25
84428a5b-d0e8-4e32-9ca4-3d3fef7976ce,Azad Kalla,FEMALE,Officer,25
cffbefc1-5a88-4e4c-a1a5-3e74480e47bc,Warjas Lata,FEMALE,Fireman,25
477430d8-b269-4e6a-a19e-947314e03573,Ansh Dhillon,FEMALE,First Responder,25
73c76cad-3fc5-4c04-974d-1a529e77fd90,Sai Dhingra,FEMALE,Doctor,25
f96f0e26-b560-430e-8f6e-0a8c08ef648b,Bhavya Yogi,MALE,First Responder,25
9feaf49c-eb73-4e39-95d5-c414092cf564,Ansh Dhawan,FEMALE,Doctor,25
6dec52a0-312c-4a23-aff4-dc6dfabe1f4e,Siya Saini,MALE,First Responder,25
86540c01-6dde-4517-8667-16efa269267c,Nicholas Bahri,MALE,First Responder,25
c9eed04d-97e7-4840-8b6b-0b3dff92d3de,Chaaya Sheth,FEMALE,Officer,25
87be448e-6a1c-42ab-99a9-be1575f2361f,Arjun Bail,FEMALE,First Responder,25
30b5355d-0def-4725-b34d-c622ce279703,Bhavini Bera,MALE,Doctor,25
991d2120-3819-4751-aa2a-2279bbb0deb8,Ekavir Borde,FEMALE,Fireman,25
c4aa7769-f7ad-4001-9050-05d477b2da98,Vedika Warrior,MALE,Fireman,25
7c889beb-ae76-4df2-aa12-a8b09c0dec45,Faraj Mahal,FEMALE,First Responder,25
99b7e4c4-2439-4f78-80e5-486895fbd5d9,Champak Narula,MALE,Fireman,25
29e5817c-d418-4050-8262-80664deebf48,Anay Chacko,FEMALE,Officer,25
b6b47aff-3aac-4402-88f8-f86b9c29106d,Chaitanya Reddy,FEMALE,First Responder,25
ab3e7e12-b7c8-408e-adc3-f9c685c6a8ce,Faqid Vig,FEMALE,Officer,25
4d0648bc-1720-4803-ab66-66f328212247,Irya Mand,MALE,Officer,25
82bed90a-4672-4b45-a047-16fba95ba4a5,Charan Tank,MALE,Officer,25
0c7dd4d6-7d59-4073-9d29-ceb0b218dc92,Samesh Nagi,MALE,Doctor,25
f18b4cc2-6199-4a90-bd53-b8c0532b7f58,Varenya Palla,MALE,Fireman,25
a25e11a1-94a9-4c76-9856-04757b4b37fe,Mason Basak,FEMALE,Volunteer,25
f407b8b2-c916-4983-8064-a6417b935d1d,Tara Barad,MALE,Volunteer,25
01a71cfb-11f9-420a-ab81-1d0616e836b2,Ishwar Atwal,FEMALE,Doctor,25
55a710e3-2fe9-416a-9642-2c7550a582dd,Mitali Som,FEMALE,Officer,25
b491da2e-0c0c-4839-99f9-5f56c047be1e,Omya Handa,MALE,Doctor,25
cbdcc342-4098-4dd0-9ae2-cc2ff7933e25,Kai Kohli,MALE,Volunteer,25
0712d657-7961-4009-830b-0b863df4beb8,Anmol Buch,FEMALE,Volunteer,25
cac3d189-7ea4-4682-a0cc-98d9799785e1,Anthony Johal,FEMALE,Volunteer,25
7354d2a0-0331-4fcd-b375-23dc408eda3c,Arin Bajwa,MALE,Volunteer,25
1517bb4d-2314-42db-9e53-d684f1e3d901,Meera Oak,FEMALE,Officer,25
52acf719-9284-4f86-97af-59231474bded,Lucky Raman,FEMALE,Doctor,25
4bddf54d-b703-46fc-82f5-30a72b1085cf,Netra Som,FEMALE,Doctor,25
76dfe7d6-4137-4794-ab15-1f0ab1d07dd3,Warhi Dixit,FEMALE,First Responder,25
6432b54c-200d-49c5-b30a-26142686038f,Arunima Kadakia,MALE,Officer,25
1bf6de9b-b65d-46eb-8d4e-41adbbf731cc,Wazir Chand,MALE,Fireman,25
ada07144-e728-4a68-bf3e-3b6a7cb3f497,Dakshesh Sachar,FEMALE,Volunteer,25
cb59b400-8d6f-4c0b-a9c7-c85f2ad34ef3,Watika Kata,FEMALE,Officer,25
b9840a8f-b9b0-4d7f-825c-a3c1b928321e,Azaan Misra,MALE,Doctor,25
90002974-0a11-4d82-92b4-d75c72c5e68d,Anita Vohra,MALE,Officer,25
93dcec25-ad0d-433a-a9fd-2ec7c751ac29,Kritika Chander,MALE,Fireman,25
24b1bc54-5fb4-48aa-b3a0-1110d8e174de,Megha Sethi,FEMALE,First Responder,25
c4f0aad6-f68e-4a76-8d58-b205be018fe7,Lajita Kannan,MALE,Officer,25
1ba9fcdf-4c1f-49c6-b89c-54c9f20e4588,Agastya Mani,FEMALE,First Responder,25
dfdc75ee-25a1-45ee-b0e1-187d0a550fe9,Vinaya Wason,FEMALE,First Responder,25
eb3d1f62-6dc6-400b-8a63-459ebbeec3db,Xavier Minhas,MALE,Doctor,25
f97b58a3-e4d6-43c6-a2f2-47e19b31c0c6,Yashawini Sidhu,FEMALE,First Responder,25
261a963b-3cee-4b28-8fbb-d3f1fa71d7d1,Bahadurjit Naik,FEMALE,Officer,25
ea16c8df-6ac6-4eff-be57-57523e2bf128,Darpan Sathe,FEMALE,Doctor,25
5202f35a-b85e-4fa9-821e-b153515951f8,Tanay Goel,FEMALE,First Responder,25
ada68de0-1913-418c-b994-cd30d38da573,Anamika Mannan,MALE,First Responder,2
ec859d8c-2747-458e-9c3f-e058ea8eae1b,Laksh Chanda,FEMALE,Fireman,2
82f7d453-e5e1-4ee8-989d-b868f739fa38,Eta Shah,FEMALE,Officer,2
1f16555b-5b23-4148-afd1-23c65ca750dd,Ishwar Lad,FEMALE,First Responder,2
0c1d1a05-79b9-4d1e-ba94-6f1c14c76edf,Lajita Mukhopadhyay,MALE,Fireman,2
5b59a209-771f-4ba4-a4c2-bf45717426ae,Naksh Bhardwaj,FEMALE,Doctor,2
59977e3e-5cca-415d-bc36-2b24207b0a20,Vamakshi Rai,FEMALE,Officer,2
efceffda-5071-4eea-897d-9834435b7000,Sarthak Puri,MALE,Volunteer,2
b83585ba-09a4-4c53-8a23-fcc46eeb77a5,Mitali Oommen,MALE,First Responder,2
e11b0955-e658-4ae2-86ab-37a6b2751200,Yagnesh Mitter,MALE,Doctor,2
97f661a6-9df9-4385-a567-cdc6b65e2428,Abha Dass,FEMALE,Fireman,2
2e8c2579-a2c9-4120-8872-c3f9320a44d2,Baghyawati Manne,FEMALE,Officer,2
1d36b14c-51c9-4f7d-8e2a-66a0eccfba88,Faqid Prabhu,MALE,Fireman,2
74464c41-d717-40a4-8e0e-6968674a3ded,Jyoti Sekhon,FEMALE,Volunteer,2
f509bfbb-4d75-4959-b31a-5f6b6b9c1ed1,Dipta Sibal,MALE,First Responder,2
52f0b326-55bf-4a33-a81f-cb4487a44c66,Mason Gill,MALE,First Responder,2
29c9e8d6-1e36-40b7-aebf-a9b66b3ea734,Lohit Basak,MALE,Doctor,2
62a309c1-76c8-42d5-8005-40ffbc59575d,Jasmit Cherian,FEMALE,Officer,2
70688ab2-3291-4405-8262-b1cceb3813ef,Kavya Yadav,FEMALE,Fireman,2
34f4b781-1b62-482a-ac7f-098735e7a539,Orinder Chakraborty,FEMALE,Doctor,2
0392513d-44d4-4f4c-854d-937da63b8153,Faqid Naidu,MALE,Fireman,2
e0edfcd2-8213-429c-8580-fde32c4e10a6,Ishita Gandhi,FEMALE,First Responder,2
1830f48a-044f-4e01-ab28-e61a2e75f079,Gayathri Narang,FEMALE,Doctor,2
d455d73b-25ca-423b-9684-a763bfbef4ea,Dakshesh Dhar,FEMALE,Doctor,2
7640f72f-046e-4ece-8002-ef280ebeeaf0,Pallavi Sha,MALE,Fireman,2
b339b8f7-56be-4052-bb3f-b5e2f934e0c8,Lekha Sura,MALE,Volunteer,2
b352fb89-6154-42d6-baa5-03629a31401f,Tanay Parsa,FEMALE,Doctor,2
059c73c7-781f-466b-b612-2ef093d140aa,Ekansh Ramaswamy,FEMALE,Doctor,2
42e3be72-ec5d-4c33-a1e5-1d31e4bdfdd4,Libni Aggarwal,MALE,Officer,2
916c12f3-d4e1-4004-9454-a8be8b69b60a,Anvi Reddy,FEMALE,Fireman,2
f36c120f-f122-4e6c-8982-5fa6e6f0416f,Samarth Deo,MALE,Officer,2
4779e0fe-0efa-48ce-896f-32c7d6a9e545,Vyanjana Dugal,FEMALE,Fireman,2
235d13c2-30d6-496e-be17-ad30b68d4a96,Krisha Sant,MALE,Fireman,2
a5432483-e3c7-4efc-ac73-1bf0a71b293c,Triveni Issac,FEMALE,First Responder,2
c2e384aa-bb85-42f7-aadc-91048641f79c,Kashish Nanda,FEMALE,Fireman,2
35888ce0-1c40-4eee-b03a-6a68d43531d5,Owen Gera,FEMALE,Fireman,2
823441ba-6106-4b73-b9ae-8a4a51a8c214,Upasna Parikh,FEMALE,First Responder,2
2426c723-40d5-43da-85ff-aaa4392e336a,Hitesh Mitra,FEMALE,Officer,2
8ef84378-6d60-4f44-aa0b-8e7f0921e745,Amara Srivastava,MALE,Volunteer,2
04b52f68-68cd-4b35-a5ef-d675f0a7edfc,Zinal Om,FEMALE,Volunteer,2
1be962a7-68d1-4467-828d-7b049cdbeb77,Raghav Bedi,MALE,Fireman,2
af641aa7-31d1-4f60-84a8-25c3f8870167,Jai Kala,FEMALE,Fireman,2
3b285a8b-b128-48c3-b133-32befb16c871,Gaurav Chaudhari,FEMALE,Doctor,2
69057592-3e42-44be-a063-14d3d0951949,Bhavna Vala,MALE,Volunteer,2
ae7129a1-6259-4f29-9123-e3f306904455,Rajeshri Kapoor,MALE,Volunteer,2
651874d4-85b2-4c44-931d-5660fd5c4c89,Ria Krishna,FEMALE,Fireman,2
540a8980-8342-4559-b22e-094edc1d67d5,Amara Chaudhuri,MALE,Volunteer,2
389c87ed-a859-4524-be8b-e4da53bdd447,Frederick Tara,MALE,Doctor,2
a6d58304-eff6-4c66-bc85-a47e72031d58,Krishna Dey,FEMALE,Volunteer,2
d044cd0e-a7ff-4aa4-a9b6-050e80bc45d3,Ekiya Tandon,FEMALE,Doctor,2
7ad44311-8020-4f1b-8a9e-7e7b7113c373,Chaman Nadkarni,MALE,Fireman,2
d9468788-7239-4b3a-8db7-3c50580a4e98,Waida Sood,MALE,Officer,2
933445a6-08ff-4562-be35-f563e66c86d7,Alka Kaur,MALE,Volunteer,2
a30f56c8-c0c2-491a-9e1d-a08f37ec3cda,Ekbal Parsa,FEMALE,First Responder,2
485d0cba-3e8a-49fb-8ba6-97869808569b,Xalak Uppal,MALE,First Responder,2
c738eaa1-6f1b-4ccd-bb4f-147934da0fbe,Pallavi Oza,MALE,Fireman,2
07198538-a8bd-4d36-9c43-d50475c6815a,Jeremiah Sachar,FEMALE,Officer,2
45bc9bdd-cb6b-414b-984a-6cf407148fa1,Umang Sankaran,MALE,Officer,2
cb0e2798-8ad0-4841-b70e-395dd5b0742d,Isaiah Merchant,FEMALE,Doctor,2
a2c6f75d-4ce9-46cd-a16b-141829cecd24,Ekbal Nori,FEMALE,First Responder,2
f389e7fe-8acc-4681-8286-abe8c53b9fef,Gavin Narayan,FEMALE,Volunteer,2
7a60aa7a-a1df-47c0-8bbe-7723776e7558,Daniel Saran,MALE,Fireman,2
f8ca8e5f-94e1-4d64-be38-66f9179c8342,Praneel Anand,MALE,Volunteer,2
2d8488bc-6d33-4c0d-8722-033f2c055d59,Kevin Bhatnagar,MALE,First Responder,2
bf540ac7-cbf2-40b7-ae2b-5b84316986db,Janani Pai,FEMALE,Fireman,2
6612caaa-8e00-4f38-842a-962432bc9844,Tripti Kakar,FEMALE,Officer,2
0b4926f0-b95f-4756-83aa-9ca06822ee53,Manthan Parekh,MALE,First Responder,2
38ac9e78-6797-4b40-b8bb-3ba45060a0d5,Alexander Mannan,MALE,Officer,2
e35ba257-5903-4493-ba8d-58c85df57ab4,Chasmum Vasa,FEMALE,Fireman,2
f23e8187-1231-45f1-919d-8590cee014e2,Balvan Balan,MALE,Fireman,2
173cc203-e77b-465e-83b7-fa30e79bae61,Hritik Ghose,MALE,Fireman,2
065d932d-c219-4af8-996d-a6fe56c870ab,Agastya Parsa,MALE,Officer,2
0649bbe0-0b38-469a-9f2a-5648a52cc3fb,Ranbir Sridhar,MALE,Fireman,2
bc11511e-e5b5-43c7-836f-4cba9e01d712,Isha Roy,MALE,Volunteer,2
697f02c0-6389-4e0b-9826-1282399eb9d8,Chandresh Dugal,MALE,Officer,2
0a2c0928-88de-41ee-9f8b-dfec036b556f,Osha Baral,FEMALE,Fireman,2
92fbfb03-d8d1-48f6-8def-41deee35215f,Damyanti Bhagat,FEMALE,First Responder,2
24da0ce7-d57b-422e-b71c-c0e7f5cb35c6,Chakradev Bal,MALE,Doctor,2
67d7f7db-a5bd-4fc3-bcb3-0b728a819787,Agastya Bahl,MALE,Doctor,2
b510d836-cfe2-403a-9837-d8ff7cabdd0b,Fitan Ramachandran,FEMALE,Fireman,2
1bce47af-a3d5-4f53-b5ba-ab757a9aed72,Tanay Tripathi,MALE,Officer,2
911158d6-9d43-49b0-9eee-a223fdb9edef,Shaurya Aggarwal,MALE,Volunteer,2
a7b251de-9c3a-4408-afca-7e7576adfdac,Jagvi Sridhar,FEMALE,Volunteer,2
3a2d9dd3-5c8d-4f1c-a184-d4f5f94fe37c,Ranbir Dalal,FEMALE,Volunteer,2
ba004117-8f1e-42a0-8707-91ad57cc6e72,Bahadurjit Jayaraman,MALE,Officer,2
77a9ab1b-1be5-48c7-86de-caf46d6b18f3,Ekapad Garde,MALE,Officer,2
379d5d9b-1c93-4ced-a427-c9efddf1f8ff,Jyoti Chakraborty,MALE,Fireman,2
7e28c75c-aafc-4955-b76d-cd3a0ac982d4,Nidhi Varty,MALE,Officer,2
41efa8ce-378b-4eb8-8da7-e6ae3628c059,Luke Chand,MALE,First Responder,2
a2e91ed7-c237-4119-a06d-187bd78ee150,Triveni Mangat,MALE,Fireman,2
8caa09f2-4809-4832-a62e-def08c1ff159,Tanmayi Sidhu,FEMALE,Officer,2
c07c5a47-74d4-406c-8261-f46d14f24a86,Fiyaz Gara,FEMALE,Fireman,2
64f7b6dc-5da2-4ec3-84fc-dc0c27cd7a39,Shravya Verma,FEMALE,First Responder,2
917b7eba-e904-4141-ac13-41a8507a520b,Neel Parmer,MALE,Officer,2
c72d6def-cf52-4673-b3f6-fff52b6f8145,Jagdish Rattan,MALE,Doctor,2
75cd9e72-0118-453f-882a-4b03c78d4f18,Yochana Palla,FEMALE,Fireman,2
37cd4ad4-807b-4478-9ac1-70eb8b1932f9,Harshil Edwin,FEMALE,Officer,2
206c0290-d113-4308-85d3-5bc256dd5aa6,Timothy Wason,FEMALE,Volunteer,2
5fca1e54-2104-4a2b-9b2e-9fffbb0bc621,Radhika Kant,FEMALE,Officer,2
9c9cc590-e7ea-4e44-b11c-f36339cb7cf7,Gagan Dave,FEMALE,Volunteer,2
f2785e1e-b7f5-4b35-a77a-cb035df667e7,Yug Badami,FEMALE,Fireman,2
6d2808d1-2c88-48d4-a0c3-c4b0f73bcbba,Jackson Hari,MALE,Officer,2
1f9c5734-ad25-441c-bd15-76c4207ecceb,Dhruv Chauhan,FEMALE,Volunteer,2
3284b946-82ca-4047-960e-88b30d89a6c3,Bahadurjit Raval,MALE,Officer,2
87d445b7-8822-49f7-9bac-cc7604180b05,Sara Gade,FEMALE,Volunteer,2
f9a7cebd-8a3f-4af8-a8ed-f8e0a4f75fa2,Aarav Uppal,MALE,Volunteer,2
92e528de-f43f-4694-b68c-a2ed76d74695,Jeremiah Sidhu,FEMALE,First Responder,2
b488d4a1-126c-4daa-84fb-93efdca85a66,Nikita Roy,MALE,Officer,2
9c338181-4b5a-47d8-8b81-463ece2567b1,Oni Natt,FEMALE,Volunteer,2
d297f8aa-94e4-4fb9-acbc-2f4899e620c6,Timothy Devi,FEMALE,Volunteer,2
65e866c3-f0eb-4bdd-bde1-c1e48c91d9ab,Zaitra Sachdev,FEMALE,Officer,2
7f5e0df9-990c-4d59-8b19-6be7092260f3,Fitan Minhas,MALE,Doctor,2
a3601e50-47e2-43f5-b47c-4250e80674ef,Yatin Balasubramanian,FEMALE,First Responder,2
ed1e5c11-f301-4845-8928-4d11e7af16fd,Yug Samra,MALE,Doctor,2
f00724f3-b08c-406a-bbf6-1248d632c81e,Nisha Bala,MALE,First Responder,2
56c2ed5a-f2a7-481b-9e2f-2689094138d1,Shivansh Varughese,MALE,First Responder,2
6ab186c2-dcb9-4db8-862f-3cda671652b3,Ekanta Saha,FEMALE,First Responder,2
ade1e32f-acf7-4675-b09c-6a65da83bd5e,Tanay Goyal,FEMALE,Volunteer,2
3b7a7a7c-b90f-4765-8d84-65efb540a5bd,Vincent Sehgal,MALE,Fireman,2
d9ab2490-2f64-45b2-8c57-9475ba882c30,Zaitra Kade,FEMALE,Doctor,2
04cc43b6-9f24-4dd7-8393-887734cabbcc,Maya Bal,FEMALE,Volunteer,2
d8ec663c-afb7-4929-bf23-3ddb51057825,Anvi Keer,MALE,Doctor,2
e7dd5b29-fdc1-4ef7-8ad6-ee68d3805e98,Joshua Deep,FEMALE,Fireman,2
60048203-a51e-4d10-b4b2-01b8e9b77fed,Ishwar Ramanathan,MALE,Fireman,2
c4290df3-0639-46dd-8460-9cbc3be1c790,Zayyan Natarajan,MALE,Doctor,2
82a38602-0379-4591-8a53-5db130e2e993,Warinder Sanghvi,FEMALE,Doctor,2
fdfe3c35-bd7a-4348-b8d0-0e8b1cd34b74,Meera Narasimhan,FEMALE,Volunteer,2
cc21fcc2-a2e7-4722-9196-f8f9546e5e2e,Udant Sharma,FEMALE,Officer,17
ca50fa94-59bb-4d75-8077-14abe4eb35a0,Zayyan Raghavan,FEMALE,First Responder,17
f451e0e3-51c2-46c6-8235-910111d53ec3,Samuel Wable,FEMALE,Officer,17
886ac9c7-b911-474b-a95c-1ec11f3304f3,Falan Mahal,FEMALE,Volunteer,17
865c48d8-8dd2-4b4e-ae00-02559e6ec06e,Guneet Pandit,MALE,Fireman,17
3d376677-7450-455c-8866-19b695836c50,Zinal Rajagopal,FEMALE,Officer,17
043a909d-e84e-45a6-bcb6-51714342f13e,Idika Narang,MALE,Fireman,17
484d9b43-cd01-4676-9421-09611f94c38f,David Sabharwal,MALE,Doctor,17
37254434-9edc-4faf-959d-cf4bf28423d0,Lakshmi Nanda,FEMALE,First Responder,17
7c06aca2-dc21-400a-b4d2-8a0dd3591453,Shaurya Amble,MALE,Officer,17
bacd9b90-ace1-4af8-8d0c-ad11915c9c2c,Rachit Acharya,MALE,Volunteer,17
f93c34c2-b97c-4d8b-bbae-cc8f44f6ccd1,Ayaan Desai,FEMALE,Officer,17
d3bbd251-6d32-4503-a3a8-e63b700a3014,Samarth Bandi,FEMALE,Volunteer,17
2b074c84-337d-4df0-bd21-5bbc3b8a7aee,Yauvani Andra,FEMALE,Officer,17
a280c5e9-f449-4fc0-84f2-a9c7e05caccd,Chandresh Chandran,FEMALE,Doctor,17
1124e123-5ad4-41ae-9178-706b9fa952dd,Jagdish Amble,FEMALE,Fireman,17
fc702b32-fe39-4828-b4a2-4dc5ecb854a3,Rushil Kalla,FEMALE,Volunteer,17
77622dbe-3a84-49a8-8f3a-e7049b6c917d,Reyansh Mannan,FEMALE,Doctor,17
bf5e7867-0ae4-4fe5-a791-8392db18d955,Aarnav Rao,FEMALE,Fireman,17
a457824d-9c9b-4b7f-bcdc-0504dfa6b92c,Gopal Buch,MALE,Doctor,17
cad0d109-2960-41bf-bfc0-36f6fd305555,Azaan Upadhyay,FEMALE,Officer,17
96e1afe2-3b8c-4837-851d-8e1ca9e6d0ab,Yasti Cherian,FEMALE,Fireman,17
5195a9b8-f46e-4bb6-869f-0172939905cc,Bimala Gopal,MALE,Fireman,17
d58c148b-b761-4413-be40-7b0858a8fd08,Yatin Chada,MALE,First Responder,17
26274594-eaa6-4832-aabd-8d0be04a604c,Hiral Bail,MALE,First Responder,17
2e7f37c0-1547-43e2-95bb-c24beee38962,Upma Varma,FEMALE,Volunteer,17
ea3d8235-c7ce-448f-a75c-e0f1d410d756,Aachal Batta,FEMALE,Fireman,17
0549a896-5130-4d9e-9415-1a3a96aba392,Chakradhar Borah,FEMALE,First Responder,17
69d73a51-847a-4f39-97cb-cc31536cb10e,Gautami Walia,FEMALE,Doctor,17
b26f0e77-f30c-4858-9ba0-f8758bd14db5,Harinakshi Naidu,MALE,Volunteer,17
dc541f3f-bf87-4cfa-b25c-9f1cae2fb3ff,Falguni Gandhi,FEMALE,First Responder,17
0b8a307f-cf58-401b-b126-8477137b1217,Anmol Sood,MALE,Officer,17
07a9b9b7-f176-4f5b-a48b-e4b214ef3de9,Rajata Mani,MALE,First Responder,6
d641558c-d83c-49cc-b84f-94c0424fc01b,Matthew Shankar,MALE,Officer,6
d5d1c646-7015-4fd3-8975-048e08de31ba,Chakrika Pal,MALE,Doctor,6
b92c0f4a-e24b-4307-a0af-35c41ec57104,Andrew Srinivasan,MALE,Volunteer,6
019d42a1-80bb-454b-8091-c375f610aa66,Lakshit Bains,FEMALE,Fireman,6
fa85e27a-88a8-49d3-971a-79f16874f0df,Eesha Dhingra,FEMALE,Officer,6
766a3492-b59b-4d9b-ad90-a834195b0404,Hemal Choudhury,MALE,First Responder,6
aed2cb13-1861-4359-8014-a7c4c59c739a,Abdul Rout,FEMALE,First Responder,6
71faebe6-ebce-4481-8c9f-00135531fae6,Nitesh Kar,MALE,Volunteer,6
0b0fb52b-a841-4d09-b0db-edcbe439d31a,Ishani Sani,FEMALE,Fireman,6
7025fa71-243b-45f2-a544-ec930d572c84,Jacob Chowdhury,FEMALE,Doctor,6
c99dce76-7282-4177-ab44-47aa7a08f76a,Vrishti Balay,MALE,Doctor,6
5470f188-f1ee-4858-909b-863990b6ab6e,Aryan Pandit,FEMALE,First Responder,6
922db6b5-35fc-48a3-84c0-0733326127c2,Triveni Deol,FEMALE,Officer,6
459e2213-40da-467e-a29d-88008a237c4c,Lohit Ramachandran,FEMALE,First Responder,6
7f411966-d8a7-40dc-84f2-a919fb4e4cf6,Akshay Sridhar,FEMALE,Volunteer,6
c734ec64-a68b-44b4-9d66-40a570bc60a3,Advika Subramaniam,MALE,Officer,6
0618ede7-4e53-42cb-b4a3-a0f6c01c8bae,Bahadurjit Gole,FEMALE,First Responder,6
6501b934-7d8f-4096-961e-aaf58664d052,Niharika Rama,FEMALE,First Responder,6
9f1e6857-1e41-4fe2-b331-c62abc71120a,Yasti Balasubramanian,FEMALE,First Responder,6
9d89dab9-9b5d-4818-8c04-c704fc8acfec,Siddharth Sachdev,FEMALE,First Responder,6
fa261a5f-abbd-43e2-ab93-f8d8f9253b38,Upadhriti Mistry,MALE,First Responder,6
d8424341-b5f2-4e15-a741-ad63c3d659ec,Eiravati Pall,MALE,Officer,6
3c9f400a-e38f-4c92-a9eb-6dc9e9d5f22c,Xalak Ganguly,FEMALE,Volunteer,6
222b7b0c-c765-4bf0-b232-a9d8090a6dcd,Yahvi Pathak,FEMALE,Officer,6
2de85faf-ea95-46e9-aa6e-df12015cb68d,Bhavika Ganguly,MALE,Fireman,6
9e569995-c924-4491-8107-d139192f9da3,Chameli Walla,FEMALE,Volunteer,6
24a389d6-7585-4ab2-85fe-f702a21e14c4,Veer Chhabra,FEMALE,First Responder,6
f27e35d0-f403-484c-9e9d-25e4efce97b6,Thomas Shanker,FEMALE,First Responder,6
79e36ee7-a8bf-4253-b31c-42caa1d9389e,Tripti Madan,FEMALE,Doctor,6
d175bc3f-3fe8-4e8c-a088-c9d771a62637,Watika Chhabra,MALE,Officer,6
f73e5636-865a-46b4-add5-3dbd89277e77,Jalsa Sabharwal,FEMALE,Officer,6
8d40d6dd-d34d-4594-b6c7-a0ff806a4555,Sai Pandit,MALE,Doctor,6
b3b26da1-36e2-400a-85fe-1d6fb69ea3fb,Jairaj Bains,MALE,Volunteer,6
5319c7aa-7eff-43dc-9516-86093705617d,Adya Sarma,MALE,Fireman,6
c278780f-9e75-4ae4-8f65-fde00c765b5e,Anay Thakkar,MALE,Officer,6
faaf0267-b1d9-4d9d-b325-76ab659356fa,Nachiket Date,MALE,First Responder,15
1f872b9d-d3f8-4d1b-9a5d-9e2b1c546005,Falak Mane,MALE,Fireman,15
424ab6d2-4403-414e-a505-b111a23b1928,Noah Arya,FEMALE,Fireman,15
2775fa51-95f1-49e5-b9a5-bcae8e1f5ef0,Vedika Mall,FEMALE,Doctor,15
92762bb1-a0ae-48f2-bbb9-d9466341e376,Barkha Dixit,FEMALE,Fireman,15
7addcc39-3822-4f4d-9e26-cd0e8cb99842,Jyoti Soman,MALE,Volunteer,15
2d1469a3-ce78-46cd-80e1-b52bc00b6ae7,Lohit Jayaraman,FEMALE,First Responder,15
4b2ae293-0d78-4712-8b61-2d838da7f395,Harish Grewal,FEMALE,Officer,15
5f7cbdee-fa1e-4c5c-8fe5-d6eb0afd9874,Vrishti Ramakrishnan,MALE,Fireman,15
b5fa78b1-0df9-429d-9567-68691cd8ebd6,Chavvi Swaminathan,MALE,Fireman,15
a34ec2a3-8f3a-43bb-bc29-b0ec5f184d5d,Pooja Jani,FEMALE,First Responder,15
33d674eb-f42a-4886-a145-50ce3b4f8c72,Leela Raghavan,FEMALE,Fireman,15
6e0e031c-7be3-4845-82c3-f9e4bfcd2098,Bhavika Kata,MALE,First Responder,15
8ec08d48-02b6-4b32-9422-84faf084febb,Saksham Varghese,FEMALE,Doctor,15
d8e51b14-fb1b-4aa9-bb3c-e35eab81c933,Vinaya Parikh,MALE,First Responder,15
87f8e428-22b4-4fc2-844a-367b11e3e021,Charvi Mody,FEMALE,Fireman,15
4a0fac38-faba-436a-914e-e5af4f9fdae3,Chatresh Uppal,FEMALE,Fireman,15
3470eadd-de82-49c0-b634-3c5a1bec8439,Balendra Sama,MALE,Officer,15
563a39a6-2e4a-4907-a0a7-80b863f62e7d,Amaira Suresh,MALE,Volunteer,15
fd458869-50c9-4c4c-98a5-11b34144148e,Yashawini Iyengar,FEMALE,Fireman,15
c878efac-acd5-4f17-9033-0dc36eb8841f,Harinakshi Savant,FEMALE,Volunteer,15
0f95eb3e-2a2e-475b-95a6-aa2cfe3b070c,Upasna Bumb,MALE,Doctor,15
ac67f967-0eab-4e54-9e73-b2e2550548ad,Aditya Golla,FEMALE,First Responder,15
e956b2d4-9482-4427-9ecd-af3f6c782dbf,Jacob Gill,FEMALE,First Responder,15
bb5058d7-c1f7-4b5d-9ed2-1a34878d89be,Mekhala Kala,MALE,First Responder,15
7126ec62-7202-4b01-b1d1-d50c172f424d,Pranit Shukla,FEMALE,Volunteer,15
37fdfe3d-c8ad-46cf-9cda-bf8dc76073a9,Isaac Nigam,FEMALE,Fireman,15
ce435990-52fd-4f91-b4cc-ed0a155ceefb,Theodore Mangal,MALE,Doctor,15
eb2a085d-79f7-4471-84a3-64d6faf952b5,Harsh Bahri,MALE,Officer,15
6fa34c64-d2ef-48e2-9484-e8d01d843ab3,Ishani Chandran,MALE,Doctor,15
0cc9f530-5191-4b91-bab3-c2af2b9dd614,Hema Sengupta,FEMALE,Doctor,15
edfa1dc6-0121-4a88-9293-87a6aab4301e,Timothy Walia,MALE,Officer,15
df87e251-2389-4fc3-82ed-e8525b8d9109,Chasmum Ravi,MALE,Officer,15
bccc347a-15a9-4061-b502-8025f980f70a,Ekantika Hora,FEMALE,Officer,15
85f7d934-5fae-4059-a77d-9827f0b87acb,Siya Shankar,MALE,First Responder,15
f1dbee24-c851-4e77-b17d-895f8477d72d,Dhriti Kara,FEMALE,Doctor,15
f4985f83-e600-4cba-b843-fe800ec5d184,Madhav Din,MALE,Volunteer,15
af5c27d1-d3bd-4e75-b5a0-40a0f4739c83,Ishani Sehgal,MALE,Fireman,15
bdad82e5-7897-40fd-b6ab-80d9fc56cc81,Madhav Lanka,FEMALE,Doctor,15
93b4ce2b-c3b2-4e98-b620-1ef731dd8d96,Veda Zacharia,FEMALE,Volunteer,15
851cc45b-c23b-4c44-a8b7-e9a91d9e799d,Varenya Minhas,FEMALE,Doctor,15
5a48b284-c18f-45d6-84ab-66320489f17f,Chakrika Kadakia,FEMALE,Doctor,15
3afe350f-3ff9-4f32-85e2-0659667f44cf,Rachita Tata,FEMALE,Fireman,15
db16c81d-fba4-4319-8db8-a9b323e8971c,Nihal Bhat,FEMALE,Volunteer,15
d35aef7d-c510-4398-955e-84845e933918,Joshua Dugal,MALE,First Responder,15
58e89139-76c4-4edc-9483-7668bab8a58c,Dominic Kari,FEMALE,Fireman,15
ef01aea8-0b67-4061-81d2-9d590b95cc50,Chakrika Nagarajan,FEMALE,Doctor,15
24346bb7-6f7e-4ae2-8439-d1fa06c4347f,Xavier Bumb,FEMALE,Officer,15
f96968d8-6622-45f8-9e7a-fa16ab3ad425,Wahab Sha,FEMALE,First Responder,15
96bcfc69-16b7-4731-958c-d5a5ad4cc6ab,Caleb Shankar,FEMALE,First Responder,15
6f3b486a-904a-4acd-a10a-5705cd1d840e,Dakshesh Memon,MALE,Doctor,15
e2674d8c-08e2-4d8f-ac9b-d55a9d3becee,Hema Munshi,FEMALE,Volunteer,15
bd9df995-9636-4898-89bb-703745b7d9dc,Jasmit Mohan,MALE,First Responder,15
c30be87b-c38b-4d38-9cc5-d8a3bb997c49,Qarin Ravi,MALE,First Responder,15
d2c973d5-69b5-48a7-b215-f52e1afd4e6d,Gaurang Kant,FEMALE,Fireman,15
113b00c7-eedd-4db2-8c13-a056474f1f17,Tara Borra,MALE,Fireman,15
513fdf75-7a09-4d06-8ee0-5e51b1a24589,Yadavi Modi,FEMALE,Officer,15
2b54351b-7c16-49a2-9f7c-f0dc19366335,Bahadurjit Patla,FEMALE,Fireman,15
2ec7bfca-8018-4fab-b78d-c284e920ea39,Yachana Divan,FEMALE,Volunteer,15
7e63a94f-2d4c-4675-b6df-c5ebefb44c73,Agastya Mannan,MALE,First Responder,15
f7a6136c-9704-4ad0-9644-7db1dca5e254,Umang Deshmukh,MALE,Volunteer,15
dda24b70-e10a-41cd-bfa8-b7f86f2385e4,Anay Bawa,FEMALE,First Responder,15
87f4219d-2d52-4992-b655-5f19f8daad83,Isha Kumer,MALE,Fireman,15
6914e5cf-7e91-4dd5-ab56-9884167b9e0d,Siddharth Sagar,MALE,Fireman,15
0897c91a-96b8-4343-9760-1e1cce269abf,Tara Anand,FEMALE,Volunteer,15
c02f46f6-62b0-408b-b94a-b9cfc40d4054,Diya Bhagat,MALE,Officer,15
168fdddd-bb5a-4713-ab00-4e090fea48e4,Hemal Bal,FEMALE,Officer,15
86bfe1d4-9b02-4fee-8250-9aceaa80b432,Oni Anne,FEMALE,First Responder,15
989c9f62-2b27-4002-af5e-50156b97ca87,Omkaar Rout,MALE,Volunteer,21
558b7210-8b04-4354-8504-86384a940814,Neha Singhal,FEMALE,First Responder,21
7a56b94d-01c4-47b1-9413-7b0d724662ff,Adweta Chakraborty,FEMALE,Fireman,21
430c6491-0f43-48fa-8e77-ad3f325781fd,Praneel Chhabra,MALE,Volunteer,21
6c0f8a77-33f8-409c-8a99-e07f5cce5912,Rachana Narang,FEMALE,Doctor,21
f70d5243-3de9-4c24-bd18-a71861ac07c5,Hemang Borah,MALE,First Responder,21
a5cc3ca1-5aec-4ea5-89bd-edf36648d783,Jeevika Sankar,FEMALE,Volunteer,21
77ace399-8ebc-42a5-a31e-8c6ed4efcd63,Warjas Purohit,FEMALE,Volunteer,21
5f327fab-e443-4b40-b2ee-4f67fd9ec502,Sai Iyer,MALE,Volunteer,21
b653bdaf-cf81-4c93-9026-7ef00139b167,Yashoda Sem,FEMALE,Doctor,21
270735c2-ca76-4c2b-8027-e00f07d416a7,Zayan Gola,MALE,First Responder,21
34ff63e6-5a46-470d-9ff9-10d2856594b9,Xiti Kohli,FEMALE,First Responder,21
2bc35c6f-4851-4ef1-9ae8-5c1d5b69441f,Triveni Prashad,MALE,Fireman,21
ee973be9-944b-48bf-9e75-f682c4055c50,Udyati Kala,FEMALE,Officer,21
7963de40-0bed-4dcc-9a64-6604a27804d7,Kavya Kumar,MALE,Doctor,21
4a6b19ab-c280-4159-8c3b-2f0a3b81e0ec,Vinaya Char,MALE,Fireman,21
0fc70ad8-f3f5-470e-8768-0f24e1c482cf,Faras Kant,MALE,First Responder,21
c0260d94-e7e4-4404-97f6-1f28d66e95dc,Vansha Dash,MALE,Volunteer,21
f5eaecb0-ffd9-459c-8cce-ac5d24029d63,Gabriel More,FEMALE,Fireman,21
e0ed13ab-a7dd-4f10-8066-c4dec1fb758e,Anya Kar,FEMALE,Officer,21
8aa94caa-3b35-405b-b986-abba279e5b54,Patrick Bhasin,FEMALE,Volunteer,21
3eeabe17-2ed3-4ee4-abb6-5259784f51b8,Hredhaan Amble,MALE,First Responder,21
274a270a-9807-48e3-8fb8-14683465eef1,Alexander Chowdhury,MALE,First Responder,21
f237d617-75bc-419d-bbe0-14822c0b5c03,Aarna Hayre,MALE,Volunteer,21
64fce70f-f9aa-4cd4-92ff-5642b9c80713,Qarin Bansal,FEMALE,Officer,21
10c84735-120e-471d-8556-84240f9618f6,Pooja Buch,FEMALE,Doctor,21
841e2a2b-778a-4c6b-a83d-ca8febccdcdd,Unni Bhat,MALE,First Responder,21
f508c42a-e5fc-4aa0-9ab9-549df12cb405,Aarav Mital,FEMALE,First Responder,21
35781645-42a5-4dde-a332-c5c57d1a987c,Wazir Koshy,FEMALE,Volunteer,21
7ec00691-a7de-4715-9ac9-8681f8ec5f32,Aayush Natarajan,MALE,Fireman,21
77df0422-a310-42e7-840c-04d993d65137,Ira Shukla,FEMALE,Volunteer,21
15b87648-3040-44bd-a821-aec8facc72f0,Qarin Ramachandran,FEMALE,Fireman,21
7acfe0ee-e3c2-484e-bbdb-3ff43eb5eea7,Radha Kunda,MALE,Volunteer,15
82c56c3c-568d-4ae8-864e-19467e35a6f8,Hiral Parsa,FEMALE,Doctor,15
6084d1c9-cc5a-429c-9119-c75b9b63e83a,Udant Hayer,FEMALE,Volunteer,15
a04bd1a0-3b84-46f7-81ff-23502b796a9a,Unni Sawhney,FEMALE,Fireman,15
5b4b0162-43f6-4e4a-86e7-d626d7b2c9ab,Atharv Anand,MALE,First Responder,15
9782d478-2b55-4184-9e45-6c8f655709f4,Qadim Wagle,FEMALE,Officer,15
128088ab-17ca-400e-89ef-b30a370964e4,Vamakshi Kashyap,MALE,Fireman,15
a441aa10-3efc-4db9-87e9-cb5dc3eb7be2,Peter Peri,MALE,Doctor,15
60c6aa6d-c159-42f1-94ce-1c6d2fc22257,Kavya Tripathi,MALE,Officer,15
3c52dad9-9cc0-4d86-8bba-37ae93c73f99,Ekalinga Mangal,FEMALE,Officer,15
6f421655-a466-49d6-998a-a4729071af50,Reyansh Balan,FEMALE,Doctor,15
613dd3b3-2f97-4724-be13-2353850cb0a1,Anirudh Rout,FEMALE,Fireman,15
874e0717-349e-45a5-b7fd-abb2428664bc,Umang Dayal,MALE,Officer,15
2aeee5b7-8933-4a7d-b73e-3b11add71764,Vinaya Vohra,MALE,Fireman,15
48fb6e9a-87ac-4e8a-a0d7-d082d3c60ddf,Neel Apte,MALE,Officer,15
884db6f6-018e-421c-96b9-04b1f5455c35,Wakeeta Mander,FEMALE,First Responder,15
fa1366a5-9dfd-46d7-a3be-7c7626efd38b,Lajita Shenoy,FEMALE,Officer,15
9781890f-f2e0-4f1c-aeed-0a15c65e305c,Gabriel Yohannan,FEMALE,Volunteer,15
10136e2a-885b-4b4e-bd22-7d8714a7cc8a,Advaith Pau,MALE,Officer,15
84e93868-46f3-4bb9-8c9f-db2b27355ea4,Anita Brar,FEMALE,Doctor,15
e5d2193c-7029-448d-9305-e1805db01935,Peter Bhatti,FEMALE,First Responder,15
2e63cd64-e674-4565-a99f-3109d4a7024e,Kashish Sastry,FEMALE,Officer,15
ef3521cd-1ec1-4cfe-bc9c-c6a171331426,Yochana Barman,MALE,Doctor,15
cfd61790-66e5-4432-9007-a15836cceda4,Aadhya Kadakia,FEMALE,Fireman,15
6501ba3b-2304-4275-9e74-ff3760e5a16b,Anmol Nagy,FEMALE,Doctor,15
da5de028-0756-46de-bdd1-45e09a994c4a,Qarin Khosla,MALE,Fireman,15
9de73303-7721-4cf5-af39-1bfba6eeddc9,Urvi Kala,FEMALE,Officer,15
ac138cdf-cfc5-4823-a59f-7a2c05578180,Vivaan Mitra,FEMALE,Fireman,15
4e90917b-ddae-404c-8047-1326c625d3be,Bina Patel,FEMALE,Fireman,15
a4311c03-4432-4dd2-8bd2-d87e99841bf0,Darika Vig,MALE,Officer,15
03437f31-6632-4689-8f01-f273742d867f,Neelima Zachariah,FEMALE,First Responder,15
7e6ebd6a-35ba-4600-afc5-4d22111201ef,Widisha Bal,MALE,Fireman,15
e7105320-03bc-4905-8b06-c9ae15fce29c,Aishani Dora,MALE,First Responder,15
0483ea4f-a3d6-47fa-bd61-68d533f8edd2,Warda Master,FEMALE,Fireman,15
bd175e82-c0b8-4757-b74c-67776062734a,Triveni Pandit,MALE,First Responder,15
310f7043-28f4-49a8-b162-90ce9b559e4e,Gaurika Savant,FEMALE,Doctor,15
b1e55500-b502-4919-96cd-054ef45e3a81,Robert Palla,MALE,First Responder,15
7b9094a8-328d-4b7b-b3ab-9e3d954ae217,Chasmum Yadav,MALE,Fireman,15
4b7474a8-f0a4-468e-ba3e-37ef8db43ce0,Abhimanyu Bal,MALE,Volunteer,15
e2f3dc43-8de8-4038-ae18-1f7e600047e4,Maanas Chaudhry,MALE,Fireman,15
aecf5af3-a5ff-4950-b4b6-ee9da20dcbe8,Fiyaz Purohit,FEMALE,Doctor,15
b9b7802b-b447-4345-a035-804817661287,Kabir Dhar,MALE,Officer,15
93b30e7d-4ed8-4539-a7dc-1126d5797202,Yahvi Tara,FEMALE,Doctor,15
d57572b9-dd6a-49da-9c38-de7c954e941b,Keya Sawhney,FEMALE,Fireman,15
b809f7f8-8792-4697-81e4-60f5e5b3f081,Wyatt Sarin,FEMALE,Volunteer,15
38b3b447-0526-4f62-befc-c1a99083c55e,Ekbal Dasgupta,MALE,Officer,15
30052d1f-a8ab-4180-b606-6484e836e380,Lucky Barman,MALE,Fireman,15
b1fa8c32-97d9-41f5-a7af-6a7d919cf776,Bina Sethi,FEMALE,Fireman,15
ef24d107-320d-4b5f-a214-80b8b9119960,Elijah Mody,MALE,Officer,10
97bde473-1574-437a-b211-bb16eb39fb76,Jhalak Sama,MALE,Fireman,10
444a9831-243b-4b33-b6e0-ea63956ff8d2,Amol Choudhary,MALE,Volunteer,10
33c77439-3392-4826-b733-0a2918e2a38c,Aarnav Roy,MALE,Officer,10
6accea77-8f6f-48c1-ae12-df626ce076c8,Chanchal Banerjee,FEMALE,First Responder,10
5e9f1e84-8f37-4e0e-92be-bc5102aeac72,Aadhya Pillai,MALE,Volunteer,10
4bcacf3c-e5ea-4a0c-9c3c-9f6076307052,Max Sodhi,MALE,Officer,10
6bb40013-fc8c-4bec-8208-e5b12e3dfcee,Bahadurjit Chokshi,FEMALE,First Responder,10
2a51c645-2144-4af2-ad65-5525dc5ad474,Balvan Ben,MALE,Doctor,10
6c309bbd-2e9d-40e9-852e-b90e8e44a7c4,Balveer Shenoy,FEMALE,Volunteer,10
f97e4d19-e1e9-49c5-ad3d-b0f28d57b10a,Abeer Sankar,FEMALE,Doctor,10
35583efe-3108-4dfd-b5df-78072e27504c,Robert Agrawal,FEMALE,Doctor,10
431abcc5-106f-4e41-af6b-2f6616c17f50,Vrishti Wason,MALE,First Responder,10
40aaf775-9467-4e44-a008-f5eb6e792894,Chavvi Kamdar,MALE,Officer,10
74fc82c5-e842-4b4f-a14f-06d7ba5bcac9,Kashvi Dubey,MALE,First Responder,10
b8db39bb-1f80-4fe6-8c5b-a6f284c57096,Dalaja Iyer,FEMALE,First Responder,10
0ceef7e9-ca01-4837-a664-c32dec43d5b4,Mitesh Singh,FEMALE,Volunteer,10
abe2517f-5636-4338-8fa1-ba2ca931534f,Owen Gulati,FEMALE,Fireman,10
fbebc0c4-1c2a-4c06-8840-92aef6d8a1e5,Hredhaan Gour,FEMALE,Fireman,10
815c938f-9ba0-48e3-bd6c-558b72e0dcee,Gauri Yadav,MALE,Volunteer,10
b81b688b-378f-4922-9c71-af0b79f0ca0b,Xiti Kumar,MALE,First Responder,10
8dd005fe-37b9-41fb-a58a-20ba40c156bc,Ekapad Iyengar,FEMALE,Volunteer,10
c390c3b5-71cd-493b-8862-e80a81d6c6ca,Gagan Sundaram,MALE,Fireman,10
1ffe50e4-f190-49a4-a1cc-77637bd4824a,Daksh Mitra,MALE,Fireman,10
3c7953cd-cc83-4702-9ec2-5a77b4114214,Jalsa Andra,MALE,Doctor,10
45b032b3-f23b-43af-b0b6-a49d90148058,Triya Ramanathan,MALE,Fireman,10
8df99871-d345-4065-9ab9-2bb39b6ffac3,Pooja Kothari,FEMALE,First Responder,15
00a4a91e-d2b3-4686-92af-1228619eacdb,Jeevika Reddy,FEMALE,Fireman,15
2de45e03-91e1-4892-8b77-539c19d1edf6,Jhalak Karnik,FEMALE,Doctor,15
1bd68d73-bdb8-44aa-8e80-aad6a38fc943,Samesh Raj,MALE,Officer,15
94757275-3f0e-47d6-b56a-42efc72aaefd,Samarth Warrior,FEMALE,First Responder,15
aa389287-7ca2-4b44-9e98-e7b3a4dee300,Caleb Jayaraman,FEMALE,First Responder,15
06bda388-0965-4fec-9c51-968f29185a12,Dipta Dhaliwal,FEMALE,Volunteer,15
e5daee92-d6ff-4072-bc80-92c327e7db74,Omkaar Oommen,FEMALE,First Responder,15
0f530927-642d-4fd1-b134-f2824a432c14,Wazir Tella,MALE,First Responder,15
24901e87-a306-4a83-b0f1-7c784a4a33f8,Vasana Trivedi,MALE,Volunteer,15
7fe5ecfb-3af2-4d2f-9c03-dfdb7f23a0d3,Vyanjana Sangha,MALE,Officer,15
7e5e103a-6ca6-4950-9102-f76d2981f498,Sara Bhatti,FEMALE,Volunteer,15
d0d42161-d83c-41e2-b2be-f67c2e10bc83,Warhi Muni,MALE,Volunteer,15
0999c1cb-51c7-4959-b530-eb9b91d743c8,Yatan Deol,MALE,Fireman,15
7b1e5b5a-6b2b-42da-9a28-7e09aa1cb680,Bakhshi Mallick,MALE,First Responder,15
b92809fc-cdad-4ec2-bf14-2123e2bca1c1,Pallavi Gole,MALE,Officer,15
d705e781-3a78-4f3c-870b-fd3ca06ba7a2,Sai Baria,FEMALE,Doctor,15
1680b7b3-b90d-4dad-9078-44b261eea269,Fiyaz Ramanathan,FEMALE,Doctor,15
02808fa3-4376-4fcb-ad90-a8346b317f57,Ekiya Radhakrishnan,FEMALE,Fireman,15
2a2373e7-1fd4-45a6-9f5d-a6265be6a53f,Tanmayi Bora,MALE,Officer,15
12b6e72c-9d05-490d-baec-375ffc5d61fe,Jeevika Shere,MALE,Volunteer,15
69e0baaf-a7a6-4d3d-92c5-95d1368b94cd,Jairaj Sami,FEMALE,Officer,15
f5915dc9-b5c4-4fe5-934b-6af44cdeaa88,Jagrati Khalsa,MALE,Volunteer,15
cc1b0ec7-d529-4289-b731-060bbf338b1f,Irya Krishnan,FEMALE,Officer,15
b037189a-f6ae-41df-b4af-a422a252c5a6,Wridesh Malhotra,FEMALE,Volunteer,15
eeb0e329-b47b-478f-82a2-7da4e1e90569,Luke Bhatti,FEMALE,Doctor,15
70ae9df7-110a-405f-ba3d-64b683761a69,Anvi Sura,FEMALE,First Responder,15
713e4add-3478-4479-ad94-ba391a4b8c64,Jairaj Vora,FEMALE,Fireman,15
99c116ee-71b2-433d-b57e-c61016259a45,Theodore Dasgupta,MALE,First Responder,15
97b54259-2e27-451a-9525-75eccd65ea43,Madhavi Baria,MALE,Officer,15
0af85903-bc1f-4d19-91af-62d9351eb078,Damyanti Radhakrishnan,MALE,Fireman,15
617e2fbc-8cd3-4649-b969-638cb1475966,Chandani Sankar,FEMALE,Officer,15
1ec4ff85-fad1-43e4-b4c5-022d2f7161c6,Aryan Batra,FEMALE,First Responder,15
a954d0a7-e69b-4bcc-b0e9-be987829f508,Warinder Rajagopal,FEMALE,First Responder,15
129e809b-d14f-405f-8b91-7c9e9d279830,Reyansh Dubey,FEMALE,Volunteer,15
31d059a4-580e-4d64-a61f-c2e486afbfd4,Isaiah Rai,FEMALE,Volunteer,15
8fbab1ec-bf31-4442-9989-6d0f21bb5f59,Ijaya Nagarajan,FEMALE,Volunteer,15
f210de6b-2785-4a13-bafa-2031d0f1d6c2,Chaman Yohannan,MALE,Fireman,15
c179b3b7-6487-4bb0-b795-f1987d1b9bd2,Urvashi Loke,MALE,Officer,13
b757d4e0-cf8d-48b8-92a8-936d447edad3,Pranav Kota,MALE,Doctor,13
2f0284b7-d3a4-4139-b246-54c9b0715605,Abhimanyu D’Alia,MALE,Volunteer,13
f2ea21cb-d2ec-4486-9041-af317ce43789,Timothy Seth,FEMALE,Doctor,13
d73b0783-a910-4d68-a023-4cbbbb5dda8a,Harinakshi Upadhyay,FEMALE,Volunteer,13
177fcc64-0e66-4832-8745-35c24942cdaa,Abhiram Ray,FEMALE,First Responder,13
413bde1c-849b-4974-bf99-090111400cec,Chandresh Reddy,FEMALE,Doctor,13
8b2c3ed6-7dd4-4c1f-8a1f-58a13a3cca4c,Reyansh Kamdar,MALE,Volunteer,13
d6e4da8e-7545-4bb9-a680-bbb59c5c377a,Girish Anand,MALE,Fireman,13
9da88983-79c3-4898-b224-3dfc8abded2f,Kabir Borah,MALE,First Responder,13
38495a43-53b3-495f-94d3-62b444b71ae6,Imaran Roy,MALE,Doctor,13
b366ce85-de3a-4caa-aa19-089d08ad768f,Andrew Dey,MALE,First Responder,13
7f78e80c-9c92-48d9-b149-07b05b875c4c,Vedant Kalita,MALE,First Responder,13
a37e6087-e267-42f3-8f4f-80b4638045f1,Bhavika Gulati,FEMALE,First Responder,13
d15c447f-33ea-4546-9d22-0f343bd9f02d,Udyati Sahni,MALE,Officer,13
bc557214-e447-4f1a-80b3-28dcb6aa13ac,Saanvi Swaminathan,FEMALE,Officer,13
50095777-767c-4cc1-8dd8-989b252e55ff,Bhavya Apte,FEMALE,Doctor,13
356e431d-b03a-4ed8-9751-0919e724899f,Ekbal Dutta,MALE,Doctor,13
b900031b-874a-4347-b4b2-9cf190e88c5f,Vivaan Shroff,FEMALE,Volunteer,13
184a3f37-42e9-4202-9dfc-0926f94e991c,Upma Mangat,FEMALE,Officer,13
31f4a528-4107-4969-bca3-ea59665c6343,Anamika Chander,MALE,Officer,13
80d64f88-29b1-4ecc-82c7-ec3bd686ecb8,Raagini Viswanathan,FEMALE,Doctor,13
49b516d5-bc22-4977-8ac2-324b5a68bd8e,Niharika Dara,MALE,First Responder,13
a9e1224c-97e3-4a64-9de3-f933f98f07f0,Aryan Pillay,MALE,Doctor,13
621c8b38-4fd5-4ef0-b5c2-892461bcab0b,Harrison Divan,MALE,Volunteer,13
ad303457-0c87-4c01-9904-78c8414a7138,Zayyan Bobal,FEMALE,Officer,13
18167967-9a1b-4f47-98b7-cf3f8a87dd26,Saumya Nagi,FEMALE,Doctor,13
1393039c-8e8e-45a7-bf04-7bf3a42a21af,Advay Padmanabhan,FEMALE,Doctor,13
3befb9ff-cc27-440b-8b20-123e463c65fd,Lajita Chawla,MALE,Fireman,13
3b25d62d-7315-450f-9414-f2ac3318fd9b,Girish Bhagat,FEMALE,First Responder,13
c6821d53-a87e-40a6-bccb-6cb9374cd58b,Radhika Som,MALE,Volunteer,13
4420045b-a503-4411-80e5-f595e83d7fcb,Lakshit Bhatt,MALE,Fireman,13
a41bddef-22c0-4c10-920d-94ff34b09972,Raksha Choudhry,MALE,Officer,13
548e2812-250d-4e4f-8f63-fbb260d04ae4,Girik Wali,MALE,First Responder,13
0f3813f3-49d8-4031-ae60-01dde0ad62cd,Rachita Virk,MALE,Doctor,13
86c50f8c-bb1d-4158-b100-99f13bb4385c,Bina Gour,FEMALE,Volunteer,13
be34d8c4-cf73-4808-8214-f9681798bd9b,Vihaan Mall,FEMALE,First Responder,13
f645b12c-fa31-45d1-ac1a-0b907332339d,Jeremiah Narula,MALE,First Responder,13
d07d6aa3-5619-40f7-812f-49954459762f,Anvi Minhas,MALE,Volunteer,13
9a08a90d-ff0b-44bc-8bbd-fb9e1e2e8feb,Joshua Karnik,MALE,First Responder,13
6d581c4c-b0f2-4d46-8243-1d7830b3b9cd,Nilima Goyal,MALE,Fireman,13
ffa7fb1c-26c8-4b8e-843e-eab003facf78,Vedika Chauhan,FEMALE,Volunteer,13
bf32f01f-694b-4883-9674-726463e97e14,Samarth Chanda,MALE,Officer,13
0f230944-2ec5-4bab-bc47-96b15b6a97f6,Lekha Gara,FEMALE,Volunteer,13
1a71ae71-75e7-4db4-8808-a8db557c2b19,Praneel Banik,FEMALE,Fireman,13
14a7b4bc-d2b6-4c46-89f2-cd817a0227eb,Shivansh Narula,FEMALE,Volunteer,13
8af9fe63-1c44-4214-9f23-aea8fe0bb3ab,Yauvani Nagi,MALE,Doctor,13
5776f44a-a286-4466-b7f2-2638c5fdc05c,Victor Hari,FEMALE,Doctor,13
9a31f442-bd0c-401b-96e2-687e2bf56975,Nitara Gour,MALE,Fireman,13
91bda884-51d8-4bb1-9217-cc1ab8cce6a6,Krish Subramaniam,MALE,Officer,13
4875660f-9c73-4f3d-953a-d8e7d1c07825,Yashasvi Dasgupta,MALE,Volunteer,13
7635fbc0-b75a-41b3-b4ac-fdcb3fcefe89,Owen Murthy,FEMALE,Volunteer,13
07615c44-fe1a-4062-a69d-76f516d6c34a,Idika Oza,FEMALE,Volunteer,13
e0990a2c-41ba-4b43-b385-596f32a81c06,Vamakshi Biswas,MALE,Fireman,13
946d075b-32d5-4231-a3b4-5d56545b13bd,Noah Lala,MALE,Fireman,13
29b9a878-7274-4788-b824-a89f88443f46,Krishna Grewal,MALE,Doctor,13
c514003c-5021-4be8-a6a5-599cb538bca9,Lakshmi Majumdar,FEMALE,First Responder,13
be8cbde1-78c1-4fe9-abf0-86ffe01da6eb,Jagat Minhas,FEMALE,Volunteer,13
74f1db7b-c8e9-4a42-99ee-229578c69305,Benjamin Sengupta,FEMALE,Fireman,13
4fd22c56-e51b-41b5-9d33-a569136b2974,Tristan Balay,FEMALE,Fireman,13
f4afbd86-b26d-44fa-b6b6-f17c99d53c54,Yatin Ganguly,MALE,First Responder,13
5947c64f-735c-46d1-bffc-b76215068018,Xalak Behl,MALE,First Responder,13
eca93cc6-ac20-493e-9d3f-6b18fc6fa8cc,Onveer Rao,MALE,Fireman,13
3d9f228e-cdc2-493a-b523-6ec807ed8a10,Tristan Kara,MALE,Fireman,13
baebabf0-b03d-4d5b-a57b-3314d7d7daa0,Aarini Toor,MALE,Fireman,13
52f9f698-d668-48c6-b142-a3bb2c83a283,Damyanti Goel,FEMALE,Volunteer,13
d0a1f5f2-4ff7-4c49-9c2e-b4d9ccb1d33e,Deepa Mander,FEMALE,Doctor,13
8686f9e4-8b77-479a-8f6d-c2e1b1e1611c,Farhan Chaudry,MALE,Fireman,13
2f2ff7b3-77c2-46c2-a74c-687116256cae,Charles Jha,MALE,Doctor,13
4819a243-34d9-49d5-b5f2-8fa9acae808c,Bhanumati Manda,FEMALE,Officer,13
ab825263-689d-46df-a265-4b7388a3b8db,Gaurav Khanna,FEMALE,Doctor,13
8dbac750-056b-4935-a8ca-e195c5733470,Oscar Mittal,MALE,Doctor,13
5363d891-df11-4527-ab4a-f01933359f78,Jagat Goswami,FEMALE,First Responder,13
b92da0b9-0432-4fd7-b4a0-f95a9cd3783a,Pallavi Chand,MALE,Officer,13
9a371e9f-b16d-4caa-bee2-679d1af0665a,Rachana Banik,MALE,First Responder,13
029a96bd-8413-4d81-b3d3-8a8e16c42e79,Samaksh Shanker,FEMALE,Volunteer,13
6c4d59ed-5a29-4fa5-877a-eea42a30e5a2,Damyanti Ratta,FEMALE,Doctor,13
d6d2eaf4-b304-4db9-b2a5-60582504cf86,Simon Keer,MALE,Volunteer,13
86675ed8-1cce-453a-b3c2-522540804437,Damyanti Narayan,FEMALE,Doctor,13
606cc2ab-d910-405d-a767-0637a171f3da,Gautam Mitter,FEMALE,Volunteer,13
9f151569-bb2d-43b0-afb7-ea44ad0477ab,Dhriti Bail,MALE,Officer,13
75b1d8e3-e456-432b-aca4-f9c5dbb46f69,Charita Lata,FEMALE,First Responder,13
b235e5dd-3c57-4063-8ab4-e33f66a38bd6,Viraj Bala,MALE,Fireman,13
35bd8c47-43e8-445b-889d-cdf0098d1967,Abdul Dora,FEMALE,Officer,13
6de2d2dc-35c6-41f9-8208-2a9ae05942b5,Naksh Sekhon,MALE,First Responder,13
3a3c61ec-33fa-46ca-b66f-ac4b8dfa2be8,Pratyush Kurian,MALE,Doctor,13
1e93777b-3f88-45b9-b935-97050a195a35,Jacob Raja,FEMALE,Volunteer,13
ff5ea810-ed58-4549-9364-5f0bd0faf158,Yoshita Mitter,FEMALE,Doctor,13
40adac88-447a-44c5-bfcf-a89bcab3888f,Tristan Dayal,FEMALE,Volunteer,13
6c98f7b1-cb37-406e-9966-3c10f3635632,Manya Kapadia,FEMALE,Doctor,13
89012fa3-b0df-4028-8d27-ef49c53712c8,Pranav Narasimhan,MALE,First Responder,13
1acc06a0-2951-4287-90c5-ef73f239d304,Rushil Thakkar,MALE,Officer,13
675e25a3-e131-460e-b969-3dfa93301ce1,Krishna Bhalla,FEMALE,Doctor,13
1a91f44e-c83e-4474-983e-e76806a1f90a,Pallavi Bajwa,FEMALE,First Responder,13
c24aa3ee-8713-419a-8a59-01220f2447dc,Gagan Dhar,MALE,Doctor,13
45716ed0-9a91-4562-9ca0-5929b954ca70,Sai Borra,MALE,Officer,13
aaec44ad-75b8-47fa-b552-8daee65bfd17,Neha Kohli,FEMALE,First Responder,13
6a4c0cce-5a49-46d4-ac14-869b6198eefb,Advika Biswas,FEMALE,Officer,13
027d7886-fde0-4de7-b2ab-f4dbd3ad5acb,Turvi Korpal,FEMALE,Officer,13
85b8e052-7984-42c6-b2e3-a293e5e01a36,Mekhala Chakrabarti,MALE,First Responder,13
c44ddbf3-b6dc-4a74-9037-7cf30453e580,Azaan Krish,MALE,Volunteer,13
232dc895-fd5d-49d8-8e2a-8d7bebaa300f,Kamya Chakrabarti,FEMALE,Doctor,13
9b6d95e7-8e1e-4d7f-987b-14a545512e1e,Wridesh Srinivasan,FEMALE,Officer,13
6b3916a8-3399-4e01-a422-e8e605892871,Maanas Kalla,MALE,Fireman,13
075e1cd9-25a9-47ef-b49e-9c5bb8a6732e,Kala Arora,MALE,Officer,13
11e5d50a-34bf-4f4e-af76-f2c5882d5e5f,Shivansh Goswami,FEMALE,Doctor,13
4fbf083b-7754-4725-b877-4507490ee6c6,Aadi Kurian,MALE,Fireman,13
a9939c95-4af3-4f69-9286-5fcd38eaff00,Thomas Sandhu,FEMALE,Officer,13
0610230e-25c6-491d-8a9b-9007ea0510a5,Turvi Narula,MALE,Officer,13
e62e391d-ba88-4a7c-b4f6-26f86462f006,Amol Radhakrishnan,FEMALE,Doctor,13
52e251b8-8394-4c77-a2f9-084c731648d7,Falak Jain,FEMALE,Fireman,4
cf58beeb-215a-4ffe-aa27-afc82bbcc6d8,Hritik Badami,FEMALE,Officer,4
694bbec4-d0fc-48c1-9c86-d742ca4acf53,Meera Khatri,FEMALE,Officer,4
24794df7-72bc-4364-97ed-81b21ed531ee,Aarini Dada,MALE,Doctor,4
c5ecf430-01a0-4c1e-a9b2-6de4198cb3e4,Tristan Patla,FEMALE,First Responder,4
983e61e9-ff0c-4947-9691-9c1f16410f83,Zayan Chaudhuri,MALE,Fireman,4
8d353e31-8e20-4edf-9a01-e0f3fddfdbf3,Yashvi Sidhu,MALE,Fireman,4
9751dd6f-a901-420d-9668-45871ca62846,Hemangini Bobal,FEMALE,Officer,4
9954da11-e2a8-4ccb-b0f7-89b5d75a1e53,Yashasvi Mitra,MALE,Fireman,4
3450dfff-6f53-4077-8f76-ba3e60071d1a,Ekiya Roy,MALE,Volunteer,4
fea7d718-d2a7-45ba-96ed-17f0abb2ee07,Ekansh Hayer,FEMALE,Fireman,4
bf2503e5-ae04-40db-9697-04c8a94a70ec,Upkaar Sagar,FEMALE,Doctor,4
c6de73b3-184a-4881-8e9f-ebfb06313596,Bachittar Karan,FEMALE,Volunteer,4
ddb1067e-067a-4016-99b7-9b56bdc68695,Aadhya Prabhakar,MALE,Volunteer,4
a67c074f-442b-49b8-8a06-3bcd987a56b6,Ranveer Kurian,FEMALE,First Responder,4
7b6df1a7-a583-479a-a263-180996d664df,Aachal Rege,MALE,Volunteer,4
15821b54-5495-44af-aeac-ecd2abcc255a,Samarth Tank,MALE,First Responder,4
4978651c-ecd9-4e0d-b9d3-4475e7d077ae,Samarth Rao,FEMALE,Doctor,4
919927f2-e92d-48b6-a7a5-4a4f7007dbd8,Arunima Rama,MALE,Officer,4
8d566b1c-ee43-4e4b-9f27-3f2b723f167d,Jeremiah Suri,MALE,Volunteer,4
3c9159a8-bda6-4ee6-919d-a263baf4c736,Pavani Gola,FEMALE,Fireman,4
bb8f55d2-8aba-4e89-a236-bba8945711ee,Luke Swamy,FEMALE,Officer,4
14b62d08-d366-4db2-a64f-be996dee5e26,Oni Shroff,MALE,Officer,4
a723ece7-bac7-4f3a-9015-8d7ae7a2ae45,Abhiram Jhaveri,FEMALE,Volunteer,4
097991c5-6425-4c4c-b355-c2574c3c22da,Jason Bath,FEMALE,Volunteer,4
a78e14c7-460b-44da-8adb-f6ebe296f6b0,Chatresh Bhatia,FEMALE,Fireman,4
b94c4896-001f-4663-a0cc-9ab2ae8e82ee,Rajata Sarraf,FEMALE,First Responder,4
2babfa9c-24c6-4396-beb2-08b061c69939,Radha Devi,MALE,Officer,4
7f1846e8-194f-4843-bed8-3f6600d04dc4,Forum Dash,MALE,Doctor,4
e3a72423-9cab-4b11-b247-3a34bdbfbb38,Chameli Prashad,MALE,Officer,4
7f8501b5-7154-4b26-88e1-3e223ab76226,Megha Singh,MALE,Doctor,4
f5e5020d-cd87-4273-ae14-a4f89c717165,Vedika Mangat,FEMALE,Officer,4
73feacc3-064a-49de-9f5b-6aa364b19d67,Ryan Subramaniam,MALE,Doctor,4
d52db59c-70e9-4a65-8aeb-8ffd43accf68,Rehaan Badal,FEMALE,First Responder,4
a2795e44-59c0-4c06-9f29-88ba758d3b5c,Sachi Rastogi,FEMALE,Fireman,4
f23c19f6-7e6a-49f9-8e2e-49265eaf3629,Ikshita Dugar,FEMALE,Fireman,4
931cb831-0ff0-473c-8b49-22f6b2d5874c,Ekantika Som,MALE,Doctor,4
650d3c8c-8b1e-4f4e-9ec9-3d8de26dbb63,Kamya Chandra,FEMALE,Doctor,4
e3ba75e1-d581-4cd2-b3dc-681540b0ee1d,Upasna Gera,FEMALE,Officer,4
960d6e12-9c82-421a-8385-e7e012636da5,Zashil Barad,FEMALE,Officer,4
66d0ab1d-7265-4a44-bd27-a3cdcb29ba8c,Harinakshi Raghavan,FEMALE,Volunteer,4
3e84bfba-e0b0-4f72-a366-0db1fd6df6d6,Jyoti Badal,MALE,Volunteer,4
b3eb638f-ff20-4414-971d-44d25a02ab59,Falguni Ramaswamy,MALE,First Responder,4
7f1f447f-4b74-465d-b1f6-9c8edf4b4fd4,Aarav Choudhury,FEMALE,First Responder,4
3cdeaf1f-339b-477e-8999-0dde4720c025,Ishani Gara,MALE,Volunteer,4
9ad7945e-687b-4cc2-b42a-dc3c79898714,Ayaan Tailor,MALE,Volunteer,4
0958ae07-9ad6-44a9-99a3-801ff71a1562,Yatin Bajwa,MALE,First Responder,4
322e2a91-af2e-4e2e-9390-7f3c868f8e19,Zashil Ravi,FEMALE,First Responder,4
58433c73-d9a9-49ee-85b0-ff94d7d7cb28,Kai Srinivas,FEMALE,Doctor,4
43b19940-5be5-42cf-8127-b17223800d9d,Anirudh Seshadri,FEMALE,First Responder,4
4a8f15bc-7463-45fd-8e40-1a4756fc3257,Tanay Gaba,FEMALE,Volunteer,4
960c6f70-b27d-4670-8459-644e7f1236d3,Isaiah Seth,MALE,Fireman,4
a926eff7-1c84-45f3-aaca-0ce15f07189d,Daksh Jain,FEMALE,Officer,12
9de67b9a-6443-40af-a57c-125bd7a51191,Mitesh Kothari,MALE,Fireman,12
e93be995-5231-42de-8f7b-9384cff0205d,Banjeet Aggarwal,FEMALE,Doctor,12
f3480d46-791d-418e-b6ea-1810c879ec91,Upasna Koshy,FEMALE,Officer,12
fc9c03ef-d7e6-4fbc-9c42-3b7f7e1378da,Upadhriti Kumer,FEMALE,Officer,12
9b4042ae-de18-4544-ada4-fd64b4204e26,Varenya Tiwari,MALE,Fireman,12
75b3f6fa-f16b-40d0-8696-342502583afb,Dalaja Ratta,FEMALE,Officer,12
d8009428-246b-433a-97c4-809591ceeb08,Pratyush Nair,FEMALE,Doctor,12
b7499e7a-a6dd-4bb0-9209-52e02f015893,Ishwar Kumar,MALE,First Responder,12
aa185b0f-192f-4c09-88cc-16db1536462a,Aarush Dhar,FEMALE,Doctor,12
07659b52-268f-4029-828d-9f5c6b456d5c,Charita Nadig,MALE,Doctor,12
24b99ea4-8664-4f91-bb64-d52f07e15fa1,Yauvani Trivedi,MALE,Doctor,12
35b87afb-c024-45ef-98fd-a8bb603f4db4,Owen Tata,FEMALE,First Responder,12
2b96915e-f440-4e8f-b61e-209cc9f7fc26,Darpan Ram,MALE,Volunteer,12
1ce5553d-b789-4f91-b2a3-ee89ce14a09a,Pranit Dubey,MALE,Volunteer,12
34567ac5-fd9b-46ee-8fac-9aee8f2582c3,Anya Verma,FEMALE,Doctor,12
f6d4f903-3372-44f1-82dc-025fe38cc8ed,Mitali Prashad,FEMALE,Fireman,12
741cf265-3281-4f85-9fec-7b503246576e,Michael Naidu,FEMALE,Doctor,12
12dbbb92-0e76-44b7-9655-7a406e3ba489,Raagini Chatterjee,FEMALE,Doctor,12
a536a343-8a75-491e-b175-e9f6242d14f9,Janaki Handa,MALE,First Responder,12
e8e40a19-22d9-49fd-8ce1-908471bc4ad6,Nihal Bava,MALE,Volunteer,12
7758e8fa-6a3f-4433-993f-1ade0ad84f45,Ishwar Muni,MALE,Officer,12
ff101cab-df07-41c7-86fd-98f3def7d713,Balvan Agate,MALE,Officer,12
c0daac10-9d3c-49e9-a867-64707b56e97c,Tejas Narain,FEMALE,First Responder,12
81078cc6-0304-413f-8b22-30189915a6b6,Bakhshi Sidhu,MALE,Fireman,12
b358ac72-cf3d-4bcc-ba56-6dbb40b0c3ec,Oeshi Mitra,MALE,First Responder,12
2b348472-c866-44bc-a329-bd60029c7966,Daksha Dua,MALE,Fireman,12
73d5cb04-8009-41c3-a11d-5695b1a732e1,Ridhi Bhavsar,MALE,Officer,12
9ee0d37b-a63e-4520-bd26-3dca90e81d2e,Kamya Basu,MALE,Doctor,12
b5a90f3b-7ddf-4053-ba49-81813af2c430,Aishani Yadav,FEMALE,First Responder,12
81e1eae3-473b-41f3-adbf-6766f3ca0c77,Yutika Natarajan,FEMALE,Doctor,12
859e01d2-cdf8-4225-a3a2-4a37021ca60e,Gavin Sundaram,FEMALE,Volunteer,12
6bbc4622-b28b-4046-9457-b2a614b45a83,Anvi Shankar,MALE,First Responder,12
bb4b37de-2649-444b-8605-f6fe3ffca564,George Thakur,MALE,Volunteer,12
a46d06a1-b2be-4eab-91ca-48382a6875ec,Sai Pandya,FEMALE,Officer,12
30013423-555c-4bdc-8e7c-0af038dcf2bf,Ansh Ramakrishnan,MALE,Fireman,12
51cbbb9a-15d3-4caf-a3ca-5ba74b9fca69,Anay Vora,FEMALE,First Responder,12
42182462-08ee-4550-bfa4-49b73f8fb0fb,Advik Choudhary,FEMALE,First Responder,12
a8389df5-f596-42b4-88c1-9c43ac828c1d,Meera Mohanty,MALE,Officer,12
fd831b25-0596-4c67-8e9c-9997f10c8f20,Gavin Ganesan,FEMALE,Volunteer,12
9953c441-f84e-46bf-8900-c349b760221b,Eshana Chokshi,MALE,Fireman,12
7da663b7-9b3c-41f6-bf74-f2b38bb63e5d,Triveni Shroff,MALE,Fireman,12
66b3ba53-dd83-4744-924a-8fb6bce5e1e5,Ryan Hora,FEMALE,Doctor,12
f63b7609-8597-43d6-b6f0-94539c55c1af,Yasti Soman,FEMALE,Volunteer,12
668c1ad3-9d7d-4968-af9a-77ad64e95106,Sudiksha Tella,MALE,Fireman,12
b0eec8c8-858c-4f45-ac3d-8921d9034aac,Amol Mangat,MALE,Officer,12
3a9ca253-9020-4999-be8d-c4d587c3bba9,Leela Shukla,MALE,Fireman,12
cfa4b87b-e963-4f97-b326-6c99e121dee6,Saanvi Palan,FEMALE,Officer,12
0979edf9-4786-49c7-b044-8b91d28b1789,Isaiah Shanker,FEMALE,Volunteer,12
3c1b90ef-1811-4648-adb1-9858bdb15501,Lakshmi Rastogi,FEMALE,First Responder,12
910cc8bf-93d5-4df6-87a6-06faa11e1fb3,Bhavya Mital,MALE,Volunteer,12
22be647d-5793-40f4-9072-dc54bde148d0,Adya Bhargava,FEMALE,Doctor,12
20fe3349-f98c-4fc5-bac0-469d1c073dd1,Tristan Savant,MALE,Doctor,12
0a57041a-b7ec-4bea-a908-5f4d8064bcdc,Ubika Lall,MALE,Officer,12
cecaae82-f1bf-4602-9c38-726355122614,Raksha Hayer,FEMALE,Volunteer,12
3cdf1520-e782-4615-8a07-b6aa98478d16,Balendra Kumar,FEMALE,Doctor,12
229cbd67-75bb-4eee-a781-cc464f595c1d,Vedika Kapoor,MALE,Officer,12
0f1b0255-1226-4c44-b1e3-ff7798718c68,Faris Dhaliwal,MALE,Officer,12
02042f14-fcb5-48a2-9f6a-c4f1d3af81c7,Wridesh Ray,MALE,Fireman,12
d4fb04f8-cb22-4d1a-9d1a-114a206d9192,Kritika Bhasin,FEMALE,First Responder,12
2b11e6de-4e7b-4fa1-bf5e-5bfedfcd25ff,Ethan Mallick,FEMALE,Volunteer,12
bb09f5e2-9824-4321-b913-422600ea5a74,Nandini Suri,MALE,Fireman,12
f2a376fd-3e0b-4938-b2fe-541eea44a243,Peter Gupta,MALE,Officer,12
5b93bb8d-fe5d-41af-b610-2f40d0b1d368,Umang Kapadia,MALE,Officer,12
80d28b5f-7f25-4ecd-a7b7-916add1b084b,William Sarraf,FEMALE,First Responder,12
2960c11d-ecfc-4e7a-af93-0af7a0985f1d,Chanakya Patla,MALE,First Responder,12
7f4d9006-2c23-423c-8c32-c48ca1e96e43,Shivani Agarwal,FEMALE,First Responder,12
36fcb3cb-7872-4175-8b61-fa0f501c40f5,Bahadurjit Rout,FEMALE,First Responder,12
119de5ec-9744-4cb9-a590-d35689ff60b2,Chaitanya Goel,MALE,Volunteer,12
75c631da-8917-4e6f-8a54-e32d001c7df3,Hemang Munshi,FEMALE,Officer,12
0d69aae7-df04-4cd5-b0d2-eb591e072a8b,Alexander Chauhan,FEMALE,Fireman,12
8b51fa74-a34a-48ca-a96d-25d8cab1d3ff,Sanaya Halder,MALE,Officer,12
271d4d2c-2c4c-4d0c-b352-4799c9d441ae,Rishi Kulkarni,FEMALE,Fireman,12
f4511f2b-987f-4f6c-8a54-7a56a7bd24f7,Rushil Sama,FEMALE,Officer,12
495be33c-ea03-4dad-99bc-b59ba77df201,Agastya Gupta,FEMALE,Volunteer,12
d1afb3ec-c1e2-4097-b662-d974f784e987,Charles Shukla,MALE,Volunteer,12
1118e17b-7ce5-434e-8a06-eb7901b7b935,Chakradev Sastry,MALE,Fireman,12
d73a9093-dba5-4a2d-8fdc-a36a78a52c74,Neel Bansal,FEMALE,First Responder,12
55c427df-a2de-4dfe-b50f-c5ccffd115c8,Gopal Mahal,MALE,Volunteer,12
f222828e-1d0b-44a3-abde-92f700464b65,Xalak Krishnamurthy,MALE,First Responder,12
e540b873-080c-4118-9692-8eb74d400484,Chatura Acharya,FEMALE,Volunteer,12
99016b41-70df-40e2-be70-aec961656564,Ati Vig,MALE,Doctor,12
75acb8ff-e3eb-49ce-8e75-78ac916941e5,Sai Bhargava,FEMALE,First Responder,12
6f76eb49-01da-4919-a387-624ca90c6081,Madhav Mittal,MALE,First Responder,12
eceadaff-d211-4be0-8ee9-4c3048da8eb9,Patrick Bora,MALE,Officer,12
d32e54c7-842b-4b11-beff-c634f082401d,Pooja Manda,MALE,Volunteer,12
4498dc28-791f-45e5-929b-9c91f23e37c7,Chatura Loyal,FEMALE,Volunteer,10
5ab65c95-bba3-4aa2-b14e-7ecfd70fbcc6,Bimala Soman,MALE,First Responder,10
48128d17-93c1-4454-be83-d32f942b5668,Ishanvi Nair,MALE,Fireman,10
3ca5335e-5d8d-4701-96d7-629d196c182e,Qushi Bala,FEMALE,Fireman,10
85a5c1cc-8f56-4184-8d74-d0c1c3293f19,Madhav Bhalla,MALE,Officer,10
f29f2c2b-da56-4eff-848f-1713b77e9bd7,Umang Mukherjee,FEMALE,Officer,10
0e54446c-8038-46fd-8e2d-52102fe52ad8,Baghyawati Bains,FEMALE,Fireman,10
8473e5fb-9548-47f0-a8b7-b72dc017c39d,Samuel Mahajan,FEMALE,Volunteer,10
55df885e-3bee-425f-bdb9-c8bb696eee05,Upkaar Golla,MALE,Doctor,10
1728317b-56c3-41e9-913b-a55f49347ed1,Harita Sur,MALE,Fireman,10
a7f52880-6d5c-4afb-88e8-0bee7cc7f8fb,Sarthak Varty,MALE,First Responder,10
0d407f92-8a19-48d1-a6ee-9ba5d4f3e27d,Frado Lad,FEMALE,First Responder,10
97b0be52-dadc-4043-b0b7-b1d0abbcde3f,Yasti Char,MALE,Volunteer,10
e35b2549-fffc-4967-b638-318b8c02bb06,Umang Goel,MALE,Volunteer,10
74969133-ddbd-4cb7-81ec-43ec1a2126e2,Kritika Sethi,FEMALE,Fireman,10
8dcd1e06-3660-4f23-b244-607d8a0a1121,Finn Mallick,FEMALE,First Responder,10
4dc9b961-e39a-48ec-a40c-cfb3324f6c60,Jeevika Magar,MALE,Doctor,10
06f9cefe-138d-415f-b72a-e141172f69a7,Wriddhish Modi,MALE,Volunteer,10
3cc2b9cd-8552-40ae-8bfa-85a177115e3f,Pratyush Kaur,FEMALE,Fireman,10
1850bb3c-26b7-41fa-9144-9afce38c0213,Yashodhara Gala,MALE,First Responder,10
46044b97-ec3f-4ba4-a9f7-89dfe56b2ff6,Banjeet Soni,MALE,Doctor,10
1699c4e3-bf46-4d5e-961c-d395188cbcb0,Liam Prashad,FEMALE,First Responder,10
32e1d0f5-606a-41fa-b023-34168fea1dc9,Tanish Sarkar,FEMALE,Fireman,10
86735216-866d-4502-8585-a913287ce474,Baghyawati Char,FEMALE,Fireman,10
9466aba8-8ab8-4233-8e10-4c64a702b4d5,Avi Chopra,MALE,Fireman,10
d22cf680-4a60-4c64-9d9c-0fdc44932ba5,Falguni Wali,FEMALE,Fireman,10
11c42d3a-f6dd-45c0-a2e2-cd8c0eee8e4f,Chameli Pingle,MALE,Officer,10
595b012d-030e-491c-bbdd-36e231f0645b,Hritik Vyas,MALE,First Responder,10
b609d10d-483c-4833-a958-3d089cf33f9b,Daksha Sarin,FEMALE,First Responder,10
4f3023b0-15be-4af1-bb13-15a9810a4459,Kamala Guha,MALE,Volunteer,10
20245646-eaa8-4504-b2d6-695270080694,Hardik Choudhury,MALE,Fireman,10
44cb47ba-c71c-45c6-8320-fe36249e4ffc,Daksh Mammen,MALE,Officer,10
2b0b5c61-40b6-40b9-8698-bd9f7f4ba45d,Ladli Pant,MALE,Doctor,10
41df19b8-e340-4d83-a51f-064e7c64c256,Gopal Radhakrishnan,MALE,Fireman,10
aef9e42b-03aa-4199-93a1-2e52c6824b9b,Upma Brahmbhatt,FEMALE,Officer,10
0fe46611-975a-42ed-8206-38a22d183557,Reva Mangat,MALE,Doctor,10
32ef8cd6-4611-4b4d-bd22-924f80416c9b,Yug Oak,MALE,Volunteer,10
d741a2fd-c1ea-4f08-8898-378385c72b95,Falan Chad,FEMALE,Volunteer,10
62881180-fffd-4fcb-93d8-8bf500d1acce,Yachana Anne,FEMALE,Officer,10
d95c1a36-7a8c-4890-b7e4-388aee60411c,Andrew Bala,FEMALE,Officer,10
d1ceb508-b963-472a-80a8-52adcf9ff772,Widisha Butala,FEMALE,Doctor,18
0682e7b6-519c-46d3-acb0-55b399656fa3,Dominic Sarraf,FEMALE,Officer,18
ee7994e4-d81b-4045-870d-af3292a1b5c5,Ishaan Sachdev,MALE,Doctor,18
ae616c5a-8aac-4413-a75a-787be249ebe1,Kabir Murty,MALE,First Responder,18
aac301c0-c274-472c-9b4b-2d4c3402a578,Oeshi Murty,FEMALE,Officer,18
8992926f-0afb-43a6-891b-dc8a11e0bd49,Vrishti Ravi,MALE,Fireman,18
e0eb9b43-bf42-4c80-b0a3-1484dc98b68e,Leena Prakash,MALE,Volunteer,18
42dc0a62-6d8f-4d5f-a9ea-bccb0599ce21,Avni Walia,MALE,Fireman,18
fea96ebe-2111-4ce7-a6bb-ee8f8124d7bf,Mekhala Krishna,FEMALE,Fireman,18
91d42f6b-a9d5-4711-b046-c0031cd4a481,Sanaya Krish,FEMALE,Fireman,18
8cf19c60-b59e-478d-b841-379bb1174485,Ikbal Maharaj,MALE,Volunteer,18
20ab8baa-9685-4381-a1ec-3d97c3081ecc,Chaman Kalita,MALE,Fireman,18
76fcd522-a212-45c8-b02a-ed5b5a3f93bb,Eiravati Ratta,FEMALE,Volunteer,18
ce0a0e81-74b7-4605-a29b-36b6f74d7d00,Mason Shetty,MALE,Doctor,18
937580a5-80e8-4a3d-81ef-bd8d4b406f92,Wishi Narula,MALE,First Responder,18
91c5a025-ef4a-40ab-9dd3-9fc4ebbe54cd,Sudiksha Deol,MALE,Doctor,18
614a0ffe-e6e8-46f8-a77a-2f0dd470afe9,Idika Kaur,MALE,Officer,18
6881ebbc-89e1-46c4-96b5-59370a763634,Yashvi Mohan,FEMALE,Officer,18
8f95d8b4-aa71-47f5-8161-6cc7c0acf637,Hemangini Gokhale,MALE,Officer,18
33b75faa-aef1-45ba-b70c-6923fe3a2e09,Kalpit Raman,MALE,Volunteer,18
a2f875cb-696f-4b0e-a847-10b175bab118,Dalaja Char,FEMALE,Doctor,18
15518706-3a30-4e66-98c8-a74b5e5d392b,Onkar Kumer,MALE,Volunteer,18
98bd2349-24f3-4350-8a24-5709e01663ba,Vanya Subramaniam,MALE,First Responder,18
f1d40874-3147-478e-a011-9bfaa890d3f0,Naksh Chawla,FEMALE,Fireman,18
246d8af2-1294-4287-b239-2ad8940988c2,Timothy Bajwa,FEMALE,Officer,18
f77bf3c8-a905-45cc-8632-baefe9421e8c,Panini Doctor,MALE,Volunteer,18
52418532-7391-439f-a2d6-07040ac3810f,Kamya Bhatia,FEMALE,First Responder,18
29107802-c5f4-405f-a6c2-e4c2ee26d2f5,Anamika Misra,MALE,Doctor,18
7fb506e1-87c4-4238-9fff-c8fe82d1d231,Tara Reddy,MALE,Volunteer,18
1e1376dd-fc02-45f2-85fc-813fbe958759,Urvashi Dhar,MALE,Officer,18
ef500947-82a2-452d-8f9d-dbd2e5d8bfe6,Qarin Kalla,FEMALE,Officer,18
30b2c1c0-b38b-4112-bb8e-f03680e3cb8c,Adweta Radhakrishnan,FEMALE,Volunteer,18
0146d75b-521e-442e-9506-65680df00633,Imaran Bhargava,MALE,Volunteer,18
55eddf43-6634-4479-bd04-d31462437b49,Kritika Oak,MALE,First Responder,18
a3c423c8-0cdb-40f0-a090-93a4d0bfb7f3,Jagrati Mallick,MALE,First Responder,18
0b46a845-b9c6-495f-949f-e45ec17fb30b,Wriddhish Lal,FEMALE,Fireman,18
9a665702-2c86-401e-970b-63b5e000d1f6,Bhavika Gupta,FEMALE,Fireman,18
3ef47521-e655-48db-9f57-4517139aa553,Chameli Panchal,FEMALE,Doctor,18
54c3f9b7-29e6-49d8-95fe-8c8b41344cf0,Qadim Sharma,FEMALE,Volunteer,18
a1b6eabe-8868-4658-845a-434a0b82c137,Mugdha Bandi,MALE,Fireman,18
cbc83307-b636-446c-80d5-f6433dabac22,Yutika Jaggi,MALE,Doctor,18
b0e57395-3b2a-4e19-8e19-3e044e15b1a4,Radha Chopra,MALE,Doctor,18
c2e951ac-33ce-42ee-bfc1-2029dfb4b876,Ira Parmer,FEMALE,Doctor,18
34a73f5e-20c3-4a6d-8b84-3a23b5efb2e4,Jasmit Hayer,MALE,Volunteer,18
4b438984-f4fb-40f7-a370-f1d46bc0668d,Fariq Dasgupta,FEMALE,First Responder,18
16a42c6e-d0a3-40e5-97ec-aae9a015f49d,Zilmil Bhatti,MALE,Volunteer,18
cf8cba0c-fca9-46ac-9d92-22e59601b9a2,Ekani Bava,MALE,First Responder,18
dd601823-38ef-47ce-b66c-9ec7d22d631d,Isaiah Warrior,FEMALE,Officer,18
475992ba-1a26-448d-a46d-c1c320f4fbc1,Panini Kari,MALE,Officer,18
197e7307-4f03-4316-b1cb-dd5d5e0f3293,Vasana Nazareth,FEMALE,Doctor,18
e642a53f-0d95-4211-b54b-c6a7a66763c1,Krishna Shetty,FEMALE,First Responder,18
83a21573-5fd9-4b68-a4ce-295137451389,Maanas Goswami,MALE,Volunteer,18
14144df5-3e4b-4c99-b212-036ec95e08a7,Girish Bawa,FEMALE,Fireman,18
202f320c-c533-4935-97e2-ac3004036a1b,Osha Bhargava,FEMALE,Volunteer,18
f819853c-bdaf-4c5e-b55c-566c91ebdaa6,Yashica Pingle,FEMALE,Officer,18
a36ac17e-809c-4fc7-9986-fc8855853af6,Onveer Bora,FEMALE,Officer,18
09aa8649-b3e8-469d-82a5-bceae98d6dcd,Ethan Mane,FEMALE,Officer,18
cbb8fbf4-c858-46cb-9760-78ec0a22eeb0,Balvan Dubey,MALE,Officer,18
40741bf5-82c8-493f-82f1-9d0b6d371fe7,Udarsh Mody,FEMALE,First Responder,18
7ed0d8bf-e209-4e6a-9a2a-0599eea4efb4,Vidhi Lalla,MALE,First Responder,18
9ed69331-093f-4751-a9ac-8711fc1fb093,Aadi Doctor,MALE,Volunteer,18
82ae4701-4743-4236-be0d-ec296c2998e1,Anita Hayre,FEMALE,Volunteer,18
7c83a856-b11b-4d01-b1b6-e90ab6d912ef,Yashodhara Agate,MALE,Volunteer,18
976aec5a-2927-4889-a556-77fcf6c0795c,Girish Shukla,MALE,Fireman,18
4ffe37dc-31bb-4d2d-9e79-02285fdb35e0,Anika Bumb,FEMALE,First Responder,18
5178f3f5-0021-4103-97da-32e7e1983d49,Abha Kala,MALE,Volunteer,18
3437d081-7a9a-4b71-a26a-27e0dcb3306d,Samesh Chacko,FEMALE,Fireman,18
885735b5-080a-43bc-aceb-a4981ea75bd6,Yashica Bhardwaj,FEMALE,Doctor,18
9f52fddd-8750-4813-af3d-6680430b535b,Harish Nadkarni,FEMALE,Volunteer,18
15e05250-1961-4ba2-b0c1-8ffa3bddad71,Imaran Basu,FEMALE,Fireman,18
35599d80-3a77-4c05-85e6-a3e39a7a96ef,Omisha Sura,MALE,Volunteer,18
7164e32f-533c-40fa-a3f4-fba6d17e3071,Suhani Kakar,FEMALE,First Responder,18
9d723a43-f65f-4f1d-81e3-7f9bc08243a3,Warhi Kashyap,MALE,Officer,18
6f79a633-9838-4839-a65b-045bbeb49be1,Victor Munshi,FEMALE,Fireman,18
bdcb3286-d3f8-4321-bdd8-7c70e64d49e4,Chaaya Parikh,FEMALE,Volunteer,18
e775d081-43fc-46c6-b6c9-618e43008757,Rachita Mishra,MALE,Officer,18
5a9416bf-fe2a-4d3c-be34-991dae72cbd9,Rishi Vasa,MALE,Officer,18
1de66966-95ad-475a-a64e-4d7baf09a8fa,Advika Kapoor,FEMALE,First Responder,18
2ee1b37d-03d7-4953-b6bd-83d7ef32910c,Kala Soman,FEMALE,Volunteer,18
f8c9dfa5-b409-40b9-9a0c-96f78b3fa0c0,Gaurav Kurian,MALE,Volunteer,18
d2056c32-48c5-42b4-83ce-4475f8954418,Yamini Chand,FEMALE,First Responder,18
5da01cd2-46dc-4411-b24a-7db18dd60057,Ethan Pal,FEMALE,Officer,18
b252637c-2014-4a5e-97ee-75269b45e025,Gautami Bava,FEMALE,Officer,18
bee85424-e59f-45ca-94d1-c3994cb0b1b3,Vivaan Sankar,FEMALE,First Responder,18
75d00616-ef20-4209-8e4d-c3178bfefa1b,Mason Bassi,MALE,Volunteer,18
9addebae-d9e5-4085-8459-be2d6521cb9a,Tara Desai,FEMALE,First Responder,18
3e640e52-2492-42ec-bfa8-dff003c9050c,Faraj Thakur,FEMALE,Doctor,18
a70cead0-0a50-4657-97bb-3e4006429ac2,Avi Hayre,FEMALE,Doctor,18
0a786b89-f229-4de3-b967-3be40728d2ea,Bhavna Khanna,FEMALE,Officer,18
8aa0bb03-4072-4443-9ba9-61cbbe646144,Shaurya Sathe,FEMALE,Officer,18
720ed8f8-b710-4c10-abee-0613c45f84e9,Tanveer Puri,MALE,Officer,18
e5b29e1b-9b24-49b9-a552-91fd834c55c9,Amruta Merchant,FEMALE,Officer,18
0cde38c8-c710-4e97-969f-238f34d51999,Eta Chaudry,FEMALE,Fireman,18
56971890-3d49-43f5-a663-c4ebe9fb5734,Ekansh Salvi,FEMALE,Volunteer,18
30c49993-000e-426a-a77c-3e461c04eadc,Sathvik Konda,FEMALE,Officer,18
74e1b9f3-d290-4466-8d5c-2cd52295f9e0,Naksh Dasgupta,FEMALE,Doctor,18
8c55ff4b-4432-47af-9962-385bc59ed8bc,Bhavna Bhalla,MALE,Fireman,18
de7b6795-32c9-442e-a21f-c11ad53c8237,Nakul Krish,FEMALE,Doctor,18
5de6ae83-7248-4c7b-a71e-482098dff25e,Gaurang Sarma,MALE,First Responder,18
027dae01-37f0-4713-b078-854ae3940acc,Harshil Bail,FEMALE,Fireman,18
1da5d96f-ca1d-48ac-b304-0ec04576e454,Ayaan Sahota,MALE,Volunteer,18
c92cb131-d2df-454e-a960-0e2541681a64,Aadi Ghosh,FEMALE,Volunteer,18
1c934cdd-91db-4aa3-9724-ac2276e883dd,Rushil Padmanabhan,FEMALE,Fireman,18
df0a0402-d122-4374-b01a-ae5f58aaf6c8,William Gaba,MALE,Doctor,18
ffda477b-b6fd-4f35-bcb4-4f41924a5448,Warda Patel,MALE,Doctor,18
73ea02d7-02c3-4b27-87ad-d5946c408cc7,Aarnav Bail,MALE,Doctor,18
a5b7a28b-6849-4b9a-baa8-e64cca23f4fb,Faraj Palan,MALE,First Responder,18
1c258d87-6419-4aa7-9a5d-ac71ced5bea4,Laksh Lata,MALE,Officer,18
25222aeb-3f80-40a3-b58c-d4a305cd1d82,Jalsa Edwin,FEMALE,Officer,18
f2156db2-f561-4bea-b4a9-2d29ba0ec32b,Charles Sami,MALE,Officer,18
1cb37a8f-9a59-4151-8311-4f152887e745,Dayamai Jain,MALE,Officer,18
2bfa9a53-5be0-4a63-8e13-9e46e233621b,Zayyan Goda,FEMALE,Fireman,18
06fbef74-b38b-401f-8636-a7bdeba0e3bb,Maanas Sethi,FEMALE,First Responder,18
df5fe1d1-b48a-41c5-9df4-8f393ed429f5,Raagini Parekh,FEMALE,Officer,18
b2ca32bb-20de-4787-b03d-2cbdcc4a0e6a,Chameli Sha,FEMALE,First Responder,18
8ca37b58-9e8d-42d3-b659-b8484ade1399,Jagvi Jain,FEMALE,Fireman,18
ece3dfa7-057c-4e59-980b-b12eb0ffd3e6,Adya Rai,MALE,Doctor,18
4efef52a-a455-49cf-a4fe-14852788e3aa,Hredhaan Golla,FEMALE,Officer,4
a110685b-6304-47a8-ad49-ce0198e99f3c,Luke Wason,FEMALE,Volunteer,4
96f82904-417c-4b38-8a7f-d9fad6bd1edf,Yashvi Chaudhari,FEMALE,Fireman,4
702baf86-1587-4dde-a3fc-3623c1712694,Leela Gill,FEMALE,First Responder,4
2692dc3f-1165-4a7e-8733-ef423b29c5fc,Priya Sant,MALE,Officer,4
5614b2c7-bebf-40c4-93d3-4f62b5fd89ab,Gautami Chawla,FEMALE,First Responder,4
cb7f7b4b-1fb0-4b0e-8f71-6be13fdcecde,Lopa Mohan,FEMALE,Doctor,4
005ebedf-3c17-49da-a0b5-7910e3883ea5,Darpan Basu,MALE,Doctor,4
08a81b46-52ab-4dca-b7b0-0a84bec08189,Omisha Tripathi,FEMALE,First Responder,4
6b1c92b2-a039-4020-83f2-e7716cde1fe1,Omkaar Chakraborty,FEMALE,First Responder,4
f414f225-abed-40d6-b71a-135c52b0c796,Jatin Bahl,FEMALE,First Responder,4
8166c40d-248a-422f-a098-17c29053a76f,Radhika Dhar,MALE,Volunteer,4
8cc23de2-fba6-48fc-98b2-f8426b2192df,Jason Mukhopadhyay,MALE,Doctor,4
0382d02e-65e2-4e22-ac2d-5a606ca845a1,Rachana Iyengar,FEMALE,First Responder,4
cbe2247b-ef52-4659-a567-aa1ad1f3d7cf,Janaki Goswami,FEMALE,Volunteer,4
ddec9efb-c5b8-40d0-8e20-8ef93e4d02d2,Ria Pingle,MALE,First Responder,4
aed2f9f4-e62a-4410-ae7e-cb620e285035,Anvi Hans,MALE,Volunteer,4
91da3385-c791-457c-9c83-26385687b2a1,Advik Borah,MALE,Volunteer,4
85d33f5e-0c0b-4695-bc9c-f47a788d37ad,Qabil Chatterjee,MALE,Fireman,4
d1d3c9b7-99be-442a-ab4a-b85ee15cd900,Ishani Tripathi,FEMALE,Doctor,4
d78c9861-3676-4f6f-8bee-070e0c9ffc86,Victor Chahal,FEMALE,Volunteer,4
0d0d687b-63ec-4d9a-bea6-4e227794dffd,Bhavya Modi,FEMALE,Volunteer,4
589d4860-a498-403d-8442-4ad69c1e1f09,Jalsa Ravi,FEMALE,Volunteer,4
5ddddcac-8478-4aa9-bf78-e3c1cb7ed852,Qarin Dutt,FEMALE,Officer,4
7a15ba1b-e900-4695-9611-64dd58be5870,Hemani Rau,MALE,Volunteer,4
080f56e3-9d8e-437d-ba87-120b1086025b,Vedhika Baral,MALE,Volunteer,4
f5c5eca9-8888-4e82-b107-cefc271af38f,Parth Bala,FEMALE,Doctor,4
406215d7-89cd-4969-8af5-2670b35568ff,Bina Oommen,MALE,Doctor,4
5fb89cf5-f513-45e1-8429-756f21d78918,Ishaan Parmer,MALE,Fireman,4
e347934c-1d46-42ba-9a14-a30d4b085ada,Suhani Kashyap,MALE,Fireman,4
0b8fcc5c-033f-4da2-8cc2-73340506913f,Bishakha Lad,FEMALE,Doctor,4
f3ce718c-e572-480d-b416-9c6aa16c91db,Sanaya Om,MALE,Officer,4
f17f19c4-831b-47a5-b227-b11b0d750611,Falguni Raj,FEMALE,Doctor,4
04487976-57f4-4b11-ac0c-37ffb98e3b4b,Leena Dara,FEMALE,Doctor,4
781b899c-2fbc-45a7-8bb3-1d05421bac04,Lavanya Mital,MALE,Volunteer,4
0f1ff2d0-94de-434e-982e-27cd9323cca9,Garima Sarna,MALE,Fireman,4
dbc0ba1c-e6a7-438c-8eba-374962e24987,Urishilla Krishnamurthy,FEMALE,First Responder,4
2c13b79c-92a6-4384-97c6-319a4a97f576,Jatin Sarraf,FEMALE,Volunteer,4
b06a4ff1-83e4-4e14-b9c2-bcc97bf05f9b,Sathvik Jayaraman,FEMALE,Volunteer,4
4149a9e8-cd9d-4023-9803-ce4a3b54122a,Girindra Chopra,FEMALE,Volunteer,4
b806a1a6-8c0b-48cc-ae51-6f9030ac011f,Omya Rajan,MALE,First Responder,4
55645f06-905b-4723-9941-a1b6d636cdea,Jacob Sanghvi,FEMALE,First Responder,4
a68f30d0-ae72-446e-819d-5bafef7166da,Zaitra Apte,MALE,Fireman,4
bda8f5f3-d75e-4f6d-a997-c15f93910403,Darpan Rajan,FEMALE,Officer,4
4b3439a5-8c5b-4aac-acc3-7bb6c1ff0af9,Omisha Choudhury,MALE,First Responder,4
8f93c0f2-fec1-42d4-b8ec-0bee8a639716,Jeremiah Walia,FEMALE,Officer,4
98045067-90ab-4233-a929-f55e455b3aaf,Ayush Apte,FEMALE,Fireman,4
b6700b7f-dd93-40d5-93fd-064f9fe47163,Jeevika Raval,MALE,Fireman,4
4cfa8287-17dd-4f72-9c56-e630f9f9748b,Anay Sathe,MALE,Volunteer,4
4e41ace4-58c7-4550-ab18-0316643e9ccf,Elijah Dhillon,FEMALE,Fireman,4
a4940c96-ac63-4b49-82d6-2095ab47a846,Chandresh Sarna,MALE,Fireman,4
ca95b01c-89d9-4542-80a5-3531d1768874,Turvi Khalsa,FEMALE,Doctor,4
859116b3-8b0e-411f-95c7-71ad7da6a338,Hamsini Randhawa,FEMALE,Doctor,4
1184f457-17ba-47b4-8da7-e07ff3db8edd,Tanmayi Tak,FEMALE,First Responder,4
04fd5918-2faa-4aa7-8945-540eb7338474,Aarav Halder,FEMALE,Fireman,4
5aef6c4e-8054-416c-9bbf-de852a442621,Qasim Vala,MALE,Fireman,4
7d20925c-c1e8-439e-a259-f7cc20a8a756,Gunbir Krish,FEMALE,Officer,4
890d9f6b-e36d-43a2-8fff-e1e72a5e8613,Simon Bali,FEMALE,Officer,4
d2f2b826-ce46-4c83-9296-b60ba761ab02,Lekha Gaba,MALE,Doctor,4
633b9b5c-4424-4f5e-9d87-82b1d70b8614,Hiral Sem,MALE,Volunteer,4
ac07ab54-3a11-4b76-b5dc-041ed8c5e76f,Aachal Sidhu,FEMALE,Officer,4
dc10eefa-885e-431f-974e-a69c548de0be,Ronith Yadav,MALE,Volunteer,4
d16c375e-2df4-484c-ae24-9bafc2c44bd1,Yoshita Shere,MALE,Fireman,4
3e9d34ac-7d11-45d5-ad1c-8497276b90bd,Ayush Lata,FEMALE,Fireman,4
c6e004f6-0227-4d3e-87ca-09332bbf3932,Amrita Rajagopal,MALE,Fireman,4
5e646951-756c-4d8b-b419-7924354137b5,Omya Ramakrishnan,MALE,Officer,4
5d854c3f-df12-498c-98f9-383ec001cbc6,Bhavya Divan,MALE,Fireman,4
24e23ebf-bbaa-4945-99c5-4bcc368246f9,Siya Kibe,FEMALE,Fireman,4
3d82d51c-5f01-417d-9445-f99edda1e1a1,Tristan Chakrabarti,MALE,Fireman,4
b0da0943-afa1-4b59-8b7c-3d8940eff5fc,Ekiya Chacko,FEMALE,Volunteer,4
02daa147-fb12-472f-870c-1f3bc116ad2f,Gaurangi Dhingra,MALE,Officer,4
d3c513f2-bb07-4038-b41c-e8d326a9f11b,Gaurang Pillay,FEMALE,Fireman,4
bfad1204-7289-4eef-9749-ad917c6c8877,Pallavi Doshi,FEMALE,Fireman,4
fce4551a-da79-4131-abf8-c7fad7882930,Osha Naik,FEMALE,Volunteer,4
cd2baac6-3feb-41df-9365-cbdd2a831629,Girish Bir,MALE,Volunteer,4
a1871059-e58c-4874-82b7-084324d5da3f,Anvi Sankaran,FEMALE,First Responder,4
bd2ab5be-0803-488f-87fe-2ba9685e5581,Urmi Varma,FEMALE,Fireman,4
8c8daad9-d42c-432d-a90c-5d10779df882,Eiravati Chaudhari,MALE,Officer,4
6bb2bea5-47db-468d-8c97-67cfdbe96a59,Darika Bahri,MALE,Doctor,4
604f5c1e-6820-42f9-a3b7-b9d8c3aaffc7,Azaan Agrawal,MALE,First Responder,4
f2819b03-38d2-475a-b4da-9d5953956dad,Manbir Master,MALE,Doctor,4
6acc67e7-6f6b-46cc-92db-ce4abfae2828,Lipika Natt,MALE,Officer,4
86545bd1-5009-4f26-948f-abef5da5e72d,Mahika Madan,FEMALE,Doctor,4
3e96698f-8389-4a42-93a3-84dc2ed8d809,Yagnesh Saraf,MALE,Doctor,4
22abb9da-b338-42cf-a447-fab7ef8f567c,Leena Nadkarni,FEMALE,Doctor,4
68b635aa-8aa4-43bc-a0f1-1e5ae0765d04,Vivaan Manda,MALE,Volunteer,4
96bb25c4-7fab-4a87-803c-7abc5ad92794,Sai Sarraf,FEMALE,Doctor,4
1f0d96a5-e37f-4f01-8583-2d677eb397f9,Dakshesh Mangal,MALE,Doctor,4
73303294-ee3e-437d-ae71-20b7fa9975f5,Noah Panchal,FEMALE,Doctor,4
11024e69-a7fe-49cf-937a-155319fa7b0d,Jagat Roy,MALE,Doctor,4
302101e7-6a6b-4294-8142-1d5ceda6ba47,Tejas Loyal,MALE,Doctor,4
a4828553-0185-45da-88d9-39167ba2042f,Nitara Hari,FEMALE,Officer,4
0581589a-4eda-4814-8717-28fe92486a03,Ridhi Mitter,MALE,Volunteer,4
f83e22e2-1586-47cf-84fc-fa34b64598ac,Harini Brar,MALE,Fireman,4
28516133-1131-4ae4-93ea-e704dfc46261,Dalbir Iyengar,MALE,Officer,4
045a2e9f-ea93-4fd1-aa02-5128c9da4d87,Isaiah Upadhyay,FEMALE,Volunteer,4
0525dbad-2c28-4d19-8901-84f3419de0ba,Frado Baria,MALE,Officer,4
ca8b48e3-c7cd-447a-8005-110ecb7a5c98,Ekapad Gandhi,FEMALE,Officer,4
1279f7ce-287d-4bb7-93f5-191134d7f4be,Pooja Arya,FEMALE,Volunteer,4
a705e760-ed25-4527-aac3-95141f5c596e,Maya Mander,MALE,First Responder,4
403ffb4e-29c6-4eb6-8a78-425ebc17eaec,Wridesh Bhagat,MALE,Volunteer,4
8b717f1c-a80a-49d3-bfed-69b372713064,Udarsh Chander,FEMALE,Volunteer,4
08c8bb78-1698-4cc9-8f52-39a49abdb8b2,Warhi Agrawal,FEMALE,First Responder,4
22da3fa7-3b73-4d6c-b965-3ecddde59db1,Hema Venkatesh,MALE,Officer,4
9e9bb3a6-96fa-478a-a8f3-41d8da9a4aea,Xavier Patla,FEMALE,Volunteer,4
3927da08-6ffd-4c7d-96da-09533f73a0d1,Jairaj Morar,MALE,Volunteer,4
e90f51ec-6638-402e-8d5c-f4e4426eb415,Utkarsh Saxena,MALE,First Responder,4
ab9f85f7-54a4-4f19-aea5-c1ff8ebc75e5,Gavin Loke,FEMALE,Fireman,4
1a58765d-3cbf-44f6-82eb-5fed96d3dec1,Bhavini Srivastava,MALE,Officer,4
0266d428-78ad-42cf-8ccd-cdc3e2e4cb51,Simon Ratti,FEMALE,Officer,4
024afe7b-21d2-40ab-85b1-f0ea6f315422,Tejas Loyal,FEMALE,First Responder,4
9231519c-6632-45ed-a816-d363b623bb39,Simon Sachar,MALE,First Responder,4
67bcf5be-8751-4848-9233-f74f58c76914,Charan Bumb,MALE,Doctor,4
c2963730-278c-474a-83e8-8c8472fc5f73,Udyati Chatterjee,MALE,Doctor,4
0cd3f011-175f-4f81-bd85-fe34807da125,Aarini Warrior,MALE,Doctor,4
d1b6a45d-727e-4560-94aa-bce1258491a2,Hredhaan Golla,FEMALE,Officer,4
866f8ec9-1c6c-4be8-9cce-f66131a2573c,Yutika Chand,FEMALE,Officer,4
5f3db92a-811a-4dc4-9341-be91f94cd35f,Ridhi Prakash,FEMALE,Officer,4
b8d1eec4-3c82-4abb-b3a9-499ce9569fbe,Chaaya Divan,MALE,Officer,4
b956cb67-21bd-4b84-8a01-1ab8d4ab6282,Kashish Loyal,FEMALE,Fireman,4
fe9696bf-fba1-4427-bbbe-4ef1fbbcb026,Aarna Mukhopadhyay,FEMALE,First Responder,4
64b39ccc-5333-4185-b393-483093c4c926,Chatura Desai,MALE,Fireman,4
37999f2f-ddec-4fc5-b934-87aa10eaea40,Chavvi Hayer,MALE,Fireman,4
2c67fbd8-2088-4d3a-8eee-7a2f8d0c8fa0,Dayamai Dayal,FEMALE,First Responder,4
b4f135a1-de86-415a-a6fd-6cddb35f872f,Aarav Dube,MALE,Volunteer,4
4e298937-b1f4-4f53-b166-275e0499d78c,Tripti Butala,MALE,Officer,4
969dcc3b-9190-4f78-a890-9414fe4a16a0,Odika Reddy,FEMALE,Officer,4
74153e65-71e8-4af9-8c2b-4467653b714a,Xavier Brar,FEMALE,Volunteer,4
e11feafc-797f-4309-830e-601df9d4ba08,Nidhi Kibe,MALE,Volunteer,4
65e5ead7-1e5e-4a58-8d7c-67021e355a28,Anvi Savant,FEMALE,First Responder,4
ea30703d-6655-4a2f-8a33-9ea8ac34e739,Yug Butala,FEMALE,Doctor,4
3110b6c1-ee1c-46a2-ac68-382643d2f4a6,Forum Choudhary,FEMALE,First Responder,4
159ad012-531d-47bc-a9ad-3997d5a01923,Fariq Ramanathan,MALE,First Responder,15
78c0819b-62ef-42e3-8821-42cf06741378,Gautami Amble,MALE,Officer,15
a56662ae-f124-44cd-9e04-8866247145ea,Nicholas Bhattacharyya,FEMALE,Volunteer,15
1d2ab750-1626-4999-9e28-b5b1e0f84d8c,Vansha Nagi,FEMALE,First Responder,15
234569c0-aab8-473b-ba90-7dd96f6a82a6,Yatin Kalita,MALE,Doctor,15
25e6922c-639c-46e7-8537-d2552ff6eb73,Ishita Rastogi,MALE,Doctor,15
aa022343-221b-4db9-b76e-3c6c9d2d76e8,Rajeshri Bhat,FEMALE,Doctor,15
ed3a990c-7763-433e-baf9-321931f8bfd5,Wakeeta Narasimhan,MALE,Officer,15
b4ca1083-5805-4b64-b7da-c43d8eb2360e,Libni Madan,MALE,Fireman,15
66137056-88c7-4645-a892-54305288d7f2,Ishita Sethi,FEMALE,First Responder,15
0f5d05cd-5f1a-4e07-9007-7dc7424ef688,Anthony Halder,FEMALE,Officer,15
b65dbac2-1ccb-4157-b00b-66cecccc182f,Lucky Mallick,FEMALE,Volunteer,15
8adb9b6c-bf2c-4963-8e1c-476d95fb35c2,Yash Viswanathan,FEMALE,Officer,15
1d50bddb-4fa0-49d4-9199-72f993ddd555,Dayita Viswanathan,FEMALE,Doctor,15
ad36a20b-21ac-4c65-9342-5715407cb1bc,Mahika Manda,FEMALE,Fireman,15
f87a6f32-fa72-4df5-aaa3-7b48915c8ee7,Henry Singh,FEMALE,Doctor,15
bd077980-1d06-4ea8-946e-abfe38b16f0a,Nicholas Ahluwalia,FEMALE,Doctor,15
343acd39-872d-4c97-83ef-6452b7b7d13a,Brijesh Barad,MALE,First Responder,15
28ce4d51-26d2-4a07-89c3-0ae5673e5718,Robert Mitter,FEMALE,Officer,15
9011725f-ddda-4117-818d-ed508621b185,Omisha Batra,FEMALE,Volunteer,15
a55f9c3a-54a3-4008-b503-109b4bf1a5fe,Rajeshri Narasimhan,FEMALE,Volunteer,15
98db57c0-da10-49df-88bf-0c56ae461cd3,Harsh Merchant,FEMALE,Fireman,15
1cd00a1d-3273-4401-99da-20d437cc4223,Omya Gokhale,FEMALE,Volunteer,15
2a2eed80-a100-4458-936f-4740378c5646,Riya Vaidya,MALE,Volunteer,15
f08a35b8-e860-4fa3-bd2e-92d63d5cc558,Timothy Warrior,MALE,Volunteer,15
d4aeb03e-bf68-4a11-ab3d-de170339a338,Nitara Bumb,FEMALE,Doctor,15
90f19548-580a-4e17-b2df-8dff2a2250bf,Diya Hayer,MALE,First Responder,15
8baf00e0-68c6-4af0-a248-c96232134023,Aadi Guha,MALE,Officer,15
6aa7baa3-73b6-492e-be1c-165c301344ae,Omaja Bhattacharyya,MALE,Fireman,15
9f68eb8f-bb2f-46cc-bc49-1788fc7b3443,Reyansh Kapur,MALE,Officer,15
afb6c54f-97c6-4438-9a23-d0fb869b9697,Maanav Bhatnagar,MALE,First Responder,15
dbf0a31a-e9bd-4734-984a-31a85217b809,Harshil Bansal,MALE,Volunteer,15
d7ba66b7-494d-46c8-8b2f-04f2572b009b,Bhavini Basak,MALE,Officer,15
2123fd3f-d138-41c2-a98d-4b49b1772eed,Panini Yohannan,FEMALE,Doctor,15
3d780ebf-06a7-4464-8f1a-21d37960d1c0,Tripti Bajwa,FEMALE,First Responder,15
27794b97-bcf0-4c78-8456-bf77525eae9c,Hemang Bora,MALE,Volunteer,15
ae20bd96-5b1a-42af-89b9-b8fa1a43c7cd,Falguni Krishnan,FEMALE,First Responder,15
09382c54-abeb-4d23-86d7-b977f9e3b4f2,Dhriti Sharma,FEMALE,Officer,15
2b455686-3bc9-4f6c-8d16-f82a01d88a20,Kalpit Choudhry,FEMALE,Doctor,15
7c4ec751-93e0-4982-9bfe-b021a6956e71,Udyati Keer,MALE,Fireman,15
941fbe47-e77a-4948-9aa8-cfd02ccae70f,Priya Mittal,MALE,Doctor,15
1e8b7278-7a31-4942-ad8d-a93dd999f82e,Chakradev Savant,FEMALE,Fireman,15
8e877716-4423-4e59-9650-a579ee0c7aa2,Mitesh Mukherjee,MALE,Fireman,15
2c139ed3-0ae7-43ef-a009-7b4277ca27eb,Jhalak Pathak,FEMALE,Doctor,15
8eff53d6-95b7-4f49-b63b-0e37e9b2dfb9,Zayan Mistry,FEMALE,Officer,15
e63ccd45-e7ee-43cc-9b7f-02330eae02ac,Ojas Peri,MALE,Fireman,15
5df32fd0-f8b3-4f77-8983-18c45279cf2f,Hiral Chaudry,FEMALE,First Responder,15
29569f73-7516-4559-a779-e3bf2c58f2d6,Gayathri Buch,FEMALE,Volunteer,15
c557ea27-fcba-45f2-b70e-a2c22bee36ec,Watika Kashyap,MALE,Volunteer,15
be58fa6f-f355-4adc-a760-42250c09d4c2,Lekha Narain,MALE,Doctor,15
9f8bb406-b083-4dc5-9cec-d8f5711c9700,Jagvi Doshi,MALE,Fireman,15
ad7c283f-929b-487a-b162-31a037fb03e5,Dominic Kata,MALE,First Responder,15
5f7d3a38-aa14-47eb-9852-24885915fc3e,Wakeeta Munshi,MALE,First Responder,15
efa216f2-6282-4493-ae4d-c0e3af87123d,Yasti Soman,MALE,Fireman,15
78643e75-6b43-4bde-b049-3de04954d59b,Kiaan Pandey,FEMALE,Fireman,15
6d384cac-84d2-406e-b715-68d30125d7cd,Nilima Dani,FEMALE,Officer,15
99e1e7b6-b06d-47fd-b75e-24bac9f47beb,Netra Merchant,MALE,Fireman,15
115708b4-e484-43a0-a638-b1b3c7ef7c31,Hemangini Thakur,MALE,Volunteer,15
11203a35-559b-4fe2-baf4-243c05f14bc0,Ekalinga Biswas,FEMALE,Doctor,15
08750078-36f1-46ab-a115-e3b2e33959d6,Mahika Shukla,FEMALE,Volunteer,15
d44a53ff-3763-46ff-8561-ffd55f3fe213,Atharv Dada,FEMALE,Fireman,15
929ac4f4-fc6b-47ff-b910-697e5739d8b9,Daniel Bahl,MALE,Fireman,15
6010b308-5ab3-443f-8f7c-9e581bd89252,Ira Rai,FEMALE,Doctor,15
295c2b8b-e8e5-46b7-b338-722826ca2e48,Alka De,MALE,Officer,15
615ca835-8183-48a5-a3b9-dc2aafa459b2,Hardik Bali,MALE,First Responder,15
4ce45fed-873e-42a6-9982-2e0e3ab9543c,Guneet Sehgal,MALE,First Responder,15
12f8c466-dc99-4f30-9fd4-ecc71447610e,Charita Bhasin,FEMALE,Fireman,15
b08b96ad-58be-43b3-8a42-d86cca294838,Amol Chatterjee,FEMALE,Doctor,15
1ecd003c-a9f8-480c-8e55-4146599505af,Alexander Mander,MALE,First Responder,15
bf56ca45-f09d-4e2b-a18c-0f4fe930756c,Bhanumati Prashad,MALE,First Responder,15
c74039b0-57f9-4531-abf6-accb4187e121,Aarna Devi,FEMALE,First Responder,15
abe8d992-d23d-4193-aadb-4f20a961110f,Tara Grover,MALE,Fireman,15
e6f2092e-4354-4cc9-a822-64f0eb08a58a,Wriddhish Kunda,FEMALE,Volunteer,15
d98755b9-5e55-4837-af35-268657d34bd7,Brijesh Khurana,MALE,Officer,15
a5e62629-e583-44c5-bf14-7ef368a3c16b,Advay Patil,FEMALE,Doctor,15
e643c076-448d-4bb2-9cf2-babfbf0ff52c,Ishwar Pillai,MALE,Officer,15
42a50728-d997-4b0b-8a9f-9e4523286ab4,Nachiket Chadha,MALE,Officer,15
3a05a3f8-2564-4b94-b3dd-7ce979928eed,Waida Shah,FEMALE,Doctor,15
9a43c675-aa7b-40e4-857b-2e6587138f5d,Qarin Bahl,MALE,Fireman,15
ecd77164-da07-478e-aced-4a48dba114f2,Falan Basu,FEMALE,First Responder,15
2a07bb26-6625-4348-a5dc-45024c3d7351,Bishakha Manda,MALE,Fireman,15
00b9da4b-039c-4948-87f4-26cd52b11330,Yochana Suresh,MALE,Officer,15
b865a0ec-55f4-47bc-8818-3be674023990,Damyanti Goswami,MALE,Officer,15
0d4eca82-4a2a-46e0-a532-c5b3778821e2,Kevin Dalal,FEMALE,Doctor,15
9016e168-98da-4e32-9a20-673f4ffe2ee0,Gaurav Nadkarni,FEMALE,First Responder,15
70c70af9-5947-4c18-bffc-2aa0aa330eee,Zashil Prasad,MALE,First Responder,15
040ac7df-3b7e-4478-82b0-35919d532686,Kritika Zacharia,MALE,Doctor,15
59e16661-b8bc-41fe-ba67-0ac985bd2648,Balvan Ahuja,FEMALE,Doctor,15
2bc17980-8d36-4f7d-b040-8bcd4cd82f1e,Balhaar Verma,MALE,Volunteer,15
27955227-de24-4397-9d74-cdd393e37798,Warinder Suresh,MALE,First Responder,15
62f5c657-0d29-43c2-b48d-4e739d29c2ff,Raksha Chatterjee,MALE,Doctor,15
5d812f53-20a0-41c6-a8e2-58d434987f6a,Chanakya Sarin,MALE,Officer,15
e5f695c9-e0c6-4fec-ba36-15a3735ccf1c,Samarth Prakash,MALE,Volunteer,15
6e766671-e645-4fb8-80b7-88b3da086630,Zansi Mukherjee,MALE,Officer,15
d75793cb-4859-4cda-b50b-d734da8cf38e,Leena De,MALE,Fireman,15
08b4e8ef-9880-44fa-9397-e3d2d168d956,Chanchal Shanker,FEMALE,Volunteer,15
807b427c-1afb-4640-88d8-4dee73ec57f1,Irya Swaminathan,MALE,Doctor,15
03915e51-b8d3-46f5-8d79-e75e03eb3cc1,Odika Ganguly,FEMALE,Fireman,15
e0feff85-f2af-45ed-a2dd-2b4ca30f79b0,Upma Mitra,FEMALE,First Responder,15
56e83e23-4b16-4212-af3b-2a14e6fbb708,Simon Dara,MALE,Officer,15
2e047d2a-281f-4db4-b657-13e8a518a50e,Ayaan Comar,FEMALE,Fireman,15
aa9845f3-9fa2-4cc4-8e71-6feeb4fdad68,Kiaan Atwal,MALE,Fireman,15
82beff28-f8a7-4bbd-9c5c-f46eef097c3c,Bina Sur,MALE,First Responder,15
a12754da-e93c-44eb-b180-b0025378b748,Rachit Master,FEMALE,First Responder,15
0a6baeeb-d6a8-4315-9715-a65a88465a3b,Dev Madan,MALE,Volunteer,21
c59572d1-4d6b-4549-8811-941745aea73e,Nakul Vig,FEMALE,Doctor,21
576cca30-a028-4917-9ea8-7ab4fb7e11f7,Mitali Sane,FEMALE,Fireman,21
d41ae247-0481-4747-b627-2651be224d5c,Rudra Jhaveri,MALE,Fireman,21
e24524b4-cb3a-44e9-a279-0c45c88269fa,Rishi Rai,MALE,Fireman,21
1123cbf0-730c-47cb-aa6d-4f3440fcab47,Gautami Kata,FEMALE,Doctor,21
4179a135-5f43-46c2-af02-429b2f6409dc,Krishna Som,MALE,Doctor,21
9e96249c-23dd-4b2a-ac6d-b8e8bebea2c7,Omya Garg,FEMALE,First Responder,21
9b6cda6a-6bdb-43ab-b5d1-eced8342f4ae,Robert Jha,FEMALE,Volunteer,21
acfad0b0-18cb-4798-97d7-ebcd573e93d4,Yagnesh Gaba,MALE,Officer,21
b78d9724-ce69-4208-8d63-2b2a856512fb,Guneet Kadakia,MALE,Volunteer,21
759089cf-f906-4094-9c5a-a9a92913cd35,Yashoda Patla,MALE,First Responder,21
bb7d9097-d79f-42b0-8ba8-0f49350a05c4,Warhi Pall,FEMALE,Volunteer,21
dc4b2983-e9e7-4543-90b7-9e048b2ca66c,Rohan Chada,MALE,Doctor,21
b5f93241-d6e3-4beb-b4ba-4283f3f1850b,Nikita Mammen,MALE,Fireman,21
610b5f13-14f0-4176-b217-a4a5e2746ed6,Hemani Deshmukh,FEMALE,Doctor,21
58b8986c-e544-4177-8823-e10e0f475aac,Chanchal Soman,FEMALE,Officer,21
1485d272-a399-4aea-8d7b-ee28d5c08aa4,Mugdha Joshi,MALE,Officer,21
b8d5f514-42af-4406-b495-366645ce354e,Jack Mangal,MALE,Fireman,21
57eeca59-02aa-4fe8-9bec-af898643ee1f,Tanveer Issac,MALE,Volunteer,21
a95f76e7-9ce6-4adb-bd3f-c6fe7930b402,Chasmum Suri,FEMALE,First Responder,21
56144573-bf4b-4040-b97b-83b5c8567826,Bakhshi Vig,FEMALE,Doctor,21
d6031cc3-c714-4044-b4e3-1a8cfb06439c,Deepa Dubey,MALE,Officer,21
a8c79f89-2798-4309-9a34-11711bc3d351,Panini Seth,FEMALE,Doctor,21
1ab6b7b1-f135-4f23-b178-1d8f5c87eccc,Andrew Saraf,MALE,First Responder,21
0f4997d0-df29-4b33-b327-996a2b836f55,Arunima Menon,FEMALE,Officer,21
0ece8179-38ce-4705-8b56-0a67d846459c,Advaith Rattan,MALE,First Responder,21
573284ec-1256-44f5-aefd-04d0a6e4983e,Theodore Bal,MALE,Volunteer,21
2b2848b0-2531-4267-8503-4fb17012eae8,Reyansh Raman,FEMALE,Volunteer,21
da2ea1a1-36ca-4b3f-ac3b-097002456f9c,Aishani Sood,MALE,Officer,21
266f8d97-05ab-44d0-b834-ecdc0079402b,Zarna Sengupta,MALE,Fireman,21
122cb995-5ba8-41a2-a823-7b89f91a431c,Jeet Narayan,FEMALE,Officer,21
391c2ce7-b385-4b57-b2c6-0b514c0374bb,Saanvi Chaudhari,FEMALE,Doctor,21
53ee0db0-9eca-43b6-a715-85c9d5e20e63,Omya Ganguly,MALE,First Responder,21
5f6058ff-d7ee-4b8c-8e65-dc5dbc9e839c,Widisha Jani,FEMALE,Fireman,21
848cdc61-2ab5-4587-8d1c-29b4aeac2235,Unnati Vora,MALE,Fireman,21
423f4bac-da7e-4b92-9e35-3a672a9e5dae,Gaurang Ganesh,FEMALE,Officer,21
05610b1b-48e1-44ce-903e-95fa4321c63c,Lohit Tata,MALE,Officer,21
3df96382-8008-4355-8c61-4e35ae1d684f,Oliver Loyal,FEMALE,Officer,21
0a489e81-c1ed-4901-bca9-98def164d91f,Vanya Chatterjee,MALE,Officer,21
d2bb9a26-f809-4014-aaca-e2365be7aaec,Megha Wason,MALE,Officer,21
b1e5563b-aabd-4340-b52d-0bf73c44f761,Hemang Brar,FEMALE,Doctor,21
4b4e1d8c-40dd-4a00-8b8e-c72db3fd21ea,Reyansh Dutt,MALE,Officer,21
ff237d01-0a97-4395-acc7-681561b058f6,Garima Ben,MALE,Doctor,21
5421f1d1-5f77-46e0-b330-71a8bbdbdbc6,Tanish Oommen,FEMALE,Doctor,21
7ad0d7cc-e8b0-476c-9eaf-95cfbaf1e266,Wyatt Sachdev,FEMALE,Officer,21
679acfb7-ab6b-47bc-ae26-1a298378e0d4,Mohini Lad,FEMALE,Doctor,21
722c7a04-8909-4b24-b10d-92e5c59b160c,Nisha Krishna,MALE,First Responder,21
2e452cf1-df79-4b9c-84a7-384811d049cb,Warjas Kari,MALE,Fireman,21
ad88c273-31f9-4063-a02b-9dac8ec84f65,Bina Thaker,MALE,Fireman,21
f27c0c9c-8edb-4474-bb02-07e194222873,Vedant Goel,MALE,Doctor,21
5e5c32f3-e7a5-44bc-891c-7d761f9e61a3,Charan Gokhale,FEMALE,First Responder,21
e6329fc1-d523-43df-b0ff-8e1be42fafb2,Upadhriti Dara,FEMALE,Officer,21
083c22e2-5d39-424b-9e9f-808049d366db,Amaira Anand,FEMALE,Officer,21
b756bbe9-b7fb-4126-b0d7-833744ebbedf,Jasmit Viswanathan,MALE,Doctor,21
d0a521de-e0d5-41a6-8152-8894256e0d08,Ikbal Divan,MALE,Volunteer,21
b5c1af23-ad28-4f5e-b98f-b5e560423420,Sai Bajwa,FEMALE,Officer,21
4ea0ac74-b6df-4c74-854a-219d0d0ec391,Michael Naidu,MALE,Officer,21
c9e67408-6da8-4acc-98f9-df6c68ded122,Lakshmi Wadhwa,MALE,Volunteer,21
a9fef645-55b9-495e-9c97-fa10bd332fab,Tamanna Bhalla,MALE,First Responder,21
2f1101e5-2cc0-4fd0-913d-e7a9aaaf5886,Umang Rout,MALE,Fireman,21
44bd933c-2a20-47b2-b053-3ecc663a41c4,Ishani Khare,FEMALE,First Responder,21
f78f7a7b-f86f-4717-9ba7-852fa7e18c81,Leena Ramesh,FEMALE,First Responder,21
55c120d4-dad9-4c76-b4c3-bfa6a7e6e4d7,Fiyaz Shroff,FEMALE,First Responder,21
74825bcb-acf1-4be1-8f89-760fb202951a,Nilima Sarin,MALE,Officer,21
551cec3b-83f3-4bf1-8bd4-db5d28b4d002,Chandani Khurana,FEMALE,First Responder,21
427b65cc-5330-4abe-bd10-d8a7464c48a2,Harshil Ramanathan,FEMALE,Fireman,21
30d67482-b0f9-48ed-a2e6-5034af3f7fdc,Lekha Oza,MALE,First Responder,21
015fa4f8-05c7-48fa-a620-76dddbfad51a,Zaid Krish,MALE,Officer,21
38bb1ddf-6eec-4b44-9e50-e76362ba98b0,Bhanumati Toor,MALE,Officer,21
7bf7471c-b97c-4215-8e24-2f0f3324042d,Wahab Sant,MALE,Volunteer,21
eab36ccd-79b3-4801-9aaa-f111822ecdf6,Alexander Narayanan,MALE,Doctor,21
dc67f84e-dfc7-4852-9a08-5155a7307128,Vasatika Ramachandran,FEMALE,Officer,21
7061ee63-ffd1-4b51-abac-94b5f29bef03,Chameli Tella,FEMALE,Officer,21
ddccf7b3-fc53-4ce8-b49f-5007bba33a6b,Faris Khare,MALE,Doctor,21
fe3bbf0d-c4e1-42f3-8c04-ab388c129d65,Jonathan Dutt,MALE,Volunteer,21
9f48d0d9-7f1c-41e2-ab28-aabf36bd512e,Jasmit Issac,FEMALE,Volunteer,21
074db79a-cee0-4296-882e-a7000219b070,Zaid Sanghvi,FEMALE,Doctor,21
0ab9ae1d-c334-41f6-9988-4b8d8607c7a9,Janaki Murty,MALE,First Responder,21
79712c5d-0d48-4b57-8e25-250872155915,Ekanta Bath,MALE,Fireman,21
512fd967-0545-446e-9e2f-3399a469b45b,Yasti Mall,FEMALE,Doctor,21
b497f1e5-36cf-4215-b69c-74aa7d4c9d96,Aishani Singh,MALE,Officer,21
79706e40-06bc-4fdd-ba7b-cdd337622b4d,Onveer Mannan,FEMALE,First Responder,21
91554aa9-8351-416f-8ecc-ebfe781522fd,Qarin Lala,MALE,Volunteer,21
8153d5b6-daf1-46f1-9716-ace0eb6f79c4,Anay Singh,FEMALE,Fireman,21
cae5aed1-56e3-4883-bd44-3d5359ecd368,Triveni Parikh,FEMALE,Fireman,21
874c1d42-d26d-4ded-8534-1cae2468260d,Kashvi Pall,MALE,Fireman,21
b643c7d6-e340-4e69-8e57-1c65587fc68a,Odika Khalsa,MALE,Doctor,21
2ee0ab30-4b08-42db-a5e8-3872bfbd4a4a,Fitan Balasubramanian,FEMALE,Fireman,21
36708e01-0eab-4369-b8f2-d02c9bc95bf1,Qushi Sule,FEMALE,Fireman,21
eb0f094a-a826-4309-9e85-8cb7fba1e471,Robert Bahl,MALE,Volunteer,21
65469723-9604-4dcc-88da-90718f758a3a,Aarini Sen,FEMALE,Volunteer,21
c94b1643-6ac5-4cff-a6be-dbd285ca44f2,Ekapad Bhatti,FEMALE,Volunteer,21
f4e37b79-ba5f-4eff-a44c-6d06d3d9503f,George Purohit,FEMALE,Doctor,21
66e6c6a6-646f-4ca2-ae02-c31802dd57e9,Maanav Nori,FEMALE,Volunteer,21
d243de2f-b35d-4edd-b44e-53b90632925c,Priya Grewal,MALE,First Responder,21
118c23be-1f58-4bbe-a125-d9669baa036e,Saksham Kalita,FEMALE,Fireman,21
5bd8ac07-3dca-40ab-94bf-cf6e5418c61f,Mitali Lad,FEMALE,Volunteer,21
494d3c09-f554-4ac1-8447-9994d11e8fa7,Aadhya Aurora,MALE,First Responder,21
53675ceb-ce6a-4d21-8bbb-7d553b8a25d6,Omaja Goda,MALE,Volunteer,25
0ecd7a57-3b6b-4267-80d2-3920a132ca1e,Zinal Rout,MALE,Fireman,25
520d4531-ef58-4471-bd5b-da1fe986019c,Isaac More,FEMALE,Volunteer,25
b82feefa-0b34-408e-8ba3-1b096ae8e990,Gabriel Palla,FEMALE,Doctor,25
84471dc4-50f0-432c-a1da-cc51a91d46f1,Lekha Rajagopal,MALE,Officer,25
617f1078-8d18-4098-aa8e-f5838fe16d96,Jacob Wali,MALE,Volunteer,25
be4bc8eb-471c-466f-8813-3e335bdf4855,Prisha Tara,FEMALE,Doctor,25
0c1e7d71-9bcc-46a9-bb38-d650960cbed7,Vasatika Roy,MALE,First Responder,25
61668a7f-de5e-4967-891f-047a5569bb9c,Frederick Dhar,FEMALE,Fireman,25
405bd2cc-9ed3-418d-83ff-39e79ea2a4f6,Tara Sharma,MALE,Fireman,25
d33ff52b-5b9b-416b-af8d-9eb527f9bf32,Charvi Aurora,MALE,Fireman,25
d6615c0c-5005-4181-91ce-e1f9dcc52274,Jagrati Kunda,FEMALE,Fireman,25
bf9fc358-0031-401d-af77-7d222dfe6f8a,Nandini Mani,FEMALE,Doctor,25
f70d9107-9ca5-4611-a0bf-392c9826320e,Tanveer Venkataraman,MALE,First Responder,25
c4b3af76-01b5-4aba-af1d-2e662ea30079,Shaurya Thaman,MALE,Fireman,25
162c1e00-e002-49b6-94ba-0890cf7dd56c,Abdul Grewal,FEMALE,Volunteer,25
ab79a866-0dbf-470c-ba2f-28980d34fea7,Damyanti Babu,FEMALE,Officer,25
542abe79-346b-4fd1-8b80-fd624f113156,Theodore Dave,MALE,Doctor,25
d3e21382-9b2e-4bb8-9c60-3c97c30f68ca,Azaan Krishnamurthy,MALE,First Responder,25
04eed451-e9ce-49ed-a535-0571c48bf9b7,Harrison Keer,FEMALE,Volunteer,25
e33b3601-f60d-4ac0-a5ad-ae44cbc0929b,Yamini Agarwal,FEMALE,Officer,25
76f1dd49-3752-4915-8464-d2ddb61ca3bd,Rajata Chowdhury,FEMALE,First Responder,25
09ffe401-ad08-4a4c-bf4f-ba881a039fa3,Deepa Kothari,MALE,Officer,25
fdefa348-5cfa-417b-a038-788eb05a2a27,Daksha Anand,FEMALE,Officer,25
df465db9-554f-457c-8f12-0d9bd64d6f04,Pranit Divan,MALE,Officer,25
225566b3-f14f-4129-a0c4-87dc2d149016,Chakradhar Divan,MALE,Fireman,25
0e7f1fc5-4dc9-41cc-afde-9754d94ae012,Zaid Dhar,MALE,Volunteer,25
0c40e164-a8ff-478c-a78a-729687ba8c89,Dalaja Kota,FEMALE,First Responder,25
cd42000f-dc06-4063-afdc-8cadbf542b16,Varsha Vasa,MALE,First Responder,25
86660d91-18b7-479f-840d-41c362adeb31,Finn Keer,MALE,Doctor,25
702048fb-4a20-4071-a93c-7f7cd9d07b3e,Michael Toor,FEMALE,Fireman,25
bc7460c5-81c0-4d07-a2de-7c633020117f,Prisha Cheema,MALE,Doctor,25
08b2279c-a21a-4369-8b86-e99f4b1dd5f0,Jeevika Kashyap,MALE,Volunteer,25
87e1c501-ccbd-4a79-94d3-7187102504a3,Nikita Swaminathan,MALE,First Responder,25
5f123443-2ee3-42e1-9e18-bb1915acb84e,Jeremiah Saraf,FEMALE,Volunteer,25
fddcb740-4931-49bf-95fa-d8e105760f3e,Benjamin Raju,FEMALE,Doctor,25
f461d18a-eff6-4b3e-aad4-08481651c854,Shaurya Lad,MALE,Officer,25
3259f4ee-139b-4347-b0ad-46381ab78a85,Nirja Boase,FEMALE,Doctor,25
212e1835-2b71-42be-8925-34ccbcda228e,Yochana Tandon,MALE,First Responder,25
c5ce7097-9555-4bcf-ab6f-f814f24cc024,Urvi Sen,FEMALE,First Responder,25
274ca048-19d1-4982-a5cd-92364d3ecb4a,Vedant Johal,MALE,Doctor,25
3e5a0250-9011-44af-966c-1d67abc83f35,Gaurangi Bobal,MALE,First Responder,25
1af3ccd1-c94d-4653-8f58-5314864eb8ff,Ekansh Contractor,MALE,Doctor,25
bea717ab-c524-489c-b4f6-7e561ad6e40d,Jackson Memon,MALE,First Responder,25
4ad26796-c9d0-4e49-8068-ca416696f5df,Nakul Iyer,FEMALE,Fireman,25
f4502a35-0348-480e-bb5a-e43d9528200b,Rajeshri Mitra,FEMALE,First Responder,25
536c5d8c-9032-4b33-8e7e-03bc0017bb96,Aashi Khare,FEMALE,Doctor,25
e49dd127-60e7-49bb-afd4-60bbbefe94f5,Naveen Bal,FEMALE,Volunteer,25
3893f1b7-8de8-437f-8692-ccb2b04a5168,Madhav Rajagopal,FEMALE,Volunteer,25
317f53ac-f026-4d24-8e43-602436940de4,Jacob Tara,FEMALE,Officer,25
7fd21455-890f-49ae-a355-a2352fd16e0e,Nidra Babu,MALE,Officer,25
e16dbffa-e503-40c4-872c-c357c8d75a5f,Ekaraj Peri,MALE,Doctor,25
0c964a61-7153-4d8a-8156-4e1d1c1a536d,Farhan Swamy,MALE,First Responder,25
6094d018-ff62-4b63-a1b5-6bb37313db08,Vaishnavi Shanker,FEMALE,Officer,25
a8ca9ac8-2ab3-4847-a834-7fb10845e44e,Vritti Shankar,FEMALE,Doctor,25
dfdc4172-c798-4c61-aa85-7c21eda11316,Chatresh Mohan,MALE,First Responder,25
8e0cd83f-9d53-4b21-bfce-fa4cd57404dd,Michael Setty,FEMALE,Doctor,25
0d63284f-b4e7-4cf7-911a-528b0bcb6dae,Sachi Kala,MALE,First Responder,25
b4c6e28d-0983-4f0d-a209-c05412e3fafe,Nitara Arya,MALE,Volunteer,25
87023a8b-a33b-4a90-9d34-fbf66ad9e805,Wriddhish Deshmukh,FEMALE,First Responder,25
d137096e-70ef-41fe-8897-1b207822351e,Widisha Agarwal,MALE,Officer,25
dc1b6b3d-3239-454d-9908-cc1fe8d5600d,Ekanta Minhas,FEMALE,Officer,25
0380a3f7-a1d9-450f-a2b7-e354b6e12416,Samar Saxena,MALE,Fireman,25
a66922de-8250-4da5-b567-09e4ace54288,Imaran Aggarwal,MALE,Fireman,25
a24393f8-e16a-45dd-95fd-23640edd50f1,Zayan Dash,FEMALE,Officer,25
9db842cf-564e-4c96-b3f5-ca85c0d70f89,Ekta Kumar,MALE,Officer,25
e70fb71b-d6e8-4492-add1-5af1af140a63,Vinaya Rajan,MALE,Officer,25
b390a235-a801-4ad0-b137-08258ee82b3b,Bakhshi Bajaj,FEMALE,Volunteer,25
21b51589-688a-40a5-96cc-3b0bbd885a7a,Jagvi Padmanabhan,MALE,Fireman,25
bc683ed8-5e13-4450-a745-743c968bf84d,Ira Singhal,FEMALE,Volunteer,25
9b5f11b7-1bc4-4478-92fe-293ccd33f7d6,Deepa Jhaveri,MALE,Volunteer,25
9492ebcb-ecca-4a5a-830d-95c60bb553d7,Bachittar Khosla,MALE,Officer,25
dabc5dac-ee46-43f3-a41f-295e75798e57,Jagat Deep,FEMALE,Fireman,25
2d876b0f-3ed9-4c8b-a6c0-9253545f3630,Oliver Chandra,FEMALE,Volunteer,25
b69d5119-ef5f-4b49-8ba6-171acda15ed2,Veda Deshmukh,MALE,Volunteer,25
871384a9-1025-4d60-82ab-0fac985b10aa,Balendra De,MALE,Volunteer,25
df31026e-f077-449f-b9e3-f8676876884e,Caleb Dayal,FEMALE,First Responder,25
db14b6f3-9687-47a8-88dd-bfb253e652c1,Dakshesh Bhagat,MALE,Officer,25
ce43b1cb-61cb-4ba0-960b-15a8d7713631,Zashil Jayaraman,MALE,First Responder,25
2f85be1e-9054-4053-a295-1059f65f5b84,William Dyal,FEMALE,Doctor,25
6651c70c-fa6b-4b3c-95dc-9aa92f471c54,Dalbir Tara,FEMALE,Doctor,25
0362553c-4657-44fb-b08c-98f9babe1bad,Janani Dara,MALE,Fireman,25
fa8c214b-6f69-4db5-b702-83ba4d816d29,Hiral Hans,FEMALE,Doctor,25
98b7a85d-4895-471d-b7a2-9dd175136c8f,Quincy Luthra,MALE,Fireman,25
d653934c-3211-4f91-ab82-52e6ed4cfe41,Kashish Shetty,MALE,First Responder,25
7a7d010a-1c2f-4d4b-83a3-681ebf42d113,Anvi Kibe,FEMALE,Volunteer,8
340b7929-4c51-4aec-8be6-4020098aacc3,Aarush Mann,MALE,First Responder,8
c0e4fdf0-4b15-4b93-bcd4-ab9d92fbbeb3,Ojas Kapoor,MALE,Volunteer,8
fc21eaa8-d179-4e5b-8276-a083b5afac88,Rehaan Gill,FEMALE,Volunteer,8
746e9fe3-42b5-42cd-b528-6cded7b56860,Kamya Salvi,FEMALE,First Responder,8
f7deea70-fd8f-428b-bb31-4c9747200717,Lavanya Ravi,MALE,Volunteer,8
3d755f55-6106-4623-af42-6accd8650c04,Udyati Singh,MALE,Doctor,8
5ec6ae80-c3c6-448f-bb62-050c35331c7a,Daniel Shroff,FEMALE,First Responder,8
67175d25-014c-4366-af88-6d1d03d86139,Ridhi Talwar,FEMALE,First Responder,8
85d76f80-8591-4932-8df5-3f3e4c0afb01,Rachita Memon,MALE,First Responder,8
63777576-05e0-4b81-abf1-10584e65b140,Vidhi Dalal,FEMALE,Officer,8
dbf51435-2ae0-452d-85ed-467cc194bcd5,Anjali Mannan,FEMALE,First Responder,8
1aad0435-6844-4669-aa69-c976bff251f5,Anmol Boase,FEMALE,First Responder,8
99837382-9e05-4e5b-9275-8df83cf9038c,Rishi Vaidya,FEMALE,Volunteer,8
77e931ce-bf48-4b7d-8086-6f14bfc14823,Anirudh Chaudhuri,MALE,Volunteer,8
b8c1f743-7c1e-4719-b122-d84d82c2c232,Advika Palla,MALE,First Responder,8
4872cb92-8b2d-40b0-911b-35bcfd08a29f,Aadhya Thaker,MALE,Officer,8
9867cd99-3df9-4aa2-b471-04d7fff33dad,Ekaja Sood,FEMALE,Fireman,8
201969b5-6100-41c9-b320-6e53568d046b,Mitesh Bose,FEMALE,Officer,8
f1a2c179-6a1d-47ac-bd4b-288b6925bcdb,Jeremiah Sule,FEMALE,Volunteer,8
d787a5dd-3ff9-4d65-9a3e-de9bd19cf00b,Kamala Chaudhry,FEMALE,Doctor,8
74fef586-56b4-48b3-aff4-e20209746acf,Gaurang Chandran,MALE,First Responder,8
cd4ee56d-fcf7-4779-ac37-84a7245dceba,Ryan Narain,MALE,Fireman,8
a65d8cdf-41c0-4e96-87c5-380e86070c66,Gayathri Kaul,FEMALE,First Responder,8
7a20dee6-78ce-4452-bf4c-cd2246a1fcc7,Dhriti Lal,MALE,First Responder,8
ad024764-f640-40f8-9f17-74cdb064c4b2,Ethan Pillai,FEMALE,Fireman,8
dcd66c28-d190-4c25-91bb-4ccb7316983e,Indira Sandhu,FEMALE,Volunteer,8
7e8664ea-1e40-4d5c-8621-f3b6b0f7e882,Madhav Parmer,FEMALE,Doctor,8
c0ef98a5-74ba-46f8-95fa-43a9226a88a9,Shravya Parmar,FEMALE,Doctor,8
5f319f20-6400-4bf9-80b6-e32d0b7a7572,Jhalak Dhawan,MALE,Fireman,8
0131ffa2-9a89-4086-bf60-a395e607815b,Azaan Sawhney,MALE,Doctor,8
d930d518-5586-4251-a079-de0ef439bfb4,Qabil Memon,MALE,Officer,8
fddf4505-f787-4015-87c4-bb6de04fcd9d,Forum Chhabra,MALE,First Responder,8
925b56fc-4481-4dce-a6e1-c993fd027362,Liam Ratti,MALE,Doctor,8
c612fa10-f7d4-45a0-9173-849c20d252ed,Ekani Jhaveri,FEMALE,First Responder,8
6e14346c-ad0e-4f0d-bd8f-718d118d257f,Harshil Vig,MALE,Doctor,8
bbe81d76-8267-4031-8e55-df25c8d5dae3,Nimrat Andra,MALE,Fireman,8
253dd4e7-fc12-455f-ac44-b096d4e1dd39,Shaurya Dora,MALE,First Responder,8
13c68eef-3f53-407f-9281-110bea5a993b,Balveer Nagy,MALE,Doctor,8
73186c6d-b5c1-409b-98d7-dcf0ea4ca6ab,Diya Rajagopal,MALE,Officer,8
b914e9db-c774-4650-befd-7a5debf8234a,Bhavika Kaur,FEMALE,Volunteer,8
3bcb9be6-6c6b-4f27-ab32-bb3407bc95db,Indrajit Chaudry,MALE,Officer,8
449af8cd-1640-4a60-b5f9-4327a09fc8ee,Viraj Ramaswamy,FEMALE,Volunteer,8
0d0e62c1-28c0-41d8-9311-4d64b9d51aab,Veer Mangat,FEMALE,Volunteer,8
0a77abd2-8d9e-4291-991a-9e1b317d3097,Rohan Talwar,FEMALE,Fireman,8
9c919b43-6e83-4636-bf9d-a0f9a823fb01,Charvi Agarwal,FEMALE,Volunteer,8
fcdf3d50-e5fe-4dfd-97f0-c151d74fec4a,Udarsh Kapur,FEMALE,Officer,8
042cd727-22f4-4b90-94cf-8b8ef022e371,Sara Tripathi,MALE,Fireman,8
34a2c6f9-7a17-4d90-a33e-65363f9ba087,Zinal Panchal,MALE,Officer,8
ceaad05e-7ece-4620-a305-9499695b8759,Krishna Barad,MALE,First Responder,8
bf804a30-ac8d-4c86-8210-60dbebdbeb28,Ekta Hans,MALE,First Responder,8
0604510c-2257-4c20-9134-f2c22adcdfc9,Veda Chandra,FEMALE,First Responder,8
4aa0fb5d-166c-4983-b2ca-ddcd4c33afb4,Lipika Arora,MALE,Volunteer,8
8021e05a-97d2-4f1f-8861-fd914bacf46a,Vaishnavi Sahota,MALE,Volunteer,8
76d72456-001d-442c-9775-b74b4160786a,Charan Krishnan,FEMALE,Fireman,8
1ceb11e4-5a4b-4b6b-9396-4fd5280e5d5d,Gabriel Khurana,FEMALE,Doctor,8
0b23c4e8-0c99-41c6-86cb-73f7a3136229,Saumya Pant,FEMALE,Officer,8
044f19a2-6574-4a47-9134-4182dd169c50,Jack Ramakrishnan,MALE,Volunteer,8
56365574-3514-4fdf-9248-f00029889326,Manya Sheth,MALE,Doctor,8
42e1ad18-fe59-4c04-b9f6-9bb32e77d3f9,Rachita Reddy,FEMALE,Officer,23
ae829d1f-702f-4a10-9cee-286a96553f76,Meera Nadkarni,FEMALE,Volunteer,23
2a79e1a9-65fa-45cd-b67c-c3e746a01763,Oeshi Sandal,MALE,Officer,23
ef91cf0e-b287-4953-b0b6-82a22f0d480e,Aarav Keer,MALE,Doctor,23
c6b48ea4-2ee8-48bf-ab7a-92b932e48818,Bina Tripathi,MALE,Fireman,23
c73789ac-a533-4b23-b1ec-0e50b92e37ee,Ayaan Nair,FEMALE,Doctor,23
81bb7e99-d9de-4356-9343-2e37b9359ed4,Janani Bhavsar,MALE,Officer,23
57113c83-13df-4299-a2b5-bbe92bda0b38,Hitesh Choudhary,FEMALE,Officer,23
0e24f6ef-2340-453a-b324-b5e979c50609,Anthony Goswami,FEMALE,First Responder,23
c8defd5a-f4f8-4d64-aac0-b70d21f3539c,Abdul Dugar,FEMALE,Officer,23
155c07d9-a1ea-4a20-80be-d4f693567146,Forum Tank,FEMALE,Fireman,23
db3f7e54-f20b-40fc-9047-0e37afb9dd1f,Amara Mammen,MALE,Volunteer,23
091aa766-f495-4503-b599-9bef01ecd35c,Chakradev Nayar,FEMALE,Doctor,23
8d27faf3-d800-4e40-b3e4-fe48bda6bba8,Vansha Murthy,FEMALE,Officer,23
1e8af4e5-9e7b-409c-a25f-00cb77d3fb32,Rishi Parmar,FEMALE,Volunteer,23
160b7c4d-2ee2-44f2-971e-8e11d02e6ec7,Sanya Keer,FEMALE,Doctor,23
0f5ef139-28c6-4949-b521-d42d45a1066c,Bhavani Sachdev,MALE,Volunteer,23
037663a2-2508-4a93-b433-69962395db73,Radha Chahal,MALE,Officer,23
a4e2bfb1-9f03-4790-a10a-52afca2a8707,Triya Ahluwalia,FEMALE,Volunteer,23
21da3c87-5c94-4503-99de-ce2f479c5cc2,Kavya Mand,FEMALE,First Responder,23
3a6479d3-ccb4-4410-bf41-76896589a2b3,Upasna Nayak,FEMALE,Volunteer,23
a52d49e7-9629-4983-9076-75c44dd70d5a,Rachita Bhagat,FEMALE,Volunteer,23
fb0fccd8-2d7a-48af-b567-4487e9aebe96,Harinakshi Chahal,MALE,First Responder,23
7f9ef554-31f9-4e9c-860f-47d38c67403b,Sai Zacharia,FEMALE,First Responder,23
a16540b6-1606-40de-9584-6b71a3692637,Anita Palla,MALE,First Responder,23
2af0bc6f-a05e-448b-af95-1972e92eff90,Omisha Nayar,MALE,Officer,23
7535485a-391a-48b2-9904-b11ab340737e,Unni Cherian,FEMALE,Officer,23
3345a524-ec6e-439f-8b95-559017c3cdbc,Thomas Kuruvilla,MALE,Doctor,23
74ba9888-4241-461b-9d63-7857b22af1ca,Meera Manne,MALE,Doctor,2
9575d5c9-64b0-4079-af3d-8f159a99b350,Shivani Mann,MALE,Volunteer,2
eb787a94-7973-4663-8505-79663db3677e,Abhiram Chaudhry,MALE,Volunteer,2
08a04ef5-caa6-469e-9579-cfff0224edab,Pushti Sankar,MALE,Fireman,2
add47afb-4f83-4163-9855-a60927e90873,Frederick Mahajan,FEMALE,First Responder,2
c48971f1-d8e1-4de0-9e02-f050f7f9c5ac,Arin Anne,FEMALE,Volunteer,2
c64cb18e-8d9b-4d86-b91e-9eae962d8746,Laksh Choudhury,MALE,Officer,2
2ec8f835-5aca-482d-83a5-89107753144a,Radha Patil,MALE,Doctor,2
6042d01e-0b11-4edf-b16f-64b36ef32df6,Anvi Bansal,MALE,Doctor,2
44102ed9-c053-442b-ba6c-1106630180cd,Omaja Sandal,FEMALE,Doctor,2
e89c3548-f5ea-491a-a6fd-c32549089c03,Varenya Chander,MALE,Officer,2
9c1befb9-4ba8-4f84-ae83-a7f1d8840cec,Bina Khare,MALE,Doctor,2
7771197b-36c9-42d4-9618-fb5a30d389b1,Nisha Baria,MALE,Doctor,2
2442f9d4-03a7-4374-9950-84e7c99af17f,Raagini Sachdeva,MALE,First Responder,2
c378baf1-07f3-44f7-bdc9-bd2382ed8c6f,George Kala,FEMALE,First Responder,2
be14f4b1-074d-4b5a-9314-98187d9d4892,Maya Yadav,FEMALE,First Responder,2
074c0d72-5d72-4979-8353-03e1e2b00fd2,Nachiket Sangha,FEMALE,Officer,2
257ef0f1-10bf-4b2b-a02e-91a4d5ab44e2,Zashil Lall,FEMALE,Volunteer,2
f2fd5662-eb13-482c-8284-4e19f73702eb,Jairaj Sur,MALE,Fireman,2
786b8f1c-9465-4a04-b96e-05137893e0f1,Nisha Mody,FEMALE,First Responder,2
2f5a7ce6-5b0b-4c7e-9981-6d3af5cea72c,Warhi Brar,MALE,Volunteer,2
4dae4d1f-2678-43da-8183-92db002b7cf9,Gautami Bava,MALE,Doctor,2
1047898a-0834-468f-beec-5131c0893567,Aarini Patla,FEMALE,Doctor,2
06be57fe-016c-4728-88b1-f7052e430719,Guneet Loke,MALE,First Responder,2
3284ce38-c8ef-4ad2-a887-3fd8e68dcbba,Nitesh Mohanty,FEMALE,Doctor,2
833a3131-1398-493b-9f01-61cb31c5d63a,Yuvraj Bal,FEMALE,First Responder,2
83c4e68f-e3a5-4f33-b5b3-1d53f80b98bf,Qadim Gill,FEMALE,First Responder,2
56d08bbc-0dfc-4503-9591-b78b1122f606,Chakradhar Char,MALE,Doctor,2
0b7285c0-6e7c-4f9d-80e7-5d9ead6fcbb9,Noah Lall,MALE,Doctor,2
5344e8ec-9639-4dc9-8b87-baeae51c852a,Hema Chanda,MALE,First Responder,2
3e5457ab-87c1-4ce7-a284-330f63cb502f,Ira Sachar,MALE,Officer,2
e976c397-9b51-4d17-99e6-f97868b92f7f,Ekani Lad,FEMALE,Officer,2
16e1777a-0621-4cfa-bfce-a5b73cef9241,Harsh Loke,FEMALE,First Responder,2
46b945d8-23e7-4ede-8575-7d1d995c3a20,Jacob Soni,FEMALE,Doctor,2
bc7f9efe-42e2-4a82-9c49-082a362200b4,Odika Dutta,MALE,Volunteer,2
6100c784-bceb-4e42-83f6-90b43f459f23,Waida Sem,MALE,First Responder,2
1bddc6b7-2861-47a6-9d09-5c4f418cdbf7,Waida Chakrabarti,FEMALE,Officer,2
4ad435c2-457d-4558-9379-f57294f8c6ad,Bhavna Patla,MALE,Officer,2
a4bef08e-8480-44e3-b30b-7d7c8d9bd97e,Baghyawati Murty,MALE,Officer,2
23c47b8f-1ca4-48d1-a3f4-bcb419ef2d7f,Yashasvi Krishnan,MALE,First Responder,2
72d8823e-262b-4e58-8fa5-42f4a31e774c,Zaitra Kapur,FEMALE,Fireman,2
d6eb1f84-57c7-4b9e-a61c-d14ded8aeb53,Jalsa Saha,FEMALE,First Responder,2
94837d62-2437-448f-84e1-ce9d8142d5f0,Varenya Madan,MALE,Volunteer,2
defed7ac-4ecc-49cd-bd2f-6596f8663871,Krish Pau,FEMALE,Doctor,2
31a838f9-7d29-4e3c-8869-a31bbafe9e1a,Ojas Memon,FEMALE,First Responder,2
5f9507ee-fc97-4fdd-a049-5164bb85cd8d,Logan Bhatia,MALE,Officer,2
96e5b27d-b9b2-4dbc-9e77-303401d8a7a0,Yachana Karpe,MALE,Officer,2
048ed1fe-87e1-40b1-8a05-c11ae187f9ec,Lucky Swaminathan,FEMALE,Fireman,2
5c29eb8f-47c2-4e5d-a97e-d773ee2139a2,Udarsh Dugar,MALE,Officer,2
2d11fc5d-a9de-40c1-807a-d87cacae9d24,Ira Kakar,FEMALE,Officer,2
aec4409a-98d0-40bf-af2e-3fb1936fe9a6,Mahika Sabharwal,FEMALE,Doctor,2
c4855d5e-982b-45bc-ba37-1535ced11171,Chandresh Padmanabhan,MALE,Volunteer,2
2c2c5858-e5db-405d-9f14-311193618eff,Januja Gera,FEMALE,Volunteer,2
42765cd9-a887-4679-8f7b-5e7dd0e99ded,Sanaya Mitra,FEMALE,Volunteer,2
fda0e487-b6df-4b76-ab5c-01d7e606e477,Adya Muni,FEMALE,Officer,2
b9b2c0a6-e380-4620-8c24-db5df66d1f7e,Nicholas Mody,MALE,Doctor,2
9acdf741-555c-44bc-88ce-f29d241a9514,Oni Konda,FEMALE,Fireman,2
02577304-7887-4cf0-9ae3-1dee0d0eb43c,Radha Karnik,MALE,Volunteer,2
069da7af-ed6a-4dec-bfdc-506c7b96dcbc,Matthew Chatterjee,FEMALE,Volunteer,2
df24b64f-45e5-4349-bf2b-2b374458152d,Advik Maharaj,MALE,Officer,2
62c00dc4-587c-4b80-a399-6d87625f6260,Hema Hari,MALE,First Responder,2
30f84234-590b-46d4-b436-82de34719fd5,Ira Dixit,FEMALE,First Responder,2
5e5c2c95-abc9-4d30-bbe8-4030b2115961,Daksha Sarma,FEMALE,Officer,2
905fc9a7-4a85-4d95-8e08-6f5b6dc16b05,Unni Kapur,MALE,Fireman,2
e90ca368-8e02-4c95-b65a-d65bef956975,Azaan Choudhary,MALE,Fireman,2
6c1dec57-f50f-40ce-a892-4ebc0fb66bc6,Hema Ghose,FEMALE,Fireman,2
bd5f1415-2513-46a4-99d3-cd6386280957,Champak Sharma,FEMALE,Volunteer,2
3674acc9-b787-4d2f-8217-85d35e491071,Rudra Bhardwaj,MALE,Fireman,2
2e3b9555-4e65-409f-95b4-aaaa63dd2507,Amrita Sastry,FEMALE,Officer,2
3591919b-23cd-4c2d-a3c5-a592dbe488aa,Vedant Gill,FEMALE,Fireman,2
758d15e0-da45-43c5-aee8-57d4a120df89,Siddharth Saha,MALE,Volunteer,2
5a3364ed-9f06-4e56-b4b0-db859246d3d5,Leena Sood,MALE,Officer,2
020e1d9a-d325-4dd1-a55b-3e6fd5e2a2ca,Reva Shankar,FEMALE,First Responder,2
b004e687-9ef2-4462-ac95-92fff2d60c9c,Vedika Kata,MALE,Doctor,2
12d0bc08-f955-4a44-8a78-e0ea68dd5e37,Ekanta Srinivasan,MALE,First Responder,2
99e3b3a7-9479-4b30-ae81-fc3fa14d38ee,Udarsh Sharaf,FEMALE,First Responder,2
5bd156cf-85cd-409e-935c-6ac583605724,Yatin Koshy,FEMALE,First Responder,2
2fc5fe9c-d45e-497a-a1ad-80bb9ea2db06,Bimala Lad,MALE,Volunteer,2
f87d397d-6a82-4f16-9d99-18c3925b09a1,Logan Chana,MALE,Fireman,2
dc8347cf-595f-41e9-af66-0ef16122b013,Arunima Peri,FEMALE,Volunteer,2
cb949d4c-ce5f-442b-878e-39d736cff5af,Urmi Deo,FEMALE,First Responder,2
5c0424ff-3472-4091-a0c9-7be81d9acb6a,Ekavir Deo,FEMALE,Officer,2
4e575962-db23-4e40-bc05-b407f338601c,Rajeshri Mammen,MALE,Fireman,2
b286a236-b161-4579-bc26-9ae9e67f87a3,Bhavya Tiwari,MALE,Doctor,2
fc15f73b-8108-4b11-8d56-8578c901c32d,Fariq Sathe,FEMALE,Officer,2
60033600-b303-4524-851c-bfde982bd2f0,Kevin Shanker,MALE,Officer,2
80c2601e-e7db-4d8c-8826-a88b78a7a24f,Rachit Oak,MALE,First Responder,2
325803f0-4cc0-47ca-883f-0ba5c8b24a76,Anirudh Karnik,FEMALE,Doctor,2
27db3114-f961-4d22-8991-4937b1dc77ff,Vaishnavi Sarkar,FEMALE,Doctor,2
13881b45-d835-498e-bee7-8b8576f73ae6,Chanakya Bedi,FEMALE,Volunteer,2
95b9a976-310b-4dc6-8951-788571cd8de6,Kamya Sahni,MALE,Officer,2
54c139c5-50b3-47ad-96e3-b05c7577d785,Gagan Dara,MALE,Volunteer,2
4ef306eb-f475-470a-a88c-093eadbc7223,Urvi Pathak,FEMALE,Doctor,2
ce7d1ab8-dfdf-4586-99cc-61026d6b55c7,Priya Kapoor,MALE,Fireman,2
542bc02b-d10c-4dd8-9a82-21ae0f821bd7,Brinda Chaudry,FEMALE,Doctor,2
fa8f8df4-dcfa-4f73-8fb9-790b43137d87,Jonathan Sur,FEMALE,Fireman,2
729ac42a-8b9a-4ce8-8cb9-94d9619390be,Ekalinga Shere,MALE,Doctor,2
2a63f67d-d7af-49c9-9128-48614f493e81,Kamala Oza,MALE,Volunteer,2
25f0722d-c68b-4d4a-ad2d-bd5dcf152093,Upma Goswami,FEMALE,Doctor,2
459dab2d-0fd5-4a80-8a2f-d5ceb558a142,Yashawini Karnik,FEMALE,First Responder,3
5d728269-c10a-4f03-9bdd-967cd2cd6e4d,Adweta Koshy,FEMALE,Volunteer,3
17ad0817-85df-4054-9929-bb7ec09baaa3,Baghyawati Tiwari,MALE,Officer,3
35f82e15-4f71-42e1-87f1-4830e10a1e1b,Vansha Ratta,FEMALE,Officer,3
746b07f5-f438-4718-84fa-71f8dfc632c0,Saksham Kala,MALE,Doctor,3
91cf62ec-a8e9-410f-b7d7-f747dc062599,Xalak Prabhu,FEMALE,Volunteer,3
f30a919d-9098-4053-9d6a-1a1bdc6eb058,Tejas Sarraf,FEMALE,Officer,3
634ee849-d3fc-4b57-b911-05550131abd4,Vincent Yogi,MALE,First Responder,3
021b7808-d5b7-4637-b208-13c16b53d94b,Bishakha Kumer,FEMALE,Doctor,3
0ae66345-8bdf-43dc-adce-2316027f181a,Viraj Chanda,MALE,Officer,3
02d86bed-6607-4cbd-89e4-6d54f5bf494c,Megha Wali,FEMALE,Fireman,3
34e9b38b-94cc-474a-b20a-b05037037931,Azaan Kannan,MALE,Fireman,3
3ef75133-b883-4cb0-94e9-a3b446bddfa2,Pranav Kant,MALE,Doctor,3
a6e83db5-902d-4c5d-b24a-3d8e2f4939e9,Akshay Bora,FEMALE,Doctor,3
ec65555d-213a-4665-90b4-04a126310f03,Vrishti Samra,MALE,Volunteer,3
e9efcc96-1e5c-47ab-97cb-e2395521b7eb,Ranbir Viswanathan,FEMALE,Doctor,3
8074044b-35d3-41e8-8420-11fdab3ed5d2,Vanya Dube,FEMALE,Doctor,3
4120e4a1-cb36-4b84-a68d-cb024abe7e67,Radha Sandal,FEMALE,Doctor,3
6e3a0cbe-40d1-4b93-b3cd-9e0f6d961518,Dayita Hari,FEMALE,Officer,3
68707532-fca5-43a3-94d7-579bd58aed79,Arunima Pall,FEMALE,Doctor,3
21181b8f-a974-4b27-ab0e-d3a30e9e9c97,Yadavi Kuruvilla,MALE,Fireman,3
5e3842f4-9d95-4d59-82b2-28996f90405b,Balvan Varty,MALE,Volunteer,3
28405302-354b-4b29-acfb-8ca01d9b88a6,Samaksh Sahni,FEMALE,First Responder,3
f1286a09-3776-469b-890e-c550508c4357,Kalpit Muni,FEMALE,Doctor,3
2e1377fc-7d60-487d-aea1-0f859dd70993,Yuvraj Muni,MALE,Doctor,3
bba9bf29-f8f5-4734-9adb-2c773d8338f1,Dalbir Kari,FEMALE,First Responder,3
4d781e43-b705-4980-aa7c-4e9f98f064a7,Raksha Sunder,MALE,Volunteer,3
5a627c53-d8b8-4890-b0f3-37f227a2a9a0,Karan Sidhu,FEMALE,Officer,3
29f87def-7122-4c43-bcfa-c14eeff0993f,Aarini Dani,FEMALE,Officer,3
38836baf-60d6-4cf1-b8fd-fabb23097e8a,Nathaniel Kothari,MALE,Volunteer,3
7fd722bd-ef6b-443d-99f3-543f45d69eda,Tanay Pillai,FEMALE,Officer,3
76cf472c-44b8-474b-813a-ccf681284d0a,Anusha Grover,FEMALE,Doctor,3
4031925f-1003-414d-a4da-a8634c04d6ad,Vasatika Kapoor,FEMALE,Officer,3
fa8463fb-db11-4588-8ece-4b95a1608a0f,Lekha Pant,FEMALE,Doctor,3
4c130010-50c5-48f1-9733-33de7c9ec676,Gagan Thaker,FEMALE,Doctor,3
46420cfd-f1d8-428a-95f8-1e257ac59103,Peter Gokhale,FEMALE,Volunteer,3
730fa05d-e7bd-4936-83a0-d124cb73f5c5,Faris Mishra,FEMALE,First Responder,3
5956cf9c-fadf-4e0c-8d53-9102335bff4b,Teerth Chopra,FEMALE,Fireman,3
57dee8f6-b784-40c1-8774-6c2af886243c,Yashoda Garg,FEMALE,Doctor,3
1cf2ed30-eba2-4acf-8b7f-40f27df4ce5b,Eta Ravel,FEMALE,Fireman,3
7d430739-9d4b-4064-abb5-e776075735b9,Pushti Bhargava,MALE,Fireman,3
7e382c98-276f-42e6-8214-c06768d7d575,Aadhya Toor,MALE,Officer,3
6de8e912-c04e-455f-bf31-c29b5e2cd269,Udyati Sehgal,FEMALE,Officer,3
2bc63b55-f24a-448c-b80b-0379789a1600,Geetika Sengupta,FEMALE,Fireman,3
71ae509c-57fc-4806-a053-180b6a382317,Shivansh Acharya,FEMALE,Doctor,3
ac15eb0f-79f1-4de5-a820-ba67288764ef,Rehaan Sarkar,MALE,Doctor,3
16755f7b-2d89-4481-ba76-7f068faa9253,Damyanti Johal,MALE,Doctor,3
d27ba99b-d17b-4a2b-aad8-1abc69526702,Bhavika Narang,FEMALE,Fireman,2
3ce06e4f-5b07-456d-ad6d-ed433a5f09c8,Oliver Tara,MALE,Officer,2
300aabfa-703d-43c1-81f1-758b387de113,Baghyawati Srinivasan,MALE,Officer,2
f94785f4-6534-4b4d-9e1f-0b30989d5bf2,Deepa Mallick,MALE,First Responder,2
efb03a25-87ff-4aa2-906d-8fd0de4c7695,Daksha Ramanathan,FEMALE,Officer,2
ab9c7fb1-bca6-4b85-a89d-7ee40854b4ac,Netra Contractor,MALE,Officer,2
cb3d6e7a-4b33-4259-a038-ee8d6114eaa8,Yoshita Behl,FEMALE,Doctor,2
3afbee3b-baa7-46bf-b84b-a35e48c64e09,Xalak Hayre,FEMALE,Fireman,2
ce8246d9-3cc0-4226-a165-ed3227b98621,Harinakshi Joshi,MALE,Volunteer,2
2ea4fb5e-8856-4cbe-8859-58201e7fbb6d,Nilima Vora,MALE,Doctor,2
2b3c714c-c77e-435e-af39-51fc83ae0995,Chakrika Bhardwaj,MALE,Fireman,2
6d4435aa-9771-4efb-a1ad-b71a2a74e814,Manbir Srinivasan,FEMALE,First Responder,2
d24b1af6-bea0-4c69-9ec7-e8492cd80ae7,Faqid Arora,MALE,Fireman,2
0aeac832-5737-42d8-b36c-72e092ecf557,Janani Bhat,MALE,Volunteer,2
bf712c12-9353-4e0e-b923-c6c8b60ba4e7,Sanaya Ganguly,MALE,Doctor,2
c8b3b4df-fa87-4821-bd9e-0d50f61948e6,Wahab Vig,MALE,Volunteer,2
e3b03632-eaa2-4520-b792-c03188cad4db,Nathaniel Bhatt,FEMALE,Officer,2
378f9bc5-8dac-446f-a4fe-ee116db129bb,Jonathan Ray,MALE,Officer,2
001a63f0-d2c8-4528-859c-a66b94b923f4,Jeremiah Roy,FEMALE,Doctor,2
6d6d85a7-6018-43e5-b2a5-5594465e7ab6,Tanvi Om,MALE,Doctor,2
15539b59-0828-4237-8033-55aabf62a60e,Zinal Varma,FEMALE,Officer,2
47338fbf-625c-4218-80d7-61101fe46b06,Victor Mody,MALE,Officer,2
11c452d7-a280-477d-b0d0-d7cca9fe5f2b,Elijah Parsa,MALE,Officer,2
8b5ece2a-f152-42a1-b521-613c0753b0f4,Abhiram Khalsa,MALE,Fireman,2
0edeb4d1-150b-435c-b871-b9fde4e4cee6,Radhika Dave,FEMALE,First Responder,2
3df603aa-beac-4f85-b63e-fc6a945d6c9e,Yagnesh Ramachandran,FEMALE,Doctor,2
e52c5877-6822-42f3-985f-4abdd3379654,Amaira Wable,MALE,First Responder,2
bffa474f-55b3-463b-b6a0-86abfcc6d554,Bakhshi Sen,MALE,Officer,2
fb06ae13-143c-4104-ba1d-f820bf91c098,Adya Kapur,MALE,Volunteer,2
2ac7ec56-aa98-47f1-afa7-195a731926a0,Rishi Rastogi,FEMALE,Fireman,2
576c16c8-549f-4a03-b723-a2c018bbd67e,Jhalak Nagarajan,MALE,Officer,2
30c49395-4890-4cde-a484-548923247a3f,Daksh Bail,FEMALE,First Responder,2
a3793376-cdcf-41aa-9f25-ee7d2b97e01d,Nihal Mody,FEMALE,Officer,2
22b11651-fc3b-4e3c-aeed-3178e099eeda,Ethan Gulati,MALE,Fireman,2
db22f88a-3880-4c51-8916-90af03847b0e,Rehaan Tailor,MALE,Volunteer,2
2b6092ba-b441-487b-8616-0fe19f0d6665,Ishita Kibe,MALE,Fireman,2
bda19152-9757-497c-aded-8c431232f7c3,Matthew Karnik,FEMALE,Fireman,2
028b420e-4496-4064-bd0b-bd9deffdd58d,Lajita Kothari,MALE,Volunteer,2
51e80f34-d7ac-46fa-881b-8314138258aa,Ethan Pillai,MALE,Fireman,2
7544a6c3-6fef-4b0b-b333-266e4d63f1a9,Ekani Pradhan,MALE,First Responder,2
0f73a8c7-840c-47aa-bb6e-222c95e4abef,Xavier Soman,FEMALE,Officer,2
2ddb8ca5-eeb7-4267-bf46-c8c6b0ebfcf5,Ekta Varghese,FEMALE,Officer,2
3cbc8b3c-3443-4671-bca3-6b178c40a71a,Osha Dar,FEMALE,Volunteer,2
8ea6f38b-5de7-4d21-b5d3-0a5375ba79cc,Yahvi Wadhwa,MALE,First Responder,2
87818540-a416-4262-82d1-38523c13922f,Dhruv Sridhar,FEMALE,Volunteer,2
3318b156-536d-42ba-8fbb-f83f04737031,Jagrati Ratta,FEMALE,Officer,2
8f0cd70e-1977-43aa-af97-51d6c2d8aeb9,Yachana Madan,FEMALE,Officer,2
af2ec090-2026-4ab4-b170-a07e517bb858,William Hayer,MALE,Volunteer,2
f3484c35-6ef6-437d-acaa-dead63bf79df,Yatan Puri,MALE,Volunteer,2
08ba02ee-106b-4326-811c-3095fe1f1546,William Parekh,MALE,Fireman,2
f051e71f-a6a9-41c2-9061-3a43044e2372,Isaac Batra,FEMALE,Doctor,2
98800aa6-2ed2-41e3-bf2e-84934570cf8b,Chasmum Lall,FEMALE,Fireman,2
0cc5e354-41d6-4322-ae10-9885ed1a9939,Gaurika Mane,MALE,Fireman,2
4ea6091a-db31-4ff1-b74d-6c7973060526,Darsh Krish,FEMALE,Volunteer,2
19b748db-f09d-43de-9b6c-c24d075e41f6,Fiyaz Master,FEMALE,Volunteer,2
cbd44814-6093-41f8-aada-cc9bcdc8b782,Wakeeta Lal,FEMALE,First Responder,2
c522c848-37dc-48b6-b094-d9dd1fcd2a5d,Arya Lata,FEMALE,Fireman,2
e9788e02-2b59-4e55-81d2-2e0cfd141458,Chanakya Viswanathan,FEMALE,Volunteer,2
5d92bac9-6136-4527-bd94-aadb1bc7f7e3,Ria Cherian,FEMALE,First Responder,2
58f2d1fe-d809-4281-a0ba-13eef510f38a,Jason Parmar,MALE,Fireman,2
06c80b33-a122-49b6-95fa-d754c6709b54,Nilima Date,MALE,First Responder,2
8810e7cc-22fb-4906-81cb-645aa79052c5,Vedhika Chopra,MALE,Fireman,2
d3294adc-35b2-4981-8fe9-dc68bff896b7,Ekanta Lata,FEMALE,First Responder,2
0b18908d-d6ab-4f91-8e09-c76c45964f58,Abha Chakraborty,MALE,Officer,2
369d80fd-c163-42ca-a441-f899eadb91c1,Tanvi Saran,FEMALE,Fireman,2
74c6b7f9-5aaf-4e15-b8a5-603fc543bd2e,Vinaya Rattan,FEMALE,Volunteer,2
b8b96e74-b719-439f-8b72-b3f11102fe43,Gautam Patla,FEMALE,Volunteer,2
110c4f3d-651f-4857-8376-3a2a8e0d4329,Ranveer Gera,FEMALE,Fireman,2
c8e2f441-f438-44c1-8b90-df8397fb65c9,Ubika Buch,FEMALE,Fireman,2
8eabafdc-8182-474e-9280-c44797fa16b4,Falguni Mahal,FEMALE,Volunteer,2
cc71015a-8084-4006-af61-2f1ce8fe3a9b,Ranveer Bhardwaj,MALE,Fireman,2
2dca0f04-bf8e-48a6-9047-78dd51c3d32a,Brinda Gill,MALE,Fireman,2
330ea9a8-8c5a-4585-a82a-41ac174faacb,Ansh Magar,MALE,Volunteer,2
7dbfbce3-eb53-4cc0-b7b0-ce686230d46e,Lekha Apte,FEMALE,Doctor,2
a9b0148c-4fbc-4b25-877e-aebd7fb425f1,Vyanjana Mishra,MALE,First Responder,2
032a14eb-2f43-4e77-81bd-b0179f81f3ca,Krishna Rajan,MALE,Volunteer,2
75da67f0-a80d-4830-940f-ea92c7aa5280,Upma Chaudhari,MALE,Doctor,2
a5b3cd0f-b5a2-4120-a62e-322f0313e7f8,Upma Mall,FEMALE,Fireman,2
fb6db306-5196-4865-9925-f96760249ebb,Kamala Vohra,MALE,Doctor,2
342c448a-03f0-4414-897a-066c626d6abf,Gaurika Narang,FEMALE,Doctor,2
c1332849-7f34-4436-96de-5b9190ac1aa1,Gautam Walla,MALE,Fireman,2
63eeac4d-441b-45db-b7cc-9690fd76fc5a,Warinder Chaudry,FEMALE,Doctor,2
dd8ffa58-332b-4c31-987b-eed543bfd27b,Rachana Bal,MALE,Doctor,2
d9efc5be-e470-4b70-831c-79c0cfe7db72,Abdul Gupta,MALE,Doctor,2
1b11fd19-d88a-4f7c-a57e-370c9424696e,Tanveer Tandon,FEMALE,First Responder,2
7301a34e-dfd5-4384-bb15-895bde167dea,Kavya Panchal,MALE,First Responder,2
613dcbda-81a8-44f7-b313-ae827cbefc83,Aarna Jha,MALE,Officer,2
a6639498-e8f9-4b6d-88b4-44fe7a86192c,Dhruv Hegde,FEMALE,Doctor,2
c41fa752-2ded-46a3-b041-9e7501abe899,Kevin Khare,FEMALE,Doctor,2
ec97e7a9-59eb-4d99-a657-3947dcac94d9,Baghyawati Bhatti,FEMALE,First Responder,2
900f40ae-0042-48c6-92a9-69715e95fa6e,Charvi Agarwal,MALE,Doctor,2
cea2ebd6-fff1-43f9-a587-550eeb2b923e,Neelima Deol,MALE,Officer,2
35f222cd-4363-4365-ae71-002d14d26ac2,Jalsa Raja,FEMALE,Doctor,2
0b19b7a3-054b-49aa-aeee-94551547160d,Atharv Karnik,MALE,Fireman,2
f965103c-aa70-4470-a170-4d2b57443b6e,Frederick Suresh,MALE,First Responder,2
024ee50d-8fe2-4e11-8865-182d45cfdbe1,Qushi Comar,FEMALE,Fireman,2
41d9590e-d462-4632-a587-3b24db539d29,Yug Thakkar,FEMALE,Officer,2
a1847f0d-ef95-4c25-b9d4-d944984488b6,Jeet Grover,FEMALE,First Responder,2
965084da-6638-48cf-81ed-6dd17653e48c,Kai Patla,MALE,Fireman,2
02d4947f-7251-4a1d-a185-335cbc7e244d,Sathvik Samra,FEMALE,Fireman,2
e0d5139d-902a-4aef-ae24-61058fe5d24b,Dalaja Korpal,FEMALE,Volunteer,2
e4511e88-9a20-4241-b9af-5b014af33a8b,Naveen Korpal,MALE,Doctor,2
c478308a-919d-4213-bedf-f1e88a3e1dde,Quincy Gara,FEMALE,Doctor,2
d4e48272-ea24-4f22-b315-078d50bc21a0,Ishaan Khurana,FEMALE,Doctor,2
38755df3-91dc-4823-b3d1-cfac6908f307,Yatin Kohli,MALE,Doctor,2
0caf5fe0-dbbe-4cb8-9064-b8a40f17698f,Nirja Dhillon,MALE,Volunteer,2
f1c9598e-1a67-4550-9b30-6140dca7e009,Zayyan Narayanan,FEMALE,First Responder,2
5539833f-b0df-4aa4-bc8e-cd5032df4a90,Janya Desai,MALE,First Responder,2
27fd6c6f-3235-472b-b195-556e8e4b983d,Kalpit Mander,FEMALE,First Responder,2
e88a6bed-26ee-4f13-a8b6-f134ea054efc,Charles Seshadri,FEMALE,Doctor,2
6437e1ce-90e3-45c1-8b77-b1d25ff79e86,Om Mutti,FEMALE,Fireman,2
44936f7e-4e0f-4fe5-a171-01bcaa0748bd,Geetika Doshi,MALE,Fireman,2
1c4a03b3-1412-4e84-bc98-b12c99dafc7a,Matthew Karnik,FEMALE,First Responder,2
2437bb75-5254-4d9e-a7fd-06abb681814e,Zaitra Bhalla,FEMALE,Officer,2
ab48133e-3150-4387-811b-21175cd8e106,Suhani Manda,FEMALE,Volunteer,2
b51f1e78-9ba5-4a66-bb3e-b6cfc1b80277,Manya Suri,MALE,Volunteer,2
6680946a-422a-4aa4-8faf-f72a4809c124,Onveer Kapoor,FEMALE,First Responder,2
135baac7-55ba-426a-8fbd-89c018f95fe2,Yashoda Samra,MALE,First Responder,2
dc2fa6eb-0ec4-416f-8b41-1c894d517f25,Inaya Parmar,MALE,First Responder,2
f505091e-65ad-469e-b108-e81091e5a3fd,Aachal Dave,MALE,Officer,2
a369d295-47ba-4f8d-9ec7-b34e50b7aa14,Garima Kalita,FEMALE,Fireman,2
cdd796ce-4223-41df-9d5a-53d3de58dd2f,Diya Sharma,MALE,Doctor,2
d7111215-4c0b-4ea2-8332-40dead859a89,Dayamai Sibal,FEMALE,Officer,2
c1fe7a3f-27ce-4cdd-a65e-644c7cdfdfac,Pushti Merchant,FEMALE,First Responder,2
aa307a19-9ec8-45ee-8af8-ab317d644998,Tanmayi Ganguly,MALE,Officer,2
95e181ba-59c0-4c4f-822b-6e0374b50888,Eesha Purohit,FEMALE,Volunteer,2
eb0d0d97-ea6a-4057-a4f1-5620a53ad44b,Januja Sahota,MALE,Fireman,17
38f418ac-d42e-4fe9-b7b2-6a36a4b934e7,Urvi Panchal,MALE,Fireman,17
760e902e-3197-4648-ab86-f93863db25d7,Charles Bal,MALE,First Responder,17
8ff1cb92-d02a-469d-a55d-d6e11b965bde,Mitali Devan,FEMALE,Doctor,17
cec9553d-8e74-4b49-a8df-84a381898fd8,Sneha Wason,FEMALE,Fireman,17
701024a1-8474-4b78-b7fb-ee4d298d84c1,Zansi Verma,MALE,Officer,17
aae16bc8-0cda-4aa5-a35a-421f61ad4304,Bhanumati Andra,FEMALE,First Responder,17
377ccf31-db7d-43df-a6ee-0a36ff5b6128,Onveer Chopra,MALE,Volunteer,17
c32d062c-e7a2-40f3-a305-48abb03d4093,Ethan Chatterjee,FEMALE,Volunteer,17
c98c2664-bc90-4656-83e4-8db5e9b9ddd2,Daksh Dhingra,FEMALE,Doctor,17
5c69eb25-62b0-49a2-8034-d98e30a07228,Sathvik Balakrishnan,MALE,First Responder,17
895e305d-89d5-4e9c-97f7-4943ca4f9443,Kashvi Chacko,MALE,Volunteer,17
04105ddc-c173-42f3-8f2b-640007215354,Robert Mall,MALE,Officer,17
f3b4a17f-699e-49da-8a92-308fc8a8c999,Anirudh Hari,MALE,Fireman,17
aae216b7-f4d4-43d1-98d9-58bd9ded9c05,Arjun Ramanathan,MALE,Volunteer,17
30936dca-c38a-4883-8c52-49d25108e621,Yagnesh Khare,MALE,Volunteer,17
ae9283ff-0315-40a0-a48c-53a1951d3a1d,Joshua Saxena,MALE,Doctor,17
a4b7681e-309a-4a62-bbae-0d05d1f8d582,Harini Iyer,MALE,Volunteer,17
4c0b2daf-06ba-4b39-948a-eefbebafce36,Onveer Patla,FEMALE,Fireman,17
4e5b3b73-5359-4235-98d9-f00037c48475,Bhavna Krishnamurthy,FEMALE,Fireman,17
b2703d3e-92c6-496d-bef3-14e46d98167f,Damyanti Kale,FEMALE,Volunteer,17
03f17eef-c695-40b6-bba8-66de1960c026,Warhi Boase,MALE,Doctor,17
439cfd0b-0cc1-4c00-a70f-c8c35a28f24d,Lucky Ray,FEMALE,Volunteer,17
2f9a2d5b-31e6-401a-9e09-fd2c0d4f07ab,Vedika Sane,MALE,Doctor,17
1dc6c4df-99c8-42fa-a25e-05f15357e8d9,Ojasvi Acharya,MALE,Doctor,17
fd99e1fa-2590-4397-8895-3fd9ce4e198f,Reyansh Iyengar,FEMALE,First Responder,17
f1cf1a3e-4771-44ee-9b47-23fd80a882f3,Peter Mall,MALE,Doctor,17
873f3064-cf65-4fa6-94d9-4e47390a11a3,Yashvi Raman,MALE,Officer,17
09b583a7-edac-4e43-8716-ffbc7196ab74,Nakul Rajagopal,FEMALE,Officer,17
d23068d9-92e0-423c-a3e5-64400c6286f0,Luke Basak,FEMALE,First Responder,17
dbfbb4c8-c8b2-43ea-a163-cd3d889aab93,Jackson Sami,FEMALE,Officer,17
c67331c4-b495-436a-8fdd-316d7e5c6cfd,Pratyush Srivastava,FEMALE,Volunteer,17
e984117c-9b97-44b1-bbba-db0d99dd2b33,Dhruv Choudhry,FEMALE,Officer,17
a217e43f-733c-4d67-895e-c9d1ec972c0a,Vritti Pradhan,FEMALE,First Responder,17
d60b4850-32a1-4206-8cad-75e6ac55624f,Radha Kale,MALE,Officer,17
3470ed70-b662-421d-95ce-17e88134b377,Abhimanyu Cheema,FEMALE,First Responder,17
5d770b94-1b44-4744-bbe2-823aeb20bb15,Amara Uppal,MALE,Volunteer,17
c83e8ce5-070c-4f35-ad5c-0ccc888a8fb6,Sachi Dayal,FEMALE,Doctor,17
01b85de3-796a-49f7-8a3e-aa9b9a8b97e4,Tanay Das,FEMALE,First Responder,17
e0af8cff-9cfb-4f76-a9f5-30b5eee274a3,Rishi Deshmukh,MALE,Fireman,17
9f8c8b27-ce2e-4e3c-a619-7f05917ce90e,Gauri Biswas,FEMALE,Fireman,17
292815a2-f94f-4e9e-afc3-ba55ce5ae37d,Aahana Bobal,MALE,Officer,17
a4011524-c830-4cd1-b45a-8a99caa6a326,Rachita Palla,FEMALE,Fireman,17
5f82d4ea-f8d5-4ba9-8b05-6a8443fce141,David Raghavan,FEMALE,Officer,17
3f66f16d-3d08-4498-ab2d-e280707e87bf,Falak Khanna,MALE,Doctor,17
10fb89be-d130-4fb9-ad86-62207ffba921,Chaaya Venkatesh,FEMALE,First Responder,17
4b4662b5-8517-4ec4-ba07-225024ebe555,Fiyaz Mital,MALE,Officer,17
3522f66c-f5bc-4d12-a55c-95c7c90456b5,Hemal Setty,MALE,Fireman,17
53a060a5-cb0a-4ae3-83d1-e7f34a5b8014,Shravya Sampath,MALE,Volunteer,17
84a0dc4b-7dc6-4630-8c09-d5f7a2bcd752,Hemal Sengupta,MALE,Officer,17
db97e3c2-2de9-41fe-b797-0f8bec7bc3be,Bhavani Bhargava,MALE,Doctor,17
b27ebf21-236c-4fe3-aed8-6825bc43f7e9,Chanchal Korpal,FEMALE,Fireman,17
0d493072-dbff-4d96-852b-83106ad3d3fb,Jai Zacharia,FEMALE,Volunteer,17
10a64f75-ea51-4279-96e8-cfa76dd4911f,Mahika Bhatt,FEMALE,Officer,17
a2c1619d-d646-40ae-a374-0e3f2cbbc114,Adya Bajwa,MALE,First Responder,17
a7cf2e37-3022-4248-8085-704c0dc260e5,Girish Gera,MALE,Fireman,17
2d54c9bf-dbb3-4fd5-90fd-e42c9358a5f6,Zilmil Bhandari,FEMALE,Doctor,17
5fa86b6f-1e07-40ac-83ed-d90383cacdd8,Jhalak Gopal,MALE,Fireman,17
93e9ee37-9408-4b31-a930-74b973639087,Ikbal Nadkarni,FEMALE,Fireman,17
328b0f59-f5ff-4b32-ad38-7d6bfed1bf1d,Yug Iyengar,MALE,Fireman,17
1f7ec71a-a535-4525-adc4-8d34d525d26c,Girik Radhakrishnan,MALE,Fireman,17
66f15cc0-1195-4097-933d-3d21615c2c13,Vanya Badami,MALE,Doctor,17
c8113eb9-3e33-486c-a6e3-d1de8af92e7a,Upasna Chacko,MALE,Fireman,17
7a193422-a0bb-4969-8ee2-0c03f6c28319,Neha Dani,MALE,First Responder,17
7c7da561-c1ea-437e-b775-06b7a0832a8a,Jhalak Chacko,MALE,First Responder,17
c615086f-c816-44c8-aa4b-60c17d561b5f,Shaurya Shroff,MALE,First Responder,17
0f8391b3-fd62-4a78-a006-56e7c691dc10,Dominic Krishnamurthy,MALE,Officer,17
a8339255-a977-4278-a322-7a9024ed372d,Nitara Karpe,FEMALE,First Responder,17
90726392-3702-49ed-8251-b2f3dfde74f7,Tarak Anne,MALE,First Responder,17
f206ecbd-45a9-4b4a-ab29-dd1dd0529c9a,Aarush Salvi,MALE,Doctor,15
3254825c-c6ff-4f88-80cc-4b7997de5aad,Balendra Soman,MALE,Doctor,15
b786342a-f6e2-424c-a0be-adf6cab132d2,Harini Chhabra,FEMALE,Volunteer,15
71810e6f-58f4-4d03-8d48-8ebbdfa5966b,Maanas Goyal,FEMALE,Doctor,15
a87f1abe-702a-4814-9d51-849e30a99e0b,Ryan Jani,MALE,Doctor,15
3de06600-bc58-474e-b19b-d7a9b1a77525,Jairaj Bava,FEMALE,First Responder,15
af0606c3-527d-444b-b45e-075acd198778,Udarsh Yogi,MALE,First Responder,15
24868837-6f3c-41a5-b77a-9c683f29cced,Gaurika Chada,MALE,Fireman,15
0d45910f-06e3-4ff0-83f4-a88bb948a44d,Priya Shanker,FEMALE,First Responder,15
712ed6fb-cc19-4358-9b14-6dbf5c72caf8,Ikshita Tella,FEMALE,Fireman,15
0da64bbd-f13a-4a24-837b-dde368a6e0e0,Mohini Kurian,FEMALE,Officer,15
f85da389-02cb-4337-ad4d-f7e9282a4d31,Ekanta Ratti,MALE,Volunteer,15
1e1c5b08-4b69-43e9-b7dc-413b17e7aaba,Panini Devan,FEMALE,First Responder,15
e43ef802-37b9-466f-94e3-602f93201a7c,Rohan Gaba,FEMALE,First Responder,15
b8cbfee7-8cd1-4266-b303-ffcc1b47e493,Ryan Bora,FEMALE,Fireman,15
ea840901-2f4d-48c9-a769-c559a6953640,Shaurya Banik,MALE,First Responder,15
4d4e0e7e-1c91-450c-ab4e-19142d61ba47,Advik Johal,MALE,Volunteer,15
049adf09-17de-4785-a459-e35ddd322d1c,Jatin Tank,MALE,Volunteer,15
229f896c-9491-4a87-ba03-9ce1f15328e6,Sudiksha Sama,FEMALE,First Responder,15
91bc8e31-adb0-4f1b-b201-87b390037327,Faris Nagy,FEMALE,Officer,15
4401735a-2de6-47d2-a080-fad6c714aecd,Andrew Kohli,MALE,Volunteer,15
5f1c6626-c2a7-422e-bb3d-bbd53b401c22,Elijah Din,FEMALE,Volunteer,15
cdb6b86c-6b51-4098-b6bc-86c2247270ae,Osha Gopal,MALE,Volunteer,15
dafaf59e-c7a8-4086-b263-6ac578b57cd4,Jalsa Magar,FEMALE,Officer,15
b2ef3ccf-9274-4b62-95b5-f70af4594105,Amrita Patil,MALE,Officer,15
d4864731-35a8-49af-b6ae-1096e9fec3a0,Unnati Buch,FEMALE,Officer,15
bdb4bc8e-fa37-41b8-8a3a-7ad6402e90e8,Chatresh Nori,FEMALE,Volunteer,15
7ce28ad9-aa86-49d9-9db0-f73504ce7822,Chaitanya Dara,FEMALE,Doctor,15
7edd548f-a4b7-450a-a402-79ab8713c3bb,Indira Tak,FEMALE,Officer,15
c90120b1-c88e-4866-8008-ca4b180047eb,Varenya Dara,FEMALE,First Responder,15
f32bb9be-082f-4eba-971e-82533f83ec91,Gautami Singhal,FEMALE,Doctor,15
90ce0c26-1238-454c-a4f2-de5993025594,Tejas Sathe,FEMALE,First Responder,24
a5c00d65-dc55-4cf9-a00d-1fc1c0c2704c,Wyatt Misra,FEMALE,Doctor,24
ef395d0d-a545-4c22-a580-9b12380f76eb,Unnati Date,MALE,First Responder,24
f3eb21aa-f7aa-4f4b-9be0-10d7097b3d74,Vasana Das,MALE,Doctor,24
02782e30-26f1-40ea-bf73-2fff3056259b,Xiti Singhal,MALE,Doctor,24
375b42e6-b873-4ebf-b95b-a5bdcb99347d,Naveen Ram,FEMALE,Volunteer,24
38d5753a-c83a-4cd9-9b77-abef905c5583,Krishna Butala,MALE,First Responder,24
4815d334-0a0a-4f4d-b1bd-b39a2d432227,Dhruv Edwin,FEMALE,Officer,24
f0f42812-ef7a-4db7-85b9-e736cf094f0e,Faris Basak,FEMALE,Doctor,24
73ffcca5-5f42-4dea-9fb5-26d6a12c7c44,Ojasvi Padmanabhan,FEMALE,Doctor,24
9f8deca8-8c50-4388-b7b5-992e9c42b73b,Oni Ramanathan,FEMALE,Volunteer,24
4e2d1c8c-2677-4f78-a500-347914017f80,Warinder Dhaliwal,MALE,Fireman,24
ffa7afe9-7486-4965-b2c9-328f62954c03,Anya Kara,FEMALE,Doctor,24
a203464f-b29b-4913-a25f-8840d97ae2f5,Diya Agrawal,FEMALE,Doctor,24
655cf6c5-cbdd-4ebd-95d1-875a857f5fe5,Rehaan Dhingra,MALE,Fireman,24
97ec63e4-0652-4dd6-a2b5-a006fd7e2b39,Noah Kashyap,FEMALE,First Responder,24
09582052-83e9-4430-9f41-0b07c3279128,Jeremiah Purohit,FEMALE,Officer,24
8419b6c2-4abd-41ff-bf9f-7ac3215fcd46,Ria Chokshi,FEMALE,Officer,24
178bcaa9-6715-4373-8af0-fee70ef62b0d,Sachi Balan,MALE,Officer,24
a79d472b-4020-4e55-89ee-6df904725947,Frado Maharaj,FEMALE,Officer,24
bd8b3389-791d-4d07-a1dd-8a6a1fedf48d,Nihal Sahni,FEMALE,First Responder,24
50e27e56-d49d-40bb-af23-57bfd8f8b2ce,Abha Bhalla,MALE,First Responder,24
39c3d99f-0787-4708-a424-57f50f348a42,Hardik Dua,MALE,Officer,24
5c2d54f3-6ec4-4e35-a470-77ec1d4f3096,Faraj Tara,MALE,Doctor,24
7bad0490-9265-4d5b-8e9e-3c9a9bcb3f26,Ubika Dora,MALE,First Responder,24
e06d56ed-6806-4bf1-83ff-5af4e8ef0e83,Advaith Jha,MALE,First Responder,24
a48b3500-7775-4fef-a671-f228835ebacf,Amol Virk,MALE,Fireman,24
c679da76-4c1f-43d2-8fde-1c3c16d8c464,Avi Tara,MALE,Doctor,24
2cca87f0-4c99-4ced-9efd-30ad8e75bf56,Vihaan Mallick,FEMALE,Fireman,24
e1608742-a59f-4100-bc92-3d7475ce3a80,Anusha Cheema,MALE,Officer,24
e31a3b7b-b717-44a3-a249-932cb3ca7ee7,Ethan Soni,FEMALE,First Responder,24
bd50adcf-d6b7-4c94-9dd1-ddb7a5ca8749,Qabil Sharaf,MALE,Doctor,24
ed3c5af3-72df-4ed7-917a-5508d070cfbb,Patrick Srinivasan,MALE,Officer,24
74e9e23e-ea47-4e98-9a34-31c971de23a4,Aarush Rama,MALE,Officer,24
64e40bab-76ed-4321-9cee-2b99a3e07b5b,Eiravati Kale,MALE,Officer,24
d5bc0c77-f888-4efb-ac40-9a8c44d17cb9,Chanchal Sarna,FEMALE,Volunteer,24
f6f2b65d-371a-4e15-91c0-5464405a7f35,Ekansh Ravel,FEMALE,First Responder,24
a084c041-0d6d-4869-804e-3a39b88914a8,Brinda Bhandari,MALE,First Responder,24
65a2d7b1-5e5b-4207-91ec-5f2fb49d06c2,Vivaan Jaggi,FEMALE,Fireman,24
228b9060-6651-4325-a71e-b3f75aad6e11,Michael Kadakia,FEMALE,First Responder,24
f527b140-66ea-4b69-a03c-6641fd88d16d,Yashodhara More,MALE,Doctor,24
4d0d439b-46a4-49cc-bf3c-2923eea4bd20,Timothy Guha,FEMALE,First Responder,24
78037ef9-7969-4c50-b0e5-14e8e8beafb0,Tanveer Lala,FEMALE,First Responder,24
a84092b7-ffd6-426b-bb26-91047c22971c,Elijah Vala,MALE,Volunteer,24
03ed9e33-5adc-4b2c-b8ef-fc4cdbce9b31,Manan Ben,MALE,Volunteer,24
9918d700-3e90-4278-899f-db5480939189,Lekha Kar,MALE,Officer,24
7155cc86-a1e1-489c-8dbb-d41612929a56,Dev Nagarajan,FEMALE,Volunteer,24
9ddd9316-10e0-4f69-ae9c-2560cfcb96f4,Zaid Tiwari,MALE,Doctor,24
ce844939-4704-421f-ba63-c78a4e3ba14e,Vedika Nazareth,FEMALE,Volunteer,24
ea4ea438-413c-4b66-bf08-63ee679a61fe,Arin Narayanan,MALE,First Responder,24
3f680b2d-c40a-4b48-a967-7c216c501877,Jasmit Manda,FEMALE,Doctor,24
2c103dc6-b845-4b3f-9b93-37512eedafde,Avi Doshi,MALE,Doctor,24
1d0e5e0c-41bc-42de-a822-f1569cbb1f85,Lekha Bath,MALE,Fireman,24
f80d6625-055e-4ae1-bea8-e668b0850073,Kevin Dora,MALE,Officer,24
50fb1458-abb6-4357-99f8-1fc5ce919689,Rajata Narayanan,MALE,Volunteer,24
ae10142d-db46-4a32-a7e5-ef93dfb529ca,Aadi Sachdeva,MALE,Doctor,24
b0ef9e51-5bcb-459a-8362-4f51966d3893,Fitan Sastry,FEMALE,Officer,24
3f82f5fc-aa23-4f57-812f-6e27d8624200,Priya Doctor,MALE,Officer,24
ef0d66f7-99e8-4737-b577-1ee6ee59975f,Lopa Chadha,FEMALE,Fireman,24
4509a769-0ce3-4c3a-9c26-71eb1ac21566,Eshana Majumdar,FEMALE,Doctor,24
c3b735a7-ee27-4c1e-a6be-378bea3f749b,Chavvi Dugar,FEMALE,Officer,24
49239b16-63da-40cc-8689-24ea7ac858f0,Hema Oak,FEMALE,Doctor,24
ba8becb3-72b7-4114-902f-0c9a1797d1e1,Qushi Sheth,MALE,Officer,24
c409a245-ae0c-4493-867f-8bd045f5a4b2,Jeet Dewan,MALE,Officer,24
cf2e8d60-14a9-4fc5-96d5-a9e74ff54f30,Ishita Borah,MALE,First Responder,24
b2c8610d-72b4-44a1-998a-294ee3da3e7f,Harita Ganesan,MALE,Fireman,24
20bff9d0-0674-41e2-a31a-5f5e8013e314,Vanya Jani,MALE,Doctor,24
66baae56-4a7e-42b4-a277-915b5920eef2,Lekha Walla,FEMALE,Officer,24
60b64c5e-35b5-4f84-b183-0a1a7fb56124,Ayush Pai,MALE,Fireman,24
6b12e83b-9cf6-4d8f-aad0-d0240b512935,Odika Saraf,FEMALE,Doctor,24
2dcdead3-b81e-41ac-814e-3afd1534484a,Hema Dar,MALE,Doctor,24
5b02b4e9-c2a1-4648-9adc-a518108a9334,Zansi Butala,MALE,Doctor,24
43886e79-4692-4ae9-8a10-b23f781c8f37,Wishi Anne,MALE,Officer,24
a804590d-6b65-4e07-ba43-1efca92eca93,Anthony Lall,FEMALE,Volunteer,24
42fe2a27-750c-4578-a214-e7541d1c3a4b,Alka Puri,MALE,Volunteer,24
8c950ab1-6e95-43e8-8467-a6b7f71cc87d,Zayyan Bawa,MALE,Doctor,24
83cff5e3-512d-4f4a-90b3-a131be117d3a,Shivansh Mann,FEMALE,Doctor,24
d181d3f1-4f51-41e1-abc6-2d5c0486671a,Omaja Apte,FEMALE,Volunteer,24
56cd08eb-773c-4b9c-871d-8ff571c22dce,Jonathan Sharma,MALE,Volunteer,24
bc07ca1c-26bc-4998-943f-915a15629ed0,Simon Hora,MALE,First Responder,24
d8446c31-e6e9-44b8-8052-b07cc12f2a06,Bahadurjit Bhalla,MALE,Volunteer,24
e37742af-3d6b-40b9-abee-89fac1244553,Balhaar Srivastava,FEMALE,Officer,24
247e5c21-de4b-410f-a1b2-fd74dc760775,Tara Sharma,MALE,Officer,24
eb3263e2-d29f-47f0-b80a-273005e485ff,Vamakshi Mane,MALE,First Responder,24
df581bfb-835c-4235-8265-c0598ba48a02,Tanvi Nadkarni,FEMALE,Fireman,24
78f221d7-e800-44db-80f2-89b2202385c1,Ekaja Wadhwa,FEMALE,First Responder,24
55719ff5-7ada-44a7-a399-21d0fe7a858e,Hema Ganesan,MALE,Fireman,24
bc6997ad-cb2f-474f-b93b-351ba12b0ec3,Tanvi Sidhu,FEMALE,First Responder,24
b1d744b7-c793-40e4-85a6-f2243b0b25f3,Yug Yogi,MALE,First Responder,24
cacc89ba-a8a1-42b6-aed6-2a4c28dc0f8d,Nathan Dasgupta,FEMALE,Doctor,24
948199d0-c965-443a-b052-b945d64f5180,Yug Yadav,MALE,Volunteer,24
328b25bc-d397-4f72-a91b-00045eb56873,Lucky Gandhi,FEMALE,Doctor,24
2af66e80-9355-4413-9bca-01427102583e,Victor Nagi,MALE,Officer,24
1e89ec6c-9f97-4a5d-b18b-b5c58f162405,Anirudh Buch,MALE,Officer,24
16987f3e-7377-4a62-a0e9-a76a65f6ea56,Maya Badal,MALE,Doctor,24
1c6ae93c-4b38-4199-a777-a677b31d0c9d,Yasti Dhillon,FEMALE,First Responder,24
dd220a43-fef5-4e10-aa44-61c43e17b273,Logan Din,MALE,Volunteer,24
e5100d25-1a4a-4d3a-b1e4-70ef877fbf9b,Chakradev Deshpande,FEMALE,Officer,24
eaea8f1d-620e-44eb-9704-b4fd40cd0208,Manthan More,FEMALE,First Responder,24
c031f479-5e86-4bec-a761-113ba5a861eb,Avni Sarkar,MALE,Doctor,24
33fb3c6c-0b0d-44ba-a2cf-2a0cd3cdb2c1,Diya Mutti,FEMALE,First Responder,24
819a1d42-e9a9-41a5-b18f-634d61fd6a22,Ira Loyal,MALE,Volunteer,24
204845f1-52f8-4457-95a0-3e407165fa42,Ryan Palla,FEMALE,Officer,24
1f2a7cdd-6fc2-4c89-a857-55004f6adab8,Michael Ranganathan,MALE,Officer,24
1435ce39-27c8-4ee3-9140-674e383acd4d,Guneet Mangat,MALE,Doctor,24
60dca378-0e97-45a0-9aec-865390505de6,Neel Tara,MALE,Doctor,24
187c58bd-1da4-4c3e-954c-dea36c02e301,Priya Dube,FEMALE,Volunteer,24
2488fcc4-d89c-41e6-a0df-458c489d9721,Caleb Dhaliwal,MALE,Officer,24
98b50e69-0c5a-4fb5-821f-3653f14f6d12,George Kurian,FEMALE,First Responder,24
f2f56e1d-8d9d-4e2c-94e6-96a537e2d6ea,Patrick Puri,MALE,Volunteer,24
12ce1137-b93c-4f51-9612-c4f18b929ca9,Adweta Verma,MALE,Fireman,24
8db66d91-fced-410e-a479-4ca5548feaf1,Mohammed Lad,FEMALE,First Responder,24
d8551851-f246-4e8b-8a34-f2a10d0eb862,Anika Shankar,FEMALE,Volunteer,24
4aa7f50c-2a85-428e-89bd-e249f703643d,Max Dhillon,FEMALE,Volunteer,24
720a0933-c8ad-4112-871d-2e1cc31c7bed,Lakshit Pall,MALE,Volunteer,24
5a83fbff-9738-411f-adcc-0b5de251d7d7,Yashoda Kala,FEMALE,First Responder,24
da0635ee-593a-4092-8cda-fe91c0d2967f,Anita Mangal,MALE,Doctor,24
56e5069e-63e9-4fb0-862b-b36811f9dacf,Samesh Seshadri,MALE,First Responder,24
f9fbe449-0451-40b7-9765-5b872a585292,Nakul Natarajan,MALE,Officer,24
21fe447a-e656-4553-9844-837445eb740c,Amara Gokhale,FEMALE,Doctor,24
b032e1c3-f8b6-4de6-82d0-84f4560f938c,Dominic Seth,MALE,First Responder,24
bf4c14af-c06b-4cad-86b3-4f139e0bf52e,Abdul Wadhwa,MALE,Fireman,24
06ea289b-0d28-4314-a610-4c8c55f1310c,Parth Tripathi,FEMALE,Volunteer,24
c18f00e1-13f5-485c-a7cb-fd31b7c6db23,Joshua Lata,FEMALE,Volunteer,24
f5c53bb6-0018-448a-bb94-79412a6bf5da,Amruta Date,FEMALE,First Responder,14
151bebd4-ae86-49a6-9167-4014978d4ae4,Girik Sha,FEMALE,Officer,14
06875bcf-d3cd-45ea-a9ee-0f6d78c699b3,Harshil Nanda,MALE,Doctor,14
f55c16a7-c26c-499b-89e1-a93e3eda6f0c,Hema Sule,FEMALE,Officer,14
704547e9-4b21-4cf8-8f4c-f165fedfa963,Dalaja Hegde,MALE,Doctor,14
21cd187a-fd5c-415b-ab2a-b0af4c664663,Frederick Shanker,FEMALE,Doctor,14
b94ad8b0-69d5-4de6-8d1d-9a72a7ec1e16,Neha Bhatti,MALE,Volunteer,14
299935c6-51ff-4872-a69b-9866c88e288c,Benjamin Solanki,MALE,Officer,14
bc3e22d4-480b-4703-9dbe-d71910736383,Ekansh Luthra,MALE,Volunteer,14
31e6e796-6aa4-4168-a79d-04ea4e7cad8d,Jonathan Chahal,MALE,First Responder,14
9a85bf64-dd0a-40d2-a747-a77c177c69a1,Maanav Sankar,MALE,Officer,14
2294f28d-70e6-4340-abdf-5da210813524,Aradhana Oak,MALE,Volunteer,14
77bfd023-56f3-4721-8a00-1259af61303f,Aishani Barad,FEMALE,First Responder,14
e6d8112d-ce85-41a9-91b0-a80530eb1099,Falan Dara,MALE,Volunteer,14
aebf813c-e509-4cf7-91b5-5db7504bc056,Falan Barad,FEMALE,Doctor,14
0a74b8c0-f3be-40ac-9e6b-bb501ab5363d,Xalak Bawa,MALE,Officer,14
18cdaa1b-34c3-4751-941e-1f5493b93a32,Shaurya Contractor,MALE,Fireman,14
f0e74bf7-ce6b-40f7-8afc-b124a39821e0,Udarsh Krishnamurthy,FEMALE,Volunteer,1
f3d6ca7f-e356-4815-aae5-ac1f5ce338e3,Ekapad Puri,MALE,First Responder,1
13438363-1448-4262-92b5-ddc78eda3f43,Anika Rajan,FEMALE,Fireman,1
18f98f4e-0bc1-425e-87ee-9f7cbf8ae8c7,Vinaya Sehgal,FEMALE,First Responder,1
677ef18c-7a97-46cf-912e-5862bf55b0c2,Vanya Sastry,FEMALE,First Responder,1
45cc3fb7-ff82-4a63-8f32-33153cf66460,Hardik Yogi,MALE,Doctor,1
44f33a68-8116-49a9-9ffc-6a11e89e1f6d,Dominic Lall,FEMALE,Volunteer,1
ffe54101-546e-4689-8c73-9e37dd3521c0,Janaki Biswas,MALE,Fireman,1
fdcb5ae0-1a5d-4388-b47b-b2ff9fbcfada,Irya Biswas,MALE,Volunteer,1
45d3983b-4cd3-4688-9538-cf9be98f84a7,Sudiksha Roy,FEMALE,Officer,1
7038360a-7dc9-44d4-8f03-48523591b4ad,Ekani Agarwal,FEMALE,Fireman,1
07c6b3fa-2e7b-4aaa-b539-99f2fd84cb6a,George Walla,MALE,Doctor,1
670c8617-8480-432a-b84d-b29caa9c841b,Zansi Joshi,FEMALE,Doctor,1
f2c42a97-dbce-4cf7-85d1-1abe7c0ceae2,Ekaja Apte,FEMALE,Officer,1
050ae69b-296c-48ba-96b7-fda1ec613b65,Vasana Chaudhuri,FEMALE,Officer,1
668983bf-600b-4dae-a449-cdfda86ca788,Faras Lad,MALE,Doctor,1
8c125bd5-6369-47f9-add2-324f7b24d332,Lohit Banik,MALE,Officer,1
c96caa63-39a4-4ff4-9767-e66408ff8539,Samar Bal,FEMALE,First Responder,1
e3d03e79-11de-4bc5-9224-bc815742758b,Vedika Goda,MALE,Doctor,1
29078659-374a-46d9-9543-621290653024,Baljiwan Venkatesh,FEMALE,Volunteer,1
a92e800e-410d-45e1-97c7-24ebbbf560a0,Anthony Jayaraman,MALE,Volunteer,1
a3b635b4-2147-4a7a-89fb-d00dca29301c,Balvan Pillai,MALE,Doctor,1
a52043db-2c64-4e85-9e9c-c7aa13df9e00,Omisha Dayal,FEMALE,Doctor,1
037c3e2d-6975-4cb4-8257-5fc9116a60a0,Faris Chaudhary,MALE,First Responder,1
bef8c757-6b5e-4747-a76c-4d355c7b7122,Charvi Sampath,MALE,Volunteer,1
8d3310ee-a82a-484b-8ac2-da97e5a7081e,Rajeshri Thaman,MALE,Officer,1
bdd267de-1121-4d8e-a840-a028fb6640b3,Chakrika Natt,FEMALE,Officer,1
7a8df04a-8378-4bbe-9ce6-5fa2e8888ca2,Ekaja Dutt,FEMALE,Doctor,1
e4fa8976-94b8-49ae-b824-0f06ff23d6b6,Gaurika Walla,MALE,First Responder,1
e54aa19d-8475-4d36-b14a-54e114807b21,Ranveer Merchant,MALE,Volunteer,1
5127c8b8-a0ce-480e-90b3-63c425e83c2a,Theodore Din,FEMALE,Doctor,1
24b40ca2-9486-44b9-b6d4-f050732ad5d2,Max Sibal,FEMALE,Fireman,1
35b0b1ff-0ffd-4e38-9794-1845975b297a,Kamya Sinha,MALE,First Responder,1
d8c3126a-210f-4087-8078-47e5cb283bb0,Jai Kalla,FEMALE,First Responder,1
539140e9-025b-4ec6-bd09-df26de982e24,Janani Nagar,MALE,Officer,1
01327308-e4ee-4009-ba4a-2f687dba971c,Brinda Buch,FEMALE,Fireman,1
de0ef300-c41c-4bd7-803f-96af8a4ed6f6,Faras Chawla,FEMALE,Officer,1
304edf64-4e78-4002-8230-59921c80c220,Aarush Iyer,MALE,Doctor,1
bef9f530-117d-4fc6-bd01-7629b13b5b14,Warjas Char,MALE,Officer,1
b8d00a5f-bd44-47be-be42-4872a4b975df,Bishakha Bumb,FEMALE,Doctor,1
d3cb82f4-b86f-4f38-a928-b312114f96dc,Gaurav Kapur,FEMALE,Volunteer,1
49b7808e-2b19-4eed-9fd2-ab8ed728fff6,Aashi Tank,MALE,Officer,1
8fce64a3-f984-4ef0-a94d-a7e55ae65d9a,Luke Lall,FEMALE,Volunteer,1
74cc769b-2a68-477a-bc16-549f355b131d,Abeer Natt,MALE,Fireman,1
56c59f05-2cd0-40b2-8853-88ca5f643602,Vidhi Mukhopadhyay,FEMALE,Officer,1
f7ca5071-5f09-405f-a687-a6f8a38c435a,Pooja Ratta,FEMALE,Officer,1
3313b141-9688-4df9-826c-3e55aaadeb07,Eshana Ravel,FEMALE,Officer,1
33511263-c345-42d6-8ea0-daa8fd08545a,Prisha Mand,FEMALE,Doctor,1
b7d1d944-3543-43f6-abbf-8b36077d3894,Rayaan Golla,FEMALE,Fireman,1
28817e55-16f8-48b4-904f-407ae40c02d0,Yasti Sani,FEMALE,Volunteer,1
a0072476-0978-4909-b6aa-4cd2c8eb8ab3,Hredhaan Pingle,MALE,Doctor,1
78719553-87da-4da9-a27d-161376d11dcd,Netra Sabharwal,FEMALE,Volunteer,1
e91a664c-695a-4c62-887c-773214900a23,Sachi Bhandari,FEMALE,Fireman,1
e86d54bc-e048-4785-ba17-cd389ee50f4d,Akshay Babu,FEMALE,First Responder,1
9b1f3960-6d0d-463a-9eb8-2851c61760dc,Bhavini Babu,FEMALE,Doctor,1
a7fd1da2-483b-465c-a5be-f01799c3b56c,Forum Basu,FEMALE,Officer,1
6950143d-09e4-44a6-8e44-b354413b0ab2,Urmi Deshmukh,MALE,Fireman,1
e2218b80-9081-48d7-ade3-bc78c8368777,Harish Bose,FEMALE,First Responder,1
6db31ddb-e65f-4589-89c5-3672a8efa28f,Mugdha Puri,FEMALE,Volunteer,1
fec3c763-d9dd-4ae7-8d5a-33e8951cc656,Megha Shere,MALE,Officer,1
c24ee266-b4ce-42b8-a1dc-d2a9f64a5805,Atharv Narain,FEMALE,Volunteer,1
4089cdd3-9dff-4176-987b-345624c8713b,Elijah Kakar,MALE,Fireman,1
b897eee0-ab84-4c35-a8b1-1106c2cb03eb,Wakeeta Dass,FEMALE,Volunteer,1
99ed18ab-4c03-4dc6-9302-15450724bc68,Eesha Kari,FEMALE,First Responder,1
7949aa14-e015-4e38-8d89-5cf482e7bcb5,Kiaan Contractor,MALE,First Responder,1
c4e2fa16-b03e-4135-80ea-bf592d652483,Zaid Misra,FEMALE,Doctor,1
6a901c35-9238-4e87-91c5-0ff9860b1b57,Anamika Borra,MALE,Officer,1
01d5074b-8170-43d0-83ae-45e98b2bb1d0,Hemang Kaul,MALE,Fireman,1
c17b2ce2-e0ac-4344-bee0-6f85806bcb78,Jagrati Bhasin,MALE,Volunteer,1
9638df3a-b372-4809-89bb-ec9bb6ab8326,Balvan Batta,FEMALE,Doctor,1
07783ecc-454d-4a4a-9e07-4666a590979e,Samarth Kale,FEMALE,Doctor,1
b3ec324c-eb56-428a-b6b6-34787b58b06f,Ekansh Seth,FEMALE,Officer,1
04a7a928-9e68-4589-a276-eab4538b581a,Theodore Saha,FEMALE,Doctor,1
70f34389-0c8d-49ab-ae57-9973487b4912,Falan Chander,MALE,Fireman,1
71034d07-a666-4572-aab0-a99aeffe502e,Nandini Lanka,FEMALE,Officer,1
7409b00b-589b-4d23-ab87-134090568938,Banjeet Khare,FEMALE,Officer,1
0bcb78d4-9e3e-4505-b0ef-191294f4c290,Balhaar Chand,FEMALE,Volunteer,1
4536a509-6d3d-4697-98d8-1ae31bbc14bb,Baghyawati Doctor,MALE,Fireman,1
dcf53821-b9a2-493e-af37-7a852f7506ed,Saumya Batta,MALE,First Responder,1
f01f53ad-2d9a-4f6c-91c4-8e89823d8de4,Ria Solanki,MALE,Fireman,8
85d275b7-962b-441b-85bf-caf73de62581,Faqid Banik,MALE,Officer,8
2772aa06-e6ca-4c3c-a624-6cd9f99580c6,Darsh Joshi,MALE,Officer,8
2e864522-6f0c-4838-9cc4-6082ac5b60a4,Aahana Kala,MALE,Officer,8
daed1d36-12b2-4d50-a344-5e01db07b406,Anika Gole,MALE,First Responder,8
6e45d0e7-c2fb-4021-b70e-660dd17aae83,Widisha Kale,FEMALE,First Responder,8
ed4ab70b-fad9-4ccc-9a1c-015e8ae8e493,Janaki Ahuja,MALE,First Responder,8
a09d1a23-f840-4b81-8d36-123f7e52ee5e,Ethan Saran,MALE,First Responder,8
dd106a7d-1973-4f09-b268-71c170058152,Anthony Loke,FEMALE,Volunteer,8
456c80b9-fc80-4e36-83f6-e2fc0c4e8d9a,Ijaya Goyal,MALE,Volunteer,8
71895ee3-d208-4616-a857-3317c7b9377d,Kamala Kala,FEMALE,Volunteer,8
3e41ee51-7af1-47ad-ad7f-8889395608a5,Lajita Lall,MALE,Volunteer,8
7ed0ee15-0caf-4dc9-b2df-3bfa31c516b8,Tara Shan,MALE,Officer,8
e32a3d35-86e3-4e15-ab4e-7fb0992e5242,Caleb Golla,MALE,Doctor,8
ef3fbea4-06e7-44cd-a437-e28d5491b0d3,Chanakya Keer,FEMALE,Officer,8
5fb3239e-3d9d-4704-9a28-544a11ae0cd8,Harsh Trivedi,MALE,Officer,8
9aad93f2-9251-45d8-a7fe-919ca85949fd,Urvashi Guha,FEMALE,Fireman,8
00435731-fa3b-4794-9347-5b73de1d16dc,Madhavi Cheema,FEMALE,Volunteer,8
d5e63458-64a9-4098-befc-3af8a769f0cf,Ansh Mahajan,MALE,Volunteer,8
6317964d-a126-4d80-beab-6af0d517b42b,Pushti Kaur,MALE,Volunteer,8
b118c45e-8c10-4c69-80e8-2cd6ba7e9b63,Zarna Devan,FEMALE,Volunteer,8
3b4fc100-92a3-4c8e-9501-48a8529b741f,Prisha Talwar,FEMALE,Officer,8
00232827-4ad0-4c9e-a779-399a966cb201,Warinder Rao,MALE,First Responder,8
7175ed61-524e-4e39-8b23-b4df1b27bf7a,Ishaan Ray,FEMALE,Doctor,8
982dc884-2fe8-49f7-be81-52f3e42ba0c8,Xavier Pillay,FEMALE,First Responder,8
a992c8ec-2d71-4a08-83b0-a2104d57b9c5,Shivani Mammen,FEMALE,Doctor,8
4b108788-c265-45d8-a864-b9303162fe5f,Henry Madan,FEMALE,Doctor,8
4c092553-b399-4863-ac33-eea179e17ded,Matthew Karnik,MALE,Doctor,8
307dcd58-fc58-403b-9080-3d0fc9b7b872,Jyoti Sawhney,MALE,Fireman,8
b59ed1ff-38cd-4477-b6bd-0acb6cde21f0,Harsh Dyal,FEMALE,Fireman,8
8b04a6ca-cce3-442f-b9c0-c8ac044444fa,Yashodhara Dugar,MALE,First Responder,8
3c23de3c-b1a2-443e-a693-8362c2719e42,Guneet Bora,FEMALE,Fireman,8
7aba40a0-7134-4ee3-8acb-ce970109cef7,Devika Natt,FEMALE,First Responder,8
d7f8273a-2b23-4644-b6ed-e42d37f9ec64,Siya Nayar,MALE,Doctor,8
7b646314-7240-4ad9-9645-1f1211694ce8,Fitan Bhalla,MALE,Officer,8
1c7d511d-c748-4db5-8bb6-dabbf45b2793,Chaitanya Chaudhuri,MALE,First Responder,8
9bc27c3d-b83b-46d7-9e6f-2e7b33defb1e,Nitesh Pandya,MALE,First Responder,8
6e9d053e-e420-47c3-9c2f-5103258c40b5,Champak Rana,MALE,First Responder,8
2699ce8c-b017-4a09-baac-ee9215f48637,Vritti Halder,MALE,Doctor,8
33f29136-570d-4089-b673-84dd467f22bf,Anamika Savant,FEMALE,First Responder,8
a03ca284-1635-4525-9944-762b6517778e,Kashvi Ganguly,MALE,Doctor,8
4b7fb51f-88e3-4b48-a6b0-22d553ecab43,Deepa Chana,FEMALE,Doctor,8
a5501750-7e7d-4192-85a7-1015a745b75b,Ranveer Srinivas,MALE,Officer,8
91ebf256-f042-4824-ab63-71df84bec59f,Nirja Anne,FEMALE,First Responder,8
10911b03-40c4-43e0-a3bb-a1a365de8b5f,Maanav Dayal,FEMALE,Volunteer,8
cfa86d74-f4f7-423a-a074-33514dafe97c,Rajeshri Pal,FEMALE,Doctor,8
fe8ce44c-6767-4a49-a777-4667b4be8921,Diya Mane,MALE,Doctor,8
940be94d-d27b-487c-8d06-0327031f12b8,Arya Zacharia,MALE,Fireman,8
442a1726-c981-49b6-9b5a-dbbe9e9c09f3,Tristan Chaudhry,MALE,Doctor,8
6abad049-50f5-492d-8405-c4730d638855,Ekansh Shukla,FEMALE,Officer,8
3130183a-7b45-4511-be0e-d2a8f007c6a3,Guneet Rajan,FEMALE,Officer,8
2ae6b965-0619-4ccd-a7bd-a60f49be0ca9,Kashvi Date,MALE,Volunteer,8
ff6d20a5-938f-457d-b525-0083600591ed,Isaac Bassi,FEMALE,Officer,8
998e1627-100b-4ac6-b73f-ba601267cbb1,Janya Choudhry,FEMALE,Fireman,8
dea41fa4-e43f-44a5-abdc-efec7e18ae22,Ubika Sant,FEMALE,Officer,8
15421382-5649-49cf-9637-fec9a89b9917,Anvi Mutti,MALE,Volunteer,8
bac7681d-6b3e-4254-b591-bbe1fe99d64a,Ridhi Sastry,FEMALE,Officer,8
9e1aab1d-9e78-4472-bc15-466492292078,Triveni D’Alia,MALE,Doctor,8
d6efed71-9bec-46c3-9be4-4941cac46737,Rushil Narain,FEMALE,Officer,8
00a7034f-9380-4a32-a325-c7c0a8613bc0,Vinaya Dar,FEMALE,Doctor,8
e5cb8abb-b29e-40ac-af64-9147cd801091,Tripti Sachdev,FEMALE,Officer,8
6768ee9f-700f-491b-9b42-093708195580,Megha Goswami,FEMALE,Fireman,8
be8ebc86-2f68-429e-98e9-b6d30ed35811,Shivansh Dayal,FEMALE,First Responder,8
07087cfa-4171-4b15-a25a-63715d4f0cfe,Pushti Gokhale,FEMALE,Doctor,8
12d7d450-afa2-40bc-bac6-028a2362a9bf,Matthew Lad,FEMALE,Volunteer,8
2cfc5039-326e-4b2f-b280-3ba7a601d879,Ayaan Sawhney,FEMALE,Fireman,8
d7e45de3-a3d2-4fe7-b905-715edd7679f0,Peter Setty,MALE,Doctor,8
fe1580bc-b465-4f8a-b20e-6ad0af47cc01,Anthony Bassi,FEMALE,Doctor,8
c17bc419-0b86-4ad5-9613-30d3901f81a7,Ladli Jayaraman,FEMALE,Officer,8
cdc21991-bbad-4c31-b9f7-b6fe353dad5f,Girish Dayal,FEMALE,First Responder,8
9f974eb7-c436-4f6f-8c5e-aa1410706c7b,Maya Badal,FEMALE,Doctor,8
0e77f7c1-e800-40a7-9ce8-9d5e42169bea,Udant Kapur,MALE,Doctor,8
0ec15245-debe-4945-b752-4ed42e9722ee,Lohit Borah,MALE,Officer,8
c9d29dbf-e225-4142-b208-aa42d746059e,Ekaraj Sastry,FEMALE,First Responder,8
5684bdf5-0068-4154-9ff2-350a8c064e78,Upma Soni,MALE,Fireman,3
585e97fc-72c9-457f-920d-91fd7e6f2cca,Panini Nath,MALE,Fireman,3
3e32a43a-e899-4f43-b633-329df5e60173,Falak Bath,MALE,Volunteer,3
97b73f1d-f8e5-4359-9ae7-8507f9de4ff4,Ridhi Rajan,MALE,First Responder,3
ce3d61f7-977c-493e-8a12-ba88474c1041,Tarak Keer,FEMALE,Doctor,3
cd53064e-2bde-458a-8c6d-12fbbf5a5db6,Gautami Varughese,MALE,Doctor,3
db363751-f263-440e-a365-d13eeba31106,Abhiram Mammen,FEMALE,Officer,3
416e3216-484f-441f-8524-247d4d6dca9e,Chaman Desai,FEMALE,Officer,3
85994b3a-b6d1-4842-8ed3-f2dfc44d8eeb,Vasatika Raj,FEMALE,Officer,3
b94fbc70-24db-433b-ba27-0bd8744ac57d,Manya Wagle,MALE,First Responder,3
f9491fdf-19f7-4dd6-8f85-be5f982072e6,Geetika Badami,FEMALE,Officer,3
90256721-70d7-498e-8a74-1527255f8c0c,Lopa Contractor,MALE,Volunteer,3
b3d1154a-c52c-413b-8e7a-0628aa552455,Aarini Walia,FEMALE,Fireman,3
8d25d9c4-24a7-4187-a198-eb2948782238,George Sangha,MALE,Fireman,3
b704ad26-9fb1-418a-9486-d25cbb74e250,Fariq Lanka,MALE,Officer,3
f6e6cc7d-5836-4873-8ba1-dd04f8676728,Mohini Bera,MALE,First Responder,3
75159ec2-566f-4c4b-a3f9-3a25c0a8be14,Nidra Sinha,MALE,Doctor,3
ec845a1b-722c-4897-b8ee-d1821f163b82,Ekaja Balakrishnan,MALE,Volunteer,3
7ddcb420-d585-4a9a-8e5a-6c8f670d6198,Baghyawati Edwin,MALE,Officer,3
cfe05d37-b487-47ac-9caf-87120e518622,Lopa Pingle,MALE,Fireman,3
ccd3addc-78ac-4d70-806c-12357ee87b55,Qushi Nigam,MALE,Doctor,3
a8996d3c-c5a2-410d-80db-b2db5ff74c2b,Veer Andra,MALE,First Responder,3
32e61bad-d9ee-49b8-9da0-f51f5b2dd9c3,Baghyawati Dhaliwal,MALE,Volunteer,3
c4127162-171a-4a7e-8285-26c3e495267a,Chaitaly Bhagat,FEMALE,Officer,3
d385b250-d9d9-41e2-b59f-90de9ce5c717,Lakshmi Kala,MALE,Fireman,3
85808b04-3841-4eec-9f6c-f9b04c715ef2,Girik Batta,FEMALE,Doctor,3
2e33d738-d7a7-41b5-86bc-b18ec02fbb40,Maanav Muni,FEMALE,Doctor,3
6c4ce2d4-caa1-461e-a04f-88e9e4fca358,Samesh Som,FEMALE,First Responder,3
166a7f0a-4d35-485c-ada4-f3f33bcd203c,Yamini Narayan,MALE,Doctor,3
a0243925-4285-42ca-9fe9-fe0f4b86bf4e,Charita Gour,MALE,Officer,3
8796c5e0-8412-4b73-a370-fbd81f6a3c46,Vedhika Agate,FEMALE,First Responder,3
3a27f5c2-9c46-427d-a829-95a5955b1e24,Mohini Jha,MALE,Volunteer,3
418ba22f-8153-45a9-ad9a-9257be9001bb,Keya Bhargava,FEMALE,Doctor,3
9574702a-e11e-4454-8949-a72d8fa1237d,Meghana Dalal,MALE,Doctor,3
c5f934a6-ec2e-4839-a0d5-56eb0e5e4ff3,Utkarsh Solanki,FEMALE,Volunteer,3
ee214b06-3b42-4a07-af1d-a40622347cd3,Parth Keer,MALE,Volunteer,3
2a7d057f-848c-455c-9546-936ae20dde53,Wishi Sanghvi,MALE,Officer,3
d7838f11-749b-4a41-a11c-99053e595a27,Imaran Dubey,MALE,Fireman,3
3c57b988-f75f-4f17-8f6d-4f756cb6d314,Qasim Borde,FEMALE,Volunteer,3
d69cf758-b26c-426d-ae81-61f1089058ce,Varsha Dugal,MALE,Doctor,3
449aee2e-f373-40c5-b685-9ca9e38b6768,Girik Tara,FEMALE,Doctor,3
ad02c741-682b-44d1-bcd3-63204f5213b9,Azad Loyal,FEMALE,Fireman,3
a848ff41-0a62-4dfa-a485-ace5ae309f25,Chatura Narayan,MALE,Doctor,3
d3330c98-9bf7-4f12-bc3d-32fd1659fd7f,Reyansh Brahmbhatt,MALE,Doctor,3
38b1ed32-9b9d-4780-8a8a-56cda3571e5a,Ati Lanka,MALE,Doctor,3
6d79b2d4-99e4-41bc-ab50-78c224aa3dbb,Jyoti Bhatnagar,MALE,Volunteer,3
9cf6e499-1b9c-4f11-9280-5120bfc3dcd9,Janani Sarma,MALE,Volunteer,3
56602163-2c8b-4aa6-844e-5775177d7d1d,Aryan Shukla,MALE,First Responder,3
8c7510df-0784-4bd4-a345-6412b1d0b224,Alka Madan,FEMALE,First Responder,3
455ebf54-3017-4d2c-9fab-472215d640dc,Warhi Raju,FEMALE,First Responder,3
61f39a67-d0db-42f7-8b57-36904bfe834d,Vidhi Deol,MALE,Doctor,3
fafcfa3d-0de8-417e-a82b-74a1b447f7b9,Gopal Radhakrishnan,MALE,Volunteer,3
93b0e830-2c37-4a5d-aa47-62cef4bf25be,Eesha Parsa,MALE,Officer,3
3f175d49-354c-4acd-9071-68e6646dafba,Rushil Chakrabarti,FEMALE,Volunteer,3
1eb29837-bb60-4d55-b2e3-291736c163ec,Yagnesh Reddy,FEMALE,Officer,3
df7bd2cc-e0fe-4834-9719-36bce653efe6,Rachit Bajwa,FEMALE,Officer,3
1713a011-141e-4919-b445-4ca1b1c20c70,Alexander Verma,FEMALE,Fireman,3
771d5506-c07d-468f-9498-8b75e25fb128,Yasti Randhawa,MALE,Fireman,3
b01ba8f7-a40a-43b5-b941-56f5237cc3e1,Kala Kant,MALE,Officer,3
f6edbaa2-dcf6-4d53-bb13-7132bdee78f3,Samaksh Kannan,MALE,Doctor,3
29247e43-9891-484f-88e7-53517a91462f,Yatan Sodhi,FEMALE,Fireman,3
d75a7ab0-9a39-4bbd-b8c1-694dd42e3947,Rudra Chaudry,MALE,Fireman,3
5e8ef797-91cc-4c23-afad-a45dc3dd714c,Sarthak Krishna,FEMALE,Doctor,3
f19cf45d-c3e7-4904-8391-dbff5f10aa68,Reva Mody,MALE,Officer,3
8044098e-a524-4f46-9d4a-92c2b7588268,Qadim Kunda,MALE,Volunteer,3
84b3abc6-ad20-48a7-a733-c4d5ab8ab9d4,Alexander Nanda,MALE,Officer,3
411bd6e2-fa9f-41a1-a90c-67b7badcae6d,Wyatt Zacharia,FEMALE,First Responder,3
020c8a49-22e5-4c21-985d-aaa9f328466f,Shravya Trivedi,MALE,Volunteer,3
fdb227d2-ed8f-42aa-86f6-f808aeef1a4c,Faris Swaminathan,FEMALE,Doctor,3
0e541dac-c288-4cb2-bb0f-f7a4dd1d257e,Nathaniel Basak,MALE,Fireman,3
7399056b-ff6c-41ea-bce2-701d4d965719,Urvashi Kara,MALE,Volunteer,3
90d9aa3c-7e54-4bfb-b7ec-2a36be553d7c,Shivani Patil,MALE,Fireman,3
46b7504e-5968-4af1-be50-373b9de5b1c0,Omaja Deshmukh,FEMALE,Officer,14
68e42bc2-1cc4-4311-97b3-6ae27dcbe30a,Akshay Kothari,FEMALE,Doctor,14
dc56bda8-0d0b-45c8-ba51-43bb2989366a,Yatan De,MALE,Doctor,14
3b7e168e-3e94-44cc-9275-3c0238625306,William Tata,FEMALE,Fireman,14
fba168fe-9805-4dba-a5be-e81471b342cd,Ayaan Grewal,MALE,Fireman,14
4a87e3f5-6ebb-48f9-8e86-5d167418116a,Raghav Mishra,FEMALE,Volunteer,14
f72237d9-1c3b-4efa-a405-74efd500acc4,Chakradhar Narasimhan,FEMALE,Doctor,14
61135659-4dba-4038-b541-f936b364ab6b,Aarna Dara,MALE,Doctor,14
d99a054d-d41d-41e6-ad7b-cc67b792e81e,Samarth Ben,MALE,Volunteer,14
47fb9a58-2938-46ab-9c02-1cc57c3e9bdc,Aarna Kapur,FEMALE,Volunteer,14
86b76b79-dc0a-4c1e-aa29-cda193053dc9,Mitesh Dani,MALE,Officer,14
1b43cf94-c7ae-43ab-90f6-d61f0f8492e7,Wakeeta Sane,MALE,Doctor,14
73bd2815-c08e-4dc2-9bcd-82d655fe847c,Radhika Wagle,MALE,First Responder,14
cf44bd48-499c-4e08-8e0a-f15f1cf11ee1,Balveer Padmanabhan,MALE,Doctor,14
840ca06b-3600-4ac8-90a9-aad9f390460d,Leena Warrior,FEMALE,First Responder,14
a6ec18f9-7f41-427d-be32-877befb24190,Sanya Khalsa,MALE,Doctor,14
faba9664-3e4f-433a-972e-240dfd14ffe0,Isaiah Varty,FEMALE,Doctor,14
0a12733b-acdc-4cd1-87e8-c0ec8773a3f9,Aashi Hayer,FEMALE,First Responder,14
9450a483-506a-4d6a-8053-9c3c7dd3ee54,Zashil Sura,FEMALE,Officer,14
f4132d2b-7245-43a5-85d4-f15e208e2d9c,Ikbal Ganguly,MALE,Volunteer,14
136a1474-54b6-4e55-a975-c7546ed0e9d4,Bakhshi Choudhury,MALE,Fireman,14
b0062125-086b-43e5-b116-df2166a84fd8,Dayamai Roy,FEMALE,Officer,14
941ddc96-8a61-42c2-b5c3-b492d7eecf91,Guneet Palla,FEMALE,Volunteer,14
42a4208b-6c83-4e95-85d5-effb25fa0ffe,Nidhi Manda,MALE,Officer,14
8d6e81a2-0186-4f9d-9796-7f3642e26bd0,Zansi Pandit,MALE,Doctor,14
d9ce4633-f17b-40a8-b1f3-6b49984874e4,Faqid Menon,MALE,First Responder,14
38d69432-c6c6-4905-8308-8f045b7c7caf,Nicholas Yogi,MALE,First Responder,14
a87371ce-8ceb-4428-869f-33003e809607,Anika Jhaveri,FEMALE,First Responder,14
4e1e7e13-0911-428f-8fe3-1391a3ddff8a,Samar Ramesh,FEMALE,Doctor,14
6c1a9c0c-9ab3-48f5-8bfe-f56577ae9f77,Omya Puri,MALE,Officer,14
9ecacb77-7d51-42fa-831b-73bd65cfc169,Amrita Sanghvi,MALE,Officer,14
3b95e34f-2ca5-49d5-a2be-d90136c45c69,Lopa Raval,MALE,Fireman,14
bbedf25c-4de5-4ed3-91e6-e715ad0e8fcb,Timothy Om,FEMALE,First Responder,9
9bc7c20b-6646-41d8-9665-1cf71fb4937c,Ishita Char,FEMALE,Volunteer,9
86e2ff14-e261-4e81-a1d8-c6d040dbf3e9,Niharika Sur,FEMALE,First Responder,9
249cacc9-2250-461d-811f-d1a500dcecf7,Dhruv Guha,MALE,Officer,9
1dd9c089-bd9f-4b4f-9e27-24585cf07b2b,Baghyawati Reddy,MALE,Officer,9
beeaecc5-e184-4698-9ef7-933547b9a515,Jasmit Shroff,MALE,Fireman,9
d8a52920-f642-47af-ba01-b61f82095234,Aahana Dugar,FEMALE,Officer,9
5cc606ac-9a08-4bf3-b5db-dab75032b4e1,Gopal Comar,MALE,Officer,9
984e1c1c-d925-46fe-a6ff-d898ec037d80,Aarna Thaker,MALE,Doctor,9
f688439f-cae7-4aea-8e17-4ddfea81ce97,Devika Lata,FEMALE,Doctor,9
10af5480-41af-4b0f-addb-846b8904aed9,Wishi Singh,MALE,First Responder,9
ef2d1991-e265-4205-9f70-6e34ec063c92,Abeer Mallick,FEMALE,Volunteer,9
d5f506ec-a693-489d-90d8-ee9d3617ac5d,Hemani Dewan,FEMALE,First Responder,9
c6368cdb-960e-41dc-b8b4-875bc58ac8b8,Saksham Bora,FEMALE,Volunteer,9
330b501c-9e6f-42ec-9ae5-3f60dc4d0f41,Harita Behl,MALE,Volunteer,9
fea9760e-9cbc-441e-affa-d444924d3a57,Anjali Seshadri,FEMALE,Fireman,9
2b9d51a1-7fc8-4dc7-902d-ac60e3f118f5,Chakradev Cheema,MALE,Doctor,9
5a81f714-3109-4cbb-bad5-05fb8b23a6cb,Kevin De,FEMALE,Volunteer,9
89cd1d86-732d-49e3-b184-b068d1b40c72,Chandani Chander,FEMALE,Fireman,9
94585687-f635-4383-bd7c-80c5cdb7efbc,Finn Mahajan,MALE,First Responder,9
4192678d-fd44-4b0c-b567-0a9be824cb18,Gagan Dara,MALE,Officer,9
4772f13d-9d53-407e-9308-f84849e35bcf,Chaaya Mand,MALE,Officer,9
23957e3b-4716-4d2f-ab11-5168257d159a,Rachita Bains,FEMALE,Officer,9
3655b8aa-ebc2-4f6e-af1c-2a2d9f3fa637,Bina Bose,MALE,Volunteer,9
cf8a17d8-732a-4bfe-9df7-130f7912d365,Jai Ahluwalia,MALE,Doctor,9
59ee47fb-e397-4337-b870-eea11c1e827d,Qadim Rastogi,FEMALE,First Responder,9
8df9d6a6-993c-4bef-9514-9f978b0222cc,Karan Goswami,MALE,First Responder,9
f65bffc1-aba3-4156-b154-72b4feee7009,Vedant Mitra,MALE,Doctor,9
40a3137d-0fc7-413f-9890-b68ec5b27bff,Bachittar Mukherjee,MALE,Doctor,1
d99148af-d39e-4e37-8721-f37348ee7633,Yamini Mistry,FEMALE,Doctor,1
02463cce-f214-415a-a414-d88f38c33b42,Chakradhar Dada,FEMALE,Volunteer,1
a3d597cc-03e1-4928-8c3e-7d0ce26169b3,Girish Nanda,MALE,Doctor,1
2a016eff-2847-4308-9a5b-1dcad3dda230,Janaki Karnik,MALE,Doctor,1
51b50ca1-5a38-4e4c-bbd9-21516552c418,Bishakha Mannan,FEMALE,Volunteer,1
d83f81b2-b3dd-467a-baad-8cd6245d6786,Fitan Comar,FEMALE,Officer,1
5769418e-49f2-4fe4-8a3d-2a2d33da3bf7,Chatura Bora,MALE,Doctor,1
4f69abec-65cf-4d06-98f2-73e19ee92086,Dipta Mangal,FEMALE,Fireman,1
1b4a3557-986a-45c7-8efa-b7f3ba11842c,Arin Bora,FEMALE,Doctor,1
d762e11b-d732-4d41-9e6f-771fa5dad46f,Bahadurjit Misra,MALE,Volunteer,1
01f57cc1-a300-4cc5-961a-e31ee033c9a1,Gabriel Bhandari,MALE,Doctor,1
eda31f91-a4bc-4bfc-8248-b978b4fb95fe,Zehaan Ramesh,MALE,Volunteer,1
750ace52-f5f5-41c1-a60e-08270cfdf7cf,Urvashi Jani,FEMALE,Officer,1
b9d331c3-ffb5-4f47-b259-e0744870e50d,Aradhana Brar,FEMALE,Officer,1
a7204f91-1530-4176-9259-652ed4412b8c,Naksh Kari,FEMALE,Officer,1
cc35e95a-285c-452a-ab3a-6d96eb842a97,Alexander Saxena,FEMALE,Officer,1
b1b2497a-49fa-4cb1-b9d6-6e361a330fd6,Zaitra Buch,FEMALE,First Responder,1
5aca5325-a39d-4a11-8518-d894d4691599,Oeshi Talwar,MALE,Doctor,1
acf5372b-c64d-483b-82e0-80ee67d9e549,Pushti Mitra,FEMALE,Fireman,1
81d059e1-c96b-47ff-ad6c-716b10dbca13,Dayamai Tiwari,FEMALE,Officer,1
2792f01d-a678-4b2f-b374-9857e43adfb2,Rachana Vasa,MALE,Doctor,1
4908fd7b-a12b-4d34-b538-eb82418b14f8,Aarini Barad,FEMALE,Volunteer,1
7f4dd3aa-fc31-4a59-8992-f09278c086c0,Indrajit Sane,MALE,Officer,1
e879d9f2-cbe6-41fd-a309-3e767457767a,Nathaniel Sinha,MALE,Officer,1
16c1999a-4283-4651-8e75-3cf4a4a77c1f,Unni Bhasin,FEMALE,First Responder,1
af7237a8-66ea-41d9-a157-3a01a8f616c7,Charles Vala,FEMALE,Officer,1
e5b2acf7-b4d4-4c86-a044-8ded752acd40,Udant Deshmukh,FEMALE,Doctor,1
ab79dd3c-25a8-42fe-aa9c-dfbc7040e0e3,Lajita Dube,FEMALE,Doctor,1
9ac577e6-a552-4611-9749-67e00eb5cbd9,Naksh Rajagopal,FEMALE,Officer,1
099eb968-d831-4095-9431-3fe817c2e25b,Leena Varkey,MALE,Doctor,1
ed079fab-8ecc-4589-9c65-b045ab2ff525,Samuel Gandhi,MALE,Fireman,1
73f70b8d-b112-4a95-a5c2-0d3d415e2d7e,Abdul Mander,MALE,First Responder,1
e00f05b8-de0f-49b7-863a-72e839bc8be5,Robert Nagy,MALE,First Responder,1
0e1187a1-8ab8-4637-9693-3d4f44e78ea7,Peter Ramakrishnan,MALE,Fireman,1
edfc4362-e77c-4939-8dfa-eae9d571b676,Chakradev Baria,FEMALE,Officer,1
c6698184-3441-4dbf-8b94-067709f77eb3,Sudiksha Naidu,FEMALE,Fireman,1
21ab3950-78b1-4db7-b8ba-07175bbad558,Dominic Wali,FEMALE,Volunteer,1
88b62e5e-3219-47f0-852e-1607e2129568,Udant Desai,MALE,Fireman,1
cf92e253-98f8-4664-a7aa-a304bd018404,Advik Majumdar,MALE,Doctor,1
1229e455-d686-4da4-b439-39ad53c1a293,Anika Ganguly,MALE,Officer,1
de67ed6e-7d31-42ac-b46f-eba1046ba4b0,Dhruv Narang,MALE,First Responder,1
bde27aaf-8ea4-4d03-9543-05e677ef4232,Qarin Madan,MALE,Fireman,1
e13f3484-e2cd-40fb-a6d2-c97aae285a6b,Zaid Biswas,MALE,First Responder,1
7ae923bc-f227-4ad5-90d4-1dc5dd71b3a7,Shivansh Mallick,MALE,Doctor,1
6e30cf15-614f-4367-8cc3-3162c6321e68,Falan Mitra,FEMALE,Officer,1
fa6bcc8f-f0df-4bd4-a1ea-8892e2245485,Baljiwan Chakrabarti,FEMALE,Doctor,1
770c59d1-7789-415e-be79-d9a6118c98b8,Bakhshi Dutta,MALE,Officer,1
85c12844-9db6-4075-8429-9b0ba75fdbfc,Unnati Behl,MALE,Volunteer,1
3e76dfb8-cd2a-46df-a111-1db4254677f9,Laban Amble,FEMALE,Volunteer,1
031d7d1a-794a-49cb-9db3-3485604d80a2,Balhaar Babu,MALE,First Responder,1
3fbc5b4c-bbd4-4e9d-9312-edbf611e5ca0,Anusha Sangha,MALE,Officer,1
d5651b54-3556-4f77-98c2-a9bf56c17881,Wahab Raj,MALE,Doctor,1
b3bf6fa9-1a35-4184-ba0e-8862944222b1,Reyansh Kibe,MALE,First Responder,1
b8a3cef7-5052-48c6-977a-b34e5e98bc4e,Parth Roy,FEMALE,Fireman,1
dc97dfbe-b20f-4c3d-ae03-60c3605c107c,Isha Mutti,MALE,Doctor,1
122a6836-7d10-4bd9-a741-3775e44aa343,Lucky Chauhan,FEMALE,Officer,1
36428cea-53b3-4d3c-b289-58154311fd0f,Anita Kaul,MALE,Doctor,1
bcfd8ebc-c3cf-4103-8af9-be4f9f482901,Chavvi Swaminathan,MALE,First Responder,1
6a88237b-7d72-41af-a858-8f63091b13c9,Tanvi Mangat,FEMALE,Volunteer,1
b78d9610-5457-478c-bea1-60676589dadb,Anika Taneja,FEMALE,Officer,1
42117cd8-f9e2-4418-9ffd-b1ebd5907edc,Inaya Shanker,MALE,Fireman,1
58c7d72e-e511-49d0-bfa1-df66971f35c9,Jyoti Narayanan,FEMALE,Officer,1
e40fab1b-13a6-43dc-8637-bf2c421902d6,Bimala Soni,FEMALE,Officer,1
b5568813-50b4-4514-9537-1525e736ef80,Omkaar Bhattacharyya,MALE,Volunteer,1
b28627a6-864c-4e18-b2e4-1b03aff00879,Anvi Mody,FEMALE,Doctor,1
be81a7bc-bb29-41ec-b1e1-4fab897cbd98,Imaran Patla,MALE,Volunteer,1
f1673c4a-b0d1-4f7e-b2a5-58bb782cfd47,Indali Ravel,FEMALE,First Responder,1
2dcecaa0-64fa-477d-9d1b-34acbda12aa2,Chameli Bhardwaj,MALE,First Responder,1
e01a1cc1-c959-4a6b-b731-ff876116ce0c,Utkarsh Koshy,FEMALE,Officer,1
36d3076b-b837-445a-a0c2-fe4e767d5cef,Amruta Thakkar,FEMALE,Fireman,1
0135e401-125b-400c-9cd0-c14004e4c146,Vihaan Edwin,MALE,Volunteer,1
ee5a01d8-59a9-4aeb-bbe0-82fdde4f977e,Adweta Pall,MALE,Volunteer,1
a4db8401-84f3-4bf6-8d30-280b02ecfd12,Nidhi Wagle,FEMALE,Doctor,1
fe679915-c041-4921-8fe8-d86e352af826,Sneha Das,MALE,Doctor,1
4d533a6a-26bb-43f8-87da-a1313064ee54,Lajita Pillai,MALE,First Responder,1
ecfc57e5-50f3-482b-b720-f78da09fb6fe,Kalpit Vaidya,MALE,First Responder,1
c5baaad4-0165-4cc2-a965-cbbb52f3612c,Azaan Misra,MALE,Officer,1
b79b20cb-f9bd-47bd-9348-d67db37967e8,Ridhi Nanda,FEMALE,Volunteer,1
0c3a9e7f-54a7-4d21-a2b6-69dbfba7d668,Harinakshi Gara,MALE,First Responder,1
d171bca2-45ed-42b1-a7b8-618fc98bbe73,Kabir Naik,FEMALE,Volunteer,1
35b306d5-7e75-46a1-923b-54d4e10bf077,Yatan Bora,FEMALE,Doctor,1
e66b75d1-9d12-46f2-829f-2192cb0f8262,Tanvi Sahota,MALE,Doctor,1
147e3370-21a0-4072-a579-ed3c96c08868,Abhimanyu Gulati,MALE,Volunteer,1
7a1849d2-625e-4d2c-a66a-00e2cb2c5ae3,Guneet Sami,FEMALE,First Responder,1
48c0fc84-b360-44b9-ae38-a9750d023e58,Ishita Pal,FEMALE,Fireman,1
30f24964-f2a4-4db5-9405-238878b1caff,Sara Nagi,MALE,Fireman,1
3768e5fd-8bc2-46c5-8c94-2655267e6a87,Karan Wali,FEMALE,First Responder,1
288feda6-7987-4334-aa26-f533285a53ed,Vasana Chander,MALE,Fireman,1
6fcf70ba-a652-441a-b7ff-87805ac8aaf3,Madhav Hayer,FEMALE,Volunteer,1
61d97fca-433f-4a11-9518-3178ba7fee60,Umang Biswas,MALE,Fireman,1
0307eab0-6e9c-4de8-8e4e-791c1960e69c,Lopa Chauhan,FEMALE,Fireman,1
c8284aab-1ce9-4eab-ba49-92a9ea691b02,Sanaya Wagle,FEMALE,First Responder,1
62f19483-4a2c-4532-aa9e-ac6cec9236d1,Avni Solanki,MALE,First Responder,1
77eb75d5-980c-4d7f-93ed-8f4c6c0d9198,Naveen Gola,FEMALE,First Responder,1
f406b0c2-935b-4cc7-8e84-fbf585b7245e,Nilima Saini,FEMALE,Doctor,1
9746252e-0a36-4cb0-a27f-344ca15638a2,Zehaan Sundaram,FEMALE,Doctor,1
d31cc1f4-6a77-4e75-92c7-842db22db453,Radhika Gulati,MALE,Officer,1
ef0245f9-6a72-4227-9194-899a5950ca6f,Rehaan Rege,FEMALE,Doctor,1
e6234848-0d35-413f-b479-8caf0efa7cd2,Dayamai Ray,FEMALE,Fireman,1
f782c1a0-44f3-4deb-a829-08256933c3f5,Hemal Cherian,MALE,First Responder,1
65f7adc9-d118-46b8-8e8b-9a2f34b36e19,Sara Andra,MALE,Fireman,1
accab879-eb30-4959-9c45-81492ba71f3b,Chanakya Gupta,MALE,First Responder,1
29a6254d-203a-47ef-8ece-8728b953d0e7,Yauvani Ahluwalia,FEMALE,Officer,1
e24b1360-7cc3-45db-b03a-cdf297c614d8,Kritika Korpal,MALE,Doctor,1
d4f2c238-50d7-4dfa-b259-c860c32851d8,Vivaan Krishnan,MALE,Officer,1
65f2f172-52e1-4332-a40e-9ebfcc8538af,Caleb Lanka,MALE,First Responder,1
695ff9af-d29f-46fa-b47a-4cb45d3a941e,Neel Bhatia,FEMALE,Volunteer,1
6e3adf22-1afd-4799-b51b-31247adf0a24,Oliver Sarraf,MALE,Volunteer,1
9b071027-7309-4f7f-bd7d-d75e4ecf1c5d,Turvi Misra,MALE,First Responder,1
5008092b-4846-4620-910a-320f27580b3b,Ekta Buch,FEMALE,Officer,1
d18ce523-0ba2-446c-a200-6aaacecdad66,Ikshita Reddy,FEMALE,First Responder,2
f32e2a70-2724-489a-bb01-09717b726b0a,Chameli Pillay,FEMALE,First Responder,2
ee8997d0-1043-41ce-8f46-12b474202d1e,Adweta Loyal,MALE,Doctor,2
ac08a653-8797-47e4-924b-79bbe2265477,Vansha Prasad,FEMALE,Officer,2
ca80db84-6afd-4715-a8fd-b4bb09b2a8b5,Rachit Bassi,MALE,Volunteer,2
b38acce1-912f-441d-a7d5-e0453397462b,Leena Nayar,FEMALE,Fireman,2
961366d7-1b2f-40ae-8933-ba5544374080,Falguni Kata,MALE,Doctor,2
cdbadc48-4ae5-42a3-94d4-86fe6bc7fee4,Siya Krishnan,FEMALE,First Responder,2
bd79e3d8-e90e-49bc-bbea-717a02cfd1aa,Vasatika Kalita,MALE,Volunteer,2
5e26f120-89e6-40fd-91f8-5e34143ccf35,Chaman Bajaj,FEMALE,Officer,2
68670424-14b4-441f-836b-9f8c68e57709,Mekhala Nath,FEMALE,Fireman,2
863b1595-9954-405b-b704-91398baa4543,Advika Kalla,MALE,Doctor,2
810cf584-fec9-4f57-9949-a4ea2ecf1b0d,Anusha Bala,FEMALE,Doctor,2
0656a924-952f-4c93-9bc6-592a86be08ce,Unni Chawla,FEMALE,Volunteer,2
e3abb5ab-e94a-431a-9a2c-bb6335c3d549,Ishaan Ravel,FEMALE,Volunteer,2
c1a5679e-4db1-4023-b5fd-b39a7d88beae,Mitesh Mody,FEMALE,Doctor,2
1be53a55-7f24-4609-b91a-35252b54fdb1,Bhavini Vyas,FEMALE,Volunteer,2
60081418-7d73-48b0-b1e2-7f07c0635685,Chandani Chhabra,FEMALE,Doctor,2
e0b9e17b-27b9-4c2a-93f0-931fb8f878d2,Urvashi Saini,FEMALE,Volunteer,2
860747c7-a598-4fa2-a50b-cc0dbf63ac12,Warinder Chandra,MALE,Fireman,2
82f46779-be01-44dc-bd45-0df55c2dbb68,Tanmayi Bhavsar,FEMALE,Fireman,2
20d4f890-614e-4aa5-8796-fcef29edee1c,Rajeshri Palan,FEMALE,Fireman,2
14bf0304-e82e-48c7-91f2-3af14a55652b,Ishaan Mutti,FEMALE,Fireman,2
fd6e4537-a3a4-47d6-9a4b-a495bc007225,Ekaja Nagi,FEMALE,Doctor,2
fa1475fd-196d-4899-ad3a-b045c7006315,Bhavna Singhal,FEMALE,Doctor,2
86b8852e-7dd5-484c-8184-f1a4d5c5146d,Hemal Contractor,MALE,Volunteer,2
1d1d562d-aa48-4ae7-a682-b31c69e33acc,Pooja Dave,FEMALE,Doctor,2
bfb09765-0f9f-4717-9ce3-79703a27c018,Shaurya Majumdar,FEMALE,Fireman,2
b786ddb8-3339-418c-aa82-9386e32dc49a,Dakshesh Modi,MALE,Doctor,2
8d893957-6278-4a2d-81aa-f4ca76b176e6,Eiravati Sachdev,MALE,First Responder,2
5ce90e38-d3f3-40e2-acee-c8267f5cbd0d,Zilmil Dash,MALE,Volunteer,2
d713e74a-cb29-405a-ba8c-fcb1e8a6aa3b,Adweta Sane,MALE,Doctor,2
bf6b7cdd-15da-451d-977b-fe3de3e842dc,Tamanna Nagarajan,FEMALE,Fireman,2
2c1ce9a6-44ca-41f9-90f1-bb471b8198bf,Netra Sarin,MALE,Doctor,2
f980329b-4efe-48b8-9f64-fc5b873d644c,Urmi Nagar,MALE,Fireman,2
b092d8f0-f464-4d1d-8094-467a47e5c989,Jagdish Lal,MALE,First Responder,2
6b6216f2-0519-4968-9773-197b9302b324,Neha Hegde,MALE,Officer,2
21773f55-459f-46c8-9a54-e42870684550,Manya Joshi,FEMALE,First Responder,2
33523d48-8cfd-430c-ae3b-007ad29d312d,Keya Loke,MALE,First Responder,2
93154048-8dfd-41f2-9f5f-802a3470bd5c,Damini Rau,FEMALE,Officer,2
1322a915-a317-4cb4-ab26-770312fddbf5,Kashvi D’Alia,FEMALE,Fireman,2
3404c8f6-52e1-4d2f-9e34-a341ff58df43,Keya Sarma,FEMALE,Fireman,2
494cc047-e25e-40f8-86c6-68d35549167c,Ojasvi Subramaniam,MALE,Volunteer,2
6b3121f0-0a97-4d7f-9ce0-1e70248c9eb1,Gunbir Walia,FEMALE,Fireman,2
68421007-1315-4fe0-aace-ee00b2780c86,Aarini Sandal,MALE,Fireman,2
3b113486-f8d2-4a2e-8d6d-355499e825b9,Aadi Johal,FEMALE,First Responder,2
28e80100-e51d-4e8d-95bb-294d4f5e9702,Siya Rege,FEMALE,Officer,2
410318f2-5446-44e3-b421-90031b09911e,Luke Solanki,FEMALE,Doctor,2
3fdd9f08-c30a-433b-ac06-db0ac76150c5,Lavanya Kamdar,FEMALE,Fireman,2
7de2caa0-7e8d-4335-a66c-743195263aaf,Finn Sibal,FEMALE,First Responder,2
752979ec-9738-48e4-ac2f-821b0599f16c,Viraj Suri,MALE,Fireman,2
a415e88b-ed66-49a8-96ce-dfb3693e19ca,Jackson Srivastava,MALE,Officer,2
b2265523-d969-486a-b4ba-7fad41213d70,Faqid Wali,MALE,Doctor,2
8dbc796f-2aab-4f86-9dbd-a37da5b30a3e,Timothy Kaul,MALE,Officer,2
c80fd1b6-74b4-4f49-8de4-7c9afe755dad,Samaksh Jayaraman,MALE,First Responder,2
8bf24093-202b-4a53-806c-5cfeb492fedb,Lekha Naik,MALE,Volunteer,2
d642af7b-c227-4017-9aa2-ce55a43da142,Zaid Handa,FEMALE,Officer,2
dcdf7d33-9f0e-4909-b0cc-997da4e45e5e,Faqid Sha,MALE,Officer,2
8058dcc5-a68b-49a4-8360-78a3ab35778b,Udyati Ganesh,FEMALE,Officer,2
c5f5f487-f33b-4332-8d12-4773c476f5b4,Vrishti Chand,FEMALE,Fireman,2
350d9b60-a73e-4e82-97b1-a5b32d07e14b,Sara Bhakta,MALE,Fireman,2
880b995f-4528-459b-886e-a5c14a8e86e1,Lakshit Choudhry,MALE,Volunteer,2
72b329ed-d5f3-40a3-af7f-944f6cc67f0b,Bahadurjit Mall,MALE,Officer,2
0e1d624e-7c5d-4a3a-8067-1e4af36d132d,Odika Karpe,FEMALE,Officer,2
35bb974c-f66a-4f97-aaf7-7b88c87a6529,Chanakya Bains,MALE,Volunteer,2
14866787-ae1c-4496-9df8-488f3614be0d,Gopal Comar,MALE,First Responder,2
c1e90984-35df-4cab-8682-2dd859e802dc,Imaran Anne,FEMALE,Volunteer,2
07fc1871-9d85-4d39-817b-56b4f26e708a,Dhruv Dutta,MALE,Volunteer,2
6ccd1e10-9457-4149-bc9c-7951f1d3d3f6,Ria Mahal,MALE,Volunteer,2
36e64c90-ad3c-40aa-8a14-bfa6d22650ec,Qabil Mammen,MALE,Officer,2
b838aefe-d875-42fe-9bed-35e9d22d5cd6,Aayush Bir,MALE,Volunteer,2
0d9d8438-a846-428d-a56a-e3bdccad4990,Caleb Char,FEMALE,Fireman,2
450567e0-66f9-4bd9-a3f2-66c5225c3736,Meghana Kurian,FEMALE,Fireman,2
8cf37605-87b6-4ea0-8b14-78ef3a1d8bf4,Viraj Brahmbhatt,MALE,Officer,2
d66d4d61-c4d1-4f20-8fcc-5f47bcfe0cbc,Bhavya Sood,FEMALE,First Responder,2
5767dd20-2949-4993-8d07-bcde6f29e0e2,Urishilla Mann,FEMALE,Fireman,2
36cd6c53-40dc-402b-b1f4-3ddbd3dde9a9,Warjas Jha,MALE,Fireman,2
ee56947e-7eb9-469b-b805-31f2710d4e84,Tanay Palan,MALE,Fireman,2
1e28a8eb-d763-4655-82fd-c2f956e91af1,Sai Sheth,MALE,First Responder,2
9a6124c4-fc0f-4278-9802-0f94b70a7735,Jack Rajan,FEMALE,Fireman,2
fcc981a5-6789-4864-be9f-d76390d272e9,Rehaan Natarajan,MALE,Doctor,2
6d4582b2-0811-4bef-9e00-deebe6baaf4c,Leena Kannan,FEMALE,Volunteer,2
d82f476a-4098-4e86-bf59-2b54f41a0916,Yahvi Ratta,MALE,Doctor,2
00d54530-75c0-4176-8b37-b4c1d936f9e7,Xavier Rajagopal,MALE,Volunteer,2
6f3e0208-08b8-4a2c-a4e8-1c40814bba0c,Tejas Balay,MALE,First Responder,2
bfa110e8-7e12-49e1-b464-eb420717dade,Xiti Saraf,FEMALE,First Responder,2
4882bb29-59b9-4b38-be7a-a9f15541c25e,Janaki Viswanathan,FEMALE,First Responder,2
dad1d069-7d46-4aef-8a52-8cb970b7118d,Nihal Manda,FEMALE,Fireman,2
58c91bde-493b-4881-8c64-ba080c41b5e2,Zaitra Shere,FEMALE,Doctor,2
2350f0ce-4e91-408f-a788-8a243b72c046,Gaurang Gara,FEMALE,Officer,2
cd63a2ef-d1c7-43e9-a4af-d3c2fd80ef4f,Lajita Hora,FEMALE,Doctor,2
4da3d832-2d0f-4d92-9682-674b91a37361,Pallavi Chaudhry,MALE,Doctor,2
f5458d40-4836-4fe6-bd2d-05d7f227d1ea,Wridesh Bhat,FEMALE,Volunteer,2
2fd1bb35-2886-46a4-a489-beecf3e2e99b,Vasatika Chaudhuri,FEMALE,First Responder,2
230265e6-f05b-4738-9bad-dd93c5fc10a1,Quincy Pillay,MALE,Volunteer,2
eba4eaac-6a89-42e7-9156-eb17dc31e515,Victor Kulkarni,FEMALE,Doctor,2
d203dce7-107c-4864-ab82-b2a5196201ac,Maanav Gade,FEMALE,Doctor,2
fe6784e6-7ca6-49ad-ac6d-8360a5b5d3fe,Yashasvi Kala,MALE,Volunteer,2
80c77c15-4419-491c-9a26-6a463230cf7e,Warjas Kanda,MALE,First Responder,2
bcfefb00-6a6b-40dd-b16c-b59fafde7c3d,Anmol Mann,FEMALE,First Responder,2
3ffbd859-b390-42d0-ab24-91a01ec96a29,Bimala Brar,FEMALE,Doctor,2
20663300-c6bc-43c5-bb95-8ab2031ae6a9,Garima Yadav,FEMALE,Doctor,2
39d07599-ba58-4cdd-8901-5aab1fa0ad6c,Tanay Balakrishnan,MALE,Fireman,2
7f68428b-a8e5-4b7b-afe7-7c390c375e04,Ojas Rattan,FEMALE,Officer,2
d1d1b96c-fac3-4681-b296-ed7f1bbb1423,Jagat Dhar,FEMALE,Officer,2
b0051df6-02fd-4555-af5f-446a1942d4e5,Varsha Sathe,FEMALE,First Responder,2
f7b0d396-e896-4c4b-9c82-5f4b50066f04,Xalak Balay,FEMALE,First Responder,2
2f6876ab-0d68-45c2-8550-093bfeb1b94d,Jackson Mander,FEMALE,First Responder,2
61565fa5-faba-410f-9559-266fe4147f19,Yachana Randhawa,FEMALE,Doctor,2
ccd36410-1f2b-4d95-bfd1-7a5380658e40,Osha Sood,MALE,Officer,2
ed2b8836-f0ae-4705-aa35-9eaa2ffccd9a,Urvi Sen,MALE,Volunteer,2
892e3603-7d66-459f-9615-6d17d337ff4b,Priya Madan,FEMALE,Doctor,2
25b6ee52-0f94-4c61-9097-1d972cd2ffd1,Ishaan Singhal,FEMALE,Officer,2
433bc259-5246-4d73-8c27-d33f0f5390f0,Samarth Peri,MALE,Volunteer,2
6ae40048-113e-42bf-9c02-f6fc98d46fa8,Ryan Ramakrishnan,MALE,Fireman,2
ee65fb49-6d94-4859-b8c5-48c2909ac0ae,Ekalinga Bose,MALE,Officer,2
f8c9d788-49e7-4f19-9ab1-c392767cd1e7,Ryan Raman,FEMALE,Fireman,2
18c42fce-b0c4-42ec-8bac-33a37cbd6769,Agastya Chaudhuri,FEMALE,Fireman,2
ed182771-d05e-4bcf-b9fa-467881aa7fe5,Siddharth Toor,MALE,Doctor,2
88af2bfd-2ac4-4e31-8709-cd03dbdd2918,Praneel Bains,FEMALE,Doctor,2
9a354577-0abf-47ea-a77b-5141bb4e7527,Sarthak Barman,MALE,Officer,2
644803a2-d321-4a3d-a656-82706f2c0927,Jeremiah Swaminathan,MALE,First Responder,2
1f3ae778-dac7-44eb-9056-78f58695869f,Radhika Dugar,MALE,Volunteer,2
73e204e7-6433-4fd3-89b6-d506317e3a60,Oliver Raval,FEMALE,Fireman,2
db73202c-b7ff-4edd-a4ee-de5cb0ffd515,Varenya Parmer,FEMALE,Officer,2
c002500b-72e9-4058-b612-6584d8aaa8a2,William Thakkar,FEMALE,Volunteer,2
cca7ef34-c5dd-45dd-af3e-8f57e784b23a,Nimrat Sethi,FEMALE,First Responder,2
034cfc93-3202-499d-ace3-d8bce6a3adc0,Udant Rai,MALE,Officer,2
19ef2156-5be6-412f-9e5a-de3e0940b884,Ladli Roy,MALE,Volunteer,2
66f87290-8ee4-48b1-8259-95f43e23cf86,Jyoti Bedi,MALE,Officer,2
a48b5834-d7e1-40d4-9b69-d811660771d8,Vinaya Sankaran,MALE,Volunteer,2
9c2b1401-bfbc-4f78-a8e2-7833ad2973fd,Saumya Doshi,MALE,Volunteer,2
9ee9aa8f-2464-4886-9a5c-e875df747269,Tarak Varkey,FEMALE,First Responder,2
eae08101-678d-42c7-a3be-94eedca26e51,Dayita Natt,FEMALE,First Responder,2
2c455dad-6f43-482e-82b3-d2aa38606e5a,Amol Dua,FEMALE,Officer,2
d6852cd3-997f-4dc6-b97d-92b06326eb5d,Fiyaz Mani,FEMALE,Fireman,2
c841b58c-0b65-482a-8b60-71b8dab19dab,Nicholas Chadha,FEMALE,First Responder,2
b1a69595-c50e-4467-b878-029e2c9d0c65,Vivaan Mital,MALE,First Responder,2
154ef082-96c6-4a27-be71-4c0006c50bfa,Parth Bahri,MALE,Fireman,2
b7857325-3c8a-463d-9f6a-f8756a23af24,Urvashi Bawa,MALE,Doctor,2
9db5b905-dea0-4c58-b38e-e9a2ec778392,Mitali Keer,FEMALE,Doctor,2
6da549a5-1a59-4a23-90f3-9ff8e1720dc2,Peter Lala,MALE,Doctor,2
91fed581-7378-44b2-8f2d-c308fd62c3df,Imaran Sant,FEMALE,First Responder,2
d92af510-86b7-4346-a7f8-c5fc8cac5cc2,Parth Chandran,FEMALE,Doctor,2
6301f0de-d26e-4fa7-bfb9-84e34ebaaa6b,Amaira Mammen,MALE,First Responder,2
94ba938c-40cc-4a82-9b41-53947a81eb18,Dayamai Chakraborty,MALE,Officer,7
46df3e0e-cd57-4c15-ba7d-e78248163faa,Lekha Oza,MALE,Doctor,7
d85fc715-49d2-4cee-a271-3662dadb07fe,Shivani Saraf,FEMALE,Doctor,7
5d9ed712-6c60-488d-b791-cbaa02ada434,Damyanti Reddy,MALE,Fireman,7
b4cf0edf-7002-46a9-898e-1dc9b04dc12c,Balveer Sabharwal,MALE,First Responder,7
66d4f2c0-3353-48a6-9232-38806702b8ab,Anay Datta,FEMALE,Fireman,7
750547dd-e3e6-4d27-9e77-402be58e35ee,Jagat Johal,MALE,Doctor,7
28d8d0d5-827b-4912-bf5c-cf92ff56ac95,Atharv Roy,FEMALE,First Responder,7
ab0fdf0c-5a31-4e95-932b-d17f4febce91,Gaurika Dave,FEMALE,First Responder,7
56be19be-bc6d-404f-abda-ce7e068797c8,Ekantika Dhillon,MALE,Officer,7
0333944f-bf70-4fdf-94af-c7ea778faa4b,Lila Dubey,MALE,Officer,7
bf72f422-fff3-448e-96e0-4cd8094f0fdf,Upkaar Chada,MALE,Officer,7
179d3592-6b28-4d69-aeee-1c83d3c3634a,Jyoti Kannan,MALE,First Responder,7
b63e85a9-29dc-4330-9b0c-ee03ee4a2c59,Triya Subramaniam,FEMALE,First Responder,7
9fad36a0-b50b-474f-a196-b0b17a1b6627,Oni Doctor,MALE,Doctor,7
f655cb21-8410-4556-8531-6074e243e2bc,Eta Khalsa,MALE,Volunteer,7
de2ee546-dd20-4ef9-8abb-b2f1448da9a7,Falguni Sachdeva,MALE,Doctor,7
95129598-6db0-4394-b232-18c971073514,Amara Dara,FEMALE,Volunteer,7
d1bd776d-dff2-4105-b218-8a96da07ba59,Bhavya Chander,MALE,Fireman,7
143bff93-dd9f-45b8-8e79-d0a649d0f8b0,Falak Nagarajan,FEMALE,Volunteer,21
1a58b153-6774-435c-8cf2-8ef9e62c9d78,Bachittar Bora,MALE,Officer,21
9e71c00c-64ed-44a8-bf4d-b64ddf95f233,Lila Murty,MALE,Officer,21
b3f32e82-846d-4c28-92cd-016a0963c421,Nikita Sama,FEMALE,First Responder,21
4440c946-f78b-426e-824b-fe48b524d9b9,Samuel Chakrabarti,FEMALE,Doctor,21
c4b1bae9-7838-4fbd-bc4c-f36edc35e9f0,Upma Mahal,MALE,Volunteer,21
1b1a7a92-3339-40c7-9a49-c4b5975a939a,Qadim Dewan,MALE,Fireman,21
c0a71ce2-5c41-421d-b0c8-214dc18a18d0,Mohammed Varghese,MALE,Doctor,21
db445ff9-7855-4270-b87c-c6b67d2e659f,Watika Lala,FEMALE,Fireman,21
9f4190f7-ebf7-4208-a920-b119ac6d6042,Eesha Choudhry,MALE,Officer,21
affd8c64-a202-4990-80d2-ffe69539b621,Abeer Sachar,FEMALE,Doctor,21
56541745-6d8e-41d8-92ab-c8d0f358287c,Falak Tripathi,MALE,Doctor,21
30200289-c173-4e73-b5f9-ab7e1038dea7,Gaurav Bhalla,FEMALE,Volunteer,21
140215f7-7980-4e3c-b150-b4b7ea214276,Nitara Dhawan,MALE,Volunteer,21
d0348468-9d98-4081-b6f0-12e008db0413,Damyanti Thakkar,MALE,Volunteer,21
adba581d-b3ad-452d-a190-098b2c946b11,Libni Kade,MALE,First Responder,21
18705282-bfe9-4209-a67a-432115b62d6b,Isha Char,MALE,Volunteer,21
fd30859c-9574-4187-86ca-3eac2d412cfc,Samar Gour,FEMALE,First Responder,21
c469cbef-e6b4-4a41-a4b7-3b7b1c2f67af,Netra Ghosh,FEMALE,First Responder,21
e63abb20-a203-4e63-b9a8-441c7a8f1c87,Gagan Murthy,MALE,Fireman,21
0591b08f-3879-40bb-a64f-8a713e2aa7a0,Nachiket Jhaveri,FEMALE,Fireman,21
26de5fe2-a1bb-422b-a1f9-aa071d42daa2,Finn Gill,FEMALE,First Responder,21
6ae1962b-eeab-4710-b23a-493cef4f944b,Rajeshri Dhar,MALE,Volunteer,21
fffd5e9a-d0b4-4fda-ac66-2390de24d1d5,Banjeet Jhaveri,MALE,Fireman,21
57986eb2-7db6-41a9-9850-609b94b1ad34,Elijah Mane,FEMALE,Fireman,21
bd2c2667-cf64-48e7-990d-62e2536cc560,Lopa Kashyap,MALE,Fireman,21
8576e11d-1627-4beb-9c97-ce8b2465b78e,Sachi Luthra,FEMALE,Fireman,21
4aaa9bc1-88f1-4b64-9a2e-e3dc4967bee9,Jagrati Jha,MALE,Doctor,21
7f47a707-aac6-4a37-9afb-c07d385c33f1,Nathaniel Naidu,FEMALE,Doctor,21
fdfec033-dfd7-463a-a304-05efb4f421d8,Nidhi Sarna,MALE,First Responder,21
3111c50c-b4bf-4231-a594-3cf56fadd7c8,Janya Upadhyay,MALE,First Responder,21
c26f504d-e74c-40f3-b3ee-66acd069cf6d,Nirja Palan,FEMALE,First Responder,21
40f8e4e1-8ec8-4cd4-a935-edd1285891a9,Yatan Edwin,FEMALE,Volunteer,21
3b1bc7bc-ca0a-488e-9f30-b8f14df3a492,Vrishti Kari,FEMALE,Doctor,21
8778b2d8-0856-4462-81f4-2fb3b987aede,Xalak Devi,FEMALE,Fireman,21
d8d8e76e-2d08-4350-b14c-ce9a9065430c,Ridhi Deol,MALE,Officer,21
bf174f4f-78b9-43da-8c4c-1bd50db287c6,Abhiram Sheth,MALE,Fireman,21
1b1afc2c-99d6-4eae-8746-4ff3bc97db01,Ayushman Dara,FEMALE,Doctor,21
5af20c1c-7871-457d-b41d-3677480fce2a,Advaith Guha,FEMALE,First Responder,21
0673b67f-a535-4d22-bcbf-02c4de124f29,Aarnav Seshadri,MALE,First Responder,21
cdefed4a-257d-4138-9092-e9b4627e2071,Advaith Kumer,FEMALE,Doctor,21
1b4459a2-b5f1-4a98-849a-9229b2315923,Netra Seth,MALE,Volunteer,21
491982b9-2210-45bb-a939-a8dcf9908a89,Lopa Zacharia,MALE,Fireman,21
e9a349d5-623e-4277-acc7-e3ba3f32f43a,Liam Grover,MALE,First Responder,21
7c81f029-e23d-4564-9c8e-4b64e4dc2ab4,Anamika Gade,FEMALE,Officer,21
e5c55dab-2db6-4960-975f-6f33b0a4f646,Quincy Buch,MALE,Officer,21
df105b9f-59da-4a27-91cb-f8b8b04d5ae6,Wridesh Sen,FEMALE,Volunteer,21
e94c68f4-2372-47e9-983a-9ae6c69222a4,Advik Nagi,FEMALE,Fireman,21
876459d3-4319-465e-8b7a-fe4bba520ddf,Vamakshi Sundaram,MALE,Volunteer,21
b025846e-152f-4b3c-b480-70171aac8139,Harita Contractor,MALE,First Responder,21
c7e4b643-9f05-4869-aa82-5e76d168f508,Indali Grewal,FEMALE,Volunteer,21
04c39bc8-d9bb-4896-8013-12d4a5838984,Ekapad Batta,MALE,Volunteer,21
28f842a0-3881-4bda-9837-ca8e2ccdb158,Xavier Parikh,MALE,Doctor,21
0955db71-6d2f-43f2-a66a-45c83189a266,Raagini Palan,FEMALE,First Responder,21
515f494b-2ba5-4190-bf4f-09caf19d7fe2,Nachiket Goswami,FEMALE,Doctor,2
3994c7b9-2145-404f-b1bb-54d6a4e33b49,Deepa Venkatesh,FEMALE,Fireman,2
205a5ca9-f240-40f1-a0c0-14ff54c0227b,Daksha Sachdeva,FEMALE,Fireman,2
94734382-1010-45d4-b073-93d3ef1a8596,Yadavi Lad,FEMALE,Doctor,2
2b2eaa71-2763-4cd5-a5d5-830a1836f030,Sneha Garde,FEMALE,Volunteer,2
daf65e73-5bab-47bd-b05d-0061c284292d,Oscar Nadig,FEMALE,Fireman,2
fe7b6db2-ac38-4f94-baa5-015f928608fa,Darika Kata,FEMALE,Fireman,2
986c7fe5-4b1f-495f-a6bd-aa27d3fb60c8,Yagnesh Seshadri,MALE,Fireman,2
bfc61b98-e4e8-406c-b428-688084c81d17,Chaman Johal,FEMALE,Volunteer,2
acc273c2-4203-4b4f-a63a-8f39b525ce3d,Qushi Agarwal,MALE,Volunteer,2
59b7dc7e-1add-43ad-93c7-d6c80bf09365,Damyanti Sami,MALE,Volunteer,2
5cc90c5f-bcd1-4cf4-b62d-6d3fc0fe3792,Charles Kuruvilla,FEMALE,Officer,2
2b3bf876-af84-4a01-a5ed-6585c02251d3,Upma Prabhakar,MALE,Volunteer,2
a1bab411-44df-457e-8cd7-d91e5db993c6,Ishita Savant,MALE,Volunteer,2
a651084d-40fd-4d75-a6a3-f977239b2f18,Ekaraj Dhingra,FEMALE,Officer,2
d26da418-aafd-4dc3-ba37-52573331c2a2,Andrew Narasimhan,FEMALE,Fireman,2
4b3aba37-13b8-47fb-9cc0-0d0c5da4647a,Arin Bhatti,FEMALE,Volunteer,2
a407dc6c-4b89-4ae9-bd29-c4f4b0413bcd,Ishwar Lala,MALE,Volunteer,2
91e89311-49fd-4a31-b5e1-0a0ec17c5308,Jackson Issac,FEMALE,Doctor,2
472ef330-3045-4ffa-a21d-99eb5347a7a0,Warda Hegde,FEMALE,Doctor,2
abf015de-f301-4dde-a56c-8fae2acd5d7c,Naksh Dugar,MALE,First Responder,2
81d669e8-8b39-4e21-b40c-1ed87b20ea48,Xalak Dar,FEMALE,Volunteer,2
af37ca09-f09c-4fbf-9cc5-be93d29329f2,Aarav Salvi,FEMALE,Officer,2
71373ca6-fe9f-4687-ab61-02b7311eb59f,Qabil Dass,MALE,Volunteer,2
21cfd27c-831f-4d01-81e0-4c28ce2e45fd,Ikshita Baral,FEMALE,Volunteer,2
d8abb4f5-5e33-4f64-8787-a82191f3b45f,Urvi Raja,MALE,Doctor,2
7aa5c1d7-21e1-4592-abc7-ba4e2354d7f8,Sachi Nadkarni,MALE,Doctor,2
3c0a552c-8643-4be3-96dc-cb77db692d1a,Aarnav Ganesan,MALE,Volunteer,2
e7a21017-c5e9-4f80-a63c-24b86b744b48,Dev Bahri,FEMALE,Fireman,2
ce81d1f0-afbf-40bf-9a18-040b247e9aa0,Amara Gulati,MALE,Volunteer,2
af7f4f96-0fb1-439f-b0ee-2bffdf4d1d92,Kamala Koshy,FEMALE,Doctor,2
2b4b0548-5986-4186-b957-7bd124525b1c,Xavier Sura,FEMALE,Fireman,2
eb5dc211-30e4-4e5a-941f-52c40efd19a1,Bakhshi Dyal,FEMALE,Volunteer,2
9743d1f9-31ee-4ae3-8d71-1da37142fc9f,Oni Natarajan,FEMALE,First Responder,2
a4a027d1-5c0c-4073-ab40-814c2584de1c,Jyoti Pal,MALE,Officer,2
155d998e-90de-4310-90fe-e3d1fb493dc3,Dhriti Sabharwal,MALE,Volunteer,2
1a2082f6-aeec-424f-8fd5-67d9895fe9db,Ladli Bahl,MALE,Doctor,2
82d02132-74c9-4d2f-b926-4844842f02bb,Isha Savant,MALE,Officer,2
9a3145ce-86ae-4f52-8d92-7197904f0e21,Mason Batra,FEMALE,Doctor,2
d8175e73-d058-433f-ad41-77892dbb302a,Kamya Nayak,MALE,First Responder,2
8f284c9c-8e69-4623-bdbf-ab574120dd1f,Panini Krishna,FEMALE,Officer,2
5d1a3b1a-5c28-46b4-8aad-9e6661239e4c,Maya Shukla,MALE,Officer,2
882d72f6-74a5-4af1-b61b-c14f4b172c4d,Libni Goyal,MALE,Volunteer,2
1ad4dda7-9924-4aab-b284-1f53c23c34fd,Finn Johal,MALE,Doctor,2
fee50e44-38ab-446d-b5db-df840a42d64e,Orinder Dani,FEMALE,Officer,2
4a24c358-9ae1-49d6-8514-242e29bbf5d8,Yauvani Goyal,MALE,Doctor,2
b1495f64-0ec5-4412-8c6c-ba076a0b7591,Balvan Devi,FEMALE,Doctor,2
641e85c4-b054-418d-b7a2-08cd2327f4d5,Harini Bawa,FEMALE,Fireman,2
c0ae550d-8baa-4397-9a0e-261ab64e65f5,Anjali Babu,MALE,First Responder,2
280d920e-0795-42ba-a5e7-485ca361dd4e,Divya Peri,MALE,Officer,2
9c38b376-999e-4e4c-8752-ff761054622f,Yatin Kar,FEMALE,Doctor,2
e99578d3-e078-4234-8af4-1c16dae0fc8f,Kala Jain,MALE,Volunteer,2
e084c0bc-e7a0-480a-a59d-65fa9105b094,Urvashi Nagy,MALE,Doctor,2
f61a5ae1-3f97-4af6-9b80-52eb3bab2efc,Owen Bava,MALE,Officer,2
57eb6dfe-cb67-4d16-ae0c-3ffc4ce6f41a,Ubika Vasa,MALE,Fireman,2
083f1c61-7a74-4115-bf48-c107f537ea50,Anvi Jha,FEMALE,Fireman,2
1bc9d08d-bd73-41fe-80f8-918a033400b7,Om Deshpande,FEMALE,Fireman,2
89048229-5c3b-4682-892f-7e60801c7c6f,Anusha Krishnamurthy,MALE,First Responder,2
1e584cb0-6aa8-4c79-8ea7-9a290d0bb00f,Yatin Memon,FEMALE,Officer,2
9a18d5a3-a964-4252-aa6f-18de7650af5a,Manbir Balakrishnan,MALE,Officer,2
99bd8370-6e85-43fb-b2bc-08d3abc40432,Alexander Sandhu,FEMALE,Doctor,2
c2f20388-03b5-4d09-b84f-5f719c9acfbb,Avi Chopra,MALE,Volunteer,2
57f57cdd-dee1-472a-a7ee-aa110b7d4f06,Gagan Dugar,FEMALE,Volunteer,2
13048199-2f2e-45e2-ab8f-1b4b72c93270,Faras Varma,MALE,Doctor,2
d3bc734e-fffa-4b39-b1ec-9455003da138,Ekani Mohanty,MALE,First Responder,2
cd386f55-31c4-498c-9f98-af53a990823c,Pooja Dass,MALE,Volunteer,2
a07c6928-f7b3-429e-9adb-0db3c0c2ca77,Barkha Chauhan,MALE,Fireman,2
7562eedb-b6b1-4d92-b10e-23ca59c4bb34,Keya Deol,MALE,Volunteer,2
342ef521-1280-4ca5-ada1-6a216240c2b0,Gayathri Khatri,FEMALE,First Responder,2
1dbffac3-0289-4bb1-a0cd-807f3b46d257,Alexander Bir,FEMALE,Volunteer,2
6ed7dc4f-6487-43ed-90c8-647e9a6aa4cb,Vedant Gole,MALE,Fireman,2
7483c2ee-e03a-4392-a5d4-dafb81c5001e,Zaitra Andra,FEMALE,Officer,2
ab74ad87-c486-422f-9da3-8e4189b8e1d4,George Sharma,FEMALE,First Responder,2
c9647d89-6b5c-41b0-adb5-f03163aff8e3,Hredhaan Suresh,FEMALE,Fireman,2
c16e1cda-2259-401e-8fa2-a4c2f857f959,Luke Dada,FEMALE,Officer,2
25899117-79b7-4513-b4da-9414f109b5a2,Bhavani Khare,MALE,First Responder,2
e844c396-78da-4d89-9d15-9e2dab63f989,Faraj Ghosh,FEMALE,Doctor,2
44503409-c72e-4dfc-8b69-5197d4b41de9,Eesha Sankar,MALE,Officer,2
86a0dcad-7c44-43af-9bd1-05987ed7851e,Victor Bhardwaj,FEMALE,Officer,2
5e991b77-8759-4d9f-985c-21cf9eb03f1e,Rishi Chaudhry,FEMALE,First Responder,2
49959d0a-dc9d-4c79-bf75-32479768ae12,Nikita Bhat,FEMALE,Volunteer,2
2fdd7410-7368-4f55-95e1-a317fd5199ee,Wahab Madan,FEMALE,Doctor,2
b19be4d0-e7f9-479d-b7c3-73c3b7446452,Yochana Anand,FEMALE,Fireman,2
c78ef4ac-e3d4-4cac-b22a-f1b2d46ace8c,Pahal Radhakrishnan,FEMALE,Fireman,2
dd5d4c9c-8f19-40d5-90d2-1d5bcd7f0bcc,Hema Andra,MALE,Officer,2
907ac6f1-dfe6-4014-8ad4-8e16832a42d0,Anirudh Agrawal,MALE,Volunteer,2
0ac1059f-83d6-4705-9a9f-2f5992b6d199,Reyansh Sagar,MALE,Doctor,2
76550289-a6d0-4d84-b5b5-61382ad34570,Avni Kalita,MALE,Fireman,2
0842b749-d7ac-4c91-87d8-661c31dbfb89,Luke Barad,FEMALE,First Responder,2
83ce3947-72e7-46f1-942c-7f08544cd3f7,Deepa Ramachandran,FEMALE,Officer,2
180a637d-972e-4259-b7f0-3c57c7d90a1b,Yashawini Tripathi,FEMALE,Doctor,2
565092a8-a5f3-4717-9454-122afd7da56c,Ayaan Bala,FEMALE,Volunteer,2
b36c8d07-1492-45ee-9b6e-846de81fcbcf,Wishi Chaudry,MALE,Volunteer,2
b9125706-8d1b-4356-abf0-835c946e59f9,Zinal Arora,MALE,Doctor,2
54550699-5c4a-463a-a247-65234f097a93,Baghyawati Acharya,MALE,Doctor,2
498644d0-c4ff-4d81-9afe-98b3a912a779,Hemani Parikh,FEMALE,First Responder,2
791f0c34-4e18-451f-9725-e0931f419562,Frado Patel,MALE,Officer,2
c500a849-9c01-487c-a331-26f736de6f87,Upkaar Khalsa,FEMALE,Officer,2
76c3ef56-f350-4456-b758-b295e1019e18,Peter Salvi,FEMALE,Volunteer,2
7d9f5144-fb0d-4a73-9239-994d1ac25436,Rajata Puri,FEMALE,Volunteer,2
9fec008f-2f10-43e2-9ba2-6da4c4fd2d77,Baghyawati Sastry,MALE,Doctor,2
ed711484-db06-48bd-a704-75471c22f32e,Saumya Lata,FEMALE,Fireman,2
2b00f3a5-6898-4144-8870-c36e2fe45b37,Zehaan Murthy,FEMALE,Fireman,2
e8528582-542d-4ab5-8ff1-b698330eb360,Sathvik Kapoor,MALE,Fireman,2
1fdc6f24-abca-4937-82ef-714f1e37a0cd,Samesh Ghose,FEMALE,Doctor,2
21a3fe8c-73d9-4613-a9b2-269d2c2dce72,Lakshit Shenoy,MALE,First Responder,2
be2a7de5-c987-4fad-9b1b-7645792bedc0,Warjas Mukhopadhyay,MALE,Officer,2
e48e902f-9d19-409a-b6a6-a2cbb5ab4d23,Watika Bir,MALE,First Responder,2
4fa7d0f3-6c45-411e-923c-02b2288a7904,Kritika Merchant,MALE,Fireman,2
05208de1-719b-432d-a1ed-a861c9d332e7,Adweta Chaudhari,FEMALE,Officer,2
a7144141-c90d-4f05-91a4-a7b5f078abae,Mitesh Narayanan,MALE,Volunteer,2
6312e54b-f2a8-47c8-aa98-0997f6ec1004,Neel D’Alia,MALE,Doctor,2
40d573bf-887a-4851-beaa-993c02d98b21,Chanakya Bali,MALE,First Responder,2
d2b742b9-a41b-41f3-81ae-53344fe91bbb,Chatresh Kade,MALE,Officer,2
3e83ac6d-7905-47dd-86e1-30c773599830,Keya Kara,MALE,First Responder,2
1bc97c81-0f9c-4fe8-a416-9f97c253b5d2,Geetika Vig,FEMALE,Volunteer,2
fca59e5f-f0af-42ac-b284-38dabe05683a,Keya Karan,MALE,Officer,2
8b5e73c3-9e7a-4ea2-90b5-c79cb6476d98,Bahadurjit Sinha,FEMALE,First Responder,2
c567c72a-0dd3-4ce8-a478-4318c8d1b51e,Sai Prabhakar,MALE,Officer,2
3cfc4e39-49ec-4f8f-913e-325ce3d82242,Ekanta Sen,FEMALE,Fireman,2
a183f44b-4d3a-4369-ae1b-f93f7b4d465a,Nathaniel Bhatnagar,MALE,Fireman,2
8577bdd7-ba72-4a1d-a64b-5ff0956a3165,Ekavir Menon,FEMALE,Doctor,2
3c4f1fd7-01eb-49b5-a094-88ac8f0e7805,Ikbal Wali,FEMALE,Officer,2
491cda3a-9eb6-4231-bd81-f7bc1bea1307,Harinakshi Shenoy,MALE,Officer,2
6b86d40f-063b-453c-99b3-f23861957eba,Max Nagarajan,FEMALE,Fireman,2
334ba574-839b-44b0-a09e-07dab9254086,Gunbir Gulati,MALE,Officer,2
952f1869-bc90-44bd-b8d9-592e4416f267,Mitesh Mukherjee,FEMALE,Volunteer,2
3e68ec41-b6a2-40ef-93d4-f61d77a92945,Sanya Sawhney,MALE,Officer,2
79ab4636-f5a0-4384-ba21-9e7b1781e207,Tara Ganesan,FEMALE,First Responder,2
498d4432-008d-4adf-b61a-2030b9d4d2bd,Thomas Rastogi,FEMALE,First Responder,2
2f366f91-ce5a-4443-b8cc-97bb5ca34b44,Chaaya Parekh,FEMALE,Fireman,2
6e85224b-aa22-4efb-91bb-07359d8441cc,Zaid Mall,MALE,Volunteer,2
52f91204-b8e8-4aef-90ac-61c812d003e4,Warinder Minhas,FEMALE,Fireman,2
2ca5dff1-e5d1-419b-885e-9fd1cdcd995a,Aachal Jaggi,MALE,Volunteer,2
9fb8e535-5b30-4749-ab1e-d11d49c1e3ed,Vyanjana Subramaniam,FEMALE,Fireman,2
295e73dd-5e8f-443c-8f1d-d9b323403c1f,Aachal Mall,FEMALE,Officer,2
bcb21d1a-5988-4913-8ab5-cd2e18715852,Aryan Deep,FEMALE,Volunteer,2
fbaee94a-2161-4c72-a3b6-00fd7ad0b9e3,Lipika Dasgupta,MALE,Doctor,2
f36d9ee1-e54e-4afa-b1a2-b47b3eae397f,Yadavi Ramaswamy,FEMALE,First Responder,2
62fd9551-e299-45ed-a24b-26a2f26f3cc1,Kavya Goda,MALE,Fireman,2
ef8ba584-3bb5-49d0-a074-4a79c26ce17c,Ekapad Chandran,MALE,Officer,2
2bf76d91-a9d7-4645-87e2-79b64f16236a,Charita Tella,MALE,Volunteer,2
59482545-c2c7-4f06-9541-2d3ef71b61a3,Inaya Wable,MALE,Fireman,2
fe745def-472b-420b-8bde-5dcbe38eada9,Tanvi Prasad,MALE,Officer,2
a7ba0319-eb48-4a64-ad75-3d7fd40602fd,Nisha Lanka,MALE,Fireman,2
fbf3aeff-dde5-4db5-94bf-c9dd692e0dad,Girish Mane,MALE,First Responder,2
da4d3f3c-8dba-411c-900d-92856971496a,Ekta Bhagat,MALE,Doctor,2
fc0801cb-9a63-4aea-a310-13eb91082c50,Jeremiah Gour,MALE,Fireman,2
670872e7-8cd8-4297-92b4-d3f9afe3ca40,Tanveer Pandey,FEMALE,Doctor,2
a6a4c7b9-595d-4d10-add8-c8289907064a,Girish Balasubramanian,MALE,Doctor,2
86a2bcb3-3174-4468-bc09-f449d4b8dfb5,Hemangini Prasad,MALE,Officer,2
f4455945-6bbc-4083-a630-e8c7aa60d57b,Lucky Shere,FEMALE,Officer,2
c4da3b5e-791e-4003-93a9-664820ad2324,Tanvi Konda,MALE,Fireman,2
bfa6bd1e-d2de-4054-828f-6bfa7d82b06e,Yagnesh Bath,MALE,Officer,2
05f25986-eeb1-4dbe-8ef7-58f918d39043,Vivaan Ramachandran,MALE,Officer,2
8e8b5c08-fad4-4291-b265-4daff66a0024,Max Mittal,FEMALE,Fireman,2
b9da1204-07dc-4e04-9a47-65dfe01700f9,Mitesh Chaudhari,FEMALE,Volunteer,2
917fea11-30f6-4801-970f-1f614b9ba58a,Upasna Sem,MALE,Doctor,2
108c9ef8-5112-41d9-8db9-633ff957c3db,Anjali Aggarwal,FEMALE,Volunteer,2
a24b95de-4b57-4bf2-ab19-1fe6bd46ec93,Wahab Gola,FEMALE,Fireman,2
f142ebe9-e351-4f77-9942-dd302b59ebdc,Brijesh Singhal,MALE,Fireman,2
e253c553-cfbe-458f-9ae2-19417ed3db76,Vedika Banerjee,MALE,Fireman,2
9e0698e0-140b-46d8-9530-059f5a53660e,Bhanumati Shroff,MALE,Volunteer,2
085170d7-9a4a-401b-a76c-3ccf1f08555c,Akshay Bir,MALE,Officer,2
4a4fb65c-db0b-4b02-be79-58aec0071fbe,Gabriel Sha,MALE,Volunteer,2
590eb000-081c-4dbf-a890-d09819c96179,Eshana Sami,FEMALE,Volunteer,2
e3681cd6-1cc9-40a5-8935-70d1456e7c8e,Janya Mani,MALE,First Responder,2
828d0134-eaed-47af-ae45-2aae1e3093b8,Kalpit Savant,MALE,Volunteer,2
94e01afc-46ae-45fc-be35-f014aee1a903,Harsh Shetty,MALE,Volunteer,2
b594de78-ad02-4524-8704-f0212cf4e392,Advik Bath,MALE,Officer,2
ea4b3c40-7523-4d67-9f92-1297c16b9ed3,Kai Vaidya,FEMALE,First Responder,2
281650db-7930-46cf-9023-862e8faea557,Charles Hayer,MALE,Officer,2
5f5d6ff7-c257-4517-9e01-59597e63290d,Arunima Gala,MALE,Volunteer,2
a6781a68-af2b-4010-aa40-be8229978b40,Brinda Shenoy,MALE,First Responder,2
b6f0e9d8-c178-4826-9bd9-8884b6f1b122,Balvan Sanghvi,FEMALE,First Responder,2
f6a2f7f2-339a-43ae-85e5-c99ed11e9c86,Chanakya Ram,MALE,First Responder,2
4f0c9124-b32b-49d0-b217-a4819201fc3d,Henry Varty,FEMALE,First Responder,2
c5da1b16-3e23-4740-a73e-fa67b57ca319,Varenya Bal,FEMALE,Volunteer,2
f0393007-ff04-4823-806b-a10e86839730,Naveen Bedi,MALE,Doctor,2
315e39cd-02c2-4e1c-863e-1bf34b7a0ce3,Akshay Panchal,FEMALE,First Responder,2
1aaa0b30-603b-49c6-9a3b-599af836f707,Arjun Baral,FEMALE,Officer,2
515c0559-6d80-4cb1-9901-22cdd023f75d,Yashvi Prakash,MALE,Fireman,2
dc999a22-8792-40d7-b40f-86779c5cccf5,Ojas Sridhar,FEMALE,First Responder,2
89cc0258-ab42-4c0f-9d43-e15067b1684d,Umang Kunda,MALE,Volunteer,2
98441cd4-79fd-4d75-8f70-060d92854c8f,Udyati Chander,FEMALE,Doctor,2
12a406ea-2318-430b-880b-e84b440bec66,Warinder Wable,FEMALE,Volunteer,2
facee541-2765-4783-bb5f-ca63059359ac,Darika Mander,FEMALE,First Responder,2
0525fc18-1dad-49ac-8002-ad4a2c0d33f6,Dipta Garg,FEMALE,Doctor,2
febaca1e-d98d-4479-8d9d-0bf7dd910630,Ekaja Roy,MALE,First Responder,2
b0210441-878a-4909-9f46-ec073384cfbf,Omisha Mand,FEMALE,Doctor,2
20a26dd7-1d07-4a83-9067-ad431f910cfe,Vasatika Kala,MALE,Doctor,2
bde42c18-f68d-43ee-ab37-4e142114c58a,Ekta Chatterjee,MALE,First Responder,2
0d08b685-c99c-485c-a094-f5d8def29a9e,Vasudha Gokhale,MALE,First Responder,2
b74b8956-4102-4b84-897a-8deb4bf3de79,Rishi Sem,MALE,Doctor,2
7decf8d5-fe82-46bb-b2c5-791ee0821d80,Nirja Padmanabhan,MALE,Officer,2
6446aade-c77f-4c6e-ab97-37826b8f0eb8,Shivani Bhakta,MALE,First Responder,2
c1d9ac27-4a3d-41f0-9c59-8e0937f837be,Ikbal Soman,FEMALE,Volunteer,2
69513d39-94b6-4c63-a5b7-a6e5f4a320fd,Leela Mukherjee,MALE,Doctor,2
7a5f8f54-3a5d-4984-8484-51eecd6f8a6d,Diya Ganguly,MALE,Doctor,2
fc360f1d-ee7d-4d55-9f9f-5f8571321075,Devansh Pingle,MALE,First Responder,2
0621adaf-4cd1-4b47-804f-c41434afba6b,Parth Radhakrishnan,FEMALE,First Responder,2
ee714b53-9ecd-4b4a-a34d-35e5d906da95,Mohammed Dubey,MALE,Officer,2
0a619b86-746a-41d3-9b6c-ebc407d5f232,Libni Krishnamurthy,FEMALE,Doctor,2
99d4a86f-6b33-4253-9649-9bf5bb17bf7f,Karan Cherian,MALE,First Responder,2
ff52073a-8ebd-4532-ace2-e23af17f98c6,Janani Thaman,MALE,First Responder,2
f3f5ec71-e2fb-4862-b28a-3cca70373244,Raghav Varughese,FEMALE,Volunteer,2
849a444e-9d7b-444e-b294-19940e55175f,Yuvraj Nayak,MALE,First Responder,2
738c68de-3238-4330-aa22-8526b7c4be26,Chaaya Barad,MALE,Officer,2
5becb65c-caf4-4630-8e9c-cbf333521662,Sanaya Ramanathan,FEMALE,Volunteer,2
06169287-1c57-4faa-9ea7-7e2e59277dd5,Yashvi Dhingra,MALE,Volunteer,2
6326a3ba-7315-45a4-b478-7369f448d82a,Harish Viswanathan,FEMALE,Volunteer,2
8d534ac4-5070-456e-b6b1-578e3521dc0f,Tristan Mahajan,FEMALE,Officer,2
b10f63c1-8589-40a5-90fc-797213beee56,Laksh Sood,FEMALE,Doctor,2
c0f6ea79-cdea-4c66-bc8e-9aeabda93277,Tristan Sur,MALE,Doctor,2
cddd90ae-a32a-409f-835d-055d32dc3bc2,Karan Issac,MALE,Officer,2
9f440984-6827-4636-93b5-595c0372b031,Vasana Khanna,MALE,Fireman,2
5de4676d-bb4f-4716-a6cd-08281616f002,Faqid Acharya,FEMALE,Officer,2
6b43bff7-bc30-4741-855a-ed18cc583445,Panini Nori,MALE,Volunteer,2
7a309b8f-73a9-4b8b-b5b3-358093cd807d,Yadavi Mittal,FEMALE,Doctor,2
79b1eb75-251c-46a7-8aaf-a3f83289a9ac,Kamya Reddy,MALE,Fireman,2
d8f53b9c-098b-43bc-a5e0-36d8dd76a704,Nidhi Manne,MALE,Fireman,2
b3d738f7-2b79-44c1-9853-7cd5054461de,Warhi Panchal,FEMALE,Volunteer,2
8eaf2a55-ece6-4041-8ab9-0906b0973788,Wazir Kapoor,FEMALE,Volunteer,3
24534204-ee7f-462e-ac0c-d27c3b97f57a,Anya Gopal,MALE,Officer,3
e4f0e9f4-17c7-4b68-a708-a54fef7dea1e,Charles Din,FEMALE,First Responder,3
829c612c-a06a-4221-ba68-e6b2dcb97bee,Imaran Purohit,FEMALE,Volunteer,3
dc9aae41-77aa-4a93-bcd8-b1b2faaa22d2,Jeet Apte,MALE,Volunteer,3
206a9cad-1df7-422b-a3d7-7f7d4f6ae61e,Aditya Muni,FEMALE,Doctor,3
ca8f7e21-6b7b-40c1-b394-18ea65a4e29b,Madhavi Bora,FEMALE,Fireman,3
3075c12b-3852-4a15-b576-90849e9d75c3,Utkarsh Srivastava,FEMALE,Doctor,3
4a94d053-c5ab-4c9a-8af8-5db8104a9d8d,Manya Swamy,MALE,Doctor,3
72a2c5c1-5b7e-4c18-acc1-1e0023894568,Eesha Bhagat,FEMALE,Volunteer,3
e572f27e-917f-4b04-a8f4-d704e1caa357,Hardik Ramanathan,MALE,Fireman,3
899a4946-4ee6-4e35-ad2f-fb68a655e28e,Jonathan Sastry,FEMALE,Doctor,3
7640715d-c934-4c38-9212-52c48eca7470,Caleb Bhakta,MALE,Doctor,3
263cdf67-918c-41d7-a924-c9ad60b99926,Gautami Kurian,FEMALE,Volunteer,3
6912932e-aa6c-456a-a289-b2ba3f1521c2,Raagini Ray,MALE,Volunteer,3
035f3536-c2a2-4621-a5bf-26bc5970af71,Gunbir Sethi,FEMALE,Doctor,3
a45665f8-0c93-4924-99fa-1049c3232226,Lakshmi Balakrishnan,FEMALE,First Responder,3
ea8fb6e2-dba7-48a3-ab74-9be9b927ce63,Oscar Nagar,FEMALE,Volunteer,3
7ef4693b-275b-45d6-9f64-3712fd23e2a7,Hema Dara,FEMALE,Officer,3
3e0a8226-e5d6-4349-9e29-754ecc98631e,Champak Pandit,MALE,Volunteer,3
628f0ff7-19c1-498b-ac17-3b8a1cc1e981,Ayush Dyal,MALE,Fireman,3
00fca26b-9b5b-45f1-956e-ea514d85fb64,Quincy Mani,FEMALE,Officer,3
e4d063b0-429e-4769-b510-2fd5e9cd4cfd,Dalaja Basak,MALE,First Responder,3
cce4ed19-b71a-4a59-8666-34676ebe63be,Harita Kala,MALE,First Responder,3
4ec73260-8545-4ccd-8b4b-4c60d00d0732,Sarthak Kannan,MALE,First Responder,3
32f140de-0feb-4c48-99c2-17ef017e2192,Forum Dara,MALE,Fireman,3
2645067f-4e13-4f71-8988-826a8a2fba48,Bhavini Vaidya,MALE,Volunteer,3
3e741518-8a7a-4e09-ba4a-0318a6255c3c,Arya Tailor,FEMALE,Volunteer,3
b94781f1-352c-41b0-9de5-905051690105,Ubika Pradhan,FEMALE,Fireman,3
a597dbc1-deb1-4644-8187-4dd8b25dfef5,Aachal Sheth,MALE,Fireman,3
4cee1c76-81fe-4883-909e-c00c042b2233,Banjeet Zacharia,FEMALE,First Responder,3
f158ff48-e1db-44bd-ad08-41355eeda9d9,Falan Prabhu,FEMALE,Officer,3
fd7d5e40-8c24-4477-a68f-d12be82925d7,Anthony Suresh,FEMALE,Doctor,3
ad61673d-d041-47ea-818c-443244d48e02,Madhavi Solanki,FEMALE,Fireman,3
41f34bd4-b31f-452f-b161-78e1a2c3e34e,Deepa Kapoor,FEMALE,Fireman,3
747d7432-c992-4cc0-920c-dedc2a3a13b7,Kavya Pant,MALE,Volunteer,3
dee8c0e2-2e86-4caa-ad95-6319c91c068f,Rajata Raju,MALE,Doctor,3
ed0f33ff-883e-4959-9476-fe3a371ceb05,Tara Raju,FEMALE,Fireman,3
a2c8f315-4cae-4cb5-8170-080a7b0331e4,Jagdish Raval,FEMALE,First Responder,3
0e2b0d6e-fa75-46f3-959b-f6a0b00b4cb5,Omisha Walia,FEMALE,First Responder,3
0b8c5cc1-f1bc-49d4-a432-a14225a67cb8,Chanchal Apte,MALE,Officer,3
13cbefcc-21e6-4efd-951b-87709ddaa1d8,Urvashi Sandal,MALE,Fireman,3
0dd84654-7949-4b62-bea3-cd039798a498,Gaurangi Bakshi,MALE,Fireman,3
6faa48a5-19d8-4a51-8535-5abc1d087a97,Ubika Sankaran,MALE,First Responder,3
3a18e070-5a3c-43ce-b329-2eebc5fc87c3,Hamsini Saran,MALE,First Responder,3
80b6f11d-14eb-447b-b3aa-138c55e3f3fe,Gabriel Sekhon,MALE,Volunteer,3
a0c18fd4-5df1-4cd7-9b89-b110a6fc5e35,Radha Goyal,FEMALE,First Responder,3
960362c9-b63e-4afa-a7b5-6db768d5dc36,Gaurang Gulati,MALE,Fireman,3
051a43dc-f5c9-4e5b-b43a-cfa47c6d923e,Hemangini Patla,MALE,Doctor,3
992a104f-58eb-479d-a44c-853fd2534087,Harrison Patla,MALE,Doctor,3
847369c3-e81f-463b-b38e-2b50da43a3d2,Sarthak Chakraborty,FEMALE,Officer,3
bb3a7f9d-f6bc-4a4e-b4cc-185c48ded7ea,Lajita Sandhu,MALE,Fireman,3
90f9842b-f10b-4e37-9b01-8e8b3ab432cf,Mitesh Sachdeva,FEMALE,Officer,3
9028c10d-2943-4e8b-818d-9328595dcf84,Hiral Bassi,FEMALE,Volunteer,3
09587cc9-b816-4303-a70b-1f1c2fbe3166,Hardik Goda,MALE,First Responder,3
e9d6ecf8-00d8-41eb-92d2-9d626bfe8666,Divya Bandi,FEMALE,Doctor,3
72ce3b9c-7e93-4db6-9ae1-f1d4d6c2fcee,Yashica Konda,FEMALE,Volunteer,3
1d4f8fd4-38af-42ae-aeee-c6d2ca1dfd58,Arin Bhatia,FEMALE,Doctor,3
2559da10-cb99-44d3-9bc1-25a0622a4ea9,Wahab Lata,FEMALE,First Responder,3
94ed695d-5cf5-46f7-96d1-93cfbfe2050c,Pranav Bhatti,MALE,Fireman,3
16af3f9a-912c-495d-bdcd-cd2dd1e66896,Balvan Mahal,FEMALE,Volunteer,3
cce711a6-1e39-4d37-9d03-d0433e5a96a5,Priya Wali,FEMALE,Volunteer,3
83983eb2-d71d-4434-9087-d72cf0f6fe92,Sathvik Natarajan,FEMALE,Officer,3
3afd8aa0-c05b-44c6-8da6-ff34bc506d42,Ronith Puri,FEMALE,Volunteer,3
9e5cdf74-79db-4862-bbef-8c7ca559bbc3,Oliver Mann,FEMALE,Fireman,3
7ded7ead-8593-4eb9-b8e4-fdfcea7136ed,Yadavi Krishnan,FEMALE,Doctor,3
904d4dab-a8bd-4368-aa06-af45743a5377,Omaja Kuruvilla,FEMALE,First Responder,3
386fb213-771e-4ba4-8d68-4fc30608ac49,Orinder Goswami,MALE,Doctor,3
bd8220c8-87c1-47de-8b5b-496c7061f5f9,Dalaja Solanki,MALE,Doctor,3
b05d9143-feea-4932-9482-79a2a77fe406,Anusha Chana,MALE,Doctor,3
14a979e4-42f6-4d93-864f-a3fbc670e777,Tara Hans,MALE,Volunteer,3
5a7b34b3-90af-4d58-9127-d78465ffdff7,Vamakshi Bora,MALE,Officer,3
b58ee592-18c6-4e19-992f-738dd7c7ed47,Udarsh Kapadia,MALE,First Responder,3
31e57efb-3b40-4ff3-b275-bd479db5f6d7,Yuvraj Raja,MALE,Officer,3
2ecf3902-fe41-4223-bda5-a525c222d33d,Veer Mander,FEMALE,Fireman,3
02dcf9e3-3df9-4518-8fbe-e94c05b79085,Ubika Mane,MALE,Officer,3
d9b5e696-bcc7-4bfa-9e37-b2e9016798df,Hredhaan Badami,FEMALE,Fireman,3
dc90dcc6-ffc5-4ba9-9ba9-f6f82f66ab7c,Nandini Koshy,FEMALE,Volunteer,3
8abc3200-81d0-4f6e-b48c-37265d9f4b79,Gagan Muni,MALE,Doctor,3
0729c1e7-8852-4600-8b2f-62b37cc57e51,Hema Modi,FEMALE,Fireman,3
ea017624-4b45-4ff2-bb44-fddca23cd109,Saanvi Konda,FEMALE,Doctor,3
f4ef4082-69d5-4069-9e20-92e8a5d02efc,Gopal Zachariah,FEMALE,First Responder,3
701c1148-8692-47ac-b84c-19c73245d9a8,Abhiram Goda,FEMALE,First Responder,3
616420a2-ead9-417f-bc05-d5fd5ded99e7,Saanvi Bajwa,MALE,Volunteer,3
14faa19c-5066-4418-af0e-6a6b7b29a1a4,Brijesh Mitra,MALE,Volunteer,3
269c4812-8841-423a-a224-b18c11d6c370,Anvi Chowdhury,MALE,Doctor,3
863c6169-821a-4de8-8133-c606031fbc0a,Saksham Patla,MALE,Volunteer,3
138ef720-fc22-445b-807e-320a069f5c68,Lakshmi Bhagat,MALE,Doctor,3
350bdea1-193b-4d46-8d65-ab8ff23ff114,Zaid Sur,FEMALE,First Responder,3
33c8fd8b-456d-47f2-a997-5727e35591d9,Vansha Sharma,FEMALE,Doctor,3
6edf1546-a553-4064-afdb-cabb350f346d,Krish Thaker,FEMALE,Officer,3
b94c9aa6-6cc4-4ab3-b79e-135b31d0a61d,Nilima Mishra,MALE,Volunteer,3
781f4499-f474-435e-9001-9f214c0ae7b2,Mitesh Anne,FEMALE,Officer,3
29e67ee4-1118-4b5a-85f8-a6d4b5d03466,Qabil Butala,FEMALE,Fireman,3
15d5c90f-8566-4a11-b886-1f8f6b1b8bf1,Wahab Chokshi,FEMALE,Volunteer,3
4e801101-f1bc-4f59-8301-71760fcd3205,Ekbal Mukherjee,FEMALE,First Responder,3
b2aa09c4-441a-4c0d-9042-af529652db5d,Logan Parekh,MALE,First Responder,3
3e933266-c665-4bf8-bf25-0b0f6e136648,Kalpit Salvi,MALE,First Responder,3
59dae615-4a49-43ca-82a2-d5fb6e58a81f,Gayathri Garde,FEMALE,First Responder,3
2d68f33d-fda7-4f5d-90e6-4c145dd99c0c,Joshua Swaminathan,FEMALE,Officer,3
1591d512-f0dc-4b36-9e27-0e8b44fa89a2,Kritika Venkataraman,FEMALE,Doctor,3
727c1894-7214-4440-8318-d932bd580acf,Rohan Zachariah,MALE,Fireman,3
4404eeb7-5a89-4ab3-8275-c4b04968d6ce,Aayush Sathe,FEMALE,First Responder,3
b5c9be36-6707-488f-81ce-71abf062e401,Urvi Kuruvilla,MALE,Doctor,3
1b52f179-b2b0-4187-a2c4-24f97194c009,Xiti Soman,MALE,Doctor,3
f74d4504-7cba-45d3-acfe-58bd86fb47db,Divya Dutta,FEMALE,Fireman,3
c312d268-4d62-4def-84bc-c8ede3eee748,Yadavi Borde,FEMALE,Officer,15
2348d172-4493-428b-9986-1bd93a71447a,Eshana Bala,FEMALE,First Responder,15
b00e7b2f-4109-4ea1-a6c9-109d6502c0a7,Azaan Upadhyay,FEMALE,First Responder,15
a2464f3d-87c6-451d-970f-273a8b44dcce,Sudiksha Walla,MALE,Fireman,15
df663c82-b291-438a-be68-5ed3591e9752,Idika Purohit,FEMALE,Officer,15
1593f477-6b55-418a-b7c2-5358f53308ce,Wyatt Anand,MALE,First Responder,15
333f7aab-6ef0-4fa2-95af-78eeed269fe4,Girindra Bera,MALE,Fireman,15
7a4d5612-50c3-4d64-994e-0eb67e709b45,Banjeet Palla,MALE,Doctor,15
466e27ee-a8ae-445c-9e4d-8a1de74c0b25,Sudiksha Balasubramanian,FEMALE,First Responder,15
a870cb69-5d2d-4c99-a13a-88a305ba2952,Amol Din,MALE,Volunteer,15
616d237a-dda5-47a3-bc94-f5a35ccb274d,Aishani Bobal,FEMALE,Officer,15
451e6be1-5a91-4637-b54f-ecac77e2c2ea,Kalpit Krishna,FEMALE,Officer,15
19c71898-4315-4c66-8bf5-28345a72b7ff,Kamya Sridhar,FEMALE,First Responder,15
d919e886-6f29-4f25-b320-9492d904c13f,Ekanta Srinivas,FEMALE,Fireman,15
d079ec0c-1b4d-4078-921e-edc7a0c375dd,Agastya Krishnamurthy,FEMALE,First Responder,15
2b2601ee-c23c-43a3-8d31-9737aeb531d2,Henry Sengupta,MALE,First Responder,15
26f273fc-bfc3-4dad-af85-d1624295b1c6,Libni Patla,FEMALE,First Responder,15
2c8f7325-8ed2-4923-b203-a58cbb12c57a,Vedant Mangat,FEMALE,Fireman,15
54f51676-4537-4bf9-a5d3-926c14b439df,Balendra Nagar,MALE,Volunteer,15
aa2c608f-2cfd-4bc1-a7b1-f80c9e8b8266,Kashvi Mander,FEMALE,Volunteer,15
68bb756f-4f81-4bf9-ab52-a5af7968aee2,Gaurangi Mody,FEMALE,Fireman,15
c3af0c95-e409-43b4-9b82-caa144d3fc34,Andrew Kamdar,FEMALE,Fireman,15
d1850c1a-d96d-4389-a283-f6f093eff6fd,Veda Kalita,MALE,Doctor,15
eb1d17e2-c3c3-442d-a27b-63b525ae0e08,Vincent Ramesh,MALE,Fireman,15
45d91509-4691-4ed8-94b4-3649f7517b38,Ira Ramachandran,FEMALE,Fireman,15
06f08594-935e-40d8-8c45-af66681a9ade,Girik Lala,MALE,First Responder,15
fe20b997-f4f5-4f32-88df-fab039fd560e,Sudiksha Dhillon,MALE,First Responder,15
d75fdfe0-94f6-4599-8de4-69fb5d304ad9,Ekbal Sha,MALE,Doctor,15
6896f257-8178-4dbb-9c59-f383b0ec6bda,Kavya Devan,MALE,Doctor,15
94cefd87-cab2-423b-9d63-fdb9c176fadc,Amara Mahajan,FEMALE,Volunteer,15
a0eb00c6-70c3-4849-b7f7-04568b84e2b8,Nitara Kaul,MALE,Fireman,15
5602e4db-bbbb-4a35-9300-503d63b9895f,Manya Kara,MALE,Fireman,15
5291a8d8-8f9f-49b8-a74d-6cc63823a5c4,Vyanjana Desai,FEMALE,Volunteer,15
1867de2a-114b-4b20-a935-bfc1bc832f3b,Fariq Bobal,FEMALE,Fireman,15
2eb5ce85-a363-4c61-af19-b8a7bbe6184b,Peter Ray,FEMALE,Fireman,15
ff9be34b-5535-4dac-a880-309fe356bf80,Luke Sem,FEMALE,Doctor,15
537c408c-187e-421b-889b-64d89ec64d45,Timothy Bail,FEMALE,First Responder,15
dff07168-d084-4b54-a090-96e75a9427ff,Harinakshi Chopra,FEMALE,First Responder,15
ec19453c-53b2-43c2-bc01-74e53547450a,Zinal Nanda,FEMALE,Doctor,15
35d1cc6d-9afe-4963-8e77-a97b7a593a5f,Janya Mane,FEMALE,Officer,15
b1291118-b020-4517-a7d1-3576ea992db6,Naksh Ramaswamy,FEMALE,Doctor,15
b51a7bdd-3008-469f-8fff-ad2f7494d0ff,Vihaan Rajagopalan,FEMALE,Officer,15
3b96c046-aa74-4144-ad80-baa51a4b4864,Kalpit Upadhyay,FEMALE,First Responder,15
48db95a0-24db-4b29-9531-c4151da792c5,Triya Sankar,FEMALE,Officer,15
a9869659-6d83-44b6-8850-86d1dd5fba22,Dalaja Jani,MALE,Fireman,15
1fb0bafc-3433-423b-a12c-81430e3c29dd,Rachita Apte,FEMALE,Fireman,15
716bda91-4e17-4178-849d-c617821e3210,Wakeeta Lad,FEMALE,Doctor,15
df123b9e-02c6-4ce7-894d-c443b2ef8e50,Devansh Roy,FEMALE,Volunteer,15
77d7e139-704d-445d-a048-ba12d4d3b611,Krishna Chaudry,FEMALE,First Responder,15
d252cd28-2055-4e63-9fd2-f12b4ec2ee9b,Leena Dada,MALE,Volunteer,15
bef7ee33-8141-42af-b2fa-00f28bddddf4,Nandini Srinivasan,FEMALE,Fireman,15
11b282ab-7bdf-41b0-ba8d-0bfb99cfa254,Benjamin Toor,MALE,Volunteer,15
4b761c09-f4cc-4be2-adfa-ef01a0c32d69,Jagat Mohanty,FEMALE,First Responder,15
33585339-5e0a-476d-9db0-a00a2df567df,Champak Bhat,FEMALE,Volunteer,15
f80966c5-05a7-4df6-99c7-5e628e8a3259,Wishi Pai,MALE,Fireman,15
da14f83c-0dff-4051-a9c1-663b49cf86cd,Balveer Keer,MALE,Officer,15
5386ba00-af2c-4231-a72c-310a1235508d,Yashodhara Mohan,MALE,Officer,15
966c0d8b-9c51-4ab0-a6db-98c56672aad7,Nikita Dewan,FEMALE,Doctor,15
e4b473d5-f1bd-4f34-a399-2a91dc4e8928,Tanmayi Gera,FEMALE,First Responder,15
5f2a172c-d9de-4848-8086-9c4be6e86ddf,Sara Ramaswamy,MALE,Doctor,15
ef543795-de29-4cec-acf1-fdf4feb28833,Advay Pandya,MALE,Officer,15
a5e3b29e-7702-40a4-a3f0-3b102516fad0,Darsh Wali,FEMALE,Fireman,15
1d0795e5-fc85-480e-a349-b688859d7aa8,Yadavi Devan,FEMALE,Volunteer,15
7223f9b3-0876-4dea-a1e7-6813d2a97e4d,Eshana Sodhi,FEMALE,Doctor,15
cc211622-a54b-4351-b540-70d5324cb80a,Upasna Buch,FEMALE,Fireman,15
e674700c-7774-424d-8d14-6fda876a3e58,Rayaan Mistry,FEMALE,Officer,15
f1c9ca71-e61f-44a7-8f4e-d123d3b93ef0,Nirja Zachariah,FEMALE,Volunteer,15
1771c3b2-dfac-4258-8dfe-c1ed465515f9,Ekiya Yadav,FEMALE,First Responder,15
23c67b72-48e1-435c-bfb3-b6cfacb6c0e8,Aashi Agate,MALE,Fireman,15
e973b8d1-c770-4185-bc5c-10f5a075e936,Warda Soman,FEMALE,Volunteer,15
b54c502c-b14a-47a2-b274-425043a93b22,Saksham Samra,FEMALE,Officer,15
ee0252f6-d939-49d7-9dd4-96e8fcddb3d8,Ekansh Chhabra,FEMALE,First Responder,15
ef3edc06-49ad-4929-8c43-e24974b632d3,Ekaraj Shetty,FEMALE,Volunteer,15
aa090277-6a5e-44ad-b054-bc4c8db6b4cc,Anay Bhandari,MALE,Volunteer,15
43c55d56-8efe-4735-8fb6-df782e610a2f,Oviya Manne,MALE,Doctor,15
1788078c-3f8a-429f-927f-90c34d5b2877,Mitesh Dhaliwal,FEMALE,Doctor,15
c207d6bf-97e0-4764-87e3-31e60af4115d,Sanya Chaudry,MALE,Officer,15
54bc0756-6eb6-49c5-a4a1-947381745652,Finn Krish,MALE,Fireman,15
84bc1e8e-f37b-4c5e-88fe-174c5c945417,Hemal Lala,FEMALE,Fireman,15
ec932006-0538-4574-ba4a-4d46c90aa062,Hemal Sheth,MALE,Doctor,15
69b85c3d-4832-4c70-8c0d-6d658f53947c,Max Bumb,FEMALE,First Responder,15
f907c85a-5e04-4c15-8d03-adbbf91472d0,Ojas Patla,FEMALE,First Responder,15
5ed6f4a8-3177-4667-b1b6-f8b01c01e9f5,Forum Roy,FEMALE,First Responder,15
29dc29fd-306b-4e92-ac59-80797bf65638,Fariq Keer,FEMALE,First Responder,15
d368e429-2c1d-4904-a10c-5f1b7a153813,Omaja Patel,FEMALE,Volunteer,15
7bcf13cb-f910-4c53-b8bd-7beecbc394e9,Bhavya Kakar,FEMALE,First Responder,15
61d490aa-23e7-41a2-8af0-2c3d83719bfe,Yochana Sinha,MALE,Fireman,15
1e673964-3e08-41fd-84ec-796eb6e95d43,Sneha Kade,FEMALE,Doctor,15
d9e22d80-6f4b-49b8-a8ce-d0b3edf50f87,Meghana Mukhopadhyay,FEMALE,Officer,15
7117884c-be2c-4f46-b33d-cc522df4afcf,Waida Majumdar,MALE,Doctor,15
43c8cae4-2927-429f-a04f-590b4cd6e656,Lila Deo,MALE,First Responder,15
88db603d-66ee-476c-91cb-2d52f82cf0e3,Falan Kumar,MALE,Doctor,15
d284a493-657c-402c-8d42-6ac956101f9a,Advay Chaudhari,FEMALE,Volunteer,15
c646353d-e677-47eb-b55f-cf4b6cc6136b,Kavya Dani,FEMALE,Volunteer,15
11fade7e-8021-420b-980a-a34b643d66e2,Zehaan Bhandari,MALE,Fireman,15
7f2bf34c-ef2c-453b-8ad6-53d724aaa3bb,Madhavi Gade,FEMALE,Fireman,15
a82ba17b-11fd-4697-951f-1552eb283a49,Thomas Bhardwaj,MALE,Volunteer,15
fd74a025-f7ff-4f0f-8335-ecd1ad323f5b,Ira Lanka,FEMALE,Fireman,15
5b57f46d-b9c4-4d27-a438-12429c762018,Oliver Mander,FEMALE,Volunteer,15
f8eebbea-105d-47a9-9aff-ba69ceedf487,Urishilla Kunda,MALE,Doctor,15
6696e222-4517-4f9a-b6e3-7fd116695416,Rushil Sachdeva,FEMALE,First Responder,15
d687a77f-ff55-4196-a101-73d9c073a434,Mitesh Memon,MALE,First Responder,15
79103a71-4b3f-4801-ad50-598c56feaecf,Maya Kulkarni,MALE,Fireman,15
374febfc-42f6-4cea-9af3-d645f8a73668,Andrew Pau,FEMALE,First Responder,15
886c5402-be9b-4d8d-9746-11edf81adea5,Hritik Yadav,MALE,Fireman,15
1a0f3517-f14b-4ea0-a8cf-b88d1e798575,Omya Bhandari,MALE,Fireman,15
ce94dab4-5cc2-4d0c-87ac-c0e85659c2ba,Jackson Chacko,MALE,Volunteer,15
7821c287-e242-4383-b9bb-ad2c55de34b1,Divya Nayak,MALE,Doctor,15
6048d04f-54c2-44e8-89a6-76f410041cbb,Victor Menon,FEMALE,Officer,15
32be0e50-1948-4348-9dba-42e314307930,Hredhaan Pai,MALE,Officer,21
f6247fd7-abfa-43f5-992e-caba67edd442,Oviya Ramakrishnan,FEMALE,Fireman,21
55307fab-0bd2-498c-9aac-9761498cbc50,Yashica Suri,FEMALE,First Responder,21
fddafae5-ab93-4987-b3b2-660d2e0b0758,Qasim Tripathi,MALE,Volunteer,21
dbbdeed5-4f2a-406d-8906-80d9cd3e589c,Ikbal Shenoy,FEMALE,Fireman,21
a53768ce-e07b-4fc7-8597-d225c2c1f685,Sanaya Bandi,MALE,Volunteer,21
78046996-ce78-441b-9109-88a04d2ed553,Dev Chakraborty,FEMALE,Fireman,21
9acf3901-0b01-4f2b-a5ba-12fbc2120be8,Owen Bhatt,MALE,First Responder,21
7b3d6d56-479c-4e1e-885e-615daf44f0ca,Priya Doshi,MALE,Officer,21
43077c47-3df1-4c65-b751-d372eebce038,Jeet Anne,MALE,Doctor,21
c207fef9-ed42-4828-b3d7-915f234a2a80,Chakrika Das,MALE,Volunteer,21
9f1b44e6-e876-4488-848c-47e3298f31e0,Kavya Shukla,MALE,Volunteer,21
f3f1d70e-e53a-4236-ad26-581903db03f2,Siddharth Seshadri,FEMALE,Doctor,21
fffc002d-e233-43ef-b396-b8feab935749,Arunima Hans,FEMALE,Fireman,21
bb29836a-0fab-4a15-aa93-93a2d2411b85,Ansh Virk,FEMALE,Doctor,21
279b6d2f-54af-4b3d-af91-4f8032d7aafa,Mugdha Upadhyay,MALE,Volunteer,21
eae3dcf9-b589-4a99-aa93-33598d384f49,Azaan Pant,FEMALE,Doctor,21
cc97873c-d906-493f-933f-6d12d0504a86,Udyati Gandhi,FEMALE,Fireman,21
4f79c90c-8dc6-4949-bfd3-4c45302455b2,Ojas Shenoy,MALE,Fireman,21
704b3351-c645-4990-830e-fd257d64a354,Odika Biswas,FEMALE,Doctor,22
df641965-4156-4d26-b5a3-d4fd9829a5eb,Daksha Bains,MALE,Doctor,22
ce534b3f-51bc-4bbd-a6da-0e8f65825977,Lopa Parsa,MALE,Doctor,22
d7173230-38b5-4dd5-a4bd-fdc9a36f7bc8,Aarush Yohannan,FEMALE,Fireman,22
2e0aa84d-ad0b-4ece-baa0-b7d779718005,Dayita Chowdhury,MALE,Doctor,22
d5628a3f-d1ae-45ea-a6a8-9e96e2861f3d,Fiyaz Bail,MALE,Fireman,22
eef0aa89-0994-4f10-a1cd-cf4d175ffb87,Ucchal Edwin,FEMALE,Volunteer,22
0feb4879-5869-4af6-be94-e5196d1939dc,Girik Koshy,FEMALE,Fireman,22
6465af9a-0e8b-442e-96f8-10b0f2d5c20b,Mugdha Nayar,FEMALE,Fireman,22
68e5cf25-bee7-40ac-b9a3-a79434771188,Aishani Mandal,FEMALE,Officer,22
0ed43951-dc39-4192-8a85-a34e835ed727,Balveer Bajwa,FEMALE,First Responder,22
392c61e7-9a41-4cf2-b697-50ecd556359c,Daksh Chaudhuri,FEMALE,Volunteer,22
3e515910-9dbf-4494-860f-cf5b4c255df2,Madhavi Deshmukh,MALE,Volunteer,22
aece8d83-0d01-47a9-a352-22e23abd2254,Isaac Mutti,MALE,Volunteer,22
c7dcd1f8-3045-4a70-ae34-35caedc58f1f,Radha Dhar,FEMALE,Volunteer,22
3bbf440a-6a6c-444d-94cd-a4db5df0ec29,Kashish Bandi,MALE,Officer,22
a6531e66-eb6a-4dd9-b816-736470f61dd6,Veer Raman,MALE,Doctor,22
ef0a392a-a392-416d-b66f-6326476ad8c9,Sachi Hora,MALE,Volunteer,22
d5a55a1b-93a2-4a01-8f6b-ae7826a5f7d4,Chatura Parmer,FEMALE,Fireman,22
2113049b-0f73-4db7-9b2f-9674dbdf3fad,Anjali Devi,MALE,Volunteer,22
10b3d032-e25c-4589-ba2a-04d297681ac2,Jack Mangat,FEMALE,Officer,22
85c74a5d-7c12-40eb-9bbb-1a4cc28b6866,Wazir Sunder,MALE,Fireman,22
c7413eea-140c-4463-ab3b-71deb4d8bb15,Krishna Lal,MALE,Officer,22
f0442ef8-3147-438e-a491-15be5f2aa704,Prisha Bahri,MALE,Volunteer,22
9462568f-9cc7-4787-87d7-319c0edac7cb,Zayyan Gour,FEMALE,Officer,22
bf38e211-29b0-42a8-9c81-0f751204f0c9,Chaman Sani,FEMALE,Officer,22
1890a6c5-edfd-411e-9de9-f522d82b3180,Bhavini Magar,MALE,First Responder,22
c8c640c4-379d-4a80-a991-864b6ef2f601,Dhruv Bajwa,MALE,Volunteer,22
735fd38f-0819-4d74-be56-a7475f99c580,Leela Bhandari,FEMALE,First Responder,22
0a3cd57a-f4ba-40a0-ba9e-d51b080cbbd5,Ekiya Nagi,FEMALE,First Responder,22
9569ea68-585c-4afc-afba-d757905efd53,Madhavi Mittal,MALE,Doctor,22
60bdcfe7-c43c-4792-8304-fd65dd362d37,Advik Menon,FEMALE,Doctor,22
6e606ef7-cb8e-44f6-aac4-96da3e872217,Ishaan Baral,FEMALE,First Responder,22
650ba01e-c2e5-4dc7-9b96-d92a62587363,Anmol Sabharwal,MALE,Doctor,22
a1cbc63d-7161-4398-b86a-d3bdf245ff84,Rachana Upadhyay,MALE,Officer,22
af3aac13-0bea-4328-b4f2-9849be24c8d6,Yochana More,FEMALE,Fireman,22
92392095-67bf-4e44-9f88-089fc28c0a2c,Bhavini Khurana,MALE,First Responder,22
32676ac5-0a6a-44fc-bf98-bcc2537248af,Anya Chaudhuri,MALE,Officer,22
fc10f26d-eca2-480c-98c5-6cece90abd23,Mugdha Bhardwaj,FEMALE,First Responder,22
cb04a794-4a84-4aa8-865c-17933236f03c,Manan Tella,MALE,First Responder,22
c205b597-3bbc-4ab3-8fde-eeedc3294088,Nakul Bath,FEMALE,Officer,22
057f37b3-205d-4d4d-83e6-787e8ee358c8,Vasudha Menon,MALE,Volunteer,22
ba011097-f62e-4412-81fc-223733b210c0,Joshua Kibe,FEMALE,Volunteer,22
cef518ed-dacc-4d9d-9a17-301dce2c34fa,Ansh Dora,FEMALE,Volunteer,22
e4e45b83-eedd-4d46-a593-9af51867e71f,Peter Rai,MALE,Volunteer,22
3e2f7385-e8f8-4d3b-8f50-027c2e7d155e,Umang Patla,MALE,Volunteer,22
63368241-4f1d-4c1f-8d88-21c45bcbd86b,Shravya Prabhu,MALE,Doctor,22
c25dba9a-a7c9-47c6-9f5b-effd14281aa2,Isaac Murty,MALE,First Responder,22
fe2db5b4-7297-4f1c-842c-6e7e720b4feb,Chakrika Lal,MALE,Fireman,22
ecc39fc5-96a2-4c94-a6ad-dbf9a105d633,Amaira Naik,MALE,Doctor,22
d341c59e-8405-4e3d-81cf-6139dcacef78,Harish Sood,MALE,First Responder,22
001f9141-9c26-43de-a1ec-4d72fff6994f,Chandran Lal,FEMALE,Fireman,22
e0b6a868-e624-4078-9ecf-8aa62c17fd79,Meghana Jaggi,FEMALE,Doctor,22
ee0a2170-1de2-4202-ae8a-cc5934b60b60,Madhavi Dua,MALE,Officer,22
ce0948aa-c2da-46dd-bb1e-7a24c3e2ca14,Arjun Ramachandran,FEMALE,Volunteer,22
a86a1ded-d01d-4d10-85cd-32c5efca8e51,Jack Varkey,MALE,Volunteer,22
bc2ea94b-a6ba-4a28-98de-7677fbcad5a6,Ishanvi Mukherjee,FEMALE,Fireman,22
73cbd6d0-3156-41e9-b163-00d93435f456,Ranbir Bhat,MALE,Fireman,22
eb572221-6b2b-42fe-a331-ee9bbd239689,Owen Kulkarni,MALE,Volunteer,22
c9d4542e-f0cd-4373-90a0-26971ee1f252,Gunbir Kapadia,FEMALE,Doctor,22
6d21f15b-f034-4b10-a844-3b7d269c05d3,Jasmit Khurana,FEMALE,Officer,22
b063f3c0-ddf8-4977-9e4d-87a171c9b21f,Geetika Dash,MALE,Doctor,22
c489c345-701d-49e5-99b5-d705beee872f,Fariq Parsa,FEMALE,Doctor,22
b59403cb-6471-4aac-b9a3-585d514b18bc,Veda Kadakia,MALE,Fireman,22
4565f705-1b99-449d-b917-ac2c3db258ba,Balhaar Bhavsar,FEMALE,Fireman,22
439c837c-c49c-4121-a60b-8d2ebd0f32ea,Gaurika Om,FEMALE,Officer,22
a15887f8-38df-44d0-8450-8e85d7729ead,Patrick Mody,MALE,First Responder,22
188fa86c-1f40-4a96-afac-3b2ecda9965d,Aarav Pillai,MALE,First Responder,22
bae1e652-9ea8-4c8e-b819-9661ca39f6f1,Mekhala Sinha,MALE,First Responder,22
f3cf23bb-93af-47c4-b770-15b05c66fed6,Krishna Chakraborty,MALE,First Responder,22
2289d005-451e-4f23-914c-e6efa70617c1,Vanya Thakur,FEMALE,Volunteer,22
97557ec7-b9ea-40ef-bb86-25d87ba73076,Ekavir Sodhi,MALE,Officer,22
44ec91c6-7160-4d88-8f39-2f979e453bf8,Kala Bhattacharyya,MALE,First Responder,22
fdb8cb67-c9a8-4f48-abc6-1adf10c223c2,Aarush Bhavsar,FEMALE,Fireman,22
913706ce-fcd1-457c-9c1a-f652b868ceea,Jacob Borah,MALE,Volunteer,22
0f64adf3-bd79-4f15-bd5a-52b19af08c76,Ekapad Joshi,FEMALE,First Responder,22
a8f81bf9-3d50-4a54-b6cc-31799d6615ec,Teerth Bumb,FEMALE,Fireman,22
8b1de44f-eac0-428f-a80a-8bda259cfb59,Samar Khalsa,FEMALE,Doctor,22
bd7ab5e8-c546-4b8e-9d4b-289ca55cacb7,Charles Ramachandran,FEMALE,Volunteer,22
72c0e70d-9c39-46bf-b40a-2a84304b14ea,Nidhi Saxena,FEMALE,Volunteer,22
6c36d48e-bf98-4cb6-8d4d-65b6de772e16,Saanvi Comar,MALE,Volunteer,22
9c5cc4fb-cf0a-403a-9fb0-2c6c056c8862,Hemang Raval,MALE,Volunteer,22
92095593-ee45-4802-a463-66bca32d1cd1,Wridesh Vaidya,FEMALE,Fireman,22
b9bcb441-4d58-4938-aa49-4844da157397,Lakshit Sarin,FEMALE,Volunteer,22
848e4fdf-e2de-484b-8c74-33ef97377510,Fitan Sengupta,FEMALE,Doctor,22
91b848bc-80b0-4e84-a5ec-13e847ebce30,Abhimanyu Salvi,MALE,Fireman,22
877ed6dd-0941-46a5-aa0e-93d34e60098a,Suhani Rattan,MALE,Volunteer,22
b42d89ee-4385-47da-b784-b0519602fa79,Lavanya Shah,FEMALE,Officer,22
6181d7fc-5a2d-40dc-bf5f-d84a4ce3bded,Bhanumati Khanna,MALE,Fireman,22
00758298-82ca-4620-b75b-9211e89098db,Arjun Narang,FEMALE,Officer,22
a285d0fa-0406-4978-9814-888cfa095ace,Ishaan Arora,FEMALE,Officer,22
787a2a32-80e0-4433-bacd-33306f646808,Ojas Tiwari,MALE,Officer,22
63897185-dd0a-4cfd-83c9-d9dc0018c016,Falguni Parsa,MALE,Officer,22
a208827c-c434-4f38-9ea1-0719e298c767,Urvashi Korpal,MALE,First Responder,22
62dd2684-272f-43ae-ab36-e13645072733,Lakshit Badami,FEMALE,Doctor,22
70bd7038-de58-4a78-960e-211ce77bff1b,Kabir Kari,FEMALE,Volunteer,22
0cf37b5f-b051-42b4-b18f-7daecdaa7327,Mugdha Rajan,FEMALE,Doctor,22
37e2c9f8-2d89-4435-bf89-cd0d15ffa762,Charles Apte,FEMALE,Fireman,22
e675c9fc-6205-4ed6-b392-b769fb4f6037,Ansh Sanghvi,FEMALE,First Responder,22
c2b99f00-8d3d-4c92-a3e6-daeccb2d2038,Chakrika Bandi,MALE,First Responder,22
6829c44c-dd1a-4c11-855c-566234880ced,Chaitanya Vohra,FEMALE,Fireman,22
7ad11578-f358-44aa-af32-fc6c1f2df5fe,Lavanya Yadav,MALE,Volunteer,22
6242a622-b5c4-4ca6-a245-6a110ade972e,Alka Nadig,FEMALE,Officer,22
857eb985-a21c-4151-a5fc-c4f0643d1093,Chavvi Ray,MALE,Volunteer,22
12bf8525-da5c-430a-bef4-2ae27879b002,Aayush Bhardwaj,MALE,Volunteer,22
7cc37a94-6896-46ef-a2c9-038da2c4847e,Samesh Prabhu,MALE,Doctor,22
95a5395b-0a2d-4df7-9a35-3ab040aea41a,Shravya Sharaf,MALE,Officer,22
df55111f-530e-4de0-8dd2-e216abbed804,Hredhaan Suri,FEMALE,Doctor,22
8dcb94f6-b1a6-44bc-a797-4ed815cb453c,Edhitha Om,MALE,Officer,22
517abe1f-b329-4951-a538-b4c74c7986fd,Bhavya Kakar,MALE,Volunteer,22
8b26085c-85b0-4801-9513-a30e4a8f50dd,Daksha Tank,MALE,Fireman,22
f2e20afb-ffe5-4c5b-9bb8-ef38da21e06f,Jason Mani,FEMALE,Officer,22
33b4e12f-7634-4157-8aa0-327fb9d1513b,Anmol Contractor,FEMALE,Fireman,22
c42b785f-60b1-4f24-ad27-74eabbdf0b94,Chaitanya Wadhwa,MALE,Officer,22
ca591a13-b763-4555-9d0d-dd3430c1318b,Logan Sehgal,FEMALE,Fireman,22
d626722f-cd54-4c00-922f-e3754053e1fe,Warhi Raghavan,MALE,First Responder,7
805cd132-ed9f-4f70-8ce1-96ae5401b614,Suhani Jhaveri,MALE,Volunteer,7
7d4cf759-e830-4414-99e6-0434eace75d1,Mahika Arora,FEMALE,Doctor,7
796a93e2-1110-4593-8ada-92f1e301ffcf,Vivaan Palan,FEMALE,Officer,7
f2e3a239-4438-46b3-b1e0-dbaaca594618,Gayathri Bora,MALE,Fireman,7
65e08df0-c78f-43b5-838a-a037b8a88584,Hemang Sahni,MALE,Fireman,7
3df3ad3c-815b-4278-8d13-6172df075629,Daksha Bhatia,MALE,Fireman,7
7c137ccd-e2af-48bb-bed1-abcef4b7f96d,Sachi Varty,MALE,Doctor,7
c08bc032-8fa2-45d9-993e-dc9fb61bff3d,Robert Vora,FEMALE,Volunteer,7
a538fbc0-984f-4adb-984e-43c2bff32bac,Charita Lal,MALE,Officer,7
8f7876c9-f017-4a81-a1dd-c169883645b3,Aarnav Dara,FEMALE,First Responder,7
4a448dcf-4360-48c6-9a26-13e9cc47f0c9,Yatin Sheth,FEMALE,Fireman,7
7674def5-1e71-4daf-bac6-4a64dfbdd04d,Xalak Prashad,FEMALE,First Responder,7
24747983-8d66-4215-86b9-e09f35be877c,Chanakya Ahluwalia,MALE,Officer,7
318b72c3-6c8e-4ac4-a990-893a8474bb06,Matthew Bali,FEMALE,Doctor,7
ec4ab643-9568-434c-beaa-4531f8532d74,Yashvi Contractor,MALE,Volunteer,7
b412fabf-6fe7-4a2a-9786-4ee92f0d8e73,Bina Aggarwal,FEMALE,First Responder,7
e0302d2b-3f4e-4dbe-b732-bfa080d7c5fb,Ekta Setty,FEMALE,Volunteer,7
165a9e2c-12e3-46a3-987d-0a2a49aaff18,Charita Grewal,MALE,Volunteer,7
6751e205-2f3b-465c-aecc-bc8f76316859,Irya Patil,MALE,Doctor,7
184e2fcf-c3fa-4f0e-8e54-0bd486b5310f,Harshil Behl,FEMALE,Officer,7
be87e5a7-bc36-4592-9f6a-2c64bff50b42,Aadi Kant,FEMALE,Doctor,7
87dd4472-0789-406e-a91a-64ac7310523f,Arunima Kothari,MALE,Fireman,7
5825a323-f1e0-444f-9cbd-7a4517dc1d12,Zinal Balasubramanian,FEMALE,First Responder,7
fe9f2000-426c-4ee1-b970-4cabd0cda6aa,Champak Sawhney,MALE,First Responder,7
3efa34c0-b88a-41d9-bb41-e1083462f353,Sanya Sekhon,MALE,Officer,7
540bf685-a2e7-4d61-98d8-a1b409495b06,Omya Vasa,MALE,First Responder,7
f9760bfb-fca1-45f4-b64b-ad2c367007cd,Chakrika Misra,MALE,Doctor,7
04422ff6-cf80-4884-ae04-4265a5ccfffc,Devansh Dayal,FEMALE,Officer,7
e07bffef-c005-4ed1-8d46-0a7fb9d2b5ac,Nitesh Reddy,MALE,Volunteer,7
6052ae90-97e2-409c-8fab-55d9a9068305,Neelima Saxena,MALE,Volunteer,7
727b0ee0-f48c-473e-918a-9ab61b9950d8,Hamsini Pathak,FEMALE,Doctor,7
b41c4782-1740-403e-9af6-fbbcda747ac0,Zayan Srinivasan,FEMALE,Volunteer,7
9adb18ba-b4d8-4cf7-b0db-be1ad347e063,Meghana Nadig,FEMALE,Fireman,7
1bb68635-f7fb-4b6b-bbad-4ba39199a611,Thomas Oza,MALE,Fireman,7
d9f4572d-86b1-4cc9-b0fc-fdf62b8d90e8,Karan Khurana,MALE,Volunteer,7
13c7dff8-aaed-41ad-b9fe-5be4e3d3f27a,Kamala Solanki,FEMALE,Volunteer,7
e8307275-ecfc-4b3e-9565-0a4ea971f361,Ganga Tiwari,MALE,Doctor,7
ddd5245c-4bef-4445-a1af-d5404136627f,Osha Shroff,MALE,Officer,7
7bf86d9a-ad07-485d-9d76-88b5723ff630,Urmi Virk,FEMALE,Fireman,7
cf46605f-014a-49f5-8460-3a219a2b37d1,Megha Baral,FEMALE,Fireman,7
eddcf98c-0289-405a-9809-a1e4754c2878,Bhavya Dugar,FEMALE,First Responder,7
b50c7616-94a7-4310-9dcf-d39b45279f27,Aryan Minhas,FEMALE,Doctor,7
2c966d17-bab2-4888-aa7a-c39119c61c9d,Vedant Chahal,MALE,Doctor,7
3c065ca8-cab6-45cf-b4d0-323d181159e2,Isaiah Munshi,MALE,First Responder,7
b96ea0c3-73ff-439e-8a12-977f88e0300a,Ryan Ranganathan,FEMALE,Doctor,7
6da1b4ef-be1b-4455-a4ca-ba78c8288856,Leena Sarna,FEMALE,Fireman,7
d5ffdb78-1215-4a54-9714-547fd9926a09,Chasmum Mital,FEMALE,Fireman,7
7b565d0d-bf07-4b84-8e12-5fad2f1da797,Oviya Dayal,FEMALE,Doctor,7
7a5df520-d661-425a-9944-dffb4b2bb33d,Sudiksha Hayre,FEMALE,Fireman,7
f8f9d628-95d8-49f2-be60-a6a8aacc142d,Ishwar Hari,MALE,Officer,7
f3ae6843-98e9-4e94-a06c-fdbc5d5146c6,Yauvani Lad,FEMALE,First Responder,7
794b2889-f753-4471-9229-336141889edb,Saanvi Wason,MALE,First Responder,7
1d8b0556-f275-47e5-a90a-23e7f07dfea3,Daksh Gade,MALE,First Responder,7
3fecbcee-71fe-4c13-bcf7-d71816718980,Anika Kuruvilla,FEMALE,Doctor,7
ab2ff1c5-070c-476a-acbb-6b686ae45a9b,Gayathri Vohra,MALE,Doctor,7
32bdc9b4-c46b-4ac7-bd82-86796cef979d,Ekaja Sanghvi,FEMALE,First Responder,7
02c3b22d-78df-48a5-b84f-ec9d32490c7e,Mohammed Loke,FEMALE,First Responder,7
08a03e1f-4c55-48e9-8934-37e0eaa29c66,Lila Nazareth,FEMALE,Volunteer,7
eede2898-c2e5-47b1-bf6a-452c123d3867,Kashish Parmer,FEMALE,First Responder,7
a04fafd8-4eec-4d07-b1f2-af7261938228,Agastya Brahmbhatt,MALE,Fireman,7
4df27fcb-4185-479d-b22f-cc20385515da,Chatura Bawa,FEMALE,Officer,7
da4c3329-ff95-4c5e-84a0-ca7225736766,Girik Raghavan,FEMALE,Doctor,7
4869ddfc-8926-43cf-8297-93f850a54278,Aadhya Pandey,FEMALE,First Responder,7
1bfae8d8-eab7-4b79-926b-1b6ea8c31d0d,Ekalinga Patil,FEMALE,First Responder,7
cea016bb-3788-4e6c-b551-541efab387de,Yagnesh Bhagat,MALE,Officer,7
5410dbbf-4885-4407-be0a-a2f2a85fd25a,Gaurav Mallick,MALE,First Responder,7
a8e50ea8-c109-4612-a0bf-7176eee67476,Jatin Srinivas,MALE,Volunteer,7
506ce526-100f-48d9-bf04-a01beb14a765,Mitali Kata,FEMALE,Volunteer,7
f2abef45-a9b4-4710-95be-466b675b6294,Saumya Balakrishnan,FEMALE,Doctor,7
79c7b065-98e0-4c9d-ba49-beda96ab231f,Neel Sunder,MALE,Officer,10
d89df374-95e0-4128-9f6a-de58e51040a7,Wishi Uppal,MALE,Volunteer,10
a73303a8-f077-4d75-962f-32fedcfa1db1,Jonathan Kalla,MALE,Volunteer,10
2753ac69-5bec-49f5-a623-eac2a25a012e,Faris Vora,FEMALE,First Responder,10
fb93e17a-8e4c-4492-8203-e8603ef94c3b,Ranveer Bawa,MALE,Fireman,10
d7733c26-fdbd-48f6-a451-a1e6277cb8bd,Aarav Kunda,FEMALE,Officer,10
4ae371d6-4b42-49f5-b38b-fadb36c891bf,Niharika Arora,MALE,Fireman,10
bea4636e-e3da-4673-9155-48f79496d2c0,Imaran Panchal,FEMALE,Officer,10
5bbdcc9a-1c01-40b1-800f-6132a43735af,Anirudh Saini,MALE,Doctor,10
8a6efaa6-b925-4651-9a74-ed875bcdcf59,Yatin Maharaj,MALE,Doctor,10
20953e00-e152-431d-8423-26abe7750782,Balveer Minhas,MALE,First Responder,10
8462bd08-8402-48c3-ba57-4fd58dee7206,Udant Bala,MALE,Volunteer,10
5dba3ea1-c3ae-4322-8f08-7d22606d4e16,Vansha Lata,FEMALE,Doctor,10
95404612-2319-4066-8c81-04b8724c0e97,Tara Mishra,FEMALE,Officer,10
07d9d76b-6986-4d81-9198-568157902de6,Azad Buch,FEMALE,Doctor,10
17befecf-5c7a-47f4-93c8-5eb43b20a9cc,Gaurika Sachdev,FEMALE,Doctor,10
08beb791-6930-432c-9d6e-d822086e6c09,Avi Hegde,FEMALE,Fireman,10
d186761f-aa1a-4e8c-89c1-b9aa222ae26f,Leela Atwal,MALE,Doctor,10
20b4fcee-e1b6-4e0c-9d34-922ac2b6ba1c,Eiravati Raman,MALE,Volunteer,10
9f867911-e423-4c6f-8dfa-7fa2d116c5b4,Neha Iyer,FEMALE,Fireman,10
6f4fb4c0-74fe-4f3d-9eb7-ce1b9e92ee49,Ati More,FEMALE,Officer,10
3976c6e9-b216-461e-9dbb-bbf9ff5e3652,Zashil Sura,FEMALE,Fireman,10
d30372b2-e851-4267-949d-506024bb2292,Upkaar Vyas,MALE,Doctor,10
ad1d1d0b-626e-45af-9652-e2f48ecb59ea,Avi Yohannan,FEMALE,Doctor,10
b9f10b27-4cf0-4ab4-af4f-5705dcbe99a4,Aadhya Handa,FEMALE,First Responder,10
7a7581bd-bb3f-4e58-be65-1daf6a022b14,Jagdish Arora,MALE,Volunteer,10
31cfd99c-6c35-419f-9aa4-8ef391441735,Yochana Nayar,FEMALE,First Responder,10
a91fd505-7ad2-4c7a-8084-ee5a5e3fdd15,Tara Ben,FEMALE,First Responder,10
5aa10670-9d07-459a-ac1e-499b2a7c2420,Ekanta Gera,FEMALE,Officer,10
e783dbd5-93cf-49fc-8b43-dd1ef8e1a5cf,Yutika Ranganathan,MALE,Officer,10
a79c1161-8d1e-4c65-ae1d-f745a761795d,Yagnesh Dhar,MALE,Fireman,10
ad15737f-5824-402b-ab6b-a49d34e5d24c,Nakul Naik,FEMALE,Volunteer,10
03081aad-dd30-4af1-8f09-815670483f28,Warjas Nigam,FEMALE,Fireman,10
15c68249-83eb-4246-80e1-eed336f32780,Hitesh Lata,MALE,First Responder,10
93fef8de-60db-4544-8c54-1a1f46ebf7e4,Jagdish Patla,FEMALE,Doctor,10
7db20cd3-3abf-45ca-8fd6-0f21f7358155,Amrita Dhar,FEMALE,First Responder,10
fa94b21b-266c-420a-b44d-f28968394911,Anmol Bala,MALE,First Responder,10
9233c84a-dee1-4896-80aa-a580db8c33e9,Yadavi Dutta,MALE,Doctor,10
4e705548-4598-45a1-ab1b-c575f554b1c1,Laksh Aurora,MALE,Fireman,10
5a2b2c09-0400-4bef-afd7-67764aba7b55,Daksha Natarajan,FEMALE,Officer,10
9988c3a6-562b-44bf-b127-f69ee9d41c97,Sai Nagar,FEMALE,Volunteer,10
b2ecf9f9-7208-4e40-a54a-68a578212510,Jasmit Pall,FEMALE,Doctor,10
116a9a7b-7f91-4fde-ab17-640a9d48ea59,Logan Jain,FEMALE,Doctor,10
306a8931-708f-4b5c-86ce-e29ae1be79d4,Yoshita Ratta,MALE,Fireman,13
135152fe-fb0e-4e8f-a4c7-abb08bf4f635,Mitali Sagar,FEMALE,Doctor,13
1b517dec-aa74-4356-99e3-77061e8a283d,Vritti Ramesh,MALE,First Responder,13
928ca8dd-9552-4df2-955a-b1f577fb1924,Lekha Rana,MALE,Volunteer,13
0ce0b7d8-7413-4b01-acb7-0f5b4c9c1999,Jeet Narasimhan,FEMALE,Fireman,13
08c34c06-9ab6-49d7-aeb8-646f7e106977,Divya Nadkarni,MALE,First Responder,13
bdef201b-f051-4c5a-b615-ad921c6f0342,Guneet Sur,MALE,Officer,13
7605eb4c-482a-4fef-8868-ebe5b295690f,Megha Khare,MALE,Fireman,13
c101e7d8-2f72-46e8-a44b-3c416b97cfc8,Zashil Dhar,MALE,First Responder,13
051591ae-ea80-4914-a3a4-6555060bec61,Anamika Nigam,FEMALE,Volunteer,13
604d7ea5-3c57-4afa-b6ac-e96e8afc4d1f,Zehaan Johal,FEMALE,Fireman,13
f73c6614-6a08-44f6-b035-5982e1c4c4d3,Abhimanyu Randhawa,MALE,Fireman,13
25d69a65-cf25-4b4d-b9d8-37114e6a16fd,Yochana Sibal,FEMALE,Fireman,13
363f3fff-0652-49eb-9035-616c6da3f7f3,Aarush Nayar,FEMALE,Officer,13
a7187e2b-64a6-4f4e-a867-260ad99a7b01,Zehaan Nagarajan,FEMALE,Fireman,13
24a5c8ba-a4e0-42de-ad1d-56f49f147c94,Gauri Char,MALE,Doctor,13
edcc6044-9a2c-4376-be7b-7e2333c121f1,Utkarsh Bhardwaj,MALE,First Responder,13
52593116-5bea-4775-a875-7e5908405c66,Anvi Virk,FEMALE,First Responder,13
56fa31a0-b68f-4719-b886-0932678a67f5,Atharv Chadha,MALE,Doctor,13
516e70be-f7d1-436a-8ca7-740312322a29,Tristan Gaba,MALE,First Responder,13
99230f2f-8318-4850-8fe1-b6a2d6d5dc5e,Xalak Thaman,MALE,First Responder,13
17450d12-971c-4e1c-b8f3-b57fa5055839,Rishi Yadav,FEMALE,Doctor,13
94158cfd-034b-45b7-96e1-aa485c6d7b63,Vivaan Kari,MALE,Fireman,13
1eb2a08e-4a05-43fb-a2be-420e2406389c,Azaan Ravel,FEMALE,Doctor,13
eae011df-6cff-4e6b-a70d-3d8902f29e2e,Chasmum Ray,MALE,Officer,13
28c5fcef-0e16-401d-ae19-c029979cbf80,Victor Rajagopal,MALE,Officer,13
ba92b368-c9fb-46fe-919a-ded9e43ffa5d,Harinakshi Kata,MALE,Volunteer,13
dbc874e6-b02c-4c39-a9b5-0c9483ca12c6,Faraj Srivastava,FEMALE,Officer,13
7e105e66-a779-486e-b6a7-7b4054c12fa8,Hema Mammen,FEMALE,Volunteer,13
a125ebef-6bec-449e-b866-8bdcd65da3f5,Ojas Sant,FEMALE,Volunteer,10
c1c1ec2f-6739-4dc2-84e4-985de5a18dcc,Gaurang Bajaj,MALE,Volunteer,10
ba66ccb1-af03-4f82-a699-a3909c0a3b6f,Ganga Choudhary,FEMALE,Officer,10
2315c63e-f453-4a9a-9480-bd52cb76c950,Simon Mutti,FEMALE,Doctor,10
d4f51c7c-615a-4b2d-8cf7-55ef17aa29ec,Triya Kothari,FEMALE,Volunteer,10
ff317c03-fa4c-4c25-9c19-5b895921697d,Kalpit Lalla,FEMALE,Doctor,10
4521bc54-389c-45d9-bde6-d9a3af98b9db,Amaira Patla,FEMALE,Fireman,10
a7ad7b91-80a1-4422-abc5-dec36ba56e38,Faqid Jani,FEMALE,Doctor,10
20d8c50b-5528-4ed4-96f3-2343459cfe3f,Hitesh Nazareth,MALE,Officer,10
4a0ba9ca-647e-49d3-8ed3-87f023005c1a,Ishwar Panchal,FEMALE,Fireman,10
26dd2c26-0805-4eaa-be37-35e8a0b30dd6,Ojasvi Narayan,MALE,Officer,10
39eed4ee-39a2-4a8b-94b4-76165de4f9a7,Aahana Sarma,FEMALE,Officer,10
15c7c0f3-91dc-4612-86ac-fda99aff91bd,Dominic Narain,FEMALE,First Responder,10
ca91ad05-b585-4857-9577-39591f347495,Qasim Keer,FEMALE,Doctor,10
6c7b2d67-d3ff-4fca-a145-53738dbeefd9,Lakshit Kar,MALE,First Responder,10
842d41c4-a9da-4b4f-b1ba-ebd1cec780df,Tara Balasubramanian,MALE,Volunteer,10
36f78f56-81ab-481d-b1b7-988a78dd7efd,Xavier D’Alia,MALE,Officer,10
c4edda4b-6cd1-4219-8b8a-33379e9fc512,Nakul Chand,FEMALE,Fireman,10
58f936ec-7c21-4e65-a7f6-c79707337761,Geetika Seth,MALE,Volunteer,10
8cd92c56-a2ad-464a-89e7-e1eeea170423,Dayita Shan,FEMALE,Volunteer,10
b003898b-bf41-427c-8ab2-a88528740f1e,Vanya Shah,MALE,Fireman,10
e60be09b-9e5b-4186-8ebe-ab30bdd17586,Hemani Deshmukh,MALE,Fireman,10
ae41b518-aab0-4d38-87cc-ef1b386a44a9,Faras Sarma,MALE,Doctor,10
c8973184-cca9-48a7-802a-7d57916265fa,Lila Bose,FEMALE,First Responder,10
bf1e7b80-ada5-42f9-94c0-7096eb5be4eb,Warjas Balay,FEMALE,Fireman,10
b53443f3-f406-41f8-aae6-4251f20c8423,Manthan Oak,FEMALE,Fireman,10
5024f3d0-dfb7-449e-a83a-0359549df098,Eshana Kata,MALE,Fireman,10
2a5ceab4-ff55-49e6-9278-ca899a7ebb75,Amrita Rout,FEMALE,Fireman,10
e96fd4cd-8c7c-4f36-af45-e0142046f3e4,Hiral Oommen,MALE,Officer,10
3b0a54af-d21b-47c3-b427-476e85cd8064,Indrajit Om,FEMALE,Officer,10
1a165562-8d77-4a68-8247-f137b51e4fa0,Ekansh Sarkar,FEMALE,Fireman,10
1dd77d9e-08b7-428f-88cf-a49aa851433d,Falguni Ramaswamy,FEMALE,Volunteer,10
a0387f03-ea5b-4818-b807-d72d318b19bc,Odika Nazareth,MALE,Fireman,10
ac40b366-bd32-43b9-b8bf-b76ece3281dc,Tanay Bala,MALE,Officer,10
dc231ceb-9654-498e-b9a6-2d5b5f91fcdf,Shaurya Rau,MALE,First Responder,10
1e7a84b1-ff1b-4a87-88df-052dc537f05b,Damyanti Apte,FEMALE,Doctor,10
91ea572b-225a-41da-82af-1c778a396696,Imaran Khare,FEMALE,Fireman,10
1d47ff66-ae8d-4a85-a5ee-8e64bf733586,Vansha Sarna,FEMALE,Doctor,10
4fab48ee-2f43-45b8-91ec-e2a9d9a04e40,Vincent Shanker,MALE,Doctor,10
15c86b4b-adb5-4a3f-b565-855173619bfb,Rajeshri Sastry,MALE,Officer,10
a36d4f1e-bcf1-4ba2-8e5c-b698e959624d,Yatin Chhabra,FEMALE,Officer,10
301fb6a2-4ebe-41de-9007-615275d37abd,Ekanta Mittal,FEMALE,First Responder,10
375e7046-2339-4c78-b510-038e640c7dfa,Baljiwan Raju,FEMALE,Officer,10
b499007f-5fea-4e83-ba8b-7d47263ff154,Leela Om,FEMALE,Officer,10
1dbb7cec-75f7-404b-ba1f-468775188b64,Chakradhar Saxena,MALE,Fireman,10
23186d4d-70ad-440a-a781-61b466b9d16b,Osha Brar,FEMALE,Volunteer,10
e8c0a44f-422d-402b-867a-87e8c23f23f8,Yachana Saraf,MALE,Doctor,10
90291f2f-44e9-4a7f-8f19-6502ff645111,Nathaniel Parmer,FEMALE,Officer,10
5bd16d82-baa4-4894-bc94-282ae621b9d6,Gaurang Kapur,FEMALE,Fireman,10
b873d7d2-b7f8-4753-965e-85f5a90efa37,Jasmit Badami,FEMALE,Volunteer,10
c28f758d-fa8f-443a-bd8d-5d3b7e14cc5a,Luke Merchant,FEMALE,Fireman,10
81343609-f34c-4a7e-884e-4682075f79b2,Gunbir Oak,FEMALE,First Responder,10
3f8cdcb4-a078-43b4-b914-764c9fe507a8,Farhan Balan,MALE,Doctor,10
955c4658-50af-4410-883b-054cf3e38ac9,Vamakshi Chander,MALE,Fireman,10
ec253895-73f3-45f4-9244-1f24fe090c68,Yuvraj Bava,MALE,First Responder,10
7f75bde5-e244-4be3-b107-47305c737cb7,Zaitra Patla,FEMALE,Officer,10
469f9967-3e5b-44db-80a1-fb8532b6622c,Naksh Panchal,MALE,First Responder,10
ac0393b2-e116-4f92-ad04-40b136650ea8,Udant Shan,FEMALE,Volunteer,10
9d5bf0d4-ac67-423f-86a9-e5993efb696b,Maya Seth,MALE,Doctor,10
14d72fbb-b8ab-474f-8a46-243c2c77e59c,Ekaja Bail,FEMALE,Fireman,10
b276f534-c83e-46c5-b3df-495304590fa4,Gunbir Acharya,FEMALE,Volunteer,10
8c78651b-24c6-47ae-8f4a-df2e2380c7d1,Dhriti Chopra,FEMALE,Fireman,10
dd038227-705d-44e4-bcb6-aea00df8e8be,Harini Bhagat,MALE,Volunteer,10
795d9151-16b8-4705-a377-008c7a51db56,Anika Wadhwa,FEMALE,First Responder,10
aa231729-0ea6-4d98-8c13-8f419a7ca80e,Onkar Suri,MALE,Volunteer,10
f6c1cad1-6f1b-43f6-803b-b4f536688250,Adya Tailor,MALE,Officer,10
4a5f6a10-09d2-4d8c-a194-04287fa0ff75,Panini Yohannan,MALE,Fireman,10
cb8186dd-ed26-4c09-ba79-1f36d47f40dd,Hemal Sridhar,FEMALE,First Responder,10
b1cc67f5-e502-41bc-8686-f6eacf285d61,Imaran Karnik,FEMALE,Doctor,10
ba331cd6-62b5-4d34-8bd4-b5bdcc63971e,Mitesh Dasgupta,MALE,Fireman,10
1b972ece-0f60-4dbb-9e64-cb649db03dbe,Timothy Wagle,FEMALE,First Responder,10
797be230-b0d7-4bca-bd15-d1a0078d01f5,Chanakya Suresh,FEMALE,Fireman,10
e6282920-a6bf-4b6e-9a32-540545b068b4,Aahana Mitra,MALE,Fireman,10
9ca470a9-590b-4713-9614-158030e05673,Kai Das,MALE,Fireman,10
b111e1a2-36ec-4593-871c-d182a9d37fe6,Dayamai Char,MALE,First Responder,3
4d60b9d5-e74d-4c62-a79c-f05dd663d552,Yashoda Tella,MALE,Fireman,3
458a8d5a-955a-4097-a100-e475f2399ace,Baghyawati Amble,MALE,First Responder,3
6b24015c-8058-447c-85ca-6f63e98f76e1,Arjun Ratti,FEMALE,Doctor,3
ef9f02ac-3e9e-4fe2-ae04-3ea329a5989c,Aryan Dixit,FEMALE,Officer,3
937ce061-c136-415e-b071-e731a02819c5,Devika Bahri,MALE,Volunteer,3
6ecc6e59-bb25-4e9b-a47a-f9c3effa5757,Ikbal Gill,FEMALE,Fireman,3
8e6e7d57-7fd1-4d09-b1f1-7802ac317282,Wazir Ravel,FEMALE,First Responder,3
3100fe12-f8a0-4c30-a978-217cb21714cd,Yug Upadhyay,MALE,Fireman,3
a53cbd73-3ef8-4dad-af10-798499ae5e79,Aarav Sarraf,FEMALE,First Responder,3
54cc4359-27b0-4b92-a5f8-a26d7403974f,Dalaja Gupta,FEMALE,Officer,3
143913d4-a385-442b-bca4-f4c39987c59d,Nicholas Raval,FEMALE,Officer,3
06683396-3b4a-4efc-a65d-f7d539e09426,Frado Chawla,FEMALE,Fireman,3
9c652a13-c483-4fe5-9d4b-e666082690b6,Vaishnavi Doshi,FEMALE,Fireman,3
2fe879d1-143f-4615-8ed3-a64a0d2b1b45,Yatin Bawa,FEMALE,First Responder,3
a0eb1907-f639-42f2-b93a-0d87f0355c40,Shaurya Kaur,FEMALE,Fireman,3
91adc996-0df6-47ee-b6d1-007ad6560b58,Rishi Gaba,MALE,Officer,3
bda6380b-30f0-4918-8535-0d5efc2dae72,Madhav Varma,FEMALE,Officer,3
22cc2d0a-823a-428b-b0aa-5e1ad12d991c,Tanay Behl,MALE,First Responder,3
7e1a7423-a6a9-404f-90bf-47a6c24ef89c,Maya Krish,FEMALE,Fireman,3
04c1af71-58ac-417d-93c1-9693addfac2b,Ekani Rout,FEMALE,Volunteer,3
3177cc6e-a095-4914-9220-323a6f4ca95e,Aditya Sawhney,MALE,Fireman,3
65076141-f9c6-4ab5-94ab-511b8bc4112c,Eesha Nadig,MALE,Officer,3
25cc3b38-9c50-4027-801a-e7980b72438b,Upkaar Mane,FEMALE,Volunteer,3
db53f0f6-8623-4bd0-a71e-40e20795a780,Liam Nagarajan,FEMALE,Fireman,3
58553d9c-a3f9-4b69-b68e-2c7d800d01cd,Damini Kara,FEMALE,Doctor,3
17786dc6-23e1-4b81-8369-9a974a1593df,Arjun Mann,MALE,Fireman,3
4241017b-6026-4b6b-9df9-30e4d682d3e4,Shivansh Nori,MALE,Fireman,3
29e750d3-9094-490d-a61a-80cb32bd27d2,Guneet Misra,MALE,Officer,3
d1eb034a-f975-466f-95f0-b9e1e035cc39,Tamanna Vohra,MALE,Fireman,3
9db6cf7a-0978-4932-97f3-517b6f690a7c,Tanveer Behl,FEMALE,Fireman,3
d3edbbd6-39d2-4135-a427-19a81bf40909,Vritti Raval,FEMALE,Officer,3
86794cc7-2d5e-4069-87f7-dd310d1c0ea5,Christopher Mohan,MALE,Fireman,3
ce060396-1de7-4a6e-8c95-b66029dede01,Ekta Grover,MALE,Officer,3
4bb1a47d-2daa-4f89-9eb0-3e809c8465df,Aarna Babu,MALE,Fireman,3
e7a8367f-836d-492f-94c1-83e8b02a2dd7,Diya Roy,FEMALE,Officer,3
ef958bf4-e962-4310-80f9-e42010c662f3,Thomas Pillay,FEMALE,Officer,3
306cf040-6b32-4f4c-909d-057584aaa3b1,Manbir Seshadri,FEMALE,Doctor,3
a7a1cf26-8687-41e9-bd52-3c20d606767e,Ekapad Tank,FEMALE,Volunteer,3
5b19ba4d-3d05-4278-a267-ebc3c8e233f2,Zayyan Mangal,FEMALE,First Responder,3
2ac6ec01-ce5a-4942-83b3-e284a46d9ab7,George Chad,FEMALE,Doctor,3
a0ec83e1-e9da-4fd1-b2b9-25c044eb31d5,David Radhakrishnan,MALE,Volunteer,3
efcd7b3f-9c7a-45de-ac79-9b8c81dbd3b7,Anjali Babu,MALE,Fireman,3
b49ff875-2a6c-42b1-9b1c-4c993178d083,Nirja Raj,FEMALE,Fireman,3
08a8d624-08ee-4c15-8b12-d65defcbb38a,Elijah Raghavan,FEMALE,Officer,3
7bd97ef8-7a8e-41e8-946e-4e530fd70cdd,Baghyawati Zacharia,FEMALE,First Responder,3
cababa48-2b5a-43c3-a3e6-65435c66c046,Anika Bhattacharyya,MALE,Volunteer,3
c55eeb77-e07f-4b67-b5ae-ace24efcf8be,Banjeet Dugal,MALE,Officer,3
07af783f-d0ba-47e4-abc7-557fe59fb828,Anmol Chacko,FEMALE,Officer,3
57239d26-f84a-47a5-8c50-9f04e6566fb1,Vivaan More,FEMALE,Officer,3
8d68696f-6c70-4b5c-b729-53674f6fc5bf,Abha Peri,MALE,Volunteer,3
8644faa9-2888-4aea-8e9e-843f2012de19,Ishani Goel,MALE,Volunteer,3
2e20cea2-563a-4b0f-98fe-ed5189662b75,Harish Mahajan,FEMALE,Volunteer,25
4b1a7c9d-119b-487b-91e2-6c5c4bccd99a,Chakrika Sani,MALE,First Responder,25
39ba77a9-5651-4d96-a0b8-32d53642c05c,Bahadurjit Shetty,FEMALE,Fireman,25
ad5d2c1c-f65a-432d-8132-9047d7fc565b,Veer Wason,FEMALE,Fireman,25
047323b1-c012-4c7f-9d6c-b3b75396c450,Chandresh Bava,FEMALE,Fireman,25
a6b2b02c-3431-4a34-bcf1-453c0f8010ea,Yashodhara Nayak,FEMALE,First Responder,25
374fd317-2c8c-4959-879b-84d7f1d58553,Omkaar Lanka,FEMALE,Volunteer,25
02ac561e-6882-4638-9259-bd18baa3095a,Arin Magar,FEMALE,Officer,25
01b2e639-7381-418e-a705-83387a736cfb,Pavani More,FEMALE,Fireman,25
81d0cfe6-96ee-474c-8071-de8672153185,Gayathri Dora,FEMALE,First Responder,25
0d8fe613-2525-46a3-b6c8-ab624e536817,Janya Singh,MALE,Officer,25
50a16bea-9f2b-4647-9525-4b6999a0b28e,Baljiwan Kale,FEMALE,First Responder,25
83913c03-3286-4d71-b7a5-ab7052de7713,Mahika Sarkar,FEMALE,Doctor,25
d34f10a5-5bbc-4507-a4a6-3f54167f94e6,Maya Mittal,MALE,Officer,25
01e44a30-dbbd-4315-b3d9-993893372cd1,Onkar Nath,MALE,First Responder,25
8b3fcffe-27e5-402f-891c-a64559c011aa,Yachana Keer,FEMALE,Doctor,25
6a8a3a62-6ef1-4744-b50e-b1894ea0dea7,Chatura Hora,MALE,Officer,25
a128eb0d-ff47-4ebc-839e-cccac1226a66,Omaja Kothari,MALE,First Responder,25
f630bd26-94f7-435a-8f2d-622985e215cc,Harsh Parikh,MALE,Officer,25
4235070a-6e1f-4462-8232-7c3e595a34ea,Manya Brahmbhatt,FEMALE,Volunteer,25
0ebad6c6-6af8-42bb-aad6-d17dec11201d,Adweta Mahal,FEMALE,Volunteer,2
c8e0b884-e75f-4c0f-95ea-c1e6e477ab2f,Anirudh Bali,FEMALE,Officer,2
f62d0c39-3026-4888-a9c7-c517af4d8467,Nikita Pai,MALE,Officer,2
8dc9965b-8bb7-40f9-b504-0f74641ae22d,George Gade,MALE,Fireman,2
ec227c64-a8c7-49fd-bb70-f5b2025f456e,Kamala Solanki,MALE,First Responder,2
f19d6858-1ee3-4e5b-800b-0ce9812f8bd4,Rajata Desai,FEMALE,Officer,2
9d20e59a-b5f7-4140-8c75-532b3da81453,Upasna Sen,MALE,Fireman,2
fbed4112-9bec-4997-9467-88dbb1ee0fd6,Niharika Dua,FEMALE,First Responder,2
141143e0-3c7e-4e42-95a2-af4d1f0812c9,Isha Dua,FEMALE,Officer,2
b78d4dae-0b1d-4aac-9bcb-00f23a883b5f,Bahadurjit Chacko,FEMALE,Volunteer,2
49f61089-b6c1-4ced-a6f6-ad4544722e4e,Lohit Trivedi,MALE,First Responder,2
4d6e39d5-4d99-4bbb-a61a-b329b431a56d,Tejas Chana,FEMALE,Volunteer,2
3f41b37e-f787-4e66-9990-3a38fbcfe586,Sneha Sharma,MALE,First Responder,2
7043961a-149e-485a-9c9d-4df2474a4331,Ekantika Shere,FEMALE,Fireman,2
1d9c11a8-da96-463b-b8bd-7cb3564a326e,Omya Saraf,MALE,Volunteer,2
150737fd-8529-4025-a389-d173da4e3505,Waida Sabharwal,MALE,Volunteer,2
afef9a53-69e9-42f0-a378-06e2f99bd5f1,Fitan Tata,FEMALE,First Responder,2
fe5e5e17-0d84-43c3-bad3-15c2708f8820,Alka Lad,MALE,Doctor,2
78a3be1d-66d7-4854-9091-a988a1f69419,Mason Jani,MALE,Officer,2
3c6876ee-4a49-488d-a0b3-1189d6eee1f8,Ayushman Puri,MALE,Doctor,2
8eccecb4-06a2-4506-859e-a6975a3dc576,Chanakya Subramanian,FEMALE,Doctor,2
4fd32744-076f-49c6-be0b-5e8a435d6f0f,Vidhi Khanna,MALE,First Responder,2
1ac18705-5f2f-41f5-899b-40a6f35d40bd,Ayushman Sathe,FEMALE,Volunteer,2
d702ad77-4366-404f-957a-2ad32ba2e629,Champak Khalsa,MALE,Doctor,2
8a1d88a1-6a89-434a-88e6-4aa81dcb7171,Girik Goel,FEMALE,Fireman,2
5b8a0992-d409-46b7-82e2-a6bcc896ca06,Wakeeta Devan,FEMALE,First Responder,2
a6a4adf0-66b6-41b1-865c-7b4a8de28b37,Chaaya Sami,FEMALE,Volunteer,2
1b6be86c-7e78-46ae-a589-e99dae075830,Banjeet Talwar,FEMALE,Fireman,2
2d8b0194-8dde-4efa-95bc-6d4402bc8d1a,Garima Dhillon,FEMALE,Fireman,2
f97a6104-ced5-41a7-82c1-2e4617ec47ad,Omya Mani,MALE,First Responder,2
f675e9b3-f151-40bc-8516-2664820c02bd,Henry Nagi,MALE,Fireman,2
ebaf0246-ca51-4ef7-a229-c2add73074bb,Abhimanyu Srivastava,FEMALE,First Responder,2
acf94d04-691d-488c-a3e5-ea6ff0f1894a,Dhruv Bahri,MALE,Doctor,2
031bb84b-ca95-45d8-9d0e-f91262f2eb3d,Noah Bhatia,MALE,Officer,2
c1b9744f-6bbc-4f13-8aa1-06f053339506,Triveni Sethi,FEMALE,Doctor,2
6ce58aa6-77dc-483b-bbac-c46472c1f5d2,Brinda Gour,MALE,First Responder,2
9b48934c-667d-451b-8f6b-e16985a0b3de,Aryan Goswami,MALE,Officer,2
4bc38ada-50c5-4e9f-9cc6-96ede5667138,Samaksh Mohan,MALE,First Responder,2
0c818a06-f67c-40b5-91fe-36b5b418d507,Wridesh Mangat,FEMALE,Fireman,2
17154e91-12d3-46a1-90f0-4741862ce3ce,Nathaniel Ramanathan,MALE,Volunteer,2
a3cd72f6-9542-4561-9012-c8d74171b23a,Zilmil Suri,FEMALE,Fireman,2
4fef6b37-cf80-4966-b9d8-002fa0825d13,Gabriel Manda,MALE,Volunteer,2
db778b4d-9880-4ff7-8328-d718ba23130e,Tanay Lad,MALE,Officer,2
a1ea10db-c82e-408d-a039-9ae5a7ba7287,Ryan Minhas,MALE,Doctor,2
a399b3f3-32b2-4ad3-9e5e-48491690cb4d,Ekanta Golla,MALE,Volunteer,2
7064ef7c-342e-4d1f-8e6e-ae81aef0277c,Dayamai Sheth,FEMALE,Fireman,2
64dc8328-7b9d-4cac-8679-f35b91b3fa02,Qarin Nigam,FEMALE,First Responder,2
23dca7ec-acfb-49d9-9381-81501401b0b3,Zayyan Srinivasan,MALE,First Responder,2
72e2af34-7478-44e4-a805-8aff2ba0da30,Yachana Borra,FEMALE,First Responder,2
9a988c0d-4a3f-45db-aad0-e9014c0ebb03,Frederick Badami,FEMALE,Officer,2
8a75eedd-16dd-4168-9a62-4ed9f6e15735,Darsh Pillai,FEMALE,First Responder,2
8fc12676-1ca5-4c39-810a-8202d8960a69,Agastya Hans,MALE,Officer,2
5fd4228e-125e-4879-95ff-8b2adad4d3ad,Hardik Rege,FEMALE,First Responder,2
eafae97d-1706-491d-91b7-49f1015ba617,Vansha Golla,FEMALE,Volunteer,2
3355ae4b-67d0-48bf-ba76-97fefe3ee45a,Harsh Srinivas,FEMALE,Officer,2
e59d0dfa-b268-46b2-8870-b3d8a1110e4e,Kabir Chaudhry,FEMALE,Volunteer,2
c7179833-5a5b-453f-baa9-0f204fda1576,Harsh Srivastava,FEMALE,Volunteer,2
432ada22-3c99-4d4a-ac01-474bbbf066a5,Wahab Vohra,FEMALE,Fireman,2
3b195a66-de1f-4927-9a90-200bf99a6fa6,Reva Majumdar,FEMALE,Volunteer,2
28ba52f6-c6b0-4f64-ab7a-942e8aa13cf9,Faraj Luthra,MALE,Officer,2
6eb6dc77-bf2e-473e-a623-5216cfc8778c,Edhitha Shankar,MALE,Doctor,2
b242b946-519c-45a5-b772-e7aab7bec868,Priya Saxena,MALE,Officer,2
ac34d031-ee97-43ab-a986-a27a4d035953,Victor Om,FEMALE,Doctor,2
34a93463-4114-497b-9a79-2677fc74ec6b,Faris Nagy,MALE,Officer,2
f65312b7-e9bc-4406-a118-02be56ad0c8a,Ekaja Kota,FEMALE,Volunteer,2
66e8310a-970f-467e-999e-4fd2ac8e29d6,Bhavika Sura,MALE,Fireman,2
109a28ac-b468-4cc2-b381-1c106f938ea6,Hema Chander,FEMALE,Doctor,2
2271d360-5a2c-4983-b009-5e3c0b87b653,Jagvi Bobal,FEMALE,First Responder,2
9b2143cd-efa9-40ed-8458-8d93f0c70409,Vivaan Bajwa,FEMALE,Doctor,2
7383b8c0-408a-4eb0-b0ad-33430b325aa4,Samuel Sarin,FEMALE,Doctor,2
58ccb56b-5ddd-4857-bfb9-23d9ca3701b9,Victor Chana,MALE,Doctor,2
af70e543-88dc-4e75-87ee-6081bc28bc0a,Shivansh Rao,MALE,Officer,2
ff9babb9-2e14-4f0c-b92f-a124fa3fa21f,Zilmil Shenoy,FEMALE,First Responder,2
b837311c-178f-4e9c-97b7-5ce04ad7f8b5,Anamika Iyengar,FEMALE,First Responder,2
fe207d47-7bf5-493f-807e-215b355c5829,Neha Chana,MALE,Fireman,2
0dac34db-2a46-479c-a0ea-ff8b9f3d754f,Chakradhar Sabharwal,MALE,Doctor,2
ad7b29fe-a92e-4d26-85ed-2a602860bef8,Aarav Rao,MALE,First Responder,2
5931337c-5f64-425c-bc7f-35442cf310b6,Osha Nayar,FEMALE,Officer,2
ceb5008a-f286-468d-85ef-fd14e4abaec4,Brijesh Narula,MALE,Volunteer,2
f7202888-826f-4688-914a-7aeaac5b237e,Edhitha Kumar,MALE,Volunteer,2
37cffb7a-3ae0-4f4d-a42d-e5d6c03542d1,Yauvani Chaudry,MALE,Doctor,2
5d41ae62-2c26-47b0-ad66-630770de794f,Arjun Sethi,FEMALE,Officer,2
720076bc-b14a-48b4-afde-3bd3c8865a5a,Teerth Lala,FEMALE,Fireman,2
333f4d39-4f3b-4bcf-9837-26c04af7621b,Tanay Purohit,FEMALE,Doctor,2
79c11e55-6d03-424d-b58e-d3d8ef2a5aa1,Gayathri Hora,MALE,Fireman,2
62aec880-4716-49ba-893f-b3054b8cf7c4,Tanay Sharma,FEMALE,Officer,2
ec176dbd-2947-4223-a032-aa0721436022,Guneet Narayanan,MALE,Volunteer,2
ed4aaa43-6586-4b25-9a47-77da7cd7cae3,Onveer Mallick,FEMALE,Doctor,11
a4d9ea29-7c74-41c7-8160-763ae3807101,Tamanna Murthy,MALE,Doctor,11
ac8eaff0-b0c8-41f1-9879-7b2c1cc87882,Hiral Badami,MALE,Fireman,11
c4cd700c-8a6d-4f47-8da0-8939a9afd819,Leela Wadhwa,FEMALE,Doctor,11
5ab67c55-cc1c-48c7-9615-f05f5f1802d6,Tanmayi Toor,FEMALE,Doctor,11
c16776ea-8505-4aeb-b1b3-cac20865fc5b,Gopal Mander,MALE,First Responder,11
05600605-d1d3-4f9f-a8f2-3188e822905d,Lila Mukherjee,MALE,Volunteer,11
7724eac5-0abf-4ed1-b6b8-c7f51d2a6307,Hardik Bir,MALE,Fireman,11
0088199b-9c75-45b5-abe6-8ed26734703b,Krishna Bhat,MALE,Officer,11
18f4b2ee-05ac-4458-aa0c-2cfb636d2414,Samaksh Deshpande,MALE,Doctor,11
4a52354d-5420-4c5a-9b0f-d3757c57b02e,Vidhi Jain,FEMALE,Fireman,11
c4d0e5b8-aa7a-456d-9716-3ea71482b1ba,Bhanumati Sodhi,MALE,Volunteer,11
0af2e830-aca4-433d-b1e4-eec156ff0467,Faqid Sem,MALE,Doctor,11
b20e27fb-5a82-4146-a74f-a045ca94533d,Kavya Ram,FEMALE,First Responder,11
e02e5034-cfe1-4666-a979-dd3a7ec997d3,Osha Nagy,MALE,Fireman,11
4d645134-4b9e-4387-91eb-4c2a624105ea,Omya Rajagopal,FEMALE,Fireman,11
fae0e641-fb7f-48df-b81f-0c80112178bf,Kai Narang,MALE,First Responder,11
4ca50712-f2a8-44f0-a804-ef2584ed7021,Matthew Bhardwaj,MALE,Fireman,11
d86f2dab-e31d-4bb3-9058-ae02e792ab23,Saanvi Oommen,FEMALE,Doctor,11
fdde4ed3-7c83-4962-a016-313f2a160bc8,Pallavi Sathe,MALE,Doctor,11
05278d51-01a1-4c19-9a14-f9ef39dfad9e,Chaman Acharya,FEMALE,Officer,11
59f2e294-5ac8-4414-9c42-802d90fd7e7a,Jacob Borah,MALE,First Responder,11
c0fb8fe7-56e3-4cd0-ac76-c07619994c8b,Aadi Deshpande,MALE,Fireman,11
7f059ed4-1ba3-4b63-aeca-79c55d0bdaf2,Dominic Rout,FEMALE,Doctor,11
1061119e-bdae-4b5d-869b-4300e7bf0452,Meera Ramaswamy,FEMALE,First Responder,11
5a196e5d-5793-40ab-8099-7446260eeb00,Dominic Virk,MALE,Fireman,11
bbc5f143-dd43-44bc-88b3-d4490bfabbd3,Nidhi Bassi,MALE,Volunteer,11
65aa3d01-e631-49bf-a1a4-6e6cea145a59,Mason Sarkar,MALE,Fireman,11
789d73ea-78b1-4935-a1ba-5a6c6079b61a,Sachi Shetty,FEMALE,Volunteer,11
b643b077-c7b0-4371-8db0-ac2617c560e9,Eshana Krishna,MALE,Volunteer,11
b3666572-93dc-4b72-848b-cb6552e7c799,Girik Sami,FEMALE,Fireman,11
5ae1eb9d-8756-4c20-88c0-115d2efb1b36,Indrajit Chana,MALE,First Responder,11
b7d257df-8fc3-4a68-9772-a6ab211e114e,Ekaja Sunder,FEMALE,First Responder,11
af5ed5ab-5976-4f9d-abb8-2841e8dfc798,Jai Saxena,FEMALE,First Responder,11
0dc384d5-cf8c-4cbb-86b6-0895c6ec6751,Charvi Dora,MALE,Fireman,11
ebcef59c-1faf-4291-bd17-3ea27c0d3cfc,Rachit Sami,FEMALE,Volunteer,11
64c4abb8-6aea-479d-baff-35f34c22bd75,Aarna Kashyap,MALE,Volunteer,11
412f758d-b7d2-4984-808e-16db7eb04715,Eshana Srivastava,FEMALE,Officer,11
b637784f-bc86-40bf-8384-7173f3521b6d,Darpan Karnik,MALE,Doctor,11
b3853b4b-8afa-4223-b9aa-10437b9fcc2e,Hritik Raj,FEMALE,Doctor,11
008e4f44-13de-41f1-a00b-7aa8099eed58,Chaitanya Dara,FEMALE,Doctor,11
1996091f-4fba-49af-9eb8-3d6b99dfedad,Yashoda Ram,FEMALE,Volunteer,11
c7dd73aa-4e14-4369-b2f0-030c2795b0c2,Nimrat Grover,MALE,Fireman,11
51d0be2d-7884-4a12-9d79-47bb05464707,Tanay Grewal,FEMALE,First Responder,11
f3a55a33-031e-4676-a3d6-4081f0e1a445,Anvi Naik,FEMALE,Doctor,11
22dafa92-4e8d-4dae-89bf-4404bbec48f2,Fiyaz Pathak,MALE,Officer,11
5104dc2b-f98a-4739-b8d5-5fe6a7c51de2,Nathan Merchant,MALE,First Responder,11
bfd100cc-09c6-4468-98b0-21c4ba0eab1c,Jackson Bhakta,FEMALE,First Responder,11
7c50ba84-83c2-434c-a88a-0935ba8880b2,Vrinda Kannan,FEMALE,Officer,11
c8a99500-f363-4a50-8ffe-72c0226a2e7d,Dayamai Shankar,MALE,First Responder,11
01481a33-7b6e-4a17-abd1-82ed6f0d6982,Chaitaly Saha,MALE,First Responder,11
314d113c-b956-41fd-ad1f-10a93913fbb5,Yashodhara Keer,MALE,Officer,11
8ef1fb08-7012-4eb4-b9d7-41cb8825215f,Gaurav Borah,MALE,Volunteer,11
55edb7cd-35f3-40d3-812a-8a85ccac7a81,Mahika Panchal,MALE,First Responder,11
2cecd3fe-e0d0-49b5-84fc-fe983c475a96,Sanya Bhattacharyya,MALE,First Responder,11
832c653e-93a5-43b1-a18b-e50a22343333,Rishi Mani,MALE,Officer,11
848765ed-1e0c-4033-a97e-0efa779ed715,Ojas Bali,MALE,Officer,11
7cebc2a6-ccee-4247-b47e-3d2b678f658d,Nimrat Bhat,MALE,Officer,11
5182e6f8-52ef-4a7e-9224-f2e677e9af54,Advik Magar,FEMALE,First Responder,11
7874b7ac-8438-432d-91ed-78b4bf54b497,Netra Bhasin,MALE,Doctor,11
70ca1a6f-51ab-4a93-9d05-62f0bf3901a6,Anita Chandra,MALE,First Responder,11
397024b6-03db-4a8b-aa59-f0277bf0c5c4,Shaurya Basu,MALE,First Responder,11
00fbd372-232a-4507-af65-a68249b6f451,Abha Khosla,FEMALE,Doctor,11
ee84e4c2-967b-47c3-ba22-2d3274d2bd01,Bhavya Sheth,MALE,Officer,11
d2d0eefc-3cae-4c33-92e2-c3dc8e1516a6,Mugdha Sampath,MALE,Fireman,11
77430c4e-52ae-45d4-9b07-cc90dc2f7788,Januja Dave,FEMALE,Officer,11
2c870061-8e7c-408f-be51-1ce5aeefd624,Anita Char,MALE,Officer,11
843f9ab3-e7db-4ded-ba76-e64ced7eca1c,Pallavi Rajan,MALE,Volunteer,11
f6e2bd80-ccb9-4161-86dd-16f201bbcd87,Yahvi Chandra,FEMALE,Officer,11
c5e18850-8760-473c-83b1-59a90df4d2bb,Vivaan Palla,MALE,Doctor,11
08e2cdfc-84af-466b-9105-721b2181f8a5,Rushil Patla,FEMALE,Officer,11
a5a3a0ef-8b61-46ae-95c1-59dd889b4108,Qushi Ghose,MALE,First Responder,11
bcc6a844-4f7b-4391-b528-c3ae4b9d5fc6,Deepa Pall,MALE,Fireman,11
7e6285b6-f789-4481-82d3-76a3c85a73d1,Vinaya Wable,FEMALE,First Responder,11
23bff215-ed82-4cad-982e-a0d78a14d4db,Ekanta Rajagopalan,FEMALE,Officer,11
af157e58-6080-4fd7-8dce-3716a302cdb6,Jeremiah Khosla,MALE,Officer,11
0b999311-d4cd-4b60-bfea-5547540b328d,Ucchal Mohanty,MALE,Volunteer,11
efbdf54d-0052-4b0a-ab90-01e394f27e71,Hemal Anand,MALE,Doctor,11
ac266d7b-e0e7-4014-87cb-1fe672aecc81,Gaurang Sama,MALE,Doctor,11
fd1c609d-12f9-4fa0-b98c-50ec75091c14,Ekbal Pau,FEMALE,Doctor,11
7be9d59e-7be8-4b63-9f4d-a515426931e5,Baghyawati Divan,FEMALE,First Responder,11
8ad8a8d7-0bb5-4ba0-94cb-9a8cdc19fe42,Gavin Narayan,MALE,Fireman,11
4a777ad5-bdc8-4e64-a5d3-68148c23855c,Pushti Dutt,FEMALE,First Responder,11
00d47b6f-0f79-469c-906c-5c6cf1c8092e,Tanvi Chanda,MALE,Fireman,11
b974e72e-82e3-4d30-ad1c-d7843a5e8326,Ekanta Bhakta,FEMALE,Volunteer,11
fd7c0a85-7bdb-4acd-80ec-aa523c686dc1,Tamanna Oommen,MALE,Officer,11
ae9f355d-5d2e-4497-9610-bc6fd96e47e2,Chasmum Saran,MALE,Volunteer,11
a0157bc0-880f-4cca-9bd2-513068ae25f4,Faqid Deol,FEMALE,Fireman,11
c46c67fe-1c6a-42d5-9e86-23a9400fb06a,Bina Gopal,FEMALE,Officer,11
1fddd7c1-5c14-4d10-bfd2-b291191d15ed,Januja Das,MALE,Doctor,11
aa1cadc0-430a-462d-a193-32a866ad454c,Varenya Ravi,FEMALE,Officer,11
bdd49482-0394-414e-9788-c31405084428,Jhalak Bhavsar,FEMALE,Volunteer,11
5b4d8ec2-8a0d-4b0f-8412-48e653f10989,Tanvi Dar,FEMALE,First Responder,11
10483ad3-8e50-4cbb-9254-bd4c2fb0b661,Amruta Warrior,FEMALE,Doctor,11
8bd2f1ad-5319-488c-9950-be182048dadf,Maya Salvi,MALE,Volunteer,11
c63c87c3-b20f-4b6e-acaf-b631e70cd4c5,Jairaj Uppal,FEMALE,Officer,11
6f7edab9-144a-4b95-a80e-c577a3728825,Neelima Kulkarni,MALE,First Responder,11
aec7ff3c-51da-4aa0-b6fb-187984c2f9f6,Xalak Nayar,MALE,First Responder,11
7cd45ffe-b191-44b3-90ea-1adce445b25e,Kashvi Ganguly,FEMALE,Doctor,11
c7d3da1d-b176-417b-aa11-452cbc037af4,Reva Ramaswamy,FEMALE,Doctor,11
15db4993-8471-4dc5-8fa2-0a0b441de266,Bakhshi Murty,FEMALE,Officer,11
a5dd22cf-0a3d-4fbc-89fe-ad5f55b0cf9a,Ekaja Kar,MALE,First Responder,11
fb666932-7d0e-4e5e-a4a5-4b5e5ffcf250,Lakshit Sahota,MALE,Volunteer,11
7bb01d1b-8c9e-4f99-9cae-2d3e40a94d49,Simon Oak,MALE,Fireman,11
657f02ee-7253-4d16-9471-194e8ce03359,Pavani Rastogi,FEMALE,Volunteer,11
72c3e2d7-f0b5-40d6-be3e-d77bc1052948,Vihaan Maharaj,MALE,Officer,11
fdc5f6ac-1752-4cb7-97f5-7519b28d6837,Harsh Thakur,MALE,Fireman,11
9f59ddda-606e-417c-9c2d-b51dc0a3aa40,Hitesh Chand,MALE,Fireman,11
d5dbd071-0fda-4ad5-9494-002becf604a4,Vrishti Muni,MALE,Doctor,11
bd27cf51-b7cf-44e0-a8ee-f5934a55bb0b,Maya Bajwa,FEMALE,Fireman,11
04cf78ae-f736-408c-9e10-e09f16df4c55,Jeevika Contractor,MALE,Officer,11
c9521316-7a2b-4c44-bbc3-aa353f8d7e4a,Balvan Kara,MALE,Doctor,19
a24072ab-e14e-49e5-8cab-32ff286db954,Kamya Koshy,MALE,First Responder,19
d95f552e-e17b-48e5-bf9d-e58f7a521ec9,Sara Babu,FEMALE,Doctor,19
e14bff2c-7d32-4ae5-9e16-5eb8f9c47b97,Nitesh Desai,FEMALE,First Responder,19
0e84b3f1-0d2d-42e9-aaa7-a0bb3b48bfce,Darsh Pall,MALE,Fireman,19
906a3efa-e9b5-4bfc-9f47-ff61d3723ecb,Kashvi Raja,FEMALE,Volunteer,19
a72bef3e-0bc0-4c01-a308-16316e49f85d,Aishani Sarma,MALE,Doctor,19
6f3dd84a-38df-494e-876d-18fe05c20cb2,Neel Trivedi,MALE,First Responder,19
3fda5794-d180-465b-b379-1736a32b142b,Krishna Vyas,MALE,Fireman,19
0c34c7d9-e5ab-45b1-8c00-c13c27bd2c0d,Ekansh Setty,FEMALE,First Responder,19
450c695f-4ce2-4445-8aba-a5119962282e,Garima Balay,FEMALE,Volunteer,19
4de8f9b8-0e4a-4663-a17e-5c4d348189f0,Hredhaan Borah,MALE,Fireman,19
cc14f6cb-1092-4951-97c3-417ccbac1b70,Vincent Pandya,FEMALE,Fireman,19
a85f7acf-d8bd-4a4b-892f-d3a160b040ab,Vrishti Kanda,FEMALE,First Responder,19
8b8e0cc4-67f6-4ab0-a619-7f4d1eaf070d,Panini Wali,MALE,Officer,19
ddd793c2-fec1-4343-86da-942b60dc1b1f,Nitara Mander,FEMALE,Officer,19
1eec0538-a4b2-4f09-bee3-46e2813a1175,Manbir Soman,MALE,Volunteer,19
4e81c35d-5f47-4ae6-b1a0-21306e771122,Joshua Iyer,FEMALE,Officer,19
03b39c5e-140f-44af-9162-367a633a73de,Zinal Bedi,MALE,Volunteer,19
0f3521ea-99a4-41c7-8079-5c76788b4221,Jeevika Rajan,FEMALE,First Responder,19
c74bac96-71b9-415b-8001-f7a625f896e6,Wahab Oommen,MALE,Volunteer,19
19778c78-75e5-4659-8039-aa5cb55f4b9a,Anya Rege,MALE,First Responder,19
b8a2a434-8211-48f2-ba78-7ef0c8ffecf9,Qabil Mistry,FEMALE,Doctor,19
125543b1-9337-417e-85a5-cc149f1a7b41,Nidra Warrior,MALE,Fireman,19
8949b70a-0ed3-42de-9bef-1c17aa956eab,Oeshi Bir,FEMALE,Officer,19
2ba42995-9cb8-49ba-83f5-eca4b80745cc,Alka Sura,MALE,First Responder,19
ad7b4517-1741-429f-bff2-7c8fbe748fec,Januja Keer,MALE,Fireman,19
52c70fa8-b3b7-4bf5-8eaf-2d35a8e734de,Zaid Dutta,MALE,Officer,19
49cdfea5-6407-4206-9dc3-52e04d2c090d,Samesh Bail,FEMALE,Fireman,19
ff7c04ef-ed6a-4801-9769-700d340989ac,Rudra Dara,FEMALE,Officer,19
2b44706c-dbfc-4ca4-aa7d-b021dbca25ff,Eta Salvi,FEMALE,Volunteer,19
932756da-45b3-47b5-9cfe-63705969cb7b,Naveen Jain,FEMALE,Fireman,19
294c0860-9bc9-4dc0-8b42-3b09c1ea1154,Zayan Setty,FEMALE,First Responder,19
3ac99dd9-f3ae-4de8-9d00-cbfc5334a4df,Kamya Ghosh,MALE,Doctor,19
c98968d0-bb49-4541-829e-ba6372a0c0ef,Watika Nazareth,FEMALE,Fireman,19
0cceb0c8-4656-4c00-88f5-fb1fcdf82fa4,Oni Dash,MALE,Volunteer,19
1c97b4c5-b614-472d-b480-05d1b966b33b,Zilmil Karan,MALE,Fireman,19
320563e4-0e3c-4e1c-931f-89b3c0c08419,Yamini Bajwa,FEMALE,Volunteer,10
6ca15df9-52bd-4aea-8cc3-f49b7ffe48cf,Samar Solanki,FEMALE,Volunteer,10
be8e8558-c367-4027-b9a9-c6ebad5f2b51,Anya Handa,FEMALE,Volunteer,10
48ef4dc6-d87b-4d1c-bc86-4895dd7d769e,Omisha Arya,MALE,Fireman,10
374ddf3f-4854-4a37-9edf-521984360389,Geetika Kota,FEMALE,Doctor,10
04df771d-bac6-4ab5-bd0a-e1472ba6a071,Sai Varty,MALE,Doctor,10
62f37ac4-3423-4577-a07e-4cb25e8c95ee,Reyansh Shan,MALE,Fireman,10
0bcd52ae-dbdc-4062-a2bf-f24c4a4d31e3,Zaid Gara,MALE,Officer,10
41a137e4-51bc-4572-abca-2aebb490cdcf,Baljiwan Balasubramanian,FEMALE,Doctor,10
a48b07cf-3946-467f-b2b9-04bad5bcbf52,Manthan Rana,FEMALE,Volunteer,10
68006e1f-5288-4e35-ad48-b2626f2eba9f,Amara Patel,MALE,Officer,10
82deda70-1d55-4535-b4ed-2939f8453646,Upasna Ramaswamy,MALE,Volunteer,10
1af3ea04-45f2-4a4b-bed0-593b74ac1ca8,Tanay Basak,FEMALE,First Responder,10
2c996fa0-e3b5-45c5-9595-734e09a55236,Faris Sachdev,FEMALE,Volunteer,10
910b8854-9c1f-452d-89e4-0d7f86e26724,Urvashi Pal,FEMALE,Doctor,10
511b1363-0f7a-456e-a5a9-48978931aa1c,Divya Sethi,MALE,Officer,10
0d8ba6ce-9fa1-407b-9b90-0203966ed166,Saanvi Majumdar,MALE,Fireman,10
9da0e9b3-ba63-45af-90df-de41320db9b5,Ishwar Bumb,MALE,Volunteer,10
4844d23d-dde6-4fa9-b47c-f8eca411976f,Qarin Butala,MALE,Volunteer,10
1872813c-a7a5-4bb0-8142-d5ab627d0631,Udant Sheth,FEMALE,Volunteer,10
f8aedf2c-7105-413a-b047-816a62542de0,Falguni Chaudhary,MALE,Volunteer,10
062e5ce4-a950-4f8b-8fe7-60d75ed3c1c0,Pranav Saxena,MALE,Fireman,10
3a70ec28-8a2f-4983-a0ee-a48949c305c7,Anusha Divan,MALE,First Responder,10
befc98a1-c204-450a-b125-374a7878ee20,Gagan Jani,MALE,Volunteer,10
c66c74b5-5154-406a-b773-7b9d1e26a293,Madhav Dutta,MALE,Doctor,10
ddd51e44-7f65-487d-8508-dd9a657a0521,Oeshi Pillai,FEMALE,Doctor,10
9626e3e8-6499-4c7e-901b-2bbbf102ec63,Brinda Sachdeva,FEMALE,Volunteer,10
aaefbfb5-2e35-4eec-abe4-071a08c3ec71,Brijesh Chacko,MALE,First Responder,10
3f4ffbd9-9fc5-4c4d-9b06-bad742c65841,Janya Korpal,FEMALE,First Responder,10
8dee9b9b-1c7f-4db5-9499-a4ce200ddbc6,Gautami Bhatt,MALE,Officer,10
93b736dd-5335-49fb-9630-95aac0ae6198,Kamala Kale,MALE,Fireman,10
46de54e5-b0f9-4c68-a9c8-7eea9cae40f9,Pranit Goda,MALE,Fireman,10
14c7b4da-d539-4f5a-807e-c81cd371b4bd,Naksh Madan,FEMALE,Officer,10
0360d0c2-b5f4-4eca-87fa-f5c7d1f0e9c1,Aryan Kohli,FEMALE,Fireman,10
fac38848-9df3-48df-b4cd-ea161b894008,Kiaan Chaudhry,MALE,Fireman,10
2984440f-0389-4fc1-b801-1e8c0602fbae,Fiyaz Kant,MALE,First Responder,10
aa12e788-60f1-4e0e-bc3e-8eaffe500a81,Amol Kuruvilla,MALE,Volunteer,10
cc9636da-3929-4ec1-ba01-a0eee3bd71c7,Vedant Rout,FEMALE,Volunteer,10
55fa7296-fc00-432d-918a-d6ec408ff7f5,Veda Mutti,FEMALE,Volunteer,10
8575a965-7b2a-408f-9933-ac03c350edb5,Faras Wali,MALE,Volunteer,10
4aa10516-b9bd-48a3-8c9b-01fd642078fc,Vanya Ganesan,MALE,Doctor,10
b8c769d3-2456-480a-b11b-dd6f124d0be3,Bhavika Banerjee,FEMALE,Doctor,10
c362b351-92f4-4e87-b77c-03fc4ac80f73,Wriddhish Chakrabarti,FEMALE,Officer,10
6f9f7996-e714-4102-82de-8328b3dafb4d,Tamanna Rai,FEMALE,Volunteer,10
50d04f3e-5fe5-4377-8215-3c30a3b53345,Chasmum Sachdeva,MALE,Fireman,10
1f47f195-0d23-4b8f-89d0-5f0d3749d546,Odika Kale,FEMALE,Doctor,10
03ffe939-b235-4c91-bdd2-4d4068e0b99c,Bhavna Dora,FEMALE,First Responder,10
65c73f8d-fc20-41dc-ac07-b4a8151112ed,Alexander Rattan,MALE,First Responder,10
27393ec5-a7a3-466a-9e0f-80be1400665a,Keya Gala,MALE,Fireman,10
66b581e8-3f42-4636-901c-4fc16b973b81,Vivaan Naik,FEMALE,Volunteer,10
068bca1e-3621-4a45-8ec1-73e9094a7b66,Urvashi Lata,MALE,First Responder,10
47eac76e-759a-452a-966b-4c69b1536dea,Samaksh Om,FEMALE,Fireman,10
332665c2-f018-4cb5-8a2a-6125032a8531,Hemang Mishra,MALE,Doctor,10
6a9fdd4f-df78-4e7d-8a82-d7671d1a52e8,Vasana Prabhu,MALE,Fireman,10
dd6a016f-61fb-497e-b4ed-4a1fcf72dbda,Lopa Dada,MALE,First Responder,10
ee72853b-ebc4-43ce-ba8b-904232db4bf8,Anmol Narayan,MALE,Fireman,10
d06c78d6-6562-4d2d-b562-9e22452c6679,Ladli Varughese,FEMALE,Officer,10
a951b69c-9120-4316-9bb2-4e029ffce7ec,Kala Sampath,FEMALE,Volunteer,10
3e7f4a58-0506-4bbb-91b8-d120cb2f30c8,Yutika Chand,FEMALE,Doctor,10
ed579212-9744-4967-8b0c-f3a41db7e702,Unni Chaudhry,FEMALE,Fireman,10
c2658054-4059-4e37-870d-dc1bc2330e54,Harita Sood,MALE,Volunteer,10
7af6fa24-4529-440a-82a4-361fc36bf75a,Lipika Divan,MALE,Fireman,10
408cab80-a221-48a5-9637-5bb201f07c28,Urvi Basak,FEMALE,Fireman,10
980829e0-d357-4815-9f10-da2a739392c4,Farhan Prabhu,FEMALE,First Responder,10
8decba81-a6a9-4b97-8318-1b1e03940995,Chanchal Zacharia,MALE,Officer,10
adf86be5-f280-4f02-ac9b-5c3b7d03fc7e,Karan Jaggi,MALE,Fireman,10
9eb8d1f0-5cde-40f8-8f38-7d1270a40925,Ayushman Vyas,FEMALE,Fireman,10
46c9305d-e064-4e59-8a3e-acc43d40bc83,Darika Jha,MALE,Officer,10
06a02dab-82ed-4d70-95cf-9592caecf0f0,Megha Arya,MALE,Fireman,10
f101ff0c-aac3-4166-ae03-db8fca252bdd,Xalak Bansal,FEMALE,Fireman,10
1119ea33-fb07-4307-8388-1e2090847dcc,Ekalinga Batta,FEMALE,Officer,10
d10aeb9a-a620-4ddd-a45c-ec24616f380d,Vivaan Menon,MALE,Volunteer,10
6e7b29ef-e96b-4072-913b-ce2746ace818,Irya Raju,FEMALE,Volunteer,10
bb80d0dc-5d9b-4aee-9b2e-15de606b3253,Wazir Mahajan,MALE,First Responder,10
b22649bb-ee7f-4888-983b-6de828fe6a8c,Shaurya Divan,MALE,Fireman,10
697f9d1a-a057-46ac-b85b-9d8ac2ecbfc5,Netra Sankar,FEMALE,Doctor,10
60bb1ab1-26b5-4c48-821f-c0e37c580db5,Ekani Batra,FEMALE,Officer,10
ce89fb59-f14c-4660-aa47-abc942de7f6a,Adya Mall,MALE,Doctor,10
4b7b9bbc-b435-4fe6-a438-a60463ce5fd3,Vidhi Devan,FEMALE,Doctor,10
e54ca1e2-e674-4ea5-8e54-032f90199563,Zarna Bandi,FEMALE,First Responder,10
e48a1868-9d1b-419c-bf32-a657c4162f37,Madhav Warrior,MALE,Fireman,10
3f2a03b3-b6c6-47e4-9172-a4513a97b14e,Robert Nagy,FEMALE,Fireman,10
85613ce7-39b7-4298-8b55-c5fa2683a3c2,Radha Kale,FEMALE,Doctor,10
f4b81473-b352-4539-80ee-921bf73d98bb,Urmi Buch,FEMALE,Officer,3
ced66d6a-302c-4691-bbcd-ed2d8dd8284e,Girindra Hayre,FEMALE,Volunteer,3
c3dba62f-f124-4f86-84cf-02af0f41bcc7,Wyatt Upadhyay,MALE,First Responder,3
b847e6c1-5750-4b78-8456-ddddd6f5381f,Guneet Raju,FEMALE,Doctor,3
31e147b9-63b6-4c94-a6bb-8269bd11d6ea,Qushi Sarraf,MALE,Officer,3
8cbc3450-e348-4fdf-a741-a06536ab4eeb,Sanya Gera,FEMALE,Doctor,3
ac816bc9-5c0f-4234-aa20-a11a13f2d475,Chaitanya Oommen,FEMALE,Doctor,3
00bdce2a-d15d-4e52-bb17-063847654c39,Triya Keer,MALE,Doctor,3
8fc94458-7250-41c8-9623-19d9ba55001e,Ikshita Sem,FEMALE,Volunteer,3
80e4fca1-cdb7-4ee7-8c73-038477ce2480,Wridesh Nayak,FEMALE,Doctor,3
f961a43a-5bfc-4599-a3df-9d11af926b37,Lakshmi Suresh,FEMALE,Volunteer,3
671197a5-552d-42b7-8ec0-45d8df598363,Alexander Iyer,MALE,Doctor,3
9a6c08df-0f5e-4ce0-838b-1c4b1397f7e6,Hitesh Nadig,FEMALE,Doctor,3
f18f9ac7-724e-4b08-98fa-7192ffce6af5,Quincy Sabharwal,FEMALE,Officer,3
14186d5c-ee82-4645-9a35-4b665777e9ef,Urmi Kuruvilla,FEMALE,Fireman,3
c2c728a6-974f-47da-862d-c10fc3a08e52,Quincy Rout,MALE,Volunteer,3
5d0aeb0c-17e9-43ea-8bff-18b13fc57c48,Robert Mannan,MALE,Doctor,3
09f36bae-d4c5-4702-aef4-916cf113a442,Eiravati Kohli,MALE,Volunteer,3
edba502b-72bd-488a-95c9-557c5903fa0f,Idika Chandran,MALE,Fireman,3
18160af0-ad68-4e9e-9625-8c01db00e962,Mugdha Raja,MALE,First Responder,3
56d76917-040e-4dbe-a66d-6999ab337be7,Baljiwan Khurana,MALE,Officer,3
680a7014-d7e9-4925-b419-308269a7ea2e,Chaman Ram,FEMALE,Volunteer,3
a474074b-2aa7-474f-bc6a-c9045809b153,Dipta Pall,MALE,Doctor,3
63267ffc-8757-457f-a7fe-af7ec7747db3,Anika Kumar,FEMALE,Doctor,3
a2d1f859-c932-4adc-99f2-c2f3a2160f24,Thomas Mittal,MALE,Volunteer,3
61093782-c0ac-4779-a588-37cc6d24a426,Lakshmi Sankar,FEMALE,Doctor,3
8e428827-2917-4577-97f6-245eda813d19,Charles Kara,FEMALE,Fireman,3
7b7ce3de-e03c-4b04-8f79-13133595bea7,Gaurav Mani,FEMALE,Officer,3
2fcaa503-84d3-489f-9663-85709cad6dd3,Bakhshi Nazareth,FEMALE,First Responder,3
e11c74a2-ea68-4257-b8bd-a90b5ed13091,Benjamin Venkataraman,FEMALE,Doctor,3
6fece77f-1fcf-44d8-b805-deb9b8723add,Simon Borde,MALE,Volunteer,3
02a0a672-6a04-47e4-95ca-4b518d372c20,Omisha Raman,FEMALE,Officer,3
567c714d-4e2c-4f7e-8d0f-bbf1990bb529,Yashodhara Dora,FEMALE,Officer,3
f9c92521-1955-4228-a6f6-80911bffa315,Yatan Sandhu,MALE,Fireman,3
1d338d4b-29da-47e1-9158-db0535969d21,Farhan Mann,MALE,Volunteer,3
cdc57c8b-024e-47e4-a791-388213cdbf83,Divya Gour,MALE,Fireman,3
78dbf209-2a2f-4e9b-97c1-102ea7e3036a,Qushi Aggarwal,MALE,Volunteer,3
88f8dcf8-3bfd-4d65-8adc-785f75cae7b5,Meghana Sarraf,FEMALE,Volunteer,3
08c9d377-328f-456d-9e37-f363a8861a24,Chanakya Narayan,FEMALE,Volunteer,3
1d622b47-0190-4989-afd9-5ad0b5aa4535,Sara Dey,FEMALE,Doctor,3
cdf481a6-1b0b-4999-bdf6-94e376f02912,Gaurav Dewan,MALE,Officer,3
88772ec6-586c-4b72-a5dd-520d724455a6,Faras Parsa,MALE,Fireman,3
feaa1336-0f4f-4a64-a146-546365aa0e20,Xiti Dugar,FEMALE,Volunteer,3
f112fa76-812e-4e8a-813a-47c57cff7e08,Anamika Chawla,FEMALE,First Responder,3
aa6febfb-554c-4384-8273-7ec7af9e8c1f,Rishi Murthy,MALE,First Responder,3
1211281e-4998-4666-b1a6-9adf7f350523,Vaishnavi Kibe,MALE,Doctor,3
c42f0bdb-a2f9-43d0-bee2-0c9cd25c426d,Naveen Kade,FEMALE,Doctor,3
72ba2829-0195-4c5b-931c-5c85f5c5d6a3,Wridesh Bajaj,MALE,Doctor,3
ab27efcc-2ea4-444c-a709-fc6de8de08ec,Leena Mani,FEMALE,Fireman,3
91efd62a-3dc7-4037-b33e-bf61f41eea0d,Urishilla Biswas,MALE,Fireman,3
ea435c10-e889-4997-9c7a-d9ea93dc43bf,Veer Dixit,MALE,Fireman,3
96be14c7-8a66-4d07-b445-e72d9c17c6a4,Gagan Raju,MALE,Volunteer,3
6ffa84fb-fee5-4923-8d17-77199100de04,Bishakha Misra,MALE,Volunteer,3
acaa7161-ef62-4cef-8a1a-357894873374,Bishakha Khalsa,MALE,First Responder,3
e949b595-d979-4a81-a79a-9df16121057c,Faraj Shah,FEMALE,Volunteer,3
952b3667-3b07-48b3-926d-19768b3e6ade,Leena Dhar,MALE,Officer,3
17c3d648-dfdd-49b7-8b7a-0d7a394c2738,Vinaya Shetty,FEMALE,Volunteer,3
ec222c12-efe5-4406-8b10-648e45d28df4,Bina Narula,MALE,Fireman,3
208145f2-1681-4d77-ac38-89671c4383e9,Sai Yogi,MALE,Volunteer,3
f2fd127c-c102-41f3-9831-6147bbfd5d6c,Nitara Shan,FEMALE,First Responder,3
fce1f8f2-ebda-4113-add8-e46e54bf7985,Ishani More,MALE,First Responder,3
197809ce-03cf-4d17-a5ca-69dde5f8e52f,Januja Chana,MALE,Volunteer,3
777b35cc-4d3d-4034-9f82-354065d66135,Advay Bobal,FEMALE,Officer,3
e0d43459-28c6-4b86-91b6-652b88944261,Aayush Sunder,MALE,Doctor,3
9fb3e579-ef42-4293-ac1e-c3515b4cd28d,Anjali Rastogi,FEMALE,Volunteer,3
978250c9-9357-494c-abed-cbf2af0cff0b,Tristan Luthra,MALE,Doctor,3
235855ce-d6a2-4ed7-b250-a99d1591edba,Zashil Tripathi,FEMALE,Fireman,3
5234d170-85f2-4743-8d8a-837fa62eac6a,Maya Talwar,FEMALE,First Responder,3
a769e040-ac1b-4a65-91b0-5d15c669964d,Kashish Kale,MALE,Officer,3
a5345eaa-f525-45d6-b4a0-ad2e09d9229d,Maanav Lal,FEMALE,Officer,3
aaf50a9d-a345-401b-9a1c-a485419f479a,Nathaniel Grover,MALE,Fireman,3
3a73b1bd-9362-4dbe-9bc9-e39d1fc45a8f,Ekalinga Yadav,MALE,Officer,3
35a837f8-8bf3-4a14-b068-5acd6a22ba9e,Jhalak Vora,MALE,Doctor,3
4e7afe33-4f7e-45a3-ac21-55552f31cf26,Anmol Singhal,FEMALE,First Responder,3
e783c416-9b00-42dd-b065-4679c948e434,Chasmum Saha,MALE,Officer,3
036921e1-8838-401a-8297-f0fba029c828,Falak Krish,MALE,Volunteer,3
25b97a6a-bdb4-4425-9b0e-db79080f95a5,Jairaj Chawla,FEMALE,Officer,3
5788b1a4-4215-4f58-a18f-0c7fcf705709,Nikita Chopra,MALE,Officer,3
7cf66424-22d0-4bc7-8797-d8b07770ebc9,Nakul Narayan,MALE,Officer,3
4c669930-7166-4fec-b447-b9bab7703637,Liam Pai,MALE,Officer,3
c450b38e-40ee-429c-93ce-4dcbe8ead0c0,Anita Magar,MALE,Volunteer,3
7ce3fbf4-3b56-4464-a116-b5454e24ca5d,Nimrat Dayal,MALE,Doctor,3
6da86ecb-d97f-4d3e-bf31-3b25c746e785,Vivaan Dani,FEMALE,First Responder,3
be428a8e-515d-4eb3-ab4a-40bb7b00bb0e,Chandani Goel,FEMALE,Officer,3
29584ce2-811f-4a18-9e7a-071d6225defb,Timothy Chakrabarti,FEMALE,Officer,3
7f3519a7-0a06-499c-8401-177963515935,Gayathri Pillai,FEMALE,First Responder,3
6da71101-b8ef-449f-80d7-7c610c73b40a,Bhavini Khalsa,MALE,Officer,3
d5690f54-a5f4-4a75-90db-24909d825e09,Maanav Gade,FEMALE,First Responder,3
31f3a366-b30a-40d3-996d-24a75d78fc12,Wazir Dey,FEMALE,Fireman,3
c2c26d63-ac63-4c9e-9692-47b69b0c2cda,Rudra Basak,FEMALE,First Responder,3
b3672203-747b-42b9-86fd-39bfbfcae3f1,Balendra Wali,MALE,Volunteer,3
471db80c-3d36-4ba6-822b-3ce4928a18d9,Parth Goswami,MALE,First Responder,3
87fd90ef-d90d-4d32-9975-0a4bdb99e4b1,Oscar Boase,MALE,Volunteer,3
aa6bf72f-29ba-4194-a83d-d57c9cd82623,Rachita Puri,FEMALE,Volunteer,3
765d7650-82dc-4ce4-9435-6fa3b44d1b5d,Gaurika Dora,MALE,First Responder,3
5b4955ac-30cb-4ba3-860a-e18662e6581c,Vasatika Edwin,MALE,First Responder,3
24e13576-c838-4c52-9a48-96a6cdfb7f21,Indali Batra,FEMALE,Volunteer,3
5433f8a2-2b02-45a4-865a-51aefb0172f1,Faraj Varma,MALE,Volunteer,3
19dfa307-12ce-42a0-8df3-fdb5bff389ea,Isha Munshi,MALE,Officer,3
b13a0f24-1c5b-40e0-8579-9961828dcc86,Frederick Goda,MALE,Fireman,3
a7575cb4-bf53-44e1-97f0-843189b4d34c,Agastya Soman,FEMALE,Doctor,3
a6fb35ed-b7b0-44d1-8d97-033785b44d8b,Lohit Mukherjee,FEMALE,Fireman,3
229615d9-3204-48f1-bbc6-a078133d02f9,Yashoda Aggarwal,FEMALE,Officer,3
5e4e3a80-4d3d-45f6-b766-56f70f843ec5,Bachittar Chaudhuri,FEMALE,Officer,3
5afd4967-c6aa-4eeb-b9ed-a4fb35f10656,Samarth Subramaniam,FEMALE,First Responder,3
bc8894ad-1352-40bf-932b-20ded5fea461,Bhavya Choudhury,MALE,Officer,3
9d21cb94-22b9-49be-bc31-19288a0e00d4,Raagini Nayak,FEMALE,Volunteer,3
e4e9c7a2-1945-4f07-8c5f-ca831a7bea12,Prisha Chokshi,FEMALE,First Responder,3
c27f53ef-a21c-46cc-9a28-501c2c08f7b1,Vansha Bobal,MALE,Volunteer,3
b2843610-7785-44c4-92a8-023b46c4aa23,Meghana Varma,FEMALE,Doctor,3
70df9c07-8687-418e-bfd0-bcd5f2f05d8b,Amruta Dube,FEMALE,Doctor,3
2e3256ea-9feb-4c76-9aa9-8570c94b1292,Vasudha Chand,MALE,Officer,3
98935b90-a9c9-4de3-a6c6-9cd33c824f9f,Ekta Chanda,FEMALE,First Responder,3
a2a9c14e-dff5-4b0c-9e74-f84d254e6b2d,Lohit Bhatt,MALE,Doctor,3
62826ef4-e5fd-4664-b3e6-44eb32394b56,Gaurika Naik,FEMALE,Doctor,3
0d5ef341-537e-4ecc-9df0-297b01506a2c,Ekanta Bhatia,MALE,Doctor,3
b0f3d750-4618-462b-a6dc-5c93da633d02,Bina Sood,FEMALE,Officer,3
0be463ba-6a77-4c44-93e0-14a5c4c1a2cb,Yug Mammen,MALE,First Responder,3
7c4f164f-c561-4fb5-bd1a-a4771b4b3f56,Ekapad Ravi,MALE,First Responder,3
a955ce56-7d9f-4ecc-8cbb-0e380f87ce34,Maya Basu,MALE,Volunteer,3
5c126273-8f98-487f-9b6e-47e8811cdde3,Chandani Wali,FEMALE,Doctor,3
7191f5ef-6cdf-4b99-b5bd-037cbadd743a,Teerth Kumer,FEMALE,Volunteer,3
592e0cc6-c674-4371-880c-b314237e00e7,Max Ghosh,FEMALE,Volunteer,3
0ee2fbf7-1a2c-460c-93b4-4e04620fe49e,Anika Lal,MALE,Fireman,3
78131752-2f61-4aa0-a1f8-b0654740e1bb,Bhavani Guha,FEMALE,First Responder,3
187cbc0c-c761-47d7-80c6-6d370e46132e,Amol Sibal,MALE,Volunteer,3
7083abd3-324e-4cda-b6d3-567c78380f6f,Hemang Lata,FEMALE,Officer,3
ef8147ca-0f0b-4d55-851c-ac951118e53a,Rachana Mand,MALE,Doctor,3
735d2d37-1770-4415-8d5d-42c1968fee91,Meghana Luthra,FEMALE,First Responder,3
13fcca40-5330-407b-89f8-c89b0387a1cc,Oviya Garg,FEMALE,Officer,3
70ee756c-645b-4d2e-abe4-3ee04635689b,Abhiram Mistry,MALE,Fireman,3
6cbdde1b-6e9a-43b3-88a5-d64290317def,Neha Tailor,MALE,Officer,3
f6cff0c1-9174-4c31-866c-32591baf4799,Harini Golla,FEMALE,Doctor,3
02f17936-3777-41c0-827f-bb9ee9a1751c,Naksh Chand,MALE,First Responder,3
90a62211-8914-4f54-b596-6db22eb28f27,Sarthak Bahri,FEMALE,First Responder,20
268f9c91-c557-4cad-aa2e-d3f8c5ec527c,Darika Dani,MALE,Fireman,20
b69d4692-9a54-424a-8fac-2863075c2cb8,Advika Sarraf,MALE,Volunteer,20
25f7e90d-d744-40cf-a8d3-749aac36a45b,Amruta Dalal,FEMALE,Volunteer,20
2447f22e-2321-44eb-a8da-2435d5ab2a6b,Agastya Peri,MALE,First Responder,20
dfc73553-119f-4535-9476-1ab1e44ca560,Chandani Kari,MALE,Officer,20
22abb6c9-67ef-415a-95ef-94c552b16a4d,Ira Kapur,MALE,Doctor,20
693ef5d2-5214-4832-a03e-ce7e661899ef,Hamsini Raghavan,MALE,Officer,20
307a98ae-201a-4906-97d8-1824581811e7,Gaurav Bains,MALE,Doctor,20
a6695ed5-fa23-4e57-9190-356ccb0e0099,Charles Brahmbhatt,FEMALE,First Responder,20
73f1bd6b-e7bb-45fc-90bd-335257b42fc5,Falguni Arya,FEMALE,First Responder,20
e42d438d-3ee4-4321-aa61-e3a78fd9bbb1,Veda Rastogi,MALE,Officer,20
f361c9fe-bdb1-4354-a5e4-5806a3d5f06f,Unnati Agarwal,FEMALE,Fireman,20
c55da3e9-54e2-43dd-b5f1-a45c286a38b0,Banjeet Lad,FEMALE,First Responder,20
5e6f72f1-56c1-4922-8a30-9ab321e38060,Lekha Narula,FEMALE,Officer,20
f09bf856-b9c5-4244-9465-9171b4309ae2,Tarak Raj,FEMALE,Fireman,20
216fb9e5-f1aa-4748-b7ee-db89cb9b4660,Megha Banerjee,FEMALE,Fireman,20
b1f611bc-2a2b-4670-8c46-e052b5255e3f,Shaurya Mistry,FEMALE,Fireman,20
29dea871-cf94-4e17-80e0-c0b3dcef058e,Zarna Kashyap,MALE,Doctor,20
598e2455-8530-42f9-b4a3-408e81fb4896,Nidra Lalla,MALE,Officer,20
41df9f43-4634-4415-b1fa-b17d51b19e34,Nikita Oak,MALE,Volunteer,20
1750d6c8-3099-4ee7-91ff-46228160ab79,Vasatika Murty,MALE,Volunteer,20
e18dd2ca-f41a-48a3-837b-42b9192a5cf8,Inaya Chacko,MALE,Doctor,20
d66486d7-a039-47cf-97ef-8eeeda8fe88a,Pahal Gokhale,MALE,Fireman,20
360f5f6d-25f6-4d58-a725-55eb3157d17b,Chandran Mani,MALE,First Responder,20
ccea3a50-4b69-4eb6-85ce-8002983f1f59,Shivani Prabhakar,FEMALE,Volunteer,20
c83e04fe-2c12-4a36-913c-cdf74a791eb4,Falguni Deo,MALE,Volunteer,20
77033c53-dd2b-4ffe-9873-90e59729c98a,Laksh Agate,FEMALE,Officer,20
b0ffbb15-32b7-446d-bf53-47060948ff7d,Tanvi Bakshi,FEMALE,First Responder,20
513ca252-f499-4f0b-b2bf-5ce7daf39df0,Ayushman Bhat,MALE,Volunteer,6
65ecb1b3-f808-4237-9acb-95d8cbaa65d8,Pranav Seth,MALE,Officer,6
63048c89-f901-46b2-adfd-c2c9a2e8ab9d,Ria Kalla,MALE,Fireman,6
4b65dc7a-18f1-449b-b819-0c0fd63c54d8,Anvi Dayal,MALE,Doctor,6
72475219-b145-44a4-ad1e-67cd9065912e,Yash Garg,FEMALE,Officer,6
939474d4-f5b7-433e-879d-da31495a97c1,Nandini Mistry,FEMALE,Officer,6
2cc975e5-e6d0-4a7a-9206-3039e0d01347,Vedhika Mukherjee,FEMALE,Fireman,6
aaf4c017-934e-4f07-97a7-16cdb5f04a8c,Frederick Gade,MALE,Volunteer,6
833f7b80-8508-4db2-adef-a94e38ae57de,Lavanya Bains,FEMALE,Volunteer,6
6d822843-f309-4a3c-9508-01694e808b4c,Pooja Dar,MALE,Officer,6
8729f557-347b-45a5-9bfc-55d3ff77fcfb,Dayamai Chauhan,MALE,Fireman,6
1cceebb2-46a2-4a98-80e2-3980caacd138,Balvan Gupta,FEMALE,Officer,6
5b74df0e-f9cf-41af-ad55-a8b91af875ba,Aryan Dugar,MALE,Officer,6
b19f9b22-8cf1-4b05-8f5b-a9878c99449e,Wakeeta Bhat,FEMALE,Fireman,6
2577c556-b623-4bdf-97ab-5b7817dec1d8,Nitesh Prakash,MALE,First Responder,6
ad69d6ac-15f1-4cb7-9c4c-885e19e019ef,Isaac Ganguly,FEMALE,Doctor,6
3c254f41-f38d-4fbb-8d4f-271d5cdaf30e,Tanay Ramakrishnan,FEMALE,Officer,6
9dd97a04-2aaf-4203-a6a9-c838b0b9aa34,Thomas Prashad,MALE,Doctor,6
1ac26065-edb7-4b76-b6ad-22073e78ae3f,Yug Sarin,MALE,First Responder,6
85cbb836-f162-4968-88d2-c49548fd99f0,Nimrat Oommen,FEMALE,Volunteer,6
8ce99279-faca-4cb9-a6ab-4e90baa2de3d,Gagan Kapoor,MALE,Volunteer,6
84569a42-4fe9-4bb9-8170-d0d5e26f418b,Yauvani Sarin,MALE,First Responder,6
eae11ddc-db2a-4600-95eb-c2f4dbf35437,Aarav Sarna,MALE,Volunteer,6
d860c9c4-47e7-43ae-a510-49878bba385a,Urishilla Gade,FEMALE,Doctor,6
b82e3a0d-02c8-4fe6-8da3-f10747008721,Rachita Khare,FEMALE,Officer,6
5f062ccb-30cc-4a8b-bfc6-e8dbd38940e6,Mitesh Kar,MALE,First Responder,6
bfb166bd-d94e-4c8b-b85b-c27b741b46a3,Yoshita Bora,FEMALE,Volunteer,6
79adb94a-dcbb-4f99-9209-7706681e81ba,Laksh Shukla,FEMALE,Doctor,6
1e0df0ed-d0bc-452b-9dcc-322af421d3f8,Krishna Singhal,FEMALE,Doctor,6
909fb42d-822f-4333-aad9-90bff1234653,Azaan Dasgupta,MALE,Doctor,6
3d94c591-8b94-4d1f-91a9-aa451e2696f0,Lavanya Bawa,MALE,Officer,6
16783774-004e-4d46-aa85-71cc45a79798,Arin Ravel,FEMALE,Officer,6
40fbb4fe-a7b9-4cd2-b970-de4093a695be,Nirja Ben,MALE,Volunteer,6
266654a3-f30a-4c50-8292-c7331894cc00,Vritti Brar,MALE,Volunteer,6
c6d68473-d944-4c2b-8506-f9bb7dc99b35,Frederick Ganesh,FEMALE,Fireman,6
d2ce3c09-e068-469a-b64a-ef635d014a4f,Ekavir Virk,MALE,First Responder,6
31e3089f-9ce1-4348-b123-31639cb81b50,Gautami Ravi,FEMALE,Officer,6
0f7dea4c-a344-41f7-bce5-19cd98e561da,Yashasvi Sane,MALE,Volunteer,6
6efe97a5-f40d-4b58-a297-b029c7387542,Vivaan Anne,MALE,Officer,6
c15bf629-7f8a-4d18-8c65-358e2105e4c0,Lekha Radhakrishnan,FEMALE,Volunteer,6
0d684b99-f9f4-41fc-9f04-110296b797b0,Matthew Viswanathan,MALE,First Responder,6
b106e3e3-58a7-4a68-a0e8-481b0d31dd11,Ekansh Khatri,MALE,Doctor,6
ecdd7c73-0935-4da3-9431-c2724d34e4cd,Isaiah Khanna,MALE,Fireman,6
acfd4553-510a-4411-95db-f2ff2cbe8d12,Pooja Goel,FEMALE,Doctor,6
18755634-95f9-4158-88e5-3d945b33c338,Vansha Murthy,FEMALE,Doctor,6
f7014879-7aca-44d8-9fd0-13d2f8f7f914,Chakradhar Patil,FEMALE,Officer,6
e6380df3-cf90-44a4-a325-3c570847cbbb,Yashoda Murthy,FEMALE,Officer,6
99388835-a328-49dd-a499-12a1425b2385,Jack Chandra,FEMALE,First Responder,6
744fe84b-2b1a-4090-a005-c542310e4495,Orinder Bhasin,MALE,Officer,6
024f4421-3c27-4192-b9c5-c52077ca5e13,Nitesh Kaur,FEMALE,Fireman,6
afe2784e-0a59-4ec3-a6b3-5cbbf21b9c9f,Sneha Sibal,FEMALE,Doctor,6
25967ed0-fb44-46f9-803a-07195086eae2,Edhitha Sarna,MALE,Volunteer,6
2b957e26-d841-4d0d-bb9b-6802daafdc91,Bhavika Subramanian,FEMALE,Officer,6
ad8d8452-0b20-4261-99cd-e0ebf7190c06,Praneel Sawhney,MALE,Doctor,6
2a6cd2d6-2973-454d-a268-7e6a90fe2504,Manthan Sami,MALE,First Responder,6
1a6364c8-09be-4286-83ea-ef557542de10,Aarna Palan,MALE,Fireman,6
8b3de4d6-2c8e-4727-9c5d-07e389526a03,Ekantika Randhawa,MALE,Doctor,18
971a1b99-d1d8-448b-8541-8b756f5b1672,Chakradhar Chahal,MALE,Officer,18
fe6f6b86-e2bb-43ee-84d0-c1e1b567b1d0,Prisha Panchal,MALE,Volunteer,18
f89b4579-f425-455f-87fd-8b3068fbb9a9,Gavin Palan,MALE,Officer,18
db13bc0a-567e-4af8-bb94-bcbcea7a158e,Karan Sastry,MALE,Fireman,18
1f9d8063-afa2-46d2-b15c-57aeb4d64368,Harita Parekh,FEMALE,Officer,18
2ac91734-ef30-4a3c-bbb2-b744514cf9a4,Wakeeta Cherian,FEMALE,Fireman,18
9f0e8e26-484c-40d9-9b36-7100da5bb438,Charan Sha,FEMALE,First Responder,18
55d3071c-9cf4-488e-8a42-cca377e30c83,Sarthak Prasad,FEMALE,First Responder,18
747cd08b-732c-4147-9330-cd6fdbee87d5,Anamika Vohra,MALE,Officer,18
f158efa8-c2bb-4020-8a70-7e8d60b313bf,Jalsa Gaba,MALE,Officer,18
e746ec10-f899-4802-8389-b0030c09c3a4,Ekalinga Sahni,MALE,Volunteer,18
0fea40b5-5d50-4b81-88c7-3aa33d238d99,Ekalinga Trivedi,MALE,Doctor,18
b6c92529-98de-49b4-bf92-dd240f8191fe,Ronith Joshi,FEMALE,Volunteer,18
a9db8077-3448-41d6-bac0-d184271e0ac3,Mugdha Dugar,MALE,Volunteer,18
694de995-da45-4dc2-8666-6964a30b0759,Azad Reddy,FEMALE,Volunteer,18
661ffd0b-8426-4e71-8cd9-f3c822638b6c,Yashasvi Gole,FEMALE,Volunteer,18
22c16b68-c86e-4db1-96e7-6682efd96a9a,Meghana Kala,FEMALE,Volunteer,18
c5421712-584c-4b59-8ade-32862bfe193a,Lekha Dua,FEMALE,Fireman,18
da2af5a7-f43f-4417-a9cd-31130fe30dd7,Dominic Rattan,FEMALE,Fireman,18
5e5b93c6-5519-4e0f-b16b-25b49d7f7e0c,Kashish Sant,MALE,First Responder,18
d240940b-d245-4dd9-95e5-2cda8c53d3ed,Krish Tara,FEMALE,First Responder,18
2b831283-c668-4be1-bfe4-444adfcc8a54,Wakeeta Shanker,MALE,Fireman,18
943ffda0-40dc-4caf-9e41-eee09f2e01a9,Diya Shanker,FEMALE,Fireman,18
72354a56-57e4-4176-b299-f707812cc258,Irya Bala,FEMALE,Fireman,18
54867634-50c8-49a9-93a1-87182b42121e,Varenya Thakur,FEMALE,Volunteer,18
bf04e054-ef96-44e4-a9b4-2aad4731b5f3,Upasna Gulati,FEMALE,Doctor,18
1baa0447-8b94-4e23-a428-8572ad9cc4ac,Frado Merchant,FEMALE,Doctor,18
1adbfe1b-accb-475e-93ab-6d38f651b826,Lavanya Sekhon,MALE,Fireman,18
a99ef142-0988-4481-9479-3bbfd30b2166,Balvan Chand,MALE,Volunteer,18
42a783e0-95ea-43bf-9061-198a59bd8bd2,Adweta Parekh,MALE,Fireman,18
dc3e53a5-3657-445c-9916-9fea92f5a570,Lakshmi Rama,FEMALE,Officer,18
cb19fbb5-b878-4fe8-9d9f-7910d3ed063f,Kamya Oak,MALE,Volunteer,18
2fa2bb79-0dd6-455f-b05a-638b02c9ae00,Alka Dey,FEMALE,Fireman,18
2e42a2e7-a6f4-4790-846a-fee1ae95fd30,Utkarsh Rege,MALE,Volunteer,18
d67c24bc-3725-4902-9973-e9ab403ce7cd,Yashawini Cherian,FEMALE,Volunteer,18
7029a70e-0c1d-42fa-9513-a5ca4977757a,Gayathri Natarajan,FEMALE,Doctor,18
de84740b-9c2b-44e1-9077-4d29752f4964,Udant Patla,MALE,Officer,18
b846644b-990c-4a07-8974-57ded636abe2,Harrison Kohli,MALE,Doctor,18
8746e01e-2f6a-4343-ac03-e555a85b012a,Ira Deshpande,MALE,Doctor,18
58bfd9a0-7c5c-4053-a02d-355068374aba,Zashil Rao,FEMALE,Volunteer,18
cb535a0a-b639-46ea-8b6e-297f38f5bdd4,Charvi Padmanabhan,FEMALE,Doctor,18
07c64f84-11c5-4d7e-a75d-5bdf4f0c21b9,Nidhi Golla,FEMALE,Volunteer,18
633140ba-5cd6-45a0-85fb-bf794484cd09,Tanay Rana,FEMALE,Officer,18
3ee9b447-a878-47b3-8de7-c5952526cbfd,Gabriel Boase,FEMALE,Doctor,18
3b2b2932-ec8b-46af-80b7-f0b3493f2e6e,Ubika Hayre,MALE,Fireman,18
38443d56-f381-4955-a90d-7de619642d1d,Jeet Bhattacharyya,FEMALE,Officer,18
7e2b6006-9152-4419-9b54-03685c74c3d9,Damini Keer,FEMALE,Volunteer,18
f415415d-53ca-44de-967f-ca4eede72e3a,Rajeshri Kant,FEMALE,Volunteer,18
d5c58859-a5f7-46cc-bef3-7195eb4b96b9,Bakhshi Bumb,MALE,Doctor,18
98c6d422-12b3-49c3-a550-b58ffa4aa01f,Ishwar Behl,FEMALE,Doctor,18
5db5d101-2656-4bd6-bf44-8cbb28a5cfe6,Kala Krishnan,FEMALE,First Responder,18
f52b46a3-b35c-47bf-b14f-84f085db330e,Jalsa Nori,FEMALE,Volunteer,18
ba0a61e9-4649-4f2a-bf51-538a9dece55f,Ekapad Jhaveri,FEMALE,Officer,18
02a05c6e-de64-4d4b-8807-538436396884,Samar Jani,MALE,First Responder,18
5c31925e-9453-4f43-af7e-f63655f42fff,Warjas Koshy,FEMALE,Doctor,18
ef72ff3a-2aa7-4838-85ce-24149be0bd50,Samar Subramaniam,MALE,Volunteer,18
fce8208a-4c31-42b5-8a59-b7047c19b648,Jyoti Vasa,FEMALE,First Responder,18
112a6201-3856-4fd0-8406-bfe159fb4e55,Zinal Vora,MALE,Doctor,18
d58bbc3d-ca62-43a9-9c54-2923d2ae2346,Ijaya Saraf,FEMALE,First Responder,18
31ad7b44-1e44-4437-81a6-ab7a5827eb30,Dhruv Tiwari,MALE,Volunteer,18
50658d00-d352-4306-8873-a4cc2ae819ce,Qushi Lad,FEMALE,First Responder,18
9b21be0e-8216-4462-9cb0-b44b587906f6,Balhaar Nigam,MALE,First Responder,18
4387a2d2-d074-4263-8012-dadad0e0e06b,Om Dash,FEMALE,Doctor,18
7f6b616d-10f3-4bf4-a1b9-40bf317be09d,Amrita Bala,MALE,Officer,18
e03d6728-50c9-45ec-a7f2-1b0806d534d5,Aarini Gera,FEMALE,Officer,18
bc725948-7939-408a-b555-b17d2f9ffa00,Sanya Hegde,FEMALE,Volunteer,18
da133333-ed94-438c-b5ff-f4aeb9c8a34d,Anthony Chowdhury,FEMALE,Fireman,18
5fa750e4-d84b-43cb-be5d-66bd3c8180e7,Jalsa Dyal,FEMALE,First Responder,18
23e3922e-9e08-4ba6-999e-7bd5161ac5dd,Yoshita Bava,MALE,First Responder,18
91b6e13b-66ec-4aa9-b9a4-2a5fbe853c8f,Janya Johal,MALE,Volunteer,18
f9600b99-af70-4501-bb3f-0f017df8a0b1,Adweta Chopra,FEMALE,Volunteer,18
dfa359a4-9135-44ab-90a9-072446ea0b72,Ojas Sant,FEMALE,Officer,18
82a5ac89-c010-4b9f-ab29-42a4441671fb,Chandresh Srinivasan,MALE,Volunteer,18
1ec9b9fa-b105-4c29-95f3-de1716a325de,Yahvi Ganesan,FEMALE,Fireman,18
234e6286-0450-4b61-afdb-58186ff11d2a,Tanmayi Mall,MALE,Volunteer,18
2961fea7-b67e-4dba-9863-3ec6bbc400f9,Bahadurjit Chaudry,MALE,Volunteer,18
5d290ef6-8abd-421d-9ba1-774b07f7534f,Jason Rattan,MALE,First Responder,18
dc5adca3-11de-495a-956f-a179e9b1f4d6,Chaaya Sarna,FEMALE,Officer,18
4bcd19d6-d7ea-4bf9-a932-942dadf72fce,Vaishnavi Ben,MALE,Officer,18
d8f80769-1b29-45d0-b7ae-137e5d33793b,Forum Bandi,MALE,Doctor,9
7b364ec5-f0b6-4268-9f91-cd24a52cb7d8,Mohini Mandal,MALE,Officer,9
d235c103-f49d-4012-9cf3-2f9e4c6821ae,Amol Sur,MALE,Fireman,9
2730aa4b-f941-43a4-b200-1dfe5c9bf7f7,Ayushman Agarwal,MALE,Doctor,9
b73e71c4-f862-4381-a29e-474f7e72b739,Xavier Sundaram,FEMALE,Doctor,9
30ce4691-40bb-4bdb-81d4-c9c48aaf5037,Abdul Radhakrishnan,FEMALE,Fireman,9
fa3ad6c4-759b-4a34-a0e6-1955f533cf5e,Libni Parekh,FEMALE,First Responder,9
2be87e22-9bd5-47d2-b485-5d24957dc49e,Ijaya Thaker,FEMALE,Doctor,9
e4c86a9d-1ef2-4875-95b9-b61fc7bcb83e,Parth Choudhury,FEMALE,Fireman,9
e74c6b04-5178-410a-a275-6dad6b2dc92d,Urmi Saraf,MALE,First Responder,9
7ad55dfd-bc64-4088-8da4-0a9d7055ca41,Chanakya Kar,MALE,First Responder,9
046b4875-98c9-4dff-9d54-82656117a7be,Benjamin Ahuja,FEMALE,Officer,9
ed75e2d8-2147-433b-98d8-657dfbc9aab3,Anamika Doctor,FEMALE,Volunteer,9
f6c2f3e8-d956-497d-875a-26c442f39297,Bimala Mohanty,FEMALE,First Responder,9
d2cd3e0f-1db2-4cd0-8d67-65e3a8b9d6a4,Jyoti Menon,FEMALE,Fireman,9
b1db542d-442e-4b91-871b-083b67775355,Watika Som,MALE,First Responder,9
ed61d367-0b9a-4b75-aaf2-e3cec563aab3,Brinda Sridhar,FEMALE,Doctor,9
b85b5626-e901-4f24-b7be-33e1d5b2b94a,Anika Sagar,MALE,Officer,9
8db14133-d220-4596-ac52-34c09dcc3fcc,Bimala Gupta,MALE,First Responder,9
64960526-6433-4bcf-b4f8-3f2959ed0f30,Rajeshri Nazareth,FEMALE,Fireman,9
1c9619e0-7264-434a-a5cb-dd2e35f53b9b,Harrison Chawla,FEMALE,Fireman,9
89bc0b29-4e10-4853-9c33-47f43318bb17,Avi Balay,FEMALE,Volunteer,9
43b3c3ae-208f-4bdb-aac4-61ac82fe4b3d,Faras Kala,FEMALE,Officer,9
1d7cf0e7-b910-4dd3-a28f-eab3a5e004bc,Gunbir Ramachandran,MALE,Officer,9
f3fb4526-105d-469c-a15d-922522cb68e1,Om Bakshi,FEMALE,First Responder,9
a9d8cbfb-5130-4040-bddb-f4614c11af72,Amol Kannan,MALE,First Responder,9
95b09a92-b02b-46e3-982c-a10fdb2d44a9,Tristan Venkataraman,FEMALE,Fireman,9
abf96e80-9b8a-4890-acee-008f2339c90e,Ranveer Thakkar,FEMALE,Fireman,9
2ce6ffc3-2dc6-40a6-a763-4022c1f278a4,Rishi Choudhry,FEMALE,Officer,9
037239db-99dd-4d11-92cb-81d383c1f4b2,Michael Gandhi,FEMALE,First Responder,9
8d9b2346-cf55-4a1d-a267-6e2d5e24c238,Zehaan Kadakia,MALE,Officer,9
eba27923-e569-4401-a7e9-a96a9d407982,Faraj Apte,MALE,Fireman,9
fc6a8580-a165-444f-87da-452f9c9c06ae,Krishna Krishnamurthy,MALE,Doctor,9
1eb5d438-06f5-42a2-8b4b-b67cc58107f8,Yash Rajagopal,MALE,Officer,9
5a39ca23-31a2-456f-8a59-7e367d8dfde0,Anirudh Dhar,FEMALE,First Responder,9
720f05e8-533f-45ce-b655-d028a2a2aacb,Rajeshri Baria,FEMALE,Volunteer,9
908ddc10-ee42-4fa3-813a-376a390df9ec,Zayyan Patla,FEMALE,Fireman,9
a7943f45-30b2-465a-986e-3521b19d667e,Farhan Dutt,FEMALE,First Responder,9
f7a6debc-5006-4780-924d-066b146246e4,Girik Mishra,FEMALE,Fireman,9
2b5428b8-47e6-48fd-b1b0-c0955125a39b,Nilima Krish,FEMALE,First Responder,9
5fed97d9-b446-49b7-9393-8b94bfce54a3,Jairaj Koshy,MALE,Doctor,9
eb4332b2-131b-4373-a5c6-77bec5f710ac,Jeet Rattan,FEMALE,Doctor,9
54190e13-ca51-4468-a9c9-27365f0ececd,Karan Chacko,FEMALE,Volunteer,9
247f2909-b3f5-4035-a545-f59186171a3c,Ati Keer,FEMALE,Doctor,9
7a4147a8-c3b0-4210-b669-c79c8debbcab,Isaiah Nath,FEMALE,Volunteer,9
ac01e5c4-ce13-4aec-a9a6-c96f8dfb3d27,Sachi Virk,MALE,Officer,9
1025115a-47f5-4c96-836d-9464d124257f,Darsh Chada,MALE,Officer,9
d0ea9962-8524-4b8b-bb64-52960ff725c2,Omisha Murty,FEMALE,Fireman,9
b56c8b1d-925a-48e7-a578-d8fba94316c3,Mason Shah,MALE,Volunteer,9
9479a488-0bc8-44ea-b4d7-e60226af303e,Manya Dhillon,FEMALE,First Responder,9
7f9e1370-7057-4948-95b4-e364bcc6e71e,Guneet Wable,FEMALE,Doctor,9
68f61a4d-bb23-4ab7-aada-d58359b046eb,Agastya Andra,MALE,Fireman,9
daa94e86-2037-469a-8147-f276252d0f7d,Abdul Jani,MALE,Volunteer,9
e4dd8449-c8a0-47d7-b82e-ca51228d2f5f,Yuvraj Kaur,FEMALE,Fireman,9
2102be1f-8c96-4626-862e-cd0c39c01659,Nidra Khare,MALE,First Responder,9
e91e2a1d-6f84-45bf-8de7-cc1153f4dd8d,Wriddhish Date,MALE,Officer,9
d8a156ae-25e2-4544-a3cd-31812e8ac519,Ekansh Dugal,MALE,Doctor,9
13dfaf0f-a123-4c00-bedb-2adae7443599,Girindra Mohanty,FEMALE,Doctor,8
f8a1eba7-6ec6-4192-bdcb-6cea518b1d37,Vasudha Prabhakar,MALE,Officer,8
5e5ca12e-5ace-41fb-9f97-1d9a980bbcbd,Orinder Korpal,MALE,Volunteer,8
bb1b9aae-a530-4393-9ca9-ab5998fcc985,Lohit Devan,MALE,Doctor,8
ade052aa-0e59-48d7-95bc-4dfdf443e929,Michael Narain,FEMALE,Officer,8
5d276a87-f607-4531-bc42-c5e1c6c28873,Xiti Sharma,FEMALE,Fireman,8
95d84a54-34ef-437b-ad8a-7c273208ede0,Urvi Sachar,MALE,Officer,8
d664b355-b8de-421a-8a5a-917ac872b2f0,Faraj Munshi,FEMALE,Officer,8
bcd4271f-642c-4eb6-a55a-0ec7b185fce6,Dev Devi,FEMALE,First Responder,8
97a4fdce-7251-435f-985f-53c0903a1cc3,Gunbir Sachdev,FEMALE,First Responder,8
2642285f-23d9-46a7-9f11-14f8f9b64d99,Zinal Saran,FEMALE,Fireman,8
c8cf0c61-2f25-4d01-93f6-365d2b8361c3,Ijaya Bhatti,MALE,Volunteer,8
705bdae2-e5a7-4351-9414-6ac0b71df13f,Oscar Bedi,MALE,Volunteer,8
7b7cfede-74ae-4c63-8a1d-bcf310764ce1,Nandini Seshadri,MALE,First Responder,8
e243edd4-0c6b-4e3c-8f6c-f220d47678cf,Libni Pillai,FEMALE,Doctor,8
a20151d4-b2c5-466d-953a-e47c7ebfb453,Sathvik Babu,MALE,Fireman,8
6bc26013-2d2f-4f95-8aed-0f77ec163398,Tanay Mander,FEMALE,First Responder,8
3d37767d-0d3a-4ee2-992c-3281fb2d0d09,Ayushman Rastogi,FEMALE,Officer,8
bc70c691-88af-4563-84be-99360c67f8ec,Ekansh Karan,FEMALE,Volunteer,8
7c3a94b4-4440-44e6-bfc9-4107fe0f19f5,Jason Pillai,MALE,Volunteer,8
cb320a9f-1f74-4651-8d00-24662de64a25,Tejas Sidhu,FEMALE,Fireman,8
152881b3-3ef3-4bbb-a807-a3eb693ff937,Sathvik Kulkarni,MALE,Officer,8
e4e51928-b31a-4289-8bf5-6b09735e4d03,Lipika Prakash,FEMALE,Volunteer,8
e7073aff-0ac7-4e2e-bea7-7918a29482b0,Aadhya Ramachandran,MALE,Volunteer,8
a94128e6-6ea6-478d-b6a3-8a8012e50979,Harish Bobal,MALE,Doctor,8
01a86522-c630-4628-b184-c00e98679fe2,Hemal Ghosh,MALE,Officer,8
6bc38e84-fb76-4379-9cdf-02a0c2e2bc88,Arin Bhatt,FEMALE,First Responder,8
47c48ccb-e8fc-4fab-960f-ded68c81eca6,Balhaar Naidu,FEMALE,Volunteer,8
395c3be2-9f6a-46d4-a274-c21e3a3942e5,Isaac Bali,FEMALE,Doctor,8
bb925237-1613-497c-9508-3d1930cebee7,Dipta Arora,FEMALE,Fireman,8
7b2c02e3-6be7-4a86-ad59-8cb0a96660f1,Samar Bir,MALE,Fireman,8
702e2b34-0505-4731-8d01-ed1e2f9ad1e9,Aarnav Chaudry,FEMALE,Officer,8
b49dda67-5be1-405c-a45d-54f9fa5b22eb,Manan Kakar,FEMALE,Officer,8
6831e435-4696-4d9a-8259-6722ffd1c476,Gaurika Sibal,FEMALE,Officer,8
c1472195-8620-43d8-97f8-c0902bae8eb8,Krishna Sur,FEMALE,First Responder,8
171cff6c-13be-4463-b1b9-7f71ff3c2a65,Nilima Lal,FEMALE,Doctor,8
7f92a322-24fc-40f5-b179-dcc44581e46c,George Suri,FEMALE,Doctor,8
ce732761-aba6-4222-98c2-5fc88e605e0a,Onkar Aurora,FEMALE,Volunteer,8
56943e9c-4289-4118-9906-09bd3d980903,Oscar Natt,FEMALE,Doctor,8
3a82fcc8-0f40-4fd1-a6d7-ab900face6ad,Rushil Minhas,MALE,Fireman,8
c7d50e62-2e54-4322-b5bf-f223f3fdadf0,Leela Sarkar,MALE,Officer,8
2ac91d62-91c8-47d3-9d5a-34b4e76b0b01,Orinder Nayar,MALE,Officer,8
dec39981-a91b-4344-af97-d579cfa286f6,Ekanta Randhawa,FEMALE,First Responder,8
a4dbdfe6-5fd4-4004-88a7-0454120816f5,Yochana Aurora,MALE,Doctor,8
d345b186-2564-40bb-856f-83ab255a1d71,Christopher Chandran,FEMALE,First Responder,8
f6a1a5ba-54cf-4b23-ab5f-21509e5fc7ff,Charan Kapadia,MALE,Doctor,8
5fa93e99-ca5a-47f6-82b6-0525560d992f,Falguni Parikh,MALE,Officer,8
405c473b-4b76-492a-8bd9-8c430623fae3,David Ramachandran,FEMALE,Doctor,8
10b4cfb0-40ba-4ccf-a156-c93a4eccec8b,Ishwar Mohanty,MALE,Doctor,8
d5c3a080-9205-460b-bb12-12568aaf990e,Elijah Suresh,FEMALE,First Responder,8
f65065d1-d91c-4fd9-a72e-ced62dc40907,Baghyawati Yohannan,FEMALE,Doctor,8
5378f08a-c7c7-4fac-aad4-1967ad320da5,Viraj Rama,FEMALE,Doctor,8
6e010217-e8f7-4ed3-a040-048cee7989fa,Zarna Gill,MALE,Volunteer,8
ab6bb65d-cab6-411d-a79d-cd498b76d5f9,Gopal Puri,FEMALE,First Responder,8
ba1508c4-7cb0-4502-a3de-dc12e95ee3b2,Aarav Nath,FEMALE,Doctor,8
57dcb602-cbd3-4c1f-8833-73380d0c90bf,Eiravati Tank,FEMALE,Officer,8
97f02fdf-5c32-409e-b8c9-13c74dd275b7,Fiyaz Aurora,MALE,Volunteer,8
de65361d-e1ce-40ab-8210-3dfcdf3dff03,Laban Handa,MALE,Officer,8
f5f4fbb0-2b26-4bc2-b6cd-fcb46e99c650,Bhavini Desai,FEMALE,Doctor,8
78275fd5-3369-4b77-8901-f42da3c04994,Ishani Sinha,MALE,Officer,8
07c4ce13-f0f1-462d-8d85-411d8d1bc1fa,Jai Apte,FEMALE,Volunteer,8
e7c50bda-00c0-4a17-9f5f-29d0e37c09f9,Hemangini Shenoy,MALE,Doctor,8
43042fc6-858b-4f95-8826-326db4bcfbb8,Samuel Seth,MALE,Doctor,8
f497f6b6-b2b7-4859-939b-8a1b2eb8ed4d,Dhriti Shukla,MALE,Officer,8
bbffee3c-19bd-48f8-8e5c-1e5786421a5b,Indali Shanker,FEMALE,Fireman,8
e9bd3653-0642-4e32-9af0-ca12b32cfdbe,Irya Desai,FEMALE,Doctor,8
4bf85467-273f-4894-8d53-3e3b07cfa0d6,Zehaan Yadav,MALE,Doctor,8
3b401bf5-41e2-4d80-bb13-bf2bb0aab084,Dalbir Doctor,MALE,Volunteer,8
f42a8972-9169-4973-a807-382db261d2e8,Faras Nanda,MALE,Doctor,8
d3c4c425-8470-4184-8b4f-343d51a2065e,Unnati Thakur,FEMALE,Officer,8
abd8f12e-d2e8-488a-a0a7-4667662b9418,Adweta Korpal,MALE,Officer,8
95ea661b-8ede-449f-ba8c-b9ec95398a30,Irya Prabhakar,FEMALE,Volunteer,8
99293aa9-2bda-4ec2-bad9-d2f916110659,Diya Mane,FEMALE,Officer,8
8da6106a-9fa4-4710-b8c9-4594cfde2db0,Aachal Kumar,MALE,Volunteer,8
86fdfad5-c9a2-485e-965f-ff67fc9380cc,Wishi Basak,MALE,Doctor,8
4eb25786-7f80-4074-a2f6-908a0d1be6dc,Maanav Krish,FEMALE,Volunteer,8
674469bb-803e-4406-928e-b8cc242765b1,Joshua Subramaniam,MALE,Doctor,8
113d9937-9e18-4fe2-a17c-e7a435e7ecba,Harsh Chadha,FEMALE,First Responder,8
41502634-0b5c-4c5e-b5d6-d5f31a9cc426,Yashasvi Swamy,FEMALE,First Responder,8
196c11bb-7f75-4ea2-97d1-e93a376c3d10,Karan Toor,MALE,Officer,8
71e3e6a2-f19c-40ab-aea8-3dffe97dd0eb,Nachiket Batta,MALE,Officer,8
8e20867e-e801-4a88-aace-ae62171c1c1d,Bachittar Goda,FEMALE,First Responder,8
386195cf-f069-4e72-98bf-c298614ab640,Gaurika Shankar,FEMALE,Fireman,8
950dc7f5-ad56-4090-a033-bcb37fccd54f,Eta Rout,MALE,Fireman,8
a31bcf3b-dad4-494d-bd54-34b53e54da6a,Samar Gopal,MALE,Doctor,8
1ddef3d6-dbb4-42e7-95ae-87b672e37ae4,Abhimanyu Sem,MALE,Volunteer,8
6b6e96af-6fe3-4675-b3be-f5a23c6c342d,Kamala Sangha,MALE,Officer,20
6e5e4882-b7a2-4b27-90de-72a8f3b4d7de,Krisha Garg,MALE,Volunteer,20
9015daa6-d6fa-4ae3-98fa-5a80b9299cf1,Urvashi Lata,FEMALE,Volunteer,20
8300e752-7d7b-496b-b5dc-19d04a111ffa,Amol Panchal,MALE,First Responder,20
ddc2ea05-718d-4c8d-8091-3de27f7bd837,Laksh Ratta,FEMALE,First Responder,20
04d993cc-bedd-4228-876e-6d20064b38cb,Isha Mistry,MALE,Officer,20
b7d78146-2e2c-47d7-a9ba-5c594013ea0d,Luke Ahluwalia,MALE,Fireman,20
7d33ef04-1f6a-439f-b7e0-653bece86292,Priya Goda,MALE,Fireman,20
b8bb89cd-db16-4b8d-80d3-d541e78b912f,Riya Kaul,FEMALE,First Responder,20
720344b5-9905-4f75-904c-0caff9438aaa,Luke Acharya,FEMALE,Officer,20
6c1bd4f4-373e-437c-bb20-361a9bbe42a5,Pallavi Kibe,MALE,First Responder,20
9894e6cc-36b0-48ba-a469-2cd7e9efd1b9,Tanveer Uppal,MALE,Doctor,20
6b98be81-d22a-4c74-aeac-89627b6e272d,Bishakha Narang,MALE,Doctor,20
77d4867c-2db5-4e24-9876-d6e90fefe5e6,Sneha Krishna,FEMALE,Officer,20
a9318eb6-e324-474a-9976-cc9e47d404e4,Jai Mitter,MALE,Doctor,20
66c39b56-f52a-4858-b5ef-dee95d0e8271,Ethan Morar,FEMALE,Doctor,20
b5410b37-c55a-4b09-a205-6762d54aafa9,Nidra Yadav,MALE,First Responder,20
c8847c5d-31d5-4fe4-9a71-ef01eaedf279,Lohit Krishnan,FEMALE,Officer,20
42afe233-22af-473f-a9cb-13d09bf553ec,Eiravati Khurana,MALE,First Responder,20
1f294a2a-3ea9-4bb3-83f4-e928b9eb147f,Arunima Parmer,MALE,Officer,20
4dbe3c8f-4e33-42a4-b917-794171aee7a2,Ucchal Manne,MALE,First Responder,20
4158f676-30cc-4968-a755-493533803627,Abhimanyu Nair,MALE,Officer,20
90c139ce-089c-43e9-a1bb-0f209563001e,Qushi Purohit,FEMALE,Officer,20
bd5d7d42-082f-46d7-8a8b-caccfc907630,Samarth Misra,MALE,Officer,20
71411da0-8e1c-4e2c-808f-745c3ac65824,Janaki Rau,MALE,Volunteer,20
480be47e-24ae-4906-978e-aecd09c1728e,Ekanta Deol,MALE,Officer,20
a1a040af-0438-47d0-bae0-df20f3bca56c,Max Saxena,MALE,Volunteer,20
ddb7603e-b404-4760-b978-5e0025df7db4,Jackson Bandi,MALE,Officer,20
a6847a75-b0be-4159-a786-30b12b015805,Aarini Master,FEMALE,Doctor,20
a17330eb-8f29-46f3-ac31-15bc64f62cac,William Hayer,MALE,First Responder,20
1316b391-8524-45e8-a5e3-77fb312ef568,Hardik Pau,MALE,Officer,20
c38db26c-cc75-42ab-bce6-13e751276657,Frado Varma,FEMALE,Doctor,20
10998f81-2c3a-49d8-a020-e312611fbd8f,Pushti Kata,FEMALE,Officer,20
0dc580fb-06a5-4585-9d03-1910b0eff415,Charita Raghavan,MALE,Fireman,20
3ec45b56-013c-4495-a437-0de81e076205,Yagnesh Loke,FEMALE,Volunteer,20
cb68922f-96fd-4e46-8b37-596d35876450,Jeremiah Ganguly,MALE,Fireman,20
1f5ec590-8b45-4bcf-b64f-022ca7eae28f,Raksha Bhatia,FEMALE,First Responder,20
83afa20d-f8fc-4994-ade8-6994820ba5bf,Ati Rattan,FEMALE,Doctor,20
0973b140-2788-4a8e-b6e3-473449998ced,Ekbal Prasad,FEMALE,Volunteer,20
af20ec38-4396-4650-afa6-1f405ea557b2,Farhan Sachdeva,MALE,Fireman,20
9c72e7fd-c6ad-4e01-8184-5a8692ab453b,Qabil Seshadri,FEMALE,Officer,20
1a585158-8b72-4468-8543-e513581eb664,Pranit Goyal,FEMALE,Doctor,20
3920095a-43bb-4f42-a959-2614d6bdb04d,Aarav Nair,MALE,Doctor,20
4fb97b0d-3282-483a-a520-8a8c991b21f0,Fariq Sibal,FEMALE,Officer,20
80c50e4a-90a7-4935-be99-d5f3d8446d09,Riya Nadkarni,MALE,Volunteer,20
452ca70a-221d-4e00-8e4b-bffd61a90310,Aradhana Contractor,FEMALE,Officer,20
631ea1f3-bf20-4be0-ae04-d0ab49f085ca,Pushti Dhar,MALE,First Responder,20
fb3b6ec1-1bb6-4cdb-a54b-539233dbdf62,Chaitaly Mallick,MALE,First Responder,20
90a0a4fd-f025-423e-8daa-07ebf03bb09a,Vedant Sant,FEMALE,First Responder,20
2da87782-8b5d-4fa7-be7a-e13d5be13795,Bina Sagar,FEMALE,Volunteer,20
db5177ce-11bd-49a8-a108-3163256fe3ad,Gavin Baria,MALE,Volunteer,20
7130da4a-7170-4e15-bcde-247a8df7a89d,Azaan Basu,MALE,Fireman,20
b50df1be-f668-4256-b339-59b9922e8c14,Vrishti Wadhwa,FEMALE,Volunteer,20
8b4a9e7b-3508-4268-b976-4ba065c24995,Vihaan Som,MALE,Officer,20
36038f11-05be-4153-859a-2f2ca901c21d,Amol Mani,MALE,First Responder,20
42a03bad-a95d-40cb-b722-b636c54d5d22,Gunbir Oommen,MALE,Officer,20
66dbd899-08ab-4a81-b685-da3bab4adc93,Nidhi Srinivas,FEMALE,Fireman,20
2a491c3e-298e-4b08-b548-dc58a6b54d88,Vaishnavi Mahal,MALE,First Responder,20
f44b8711-4f3b-474d-b2b0-6749f388ac19,Yutika Korpal,MALE,Volunteer,20
03942ad1-8013-429b-bf3b-a5407d6899f9,Kamala Basak,MALE,Fireman,20
031a3178-8c13-4645-9b0e-4d2568ea6195,Shravya Kannan,FEMALE,First Responder,20
b86dcd11-4bde-4478-96bc-a2039b0123de,Vanya Bhatt,FEMALE,Fireman,20
234832dc-ebc9-4fc4-935b-ec9604a79b3c,Nilima Pant,MALE,First Responder,20
42c347c5-908b-4f37-ae4a-9fbcfbc69900,Lohit Kapoor,FEMALE,First Responder,20
5b40f5e7-f15c-4e15-8108-a9c83aedf151,Udarsh Singh,FEMALE,Volunteer,20
b879360e-f474-4b2b-b5ea-18ee2c9c43dc,Vamakshi Mani,FEMALE,Doctor,20
10f990e6-6c38-4128-9316-8856e5a61376,Tripti Badami,FEMALE,Fireman,20
be8d7b3c-cd05-4364-8bc9-7da6e9e3903d,Maya Ramakrishnan,FEMALE,First Responder,20
187c6c1b-2779-4f35-9521-070ef2d9c883,Balhaar Chadha,MALE,Fireman,20
80cfb005-c4dd-4c6e-af31-4ab909f471a7,Darika Dayal,FEMALE,First Responder,20
ffb74afa-0aec-4553-88a8-ee62bad53601,Aishani Sharaf,FEMALE,Doctor,20
c0ca001d-eb84-4875-b0c5-f512ac3c4370,Chaitaly Ben,FEMALE,First Responder,20
94d8ef08-d2fd-4e8f-acc2-8e02d2acc7f1,Ishita Mitra,FEMALE,Volunteer,20
305265df-ae44-41cf-ba8f-7741a7f54365,Riya Parmer,MALE,First Responder,20
f7dffdcb-7b08-4c34-85a1-645212430776,Tanay Krishnamurthy,FEMALE,Doctor,20
75068bd4-0bc3-4eed-ac6a-bf72a27d71e1,Damyanti Natt,FEMALE,First Responder,20
381cad26-b6eb-4ad4-acf3-15faabca31e4,Kashish Virk,MALE,Fireman,20
44622616-a9f3-4d4c-a887-367e4ca46154,Lekha Dutta,MALE,First Responder,20
0ebc7ca0-823d-4f05-864b-4eeb3f3aa350,Garima Gour,MALE,Volunteer,20
abfe3602-dbf0-4a48-9551-f4df0cca642f,Priya Peri,MALE,Officer,20
f4c71b54-d967-4454-8124-bb878c288054,Rudra Bhatnagar,FEMALE,Officer,20
20c4f25b-1040-40bb-8ae7-057d095bc693,Anthony Zachariah,MALE,Volunteer,20
49128612-aa5b-46a6-935a-02e8bc01048d,Oeshi Sangha,FEMALE,First Responder,20
7a147387-e9f7-4eb1-b0e8-78d8bca9f388,Saanvi Kakar,FEMALE,First Responder,20
9709837e-15cc-484a-b722-60381264b1d4,Arin Pant,FEMALE,Volunteer,20
3677f3e4-f84e-4877-b114-06a3b41d5cc7,Thomas Korpal,FEMALE,Fireman,20
290d22b2-39c9-4055-9606-8de11b168732,Mitali Aurora,MALE,Doctor,20
b5605915-99d9-4c64-b959-05a2ff5edfeb,Jhalak Baria,MALE,Doctor,20
4bf9aa84-63c0-4447-989f-ad7a7e5af57b,Aahana Chakraborty,MALE,Volunteer,20
b47994cd-379d-442c-a097-c0cc045743ab,Suhani Pant,MALE,Volunteer,20
61f35386-66e8-4006-801a-af2ea411b606,Gautam Singh,FEMALE,Doctor,20
3af70bd6-ec0d-4a65-8116-ebe8035b33b1,Tanmayi Loke,FEMALE,Fireman,20
31ddfeb9-df57-4583-951f-d074af1d0be8,Osha Dugar,FEMALE,Fireman,20
20774c41-2d81-4df7-835d-86ec2805f60b,Gauri Dalal,FEMALE,Volunteer,20
fa19973c-0897-4888-9bf1-3e1ee78c109f,Upadhriti Tiwari,FEMALE,Doctor,20
d32160cb-9551-45db-9544-bccf51ed6494,Charles Khare,MALE,Volunteer,20
316f4db0-7b36-45ba-9abc-631562474ce4,Samaksh Parekh,MALE,Fireman,20
995a7728-f052-4f39-92ee-701f7b622724,Girish Subramanian,FEMALE,First Responder,20
94322da7-0b22-4944-ab54-96be35798fbb,Theodore Gulati,MALE,Officer,20
04e60ef6-7548-4931-b3e0-9ddf14d0122e,George Subramaniam,FEMALE,Officer,20
90dfdc2c-3a37-4d89-9ea8-d80a29f0ec7c,Mekhala Sheth,MALE,Fireman,20
73fe58a0-b3d5-491a-83b2-34548373778f,Arin Bala,MALE,Doctor,20
76bf04cf-e1f7-4835-9de0-8dc4bf7e8dc3,Maanas Chand,FEMALE,Officer,20
4c5f5b10-f3ab-44ef-b149-0c7a94cb596a,Ranveer Mangal,FEMALE,Officer,20
bc7371b1-47d4-46fa-9b3b-0f2c520e2e40,Karan Chaudhry,MALE,Officer,20
744fa7ec-a3f0-4d30-9fbe-17472bd61b45,Libni Biswas,FEMALE,Volunteer,20
0abfcfaa-a2d8-4386-a75d-a9968ef99c84,Rajata Krishna,MALE,First Responder,20
022b43d7-743f-457f-b693-7e3afda613be,Panini Varghese,FEMALE,First Responder,20
ae086686-8acb-4726-b077-d88696f67c53,Christopher Ray,MALE,Volunteer,20
f070fe1d-17bd-4396-b99a-c2d5df6b059d,Priya Bumb,MALE,First Responder,20
714df90e-45b2-46c5-a7e4-f96b315dac8d,Viraj Seshadri,FEMALE,Fireman,20
754da7c4-6db7-4725-bcc8-f6e656de0108,Avni Roy,MALE,Volunteer,20
bccc21bb-d48b-45b1-9ca9-734fe4131f10,Yagnesh Narang,MALE,First Responder,20
b80e8dbe-7575-4527-bfa9-819f1d65fcca,Anusha Solanki,MALE,Doctor,20
6a6282a1-d04b-47e5-b539-2a996ed862d2,Charvi Kale,FEMALE,Fireman,20
1da02b38-fed7-40e5-ab8f-2e1dff502ada,Jason Varughese,MALE,Fireman,20
bf180f14-2b63-48dd-99af-067a35088f7b,Shivansh Bose,FEMALE,Fireman,20
5c69685e-a209-4e06-bb80-8612b452849f,Ekaja Patel,MALE,Fireman,20
994c1879-7c6c-4c86-b233-d251f8dcae45,Gaurav Nayak,FEMALE,Volunteer,20
4addbd55-8f36-4dcb-ac10-567503e8d9ca,Nidra Natarajan,MALE,Doctor,20
ff783a5b-7f9b-4be7-8868-ed25d22dea73,Vritti Shah,MALE,Fireman,20
b523c2ce-9d27-4f8e-be80-34eb064be295,Kritika Ben,MALE,Fireman,20
44aaa44a-4971-448c-b92e-ef4095813db5,Harrison Ranganathan,MALE,Volunteer,20
ea4306f3-1308-40a2-b962-a00ab9251432,Turvi Virk,FEMALE,Volunteer,20
b9fd5b17-864c-4882-9723-48425f16c940,Varsha Prashad,FEMALE,Fireman,20
0b055866-0427-4a58-b6ab-701dc8c12764,Ikbal Subramaniam,FEMALE,First Responder,20
b0b28ba8-c500-4247-816a-f9dffb074f10,Laban Khurana,FEMALE,Fireman,20
82324193-6486-4103-87fb-1686d0a97cd5,Yash Bala,MALE,First Responder,20
eb6c31df-88ff-4e64-84e6-c17cc9d22616,Lavanya Sura,MALE,First Responder,20
84664634-8c73-4403-8cc9-19596fd54727,Zansi Luthra,MALE,Fireman,20
c6fe1492-71a7-4915-bb90-9675f5826c69,Abhimanyu Kant,MALE,First Responder,21
3021457b-adf9-4b5c-962f-077503103e4c,Frederick Tandon,FEMALE,Fireman,21
4ba0072f-f155-49f2-bee9-ea958fdb2f34,Jackson Rai,FEMALE,Fireman,21
fd558d16-ff65-4d1a-aaea-1c54d3dc6e31,Vyanjana Ganguly,MALE,Fireman,21
1547732c-d626-4c37-92dc-8bb1cda1668c,Chandran Bakshi,FEMALE,Doctor,21
1177dd91-809a-491f-93d0-d13c9bc3f55a,Megha Kari,FEMALE,Volunteer,21
1f6a25f3-8f99-4afe-9870-bbb6801b4cae,Chandani Issac,FEMALE,Doctor,21
716520e9-1200-456a-9b16-95d5e88e3f16,Pushti Nadig,FEMALE,Volunteer,21
fbae9ad2-9a69-4668-a223-17b5f05a66fd,Shivansh Narula,FEMALE,Officer,21
f335e68d-153f-476f-b1e1-9dc2ddb7acb4,Pavani Bawa,FEMALE,Doctor,21
aa2c6c47-4b75-498e-bf80-b90ac81c0739,Dhriti Dyal,MALE,Officer,21
46bb4c6c-9e74-4e38-835b-25438781f66c,Dev Keer,FEMALE,Fireman,21
cb8e3b51-7616-4674-9de1-2f705765f683,Praneel Garg,MALE,Volunteer,21
a1ee12ee-96e8-472b-926c-f6d450743834,Nitesh Tailor,MALE,Fireman,21
d5603bff-8827-43d9-8890-6d8292d51ef6,Ranbir Edwin,FEMALE,Fireman,21
ebcbc065-3cb5-4dda-a601-c27e4bca821d,Ria Sathe,MALE,Fireman,21
553f269c-7fc0-48e3-b684-ad73035cc1b3,Ekantika Muni,FEMALE,Volunteer,21
40cee458-f76d-4e7b-8143-ef1fc067e07a,Jason Kaul,FEMALE,Fireman,21
0ba1f8f4-5e13-46b1-9dc1-5d8e5243b5d7,Vinaya Bhattacharyya,MALE,First Responder,21
b8a851df-e5c2-40da-a720-51bb393412a9,Yashasvi Ahluwalia,MALE,Doctor,21
f10656fa-3950-46de-a40f-b7461a350793,Baghyawati Nigam,MALE,Doctor,21
c65adef6-ccda-4c48-ba37-7c0f560d049c,Rachit Dara,MALE,First Responder,21
78c11745-9c74-496a-90b1-9fbbc0c4639a,William Bumb,MALE,Officer,21
38ea2604-865c-4c68-bb04-4ff4acece2c5,Amara Rastogi,MALE,Officer,21
7776b46f-27c9-42f5-ba65-ea33b0cff737,Quincy Butala,MALE,Officer,21
4212a281-ec12-48b7-ae44-c2caf6138716,Madhav Pandya,MALE,First Responder,21
0488dfcd-5f7e-4400-bcb5-4a4d33cfccc7,Jagrati Talwar,MALE,Doctor,21
97926e37-a1ef-48be-85ff-5bb26ac46b50,Yoshita Anne,FEMALE,Doctor,21
587b71de-69a1-4054-beb4-0b9d867dfe47,Dominic Sami,FEMALE,First Responder,21
456d95a5-cd2f-4729-98b2-19e52749d20c,Arya Wali,MALE,Fireman,21
45c5f87c-4387-4ae9-8b1b-c56262223915,Lavanya Koshy,FEMALE,Volunteer,21
1bbd5d22-4a50-425d-a1e7-2bfaf4ec6eee,Warjas Pillai,FEMALE,Officer,21
c17f81ed-bfee-433d-b175-2f53d2b5aa95,Daksha Nagarajan,FEMALE,Officer,21
de7e82f9-75d2-4b83-a9b7-ef258120210b,Quincy Ramanathan,MALE,Doctor,21
cac5cc5d-cc52-4ab1-90a5-0552e82c5fb2,Kashish Doshi,MALE,Volunteer,21
161d8ad4-77bd-4793-bb59-a9ef30b4a0c2,Ridhi Banerjee,MALE,Fireman,21
e224b902-0393-435c-b096-e9627550b00b,Qadim Verma,FEMALE,Officer,21
3b14ae5b-0c4a-4641-a897-5dedc9d6e4ab,Parth Prabhakar,MALE,Fireman,21
9b3c2389-1383-484d-a4ab-464d7ece95bb,Falak Nayak,MALE,Fireman,21
0201d300-c4d8-4a63-9775-b0fd3626f7be,Advaith Minhas,MALE,Fireman,21
c4013aca-5a21-49e1-b3f8-30449aed2cf0,Ishanvi Ganesh,FEMALE,Volunteer,21
94d6e6a5-334e-4d1b-9fb6-61efad4ce016,Jatin Dugal,MALE,Doctor,21
31d8a0ba-3b43-44c6-9493-57da0b96d59b,Chaitanya Arya,MALE,Volunteer,21
60fe0264-a43d-46be-8852-3a2694f252b8,Qabil Kalla,MALE,Doctor,21
572ca258-7ddc-4769-b697-838fbae2e35c,Edhitha Raghavan,FEMALE,First Responder,21
062e01cf-9492-4761-8276-2449aa8e9669,Robert Kant,MALE,First Responder,21
83b2dcda-c092-4dbb-9030-a297c3112f7b,Ryan Bera,FEMALE,Doctor,21
05ffbcf8-b0d3-46b8-abc3-7e94aa6c746f,Rohan Venkatesh,FEMALE,First Responder,21
1af08a49-8eaa-4495-bc29-8efdb5bc6dad,Chavvi Pathak,MALE,Officer,21
4fc468a8-5aa7-44b4-b8fc-6661cb140bf6,Abeer Dhillon,MALE,Doctor,21
85375642-1499-42df-8f66-d3ba197f4a90,Vyanjana Goyal,FEMALE,Officer,21
23bc1f60-0816-4e7d-a776-cc8595dbc616,Kevin Kala,FEMALE,Doctor,21
cd349017-05be-48e6-95a3-a1eb43efed68,Farhan Krishna,MALE,Fireman,21
2abbefbe-a390-4d56-833b-30c6cff50e4a,Nihal Badal,FEMALE,Doctor,21
145b6d5e-6136-4713-aab8-f417918a2e23,Jason Kannan,MALE,Volunteer,21
f18479e8-ce49-4e32-95fe-04f6109fbff2,Elijah Kota,FEMALE,Officer,21
955e8650-2389-4d7f-8f2d-1632c3152b61,Indali Dada,FEMALE,Officer,21
9d0dc853-a3fe-426a-a597-9285707212ac,Arin Hora,MALE,Officer,21
74eb97fd-3601-4cfc-9ce6-1770e44d2b2d,Zayan Sarin,FEMALE,First Responder,21
e3fa7616-9063-4e24-bf54-1911cec22c86,Isaiah Parsa,MALE,First Responder,21
7f618d24-3075-4af2-b488-f65e8a5b1370,Vamakshi Karpe,MALE,Volunteer,21
d80322d7-b9f8-44e3-9306-dd6573921b80,Keya Setty,MALE,Doctor,21
fa48d1c7-d3fb-4ad7-9d71-663a897d412e,Avi Subramaniam,FEMALE,Fireman,21
cb2489ec-14ec-4304-9d61-530780e92c7f,Ranveer Merchant,FEMALE,Officer,21
81ddadc0-c1b3-4a73-874a-e3e903cfce7b,Anita Viswanathan,MALE,First Responder,21
98e117c3-3274-489b-98e3-dc50b1fb4e01,Jagrati Natt,MALE,Volunteer,21
6e6a3d9c-77a2-4e9c-bbae-9a5509e3957f,Hema Rai,FEMALE,Fireman,21
beaa0475-896a-44d3-9444-a3ee42aa3804,Ira Goswami,MALE,Doctor,21
917b1559-34b9-46da-b988-676a55afd9ba,Ayaan Sibal,MALE,Officer,21
ba2e8ce4-f0a8-43c3-8e57-1920963f5cce,Gagan Taneja,MALE,Officer,21
06715f43-6995-4e42-bc5a-078e497065f6,Balvan Dhillon,MALE,First Responder,21
31057d99-8955-45cd-b730-801ba12eb0f2,Kamala Ranganathan,FEMALE,Officer,21
40153c88-bc96-417e-83f7-1829bf981d46,Irya Narasimhan,FEMALE,Volunteer,21
054a1364-37af-47ec-8060-a02a58246d6f,Tanmayi Karan,MALE,Volunteer,21
dbfff308-7f98-4869-a657-1a431512a4a5,Theodore Sura,MALE,Fireman,21
784cb00a-2dee-410e-8bdb-aaa71486e40f,Ira Varma,FEMALE,Officer,21
b3a3569a-655d-4bf8-b4de-da91dbc72096,Onkar Sheth,FEMALE,Doctor,21
8aa269c4-2a77-4f96-9d45-121d30f5ccf3,Chakradev Kalla,FEMALE,Officer,21
24add2e4-37d8-4b08-8f8c-96399f5dc407,Ekanta Issac,MALE,Volunteer,21
5ead1cb6-9f0f-45cb-b1dc-f61124a3d110,Abdul Keer,FEMALE,First Responder,21
ab2ec1c3-fd16-45b4-ad5a-bf19432b1364,Omya Agate,FEMALE,Officer,21
5c70edd6-3dd7-4127-93be-e517e7bb0bf3,Eta Barman,FEMALE,Officer,21
89768366-4cca-4782-af34-1682c5c37e6a,Jairaj Hayre,FEMALE,Doctor,21
35471eee-8bcb-4a45-87fe-b437c1554a0b,Reyansh Madan,FEMALE,First Responder,21
188dde1a-b2c7-4fdf-bdd8-911ed0af681a,Ishaan Deep,MALE,Doctor,21
838d18c9-c97f-459e-b916-57fa765e90c4,Raagini Bera,MALE,Officer,21
e5ea1914-677d-4e3d-87e7-c550c163ffad,Nachiket Tella,MALE,Volunteer,21
fad52b54-07ec-4c1d-89ab-8bfdc578f0ed,Yahvi Bail,FEMALE,Fireman,21
3d08aa26-bf4e-4294-8408-1d975c36ebfe,Rachana Kumar,FEMALE,Doctor,21
00391e6f-cc87-4a17-93ed-7812cd02867e,Vansha Wali,FEMALE,Doctor,21
b5bbcdca-79f0-4c27-b5ba-76ef54ca5e52,Dayita Sheth,FEMALE,Volunteer,21
065234f5-3fee-48ec-93b4-aa97b2f0c75f,Warhi Parmar,FEMALE,Volunteer,21
30f83450-b2b4-4197-b656-c047e6b12e94,Maya Narang,FEMALE,First Responder,21
f6caea71-d077-4e57-916e-dee56f968682,Tristan Nagar,MALE,Officer,21
e64b5662-cc5b-427e-98e9-e361db5e1e63,Omisha Oak,FEMALE,Doctor,21
acc07aff-34b4-446b-9b2c-8610ee4bbf2a,Omaja Kibe,MALE,First Responder,21
7ebede74-39fa-498f-ad2e-4ce527c2b2f5,Darpan Koshy,FEMALE,Officer,21
5768d4fa-c30b-4ea1-8cfa-4693b2ff3223,Pratyush Baral,MALE,Fireman,21
57d5796c-29c1-4382-b262-7285c38694f9,Arin Mandal,FEMALE,Fireman,21
9ebea788-fce9-408c-b229-0c2fd70188ca,Advay Agarwal,FEMALE,Officer,21
af9364cd-9011-4052-a079-d0e3b6fc72f1,Vrishti Tata,MALE,Volunteer,21
405018c8-530f-4bd3-9f42-f14d1f9ee033,Isaiah Mitra,FEMALE,Fireman,21
5c94a9f4-9ae4-4682-b6b9-48155dc6c926,Xalak Saini,MALE,Fireman,21
6c4a38ba-75aa-4c4a-b01e-71f8d88072b1,Mahika Aggarwal,FEMALE,Doctor,21
90e1129d-a1f1-4ffc-bda4-5b3ec13381cf,Frado Malhotra,FEMALE,Doctor,21
07fc8cb2-67c0-4b56-ba33-4300c4d5f160,Ansh Yohannan,MALE,Fireman,21
d75a9aa1-7fa2-4327-b85c-256981f7727b,Noah Krishnamurthy,FEMALE,First Responder,21
c8f12875-a739-473f-ba6a-5b8059bf3831,Ubika Devan,FEMALE,Doctor,21
02f9fc51-e348-45ad-b1a6-f4ae900a1349,Jacob Dube,FEMALE,Officer,21
2a297381-33a8-473e-968f-4821bb66c43c,Aahana Wason,FEMALE,Officer,21
2303383d-f911-4227-9ef5-905af6bc937d,Zinal Doctor,FEMALE,First Responder,21
581a8ee7-9bcd-4151-98f9-42b6f816015d,Ekansh Agarwal,FEMALE,Doctor,21
dc610862-9735-463e-bc5a-ac964aa20ceb,Triya Sen,MALE,Fireman,21
3179e7b1-ec58-4b49-aad6-75a621ed4bb4,Abeer Nair,MALE,Doctor,21
8c800bee-4def-4c3c-a817-8f17da0ae979,Aarush Majumdar,MALE,Volunteer,21
cacd2571-14c4-47cc-a64b-bb054dbd562c,Jonathan Aurora,FEMALE,Officer,21
829e0af2-9c87-467f-9a1f-07cd8e3af8b7,Ijaya Kari,FEMALE,First Responder,22
72dd150b-657e-4e74-9846-7457d937050f,Dhruv Venkataraman,MALE,First Responder,22
31df1e38-246c-41ef-86d7-b6ea42202667,Bhavani Nayak,FEMALE,Fireman,22
b5419a15-f548-4575-8051-47e4c021ce54,Kiaan Bumb,MALE,First Responder,22
cdd8337f-1899-413a-a65c-678180b569b8,Aarav Patla,FEMALE,Officer,22
500f3caa-e92b-4e40-80f9-1f3c240bd581,Ishaan Bhagat,FEMALE,Officer,22
4a5633d2-ce14-4225-a5d0-d848687d403b,Balvan Dugal,FEMALE,Volunteer,22
a46d5088-8547-49ae-a796-5bc5ea876cc0,Abeer Virk,FEMALE,Volunteer,22
97c7116a-6890-4d64-a131-519cd4bfdd04,Damyanti Bhardwaj,MALE,Fireman,22
c9807ee0-70a7-46f3-99d9-cc1cc17d7191,Devansh Sekhon,MALE,First Responder,22
bd847d30-802d-4d9e-a596-7d65ed54f27f,Oviya Issac,MALE,First Responder,22
6195fb88-041c-41bd-944b-3110c86b7c11,Owen Sarkar,FEMALE,Volunteer,22
039f5368-01ea-4a45-964f-e791f79ca20d,Odika Walia,FEMALE,First Responder,22
576d72ad-4452-4e6f-87f6-8efe0173c0fe,Vasudha Iyengar,MALE,First Responder,22
0a7cf816-bdf6-46ff-a0b2-10bfad636859,Jagvi Sehgal,FEMALE,Officer,22
7e2d501b-4a3c-4d7a-99b7-1c6d607994de,Kashish D’Alia,MALE,Volunteer,22
fbf5857e-edf0-474f-9841-bdf21cdfe772,Vanya Kalita,MALE,Doctor,22
b7d909eb-59f1-487b-b07a-f4b9366a444d,Rushil Dara,MALE,Officer,22
94286dd6-7055-4b95-acd3-471dda8fd90c,Anmol Shetty,FEMALE,Officer,22
2d0371db-6b03-4b13-9d70-193e7e6979b6,Elijah Sahota,MALE,Officer,22
75cc9057-e64c-47df-9076-2df59d06bfa6,Libni Merchant,FEMALE,Doctor,22
ceb387cd-d9c5-42f7-af4b-2ad4a361baaf,Nathaniel Walla,FEMALE,First Responder,22
309a42e4-f9fe-4f62-8c17-e8738c466a59,Avni Grover,MALE,Officer,22
2256c4c4-6a25-43e9-af0e-4e39a852245d,Yash Khalsa,MALE,Officer,22
dde052b0-39a9-4353-850e-40090cd72c05,Dayamai Nori,FEMALE,Officer,22
a488051e-4191-4b3b-b4c1-b53e380ab166,Aradhana Sagar,MALE,First Responder,22
0018dfad-4732-4068-8a48-94e43760dc45,Kala Bumb,FEMALE,First Responder,22
d409f82a-6e6d-423a-8a79-9ed892427788,Aayush Borra,MALE,Volunteer,22
7659bf2e-742d-4931-b1d5-85f5d04b1b57,Jairaj Kant,FEMALE,Fireman,22
709f2cca-c39c-46bd-a90a-831bc7cbedbe,Rushil Varghese,MALE,Fireman,22
919a11e5-f179-431a-8482-3c4c1699a0b5,Eesha Balan,FEMALE,Volunteer,22
45981833-1655-4cb7-844b-5866f921ea37,Qasim Naidu,MALE,First Responder,22
73b86bce-0987-4b7d-b835-5183e7e86b31,Nidra Purohit,FEMALE,First Responder,22
57a71171-ad48-4c9a-83d3-c5f0956e1ff5,Harish Nazareth,MALE,Fireman,22
62dcf067-282b-414a-9a1d-04b20d5d639d,Rehaan Dhawan,MALE,First Responder,22
7e09b1e1-0e4d-4975-b6ea-e7e90505c731,Yashodhara Ray,FEMALE,Officer,22
c3ee19f4-0e1d-45e7-a841-8dc16e3836cc,Idika Dugal,MALE,Officer,22
0a49f864-5589-40b7-a942-d5af6fd548a1,Amara Vyas,MALE,Officer,22
a95e307f-f2b7-48c8-8af1-bf677df05e1b,Jasmit Balan,FEMALE,Doctor,22
6fe56d6e-5bcd-4db2-85d3-e7c3e8be68d5,Lucky Kumar,FEMALE,First Responder,22
891b758e-3e34-4c24-a1e7-d466fa244194,Lopa Bhattacharyya,MALE,Doctor,22
f18957a8-78d0-45ac-84df-2b1ddc86f27a,Suhani Ratti,MALE,Fireman,22
21035e8c-9fef-47d1-a057-0966dfe985af,Ekta Gokhale,MALE,Officer,22
7ffd45c4-d1b6-46d2-b54d-b6f9dde2f098,Aryan Amble,MALE,Doctor,22
dece4d94-fae6-4de2-aa99-29215a15618a,Abdul Kakar,MALE,Doctor,22
6e13c0bb-d767-492a-afba-4acd1465a720,Owen Gara,MALE,Doctor,22
ea879605-ced1-4cca-88d1-43427170c42b,Reva Rastogi,FEMALE,First Responder,22
c458155e-19e0-483b-8f3f-10678e218e70,Nitara Mandal,MALE,First Responder,22
c3ea785f-53f8-4b7f-ac29-0febcf98fd7e,Edhitha Lala,MALE,Officer,22
dc4c5041-cd1a-4667-bead-aec0bb276362,Tanmayi Bhargava,MALE,Volunteer,22
05765183-cb25-48a7-922b-09b2d6845918,Peter Sharaf,FEMALE,Doctor,22
a2490af4-e4d8-40d3-a5f5-c206404f06df,Inaya Dutt,MALE,Volunteer,22
db0a585d-93c4-4034-aa31-edbf49d48a45,Jyoti Devan,FEMALE,Volunteer,22
cfb3953c-3224-4dec-8fe3-70ab5cb97b0b,Qushi Chopra,FEMALE,Fireman,21
cc55ad45-90eb-4ebb-92d2-7436da7d433e,Maanas Ahluwalia,MALE,Fireman,21
1f15f3e6-cd0c-46be-8887-88ebbadad3cd,Vanya Iyer,MALE,Doctor,21
69fe0e10-bef8-4b07-a67d-2a5adc9f317b,Zayan Ramanathan,MALE,Officer,21
db70fdbd-cfe2-4ff2-bfee-534208f4f83a,Ishwar Dash,MALE,Fireman,21
d1092536-fd87-4c67-959b-f81bd92c896c,Balveer Gour,FEMALE,Doctor,21
78d1c048-9c75-418e-87fd-17b64c1156fa,Utkarsh Wable,FEMALE,Doctor,21
528ca7b5-3e2b-4117-a83d-0ce639daf7c8,Udyati Chanda,MALE,Volunteer,21
504988c5-552c-4f2f-ba20-a5f87413ab69,Madhavi Balan,FEMALE,Officer,21
2ae2611b-f026-4db9-9c48-82f375054ec4,Darsh Ramanathan,FEMALE,Doctor,21
1f8d05e0-cb33-42b4-8b43-c9004e363d1c,Triveni Salvi,FEMALE,Doctor,21
b89c8704-bfd6-4cb0-9f93-f6bc8a09a505,Pratyush Vaidya,FEMALE,Volunteer,21
e4573d91-5fb9-4591-aa87-f0a87823150b,Leena Sachar,FEMALE,Doctor,21
9e99d97d-807d-4ac9-abf5-ca9321ec90cf,Harinakshi Karan,MALE,Volunteer,21
6d58acf8-8a6c-405c-b591-fede43bd4d4a,Kashish Salvi,FEMALE,Fireman,21
bfa07544-d6a2-4e96-b94e-5e8e34dcd7c9,Nihal Rajan,FEMALE,First Responder,21
78812a07-6fd2-4fb3-a11d-dd2e37c72bd0,Charan Kade,FEMALE,Volunteer,21
a1a3d401-3ebc-43eb-9d7a-21aad3bd9258,Ryan Mody,MALE,First Responder,21
07149724-9ae6-4761-8f33-467b1deb5d32,Krisha Upadhyay,MALE,Officer,21
45441c6a-00ed-4c8d-8034-a723aecc1c9c,Chameli Deo,MALE,Fireman,21
80cc3728-b7c5-45eb-98f0-1dbaad549362,Reva Sastry,MALE,Volunteer,21
c6295417-46fe-413e-9d50-b573767afd07,Oeshi Bajwa,MALE,Fireman,21
0522153c-41a0-4634-9ee0-e3365eb7259a,Upma Patla,FEMALE,Volunteer,21
9243ab5e-81a3-473d-8beb-80ad0cdffac1,Ucchal Yogi,MALE,Volunteer,21
f854b649-6cf9-4dc2-91c6-c396096770c7,Nikita Varty,FEMALE,Volunteer,21
fd6238de-3375-4e19-b19a-6be7c9ebfb05,Yatan Upadhyay,FEMALE,Volunteer,21
9d19f437-f433-4c22-a634-ba8b68473c3d,Unni Doctor,MALE,Officer,21
ded952b3-3f23-4704-b570-dbf4d53054ce,Falguni Swaminathan,MALE,Volunteer,21
f32520cf-1023-47df-8439-4b64aea6cf38,Yatin Gokhale,MALE,Volunteer,21
130ed40f-782c-4cac-99d3-509ccba7da84,Samaksh Raghavan,MALE,Officer,21
47238e1f-3c4c-4486-a714-7ca39bd969d2,Bhavika Sathe,MALE,Doctor,21
d4d3f614-8f34-4cd9-b142-74438bfba557,Zayyan Aggarwal,MALE,Officer,21
893dfbbf-ae9a-4c6c-8ee6-a5930e3ca93b,Xalak Handa,MALE,Doctor,21
7332cffd-0aa4-4f30-b569-ca6c60003448,Chakradhar Chander,MALE,First Responder,21
0fd4fb29-589c-4397-a613-450f462649e7,Dominic Trivedi,FEMALE,Officer,21
a869fcc2-82ef-4efc-b98b-d3ae07e0a181,Anamika Hari,MALE,Officer,21
e278e316-286a-4fc4-8277-f72879243be5,Yashvi Nayar,MALE,Volunteer,21
209b9aef-95d5-4b1f-8a8c-71c6b49e1264,Radha Goswami,MALE,Fireman,21
6a0bb2cb-6cd5-4583-aab7-677a99eb0201,Tanveer Vasa,FEMALE,Fireman,21
9665bb9d-eecc-4d89-a9de-442d80337750,Ekanta Bhatt,MALE,Officer,21
d6e6d0ca-2f1c-40bd-8235-57b78f1ee8cf,Joshua Shenoy,FEMALE,Fireman,21
61a4575c-1f3c-49f2-82e4-3d1aee62bcff,Vansha Dhillon,FEMALE,Officer,21
8b59291a-fa56-43cc-910b-3aeb144afbee,Zinal Menon,MALE,Officer,21
8e276478-6b1d-430a-9c02-e839642828ab,Megha Rout,MALE,Fireman,21
c495ab3d-eff2-4403-96c2-5b5a83b12507,Isha Verma,FEMALE,Fireman,21
da65c4c6-926e-4380-a347-11799afe033e,Eesha Rajan,FEMALE,Officer,21
4f73a466-eb42-43f0-9082-c653de90c24e,Oscar Mall,MALE,Doctor,21
fbe64ea1-98bf-4b3d-9d1c-1bacf63c17cb,Zilmil Chada,FEMALE,First Responder,21
b381a4c6-ec96-48a4-9db8-910d1e6709f6,Isha Bawa,MALE,First Responder,21
1d4623da-81f8-441e-a969-57546dd55e76,Kavya Dani,MALE,Volunteer,21
7edec6d1-0308-4b20-8a7b-1cda49d918aa,Yashodhara Raj,MALE,Volunteer,21
19a0260a-3ba1-4152-9e55-b792a22c4020,Kritika Ghosh,MALE,First Responder,21
e2d615c3-5bfe-4c78-9e8c-ee2436bb7990,Kamya Natt,FEMALE,First Responder,21
e64aef98-06af-4ace-8684-db13219bb0e0,Samuel Rastogi,MALE,Officer,21
f05074d7-1dea-4c7b-92fa-022b5381e899,Indrajit Gala,FEMALE,Volunteer,21
0c589b15-dd7f-4515-963c-7ba3f3b489c8,Aahana Nadkarni,FEMALE,First Responder,21
3327c7de-c131-4dea-9cf8-f51a54d678b0,Niharika Tata,MALE,Fireman,21
c7772fff-c616-4a81-87af-248296bcf7eb,Yagnesh Mahal,FEMALE,First Responder,21
fbf9e20c-a168-4b9c-9ffe-bc4cd5941fd8,Zehaan Deshmukh,MALE,Officer,21
1a1e3377-7ad0-4a8e-86ee-6eb892f412ea,Ethan Mahal,MALE,Doctor,21
a028352c-6ab9-48a0-ade4-98d1bb85243d,Gayathri Chaudhary,FEMALE,Doctor,21
eb6a5dd9-1a60-4d51-b1c2-f12d28e0393f,Yashawini Pau,MALE,Fireman,21
334c9492-adee-45a7-b3b0-5068f8cc0af0,Manthan Sha,MALE,First Responder,21
522d33bb-18f6-40f5-b413-35dc61e14577,Ati Badal,MALE,Doctor,21
9ccc3712-06b4-4cc2-9b09-d76c562e583a,Dayita Chana,FEMALE,Doctor,21
592ce64e-c71f-4492-bd64-66012e67da3d,Vihaan Patla,FEMALE,Volunteer,21
5bcd13ac-8930-4822-8f8f-60d945dfac1d,Rachana Borah,FEMALE,Doctor,21
bb691ff5-8f81-4748-a914-537d24b6d85e,Yuvraj Sangha,FEMALE,Volunteer,21
2b35ff58-9053-4278-a689-f2b1fcaafed6,Rachana Chokshi,FEMALE,First Responder,21
ccec1445-20d9-42e7-b771-0df6e5515879,Vrishti Deo,FEMALE,Fireman,21
5b5c0b52-936b-478a-bb1c-ba67457d6d4b,Mitali Din,MALE,Doctor,21
eaf9b09f-0e26-43bd-931d-a743a91c255d,Bhavani Khalsa,MALE,Fireman,21
58e2fc71-bb1d-466c-a08c-2fb909e0b8bc,Yug Gulati,MALE,Officer,21
64db5978-1282-47b0-8edd-b162f6e4624e,Advik Pandya,MALE,Fireman,21
2c1a79ce-3c7f-475f-a2a4-e62bd56d01f3,Dhriti Bhagat,FEMALE,First Responder,21
f47f0e0d-d65c-4e91-99b7-0a2e8e0182ab,Megha Mander,MALE,First Responder,21
5eae6400-34f5-4966-a8e6-59ad5fc854b3,Tripti Behl,FEMALE,Volunteer,21
00a04ac1-bcc6-46fd-b75b-b5f4c9ccc3be,Laban Kale,FEMALE,Officer,21
8e720bcc-e151-4dd9-85cc-8c287a0aa5c0,Barkha Natt,MALE,Fireman,21
4afee85d-83d5-48e9-a9ab-3d48a395e401,Thomas Ramachandran,MALE,Fireman,21
b0867ec6-39e1-477b-b9ca-815477a22b5c,Hemal Sahota,MALE,Volunteer,21
6026bac8-0850-46b4-b602-53a8dd28440d,Imaran Bhavsar,FEMALE,First Responder,21
1bc8f93a-ad14-48c3-80df-f4e7703ae261,Udarsh Mangat,MALE,Volunteer,21
78e6ab7e-8e7f-4a2e-a67f-5c0854f88a33,Finn Uppal,FEMALE,Officer,21
6d4e8830-0aa4-4967-bf7f-f147637f1cf3,Harita Cheema,MALE,Doctor,21
d3872205-8e7a-4ad9-ba06-b8117954970f,Girindra Nagar,MALE,Doctor,21
4086d494-d23a-4566-bf26-d946fe913d2a,Idika Dutta,FEMALE,Fireman,21
51d128c8-1f8e-4bee-884c-172986af2a18,Ekta Shenoy,FEMALE,First Responder,21
ab5fe69c-f04d-41dc-97a0-529f1cec25a2,Indira Mukherjee,MALE,Doctor,21
36f7d759-ea9e-42cc-8eaa-da15dc721f0a,Joshua Bhagat,FEMALE,Fireman,21
b5d5789e-8ae1-4dcf-9d70-9d47a3a1c251,Abdul Srinivas,FEMALE,Officer,21
70e52bf0-46f2-49d5-a46c-2e817cb85ff8,Pratyush Dora,FEMALE,Fireman,21
69774479-3614-4812-87bd-9c28cf1f5cae,Victor Behl,FEMALE,Officer,21
b61e69a7-2913-4d55-af10-ede8e588aab9,Maanav Choudhury,MALE,Fireman,21
0b28a555-ce4c-4231-b04d-35257c539bd9,Varenya Bahri,MALE,Fireman,21
63d7fe09-a98b-4ec6-9406-57f2a4dbe9df,Rajata Sachar,FEMALE,Fireman,21
72790569-440c-4ceb-8406-e0a0b5855d77,Barkha Patla,MALE,Fireman,21
8b631611-084c-49ef-b359-02ff4e4cfd88,Damini Sarkar,MALE,Doctor,21
14abe688-73ff-445f-9db0-df033160db7a,Faqid Narain,FEMALE,Doctor,21
b7e36003-cf29-414b-8d3b-64243444bca3,Lekha Seth,MALE,First Responder,21
0c39d0bc-b11e-487f-904f-a1ebafbac708,Manya Bhalla,MALE,Fireman,21
faf3a801-7bb2-47fc-8aa7-ae299ffedb25,Chatura Bail,MALE,Doctor,21
04eefb01-7a4c-480a-ad3a-5864406f1006,Ranbir Bhagat,MALE,First Responder,21
74073391-2897-4b67-a956-9148ac8a79f6,Azaan Master,FEMALE,Officer,21
683081f4-cd43-4756-a99b-ba9f61259073,Aadi Sarma,MALE,Officer,21
a93c4b21-d2a4-43ca-9af5-cb6be551cc46,Nicholas Sarma,MALE,Doctor,21
743bb7d1-6b22-4052-ac2f-ec8f790909ab,Amruta Parsa,FEMALE,Doctor,21
63a6ae29-924c-4fad-9d37-6907f46a0915,Hiral Acharya,MALE,Volunteer,21
c15400b1-2a48-4336-98ff-c820030a5508,Yashvi Kale,MALE,Doctor,21
fadbd234-1f81-41cb-9ef4-1f07ab67d83f,Sanaya Agrawal,FEMALE,Fireman,21
606d6efc-8774-463b-9018-f7714dbda620,Ati Walia,MALE,First Responder,21
d949d56a-58db-4fe8-bb25-24ebba2ab9b6,Hredhaan Kashyap,FEMALE,Officer,21
47b3edcc-5b41-40e9-83ae-ada76571bfb6,Abhiram Pradhan,FEMALE,First Responder,21
80bc7b6f-1410-4cc4-818c-9cba14f977a8,Chakradhar Saraf,FEMALE,Officer,21
990ee436-2cf7-480a-818e-67fd4fab53be,Timothy Walia,MALE,Fireman,21
c51b2160-60da-4f5f-954b-f8ad24dbe642,Theodore Zacharia,MALE,Volunteer,8
3028d7ec-8acd-4975-a18c-2666367ae6a3,Gaurangi Baria,MALE,First Responder,8
cca70358-427c-4405-a810-afad447e68c2,Frederick Garde,MALE,Doctor,8
f9be1ad1-5f13-44dd-bdf5-167a77f17e23,Daksh Lalla,FEMALE,Volunteer,8
1392f0e9-82d1-4186-ada6-ffdd888ab383,Aryan Venkataraman,MALE,Fireman,8
a6f37958-ae46-4dde-8805-f78299dd3f67,Jhalak Bhasin,FEMALE,Fireman,8
6bd1ee88-e794-4548-82a4-881233b8f354,Jackson Deo,FEMALE,Fireman,8
493e1088-3741-4426-8651-e0701c755ede,Yamini Karpe,FEMALE,Fireman,8
697ee56f-77eb-435d-9a32-429e51671835,Hitesh Yohannan,FEMALE,Volunteer,8
927c7ab2-8395-40c7-82f1-87a4b75cab90,Samuel Mandal,MALE,Doctor,8
3eef2402-8000-4a6e-9566-f193bdd6a4e4,Dhriti Wable,MALE,Officer,8
dbdabaa1-3b3e-49f2-92f5-2c96c6eab8ce,Lakshit Bali,FEMALE,Fireman,8
706c0455-ae52-4468-943d-eac7317f7d4e,Andrew Saini,MALE,Fireman,8
f20f386a-add0-4c1c-ac2c-522cf7aa0ac8,Shivansh Ghose,FEMALE,Officer,8
959efe59-3d9f-4a3a-83dc-1315e1b7cb44,Gayathri Din,FEMALE,Fireman,8
a8c85dfa-d407-46e1-87dc-456c74cb0b33,Abeer Talwar,FEMALE,Doctor,8
135b585b-c082-4164-acf4-1d2fb8a96da0,Maya Ramachandran,MALE,First Responder,8
a680cef2-1464-4167-b9cc-703dbcca6933,Reva Rajan,FEMALE,Doctor,8
44929b55-96b3-47bf-a9fc-13962b099b81,Pooja Vohra,FEMALE,Officer,8
7944df71-5658-4296-b06f-b7aab4d1a911,Ekanta Khatri,MALE,Fireman,8
5042599d-b0c7-4bb4-9c1b-ef69dfe9aa84,Caleb Rana,MALE,Officer,8
e209cac4-67a9-4601-8943-bc463498358f,Triya Baral,FEMALE,Volunteer,8
83a3c424-caf4-4d3f-a7f9-a94e1abfb3e6,Neelima Choudhary,FEMALE,Volunteer,8
ea76818b-6c8a-4ca0-a0fc-68638d2441e1,Azad Buch,FEMALE,Officer,8
a9ed7ddc-1ee5-4683-9441-e5ea2e56d307,Aarnav Khanna,FEMALE,Volunteer,8
c525e2ed-d749-44fc-99e1-b98ff2664143,Garima Cheema,MALE,Officer,8
e2072e4b-3e3f-4c5b-9515-59505849130d,Priya Nayar,FEMALE,Officer,8
edbc348c-58e4-42de-84b7-ad6d40bf55f9,Amrita Sha,FEMALE,Doctor,8
97275228-925b-46e5-ad72-a455bd9d7acb,George Natarajan,FEMALE,Doctor,8
ad9a10bd-6a8a-42ff-bb64-f6caf77ead2e,Ekantika Toor,FEMALE,Fireman,8
aa89505f-ecd8-48b5-ab5a-c15d12068e77,Hredhaan Deep,FEMALE,Officer,8
8fbbabf0-3fe1-4f91-aab0-79db4934d840,Vaishnavi Dasgupta,FEMALE,Fireman,8
0b51e7f6-c92c-4f4c-b400-b008e9712d32,Jackson Nagy,MALE,Fireman,8
876c7025-00e3-4a2d-b553-0c5a89eb2d77,Samar Rai,MALE,First Responder,8
0ba593a7-93cd-40b6-892c-b8284f46ec51,Aadhya Bir,MALE,First Responder,8
56d9923b-ecb0-40d5-93bc-abe7b3f22cde,Yash Mistry,MALE,Volunteer,8
7893f3cb-c697-4142-8b21-f9c48e26484e,Lakshmi Babu,FEMALE,Volunteer,8
a12e5f00-f05a-4d8f-aa18-6109dcc3523c,Laban Handa,MALE,Fireman,8
662c19de-5db0-4a50-bf76-8b9337a6f36e,Umang Chaudhari,MALE,Doctor,8
015fd801-f5bf-4a48-b4f5-f2a338243e88,Ranveer Bhakta,MALE,Fireman,8
8c58861a-141c-422d-b80f-dd020f4dbe76,Isha Kothari,MALE,Fireman,8
c6d287ed-8d75-4a89-957a-5614d48ddb68,Ayushman Varghese,FEMALE,Doctor,8
106b5ab7-6eed-4121-b6da-f94d4a117441,Yochana Kale,MALE,Fireman,8
160e0d17-7c05-43cd-87e5-6bec98edd6c2,Daksha Rao,MALE,Fireman,8
0dfb1aca-cbe5-4c11-bff0-88e2a5925604,Siya Yogi,MALE,Officer,8
a920304d-3429-4ac0-8a7f-22959c6f7d02,Aayush Dass,MALE,Fireman,8
10819ee2-7c96-4c6c-9e68-3822415002ef,Yashawini Anand,FEMALE,First Responder,8
02412466-47b9-4d84-9d91-e285fb3fbe1b,Yuvraj Kapoor,MALE,Doctor,8
b441032b-4170-4ecd-acf7-8fda65b9542f,Pallavi Prakash,MALE,Doctor,8
1256ebc1-c543-4cca-91b5-4ee60f755f7c,Darpan Gara,MALE,Fireman,8
28379763-e82a-49dc-b0fd-195b23f1fcc9,Ojasvi Srinivas,FEMALE,Fireman,8
c5f49a57-5ef2-4818-9b41-ec62de9a317a,Nathaniel Bala,FEMALE,Doctor,8
d378d9ed-dbe4-43b6-b08c-326d7708d061,Joshua Nagarajan,FEMALE,Officer,8
1c79444b-0bfc-4136-a282-7949ffdefe99,Darpan Memon,FEMALE,Officer,8
563f410e-aedb-4d65-a897-5a8828b06527,Yug Gole,FEMALE,First Responder,8
95ba972d-cbcf-41f2-ab8b-7e58408f2c00,Vrishti Sastry,MALE,Volunteer,8
6a9acb3f-a20c-4f40-a435-2b7653663caa,Pavani Sabharwal,FEMALE,First Responder,8
2a9ed110-3d1f-4d1a-a25b-3459baa8c3f6,Sanaya Ranganathan,FEMALE,Officer,8
9f78d4a4-7e2e-4c53-8301-8532df73b857,Chandani Chana,MALE,Fireman,8
f93468d7-7a0f-4df6-8a53-0b8d2217e209,Kashvi Jaggi,MALE,Doctor,8
69e5efac-2ba6-4743-869a-d8b3e187af15,Advika Radhakrishnan,MALE,Volunteer,8
495ed6b0-b42d-4e05-8cc5-fb2307405c74,Aahana Upadhyay,MALE,Officer,8
589ac985-625b-4bae-9414-93a6a8c8ffb7,Dakshesh Dugar,FEMALE,Doctor,8
ca7a0aa4-73ab-4193-9a70-630297a97ed7,Madhavi Rattan,MALE,First Responder,8
f78ad909-80b6-4a74-b0c2-68e2aa8058f1,Yatan Karan,MALE,Officer,8
816b1374-db66-4d68-8296-c5b40054fec1,Kavya Bawa,MALE,Officer,8
a8069b16-3bd0-4fcf-a3f4-793761844acb,Nitara Kale,FEMALE,First Responder,8
08cfc912-38d1-4426-9d65-11156e4bb9cc,Yashoda Anand,MALE,Officer,8
ec8ce518-68c8-4720-8cff-22262686263d,Abdul Dass,FEMALE,First Responder,8
d8c5e933-fed9-4456-932c-9d457f9be9ed,Bina Shan,FEMALE,First Responder,8
91124a76-8972-480a-809d-1dc9c7f6bb31,Wishi Arya,FEMALE,First Responder,8
80135081-a32c-487b-a044-b0d567b7cdaf,Janani Boase,FEMALE,First Responder,8
c495ce33-4299-40d2-a926-914e076053e1,Ijaya Balasubramanian,FEMALE,First Responder,8
6891affc-ab7d-455d-af3c-00319da617f7,Oeshi Palla,MALE,Officer,8
30282481-4acf-4f2b-b825-f3963b54da9c,Madhav Madan,FEMALE,First Responder,8
23ebd2b8-09c3-43d1-96bd-d00a63d5016b,Arjun Uppal,MALE,First Responder,8
3bbbbdcc-3044-4967-acb7-c62c6d3fe723,Kamya Bal,FEMALE,Volunteer,8
faf9dd05-ba75-4acb-930b-8c8ca859cb72,Samesh Issac,MALE,First Responder,8
97ab30ec-cf1b-49f4-87ee-38deebe9a76a,Bishakha Mitra,MALE,Doctor,8
7a0f92ad-a2e2-414e-9c8a-82cd3fe5b2f3,Omaja Sami,MALE,Doctor,8
b57fe28e-0acc-4df1-b891-74be1589bec7,Warjas Sandal,MALE,Fireman,8
a11da55c-310e-4bcb-83a1-f16c819d6900,Lavanya Deol,MALE,Volunteer,8
ba0ea20e-5439-4fbf-b17d-4909c427b98d,Dakshesh Vig,FEMALE,Doctor,8
9049d17c-c9c1-47dd-b4bd-9cd732f9b950,Fariq Kumer,MALE,Officer,8
70dba094-c227-4248-abde-abf21b16fe37,Gaurangi Borah,FEMALE,Officer,8
962c054d-e51e-4fbb-81b7-4315c0da50bc,Falan Amble,MALE,First Responder,8
5f68d41b-6e4b-4126-baf1-d1cf045e8d89,Pranav Sama,FEMALE,Officer,8
a874084c-b7d7-44e2-b0ee-cc6dcb87c1ea,Vincent Sani,MALE,Officer,8
83c29c96-7ed3-4484-8f50-72371bb474c2,Tamanna De,FEMALE,Volunteer,8
f877a12b-243d-44e8-bbb1-4aab7a917fce,Liam Mukhopadhyay,MALE,Officer,8
fc95ca52-5b4a-4513-9084-5790a126323f,Nikita Vohra,FEMALE,Officer,8
6c04e3ae-0a22-4060-b9da-2b48f9aec886,Anya Khanna,MALE,Doctor,8
79c1b2c8-e054-4307-83dd-bd88f1a6b452,Logan Pandya,MALE,First Responder,8
01e638bf-7cf8-4737-8715-0a771ce835d3,Saumya Kalla,MALE,First Responder,8
692d6c52-cc33-48fa-be82-33da0eb50a9d,Maanas Chaudhary,MALE,First Responder,8
6608bbf8-815f-4788-9bfd-d0caf574fcbb,Zashil Batra,FEMALE,Fireman,8
01656865-cdac-4376-8223-c3831e79a3c1,Netra Edwin,MALE,Doctor,8
e3e0280c-112e-46fb-aada-a17038ba51c8,Lekha Aurora,FEMALE,Volunteer,8
cd418ac2-ce7d-46e3-ab38-76032245b670,George Rattan,FEMALE,Fireman,8
bce359ba-e9ba-47c2-9445-2fbe643f9f29,Shaurya Bhalla,FEMALE,Fireman,8
8d5109eb-7117-42f6-960e-41111a3e978d,Darsh Jaggi,MALE,Doctor,8
28791c74-0378-4224-abbf-91dbe4029a55,Odika Goswami,FEMALE,First Responder,8
1de5951b-7a74-49cf-935a-a9ce29c5def3,Parth Natt,MALE,Volunteer,8
3eaf05e9-e4f4-47c1-9767-2e3261dbfc68,Yashasvi Loke,FEMALE,Officer,8
f0dec882-79e0-466c-9ef6-723b4c07eb7d,Amaira Shetty,MALE,First Responder,8
dd4cdb46-1981-416c-9e64-e46bd9b18902,Harita Bahri,FEMALE,Fireman,8
1534a0b7-1de4-46bf-ba06-319e45906c62,Bahadurjit Soni,FEMALE,Volunteer,8
e32ea538-a015-4522-94e6-335e7454f282,Daksha Ramaswamy,FEMALE,Officer,8
fd4b61b3-07ac-447b-b0ca-8cf41578c0aa,Jagvi Dani,FEMALE,Doctor,8
20bda875-d976-42b7-afff-a17e9535987a,Pooja Sarma,MALE,Fireman,8
13fd02a9-94f2-451d-ba33-9bb798d73a2f,Qabil Ramesh,FEMALE,Volunteer,8
4bf34a62-cda8-41fd-860b-fcca910d2ba3,Mason Suresh,FEMALE,Doctor,8
1429089b-134f-443f-ace1-b8e262d6af8b,Amaira Basu,FEMALE,Officer,8
cb88a047-57b9-4599-ac74-7cd0a527f745,Ayaan Sahota,MALE,First Responder,8
0165df53-6a30-43f5-a46d-fb682b213569,Diya Khatri,MALE,Volunteer,8
8ed87f91-f9dc-4b2b-b3b0-cce4a82820c4,Darika Lad,FEMALE,Fireman,8
f8307b18-6f2f-493d-8b6c-94d61ad03e60,Owen Sagar,FEMALE,Fireman,8
77f1b494-7ae1-4d64-8179-e58f577f7a58,Nisha Dua,MALE,Volunteer,8
45f9e506-df80-4b8c-9d1b-d5d23e1586b3,Mitesh Bhatia,MALE,Officer,8
2d92d78e-7892-41aa-bc07-4facf33191a1,Yatin Goda,FEMALE,Officer,8
ebfe43a4-aa8c-44ac-b8d1-76091f16d485,Lucky D’Alia,MALE,Volunteer,8
671e6496-8f04-4408-9a65-7d04fc3e5166,Maanas Pillai,FEMALE,First Responder,8
8e1b96de-62fc-4871-b0e7-f4d2f59c6b39,Dhriti Chahal,MALE,Officer,8
c35e695b-3696-4d90-bb5c-71b878e6c1a4,Falak Bahl,FEMALE,Doctor,8
ccabfbbf-3f97-4df3-a881-7be3d2f30673,Max Buch,FEMALE,Volunteer,8
1b6b9047-2cdf-4ea7-9e26-d5147983b1a4,Patrick Yohannan,FEMALE,Fireman,8
9339452e-e7f1-4160-b28b-c0966f4ea0a1,Chanakya Mohan,MALE,Officer,8
326ec03f-56a4-497d-a0ca-f31bf0fd1385,Zaitra Parsa,MALE,Volunteer,8
feb3c1e9-15fb-4761-a7ef-ddca5861a84e,Ekanta Barad,MALE,Fireman,8
ae8721ca-3aac-4367-aeaa-ea2fb79b915a,Sai Andra,FEMALE,Officer,8
bd2ac1c4-f0c9-4972-b61c-65bb2055a66c,Jyoti Tank,MALE,Doctor,8
7c00de65-b355-4c09-a982-e2303f8c7045,Onkar Balan,FEMALE,Doctor,8
fd867601-62fc-4e2f-bc94-01e3b8d87531,Hredhaan Dara,MALE,Volunteer,8
67240bb4-1e83-470b-9255-7f10f39e8b6e,Nathan Baria,MALE,Doctor,8
b4f6d7c9-5d37-4f9d-86a2-04985932f1fe,Lopa Walla,MALE,Volunteer,8
a7da7881-608b-49bc-8e6a-47efabeb739a,Udant Menon,MALE,Doctor,8
724171ab-f15b-4469-80c5-1fc1b224ac18,Wishi Divan,FEMALE,Doctor,17
2b8892f4-2e13-471f-b940-5503a69412c3,Jyoti Bhandari,MALE,Volunteer,17
91d23c68-6184-4c3e-bc6c-c0d3e69e521d,Abdul Wable,MALE,Fireman,17
5dcaa95a-6924-44c3-a70a-1e5be5b7e12c,Oeshi Sen,MALE,Doctor,17
81f6a1d2-81a5-4040-a573-a9bb1d4643d3,Vasana Vala,MALE,First Responder,17
3cf58fde-98ca-441a-a630-e0177f7ad9d9,Tanvi Sur,FEMALE,First Responder,17
062d069c-b494-487a-b974-0decb7010e6a,Damini Seth,MALE,Officer,17
12822558-b31f-4921-984e-1c148e3a8183,Gaurika Ahuja,MALE,First Responder,17
c029868d-fd43-4e1b-88e7-038a600ef358,Forum Bains,MALE,Fireman,17
facc07a9-02e4-4857-8300-3bf36df3a82a,Osha Mangal,FEMALE,Volunteer,17
eb404575-ebdd-40fb-a781-487b616fab42,Mason Dhillon,MALE,Officer,17
28852f4c-f489-4962-b5e7-665f048ee860,Bhavini Sarkar,MALE,Doctor,17
4feffcbe-880f-435b-8c8e-31195dd819a1,Lekha Bala,FEMALE,Officer,17
1cbfa1d0-a49e-4cdd-8757-2705019c730a,Manbir Kale,FEMALE,Officer,17
7a9a0bcf-f7ca-43d9-ba2a-b1bbb3bd92fe,Vamakshi Rege,MALE,First Responder,17
1793f235-4e59-4819-b688-6174af76d229,Pavani Varma,MALE,Officer,17
6c966cbb-7971-4b5d-b40f-d6f4d0414742,Keya Rajagopal,FEMALE,Doctor,17
d3a91fb0-132e-4f13-a5b8-5212d92b1f59,Balendra Mishra,MALE,First Responder,17
037f49aa-c6e1-41f3-962b-d8e761646963,Vasana Patel,FEMALE,Officer,17
159efc58-3d10-49a4-87d2-788b640cc5af,Xiti Mand,MALE,Volunteer,17
cdd6fdde-e8db-4f42-b69c-a2be3430b3da,Kamala Kala,MALE,First Responder,17
4d07a31f-f5f3-4908-af52-840c457891f4,Wazir Shah,FEMALE,Doctor,17
7ce19a86-f871-427c-908c-0a7e784291cd,Omya Maharaj,MALE,Fireman,17
146bb817-3739-4913-b9bf-eb15ab5e669a,Xalak Gara,MALE,Volunteer,17
5e82ce64-f0f8-4637-97bd-c58c6b23bc5e,Zashil Barad,MALE,Volunteer,17
18afe11c-818c-4688-9389-0825dfa35bd4,Yadavi Pau,FEMALE,Officer,17
3c63cc30-b95a-49b9-ae69-d6e5ebf6954c,Manan Bahri,FEMALE,Officer,17
4cbfd9ef-3df7-4609-9b58-bc5394f76537,Jagdish Wali,MALE,Fireman,17
c3e9c791-154c-4f82-af1a-c1c353b2da32,Vedant Kar,FEMALE,Volunteer,17
533acc9e-8f82-47af-aefb-6ab0a739105a,Aadi Ghosh,MALE,Officer,17
21bc12cb-b20d-4488-82aa-a2b7c7dfb043,Vivaan Muni,MALE,Officer,17
b92294c0-ae77-4fa8-9dcb-6bd05a3642d8,Krish Dhillon,FEMALE,Officer,17
87ff6b54-359d-4518-a19f-8368200d0071,Ira Rajan,MALE,Fireman,17
c52207dc-598d-47a1-af0e-0893db3f8b1a,Raagini Kapadia,FEMALE,Officer,17
70aebb4b-ca98-40b7-8b07-a95e1125f153,Udyati Bumb,MALE,Officer,17
7aefc366-ca56-46b5-95b5-8e0b3424ae85,Omisha Dass,FEMALE,Officer,17
31fe08c0-b683-40c0-980c-ecc1eac1c368,Pranav Borah,MALE,First Responder,17
e0d8d214-de61-4202-bfb3-c8565b3ed167,Forum Pal,FEMALE,Volunteer,17
5bb68f96-4c22-444f-9dc7-60d477a53558,Ojasvi Sahota,MALE,Doctor,17
21d94fc3-d213-4936-97ba-86b3d03bd4a9,Netra Badami,FEMALE,First Responder,17
19ac39c8-6029-46fb-b955-33981fa09cbd,Amruta Varma,MALE,Doctor,17
22cb80ab-a9da-4817-8ea9-c8597bf4016b,Fiyaz Saxena,FEMALE,First Responder,17
2f8eb628-2ac0-4b6b-98d3-c9e901fc7872,Triya Nori,FEMALE,First Responder,17
76e8ff55-5636-48cd-b80d-40c9a8a45364,Hritik Krishnamurthy,MALE,Officer,17
98ebe06c-998b-4e31-ac90-166428bf3023,Yashoda Balakrishnan,MALE,Volunteer,17
753e5d24-7a65-4176-acf7-55485e94da63,Ansh Kamdar,MALE,First Responder,17
41be4354-8039-4b96-b26d-7f4a559dc2ba,Sudiksha Sheth,MALE,Officer,17
bb5dcad3-0393-4038-919c-1e76b71e4311,Sanaya Mukhopadhyay,MALE,Officer,17
5bede2ae-e64b-47d5-8a52-cecb63b18c7d,Ira Prakash,MALE,Officer,17
33567e60-0b7b-4e34-8ac3-afdae8d517fd,Mugdha Dhar,FEMALE,Volunteer,17
d1cbcbf1-fb98-48f2-a825-b0fe12da85a4,Advaith Panchal,MALE,Volunteer,17
077b9a5a-3737-4e2e-bddd-9781ff00be6c,Gunbir Doctor,FEMALE,Doctor,17
f8161753-1ad4-4412-8174-ff72e64c38d2,Idika Sachar,FEMALE,Doctor,17
d50ba5a0-98f8-4ff1-ae91-fd7b92ecac91,Ati Bhargava,FEMALE,First Responder,17
ae062451-a7f4-4b04-a5dd-9bb6ba5c943c,Ronith Wali,FEMALE,Officer,17
629904cc-51ee-4bd1-bdd2-cf77669ef942,Libni Keer,MALE,First Responder,17
47dc6048-b8bf-4fd9-ad51-96cabae15e34,Rehaan Doshi,MALE,Officer,17
9c22a8fd-ac79-4bb9-a9f6-1d8ffc20c724,Yash Wason,MALE,First Responder,17
58745add-de19-49d8-b28f-8f16e119efce,Ubika Dave,MALE,First Responder,17
f9febdf9-d682-4b1c-b432-674c50b79f0f,Utkarsh Kumar,FEMALE,Officer,17
0a0c308c-c2a7-43a5-b2fa-6412e75db1ff,Tanveer Devan,FEMALE,Fireman,17
6331cff3-ca1d-4753-854a-ded65f6aec98,Aayush Kannan,MALE,Officer,17
4e22a07f-02e0-45ed-955c-91b30c2a5c3c,Fariq Bhavsar,MALE,Officer,17
360e91fe-05aa-4837-a68e-45d5721f6525,Zarna Aggarwal,MALE,Volunteer,17
4b9bde22-bfdd-4552-91d8-566ae017c746,Arjun Dasgupta,MALE,Fireman,17
02f61842-2d9f-465f-ba9f-efa83eaf48b0,Chaaya Chanda,MALE,Officer,17
107a9f8b-0cce-4f38-bd22-6525f8a67326,Hiral Sinha,MALE,Fireman,17
38e7a5dd-68d1-4b2a-ba45-26b52106adfd,Anirudh Sahni,MALE,Volunteer,17
58ffd344-b9bd-43a8-bccd-d1b88c19c89b,Girish Bala,MALE,Fireman,17
d77d7a40-ddd3-4531-a799-0c56cefa9dbd,Hardik D’Alia,FEMALE,Officer,17
32100b88-97ef-486e-b536-b0c4a54505ef,Mugdha Kari,FEMALE,Officer,17
e3a3f119-6492-4056-ab78-07bef009fe84,Xalak Dhingra,FEMALE,Volunteer,17
1c2bab7a-2f49-4560-851c-76af7ff7e852,Eta Banik,FEMALE,First Responder,17
87899275-1ad7-44d7-9890-890470a45cc7,Sai Kala,FEMALE,Officer,17
86298aac-97d2-4db2-ac8e-8f12a568bb4a,Sneha Oommen,MALE,Fireman,17
cbd46dd9-16b7-43a3-8285-9b21844f6e2b,Daksha Tandon,MALE,First Responder,17
2986a746-944d-4bc5-9c65-92ef0f4ea3e4,Yashodhara Bhalla,MALE,First Responder,17
d60cf958-516c-4dbc-ad4c-0b98453f9bbb,Jackson Banerjee,MALE,Officer,17
eea3b31f-8956-42a1-8175-6a53cde68dc4,Andrew Dyal,FEMALE,Doctor,17
6afefdcb-887f-46fb-983d-9d41d72a8da9,Chatura Sawhney,FEMALE,Volunteer,17
46a0d3b2-6f9f-4c77-95c6-ed2c2d7dfb95,Zayyan Chhabra,MALE,Officer,17
0a35b53f-d0f2-4320-b5dd-ddf6270dbcd2,Yatin Radhakrishnan,FEMALE,First Responder,17
1340d06b-ff59-4c1c-b723-7c0be05bedcf,Andrew Chacko,FEMALE,Doctor,17
e67f140e-540b-4db7-b0d2-3ee03852be62,Rishi Chandra,FEMALE,Volunteer,17
b92989d4-3967-40a7-9015-661d7d4453ea,Ganga Memon,FEMALE,Officer,17
33d6ffa5-b93e-4515-aeba-986f444f7237,Raghav Shetty,MALE,Volunteer,17
5acf52e2-d24c-4ebd-b64b-1e21c8117d23,Kashish Rastogi,FEMALE,Officer,17
7744ca81-4256-4dc6-90ac-6a1ea51ee3a6,Balvan Jani,FEMALE,Officer,17
bb48fe38-2476-4703-b6b0-d98a830b73d7,Michael Raj,FEMALE,Doctor,17
af4d2f82-3a4d-4dfd-be29-086a9c041635,Ayaan Saha,FEMALE,Doctor,17
5180d0f0-adde-4755-81d3-876523c2ee91,Netra Bobal,FEMALE,Volunteer,17
b8118c15-bfef-4a58-912b-384a69128d71,Adweta Varkey,MALE,Officer,17
d6f4ce0f-0369-499c-b1a1-fb32183065f5,Nakul Kata,MALE,Doctor,17
2686b06d-de58-4b7b-825f-b78e0322a866,Gayathri Kapoor,MALE,Officer,17
54a08dfd-1e33-4ef8-84ea-11bfca71de61,Chatresh Gara,MALE,Volunteer,17
cfba4c08-537c-4070-8473-d32e05db2739,Chavvi Arora,FEMALE,First Responder,17
ad1f0f2e-f85c-4289-816f-072a9b502889,Azad Apte,FEMALE,Doctor,17
f807302d-e35b-4e55-b625-ea34e31bccd5,Bimala Ram,FEMALE,Officer,17
777d1895-f4de-4561-b0bb-90c0d1549f85,Balvan Pandya,FEMALE,First Responder,17
392b84e9-e41d-4e53-a3a3-f1f841581196,Pavani Natt,FEMALE,Doctor,17
673d3753-b19a-4f9d-b8f0-3d315a1ae87d,Jacob Dewan,FEMALE,First Responder,17
eeed8469-a665-49c3-a66f-4bdc5c10dbac,Christopher Varghese,MALE,Doctor,17
60a33df6-8c4b-45d2-98cf-b912933f280b,Andrew Rao,MALE,Doctor,17
dda85772-154c-4aa4-9b71-364b644bf431,Darpan Kadakia,MALE,First Responder,17
025971d0-cd2d-4bcf-a6c1-248c40afa685,Vyanjana Wadhwa,MALE,First Responder,17
32ea5f4e-273c-49c5-86b9-1456d7ae78ab,Vyanjana Pingle,FEMALE,Doctor,17
a1b7e12d-4d20-4b3f-87b1-e45184db035a,Warhi Oza,MALE,Doctor,17
078590e1-ef65-48c1-91ad-94d479b972c1,Aarini Hayre,FEMALE,Volunteer,17
ae2debf4-45b0-46d0-a5aa-4329b52149bc,Vinaya Ramachandran,MALE,First Responder,17
6b6a14dc-1a54-4b91-a836-54480062f102,Madhavi Kari,FEMALE,Volunteer,17
88dd4040-9059-4e41-953f-b7a4291244b3,Xiti Radhakrishnan,MALE,First Responder,17
e4179ad1-1e3a-4880-8693-599269814da7,Ishanvi Dayal,FEMALE,Officer,17
3ca045b5-fb57-4092-8eff-c4d49158dbcb,Hredhaan Om,MALE,Doctor,17
410282b0-28c5-4be6-8ad1-d6ea80e34bcd,Timothy Sarma,FEMALE,Volunteer,17
5f813ae4-2861-4ffb-928d-ee89dafe6e64,Mohammed Kota,FEMALE,Doctor,17
d4de0d2d-48f0-4377-9907-f743a3c9f703,Janaki Amble,MALE,Officer,17
3751fa78-6c95-4bfb-9ef9-d84f1278014c,Nihal Sule,MALE,Officer,17
8397ace4-1044-4489-a282-a13b51eb2007,Onveer Mittal,FEMALE,Fireman,17
2a1cb6a7-d60d-496e-a4af-db3e7ec87d36,Lavanya Chacko,MALE,Volunteer,17
6f09213e-e0f5-4bb9-86ee-f103c7306705,Aadi Sani,MALE,Volunteer,17
f8f0a148-823b-450e-9e50-cf747652a4b3,Rachita Mitra,MALE,Volunteer,17
45da617c-bfde-4a32-a4f9-2e608f18f437,Meghana Thakkar,MALE,Doctor,17
a672d209-a091-41b1-b2b4-a96ee3a5b5ab,Vinaya Deol,FEMALE,Fireman,17
f1fb3a33-68c4-469d-ac73-4d0afe3cdbb7,Eiravati Master,FEMALE,Volunteer,17
176dc404-5298-44c0-81bd-479a25473cd9,Harinakshi Lata,MALE,Fireman,22
35da098c-115c-4fbb-a2a6-cf87aee27992,Anvi Chokshi,FEMALE,Volunteer,22
5abf3355-3d15-4a28-a4b1-d800cfb9c808,Siya Pingle,FEMALE,Volunteer,22
71683aef-b58f-4dd4-8c56-ed3a0a8cb31d,Vedant Deo,MALE,First Responder,22
939b7a68-96e5-4456-ae01-a5b5d5f76973,Gayathri Choudhry,FEMALE,Officer,22
be7be63c-fb83-4e77-9b71-c1e8e81965b5,Yashasvi Naidu,MALE,Doctor,22
cf402000-038a-42fc-b290-34331e4be2c0,Anamika Sachdeva,MALE,Officer,22
ac161851-e105-4a30-8518-0215040659b1,Harita Yadav,MALE,Fireman,22
d8c1d9ac-95ba-4909-9c85-ba0371a84fe3,Brijesh Rajagopal,FEMALE,Volunteer,22
778fb613-7f17-4565-9493-23f10a11648d,Qarin Mander,MALE,Fireman,22
1ff660da-120d-42c0-bf5d-3ca13675d863,Pooja Cheema,MALE,Officer,22
9807d52d-05f5-4b9e-8c9b-1070071949c6,Ladli Pillai,MALE,Volunteer,22
e891c57a-7890-43b4-9a83-9b595d8c3f49,Jasmit Sha,FEMALE,Officer,22
6c6f37be-9987-485d-b0a8-995cd3a9d7b9,Idika Deshpande,MALE,Fireman,22
06f84aa9-1a67-425c-bb0a-78030e85a8ed,Tanvi Kara,FEMALE,Doctor,22
cb968365-cafb-4430-abd6-0a7b2c2570ca,Jairaj Shetty,FEMALE,Doctor,22
937ce489-4e07-42d8-89a2-f886bebd4e36,Pallavi Nagar,FEMALE,Fireman,22
2de276dd-43a3-45c8-825d-b5823873150e,Ranbir Anand,MALE,First Responder,22
bc7375e0-80ed-4f21-9a8d-32b442896a34,Bahadurjit Bal,FEMALE,Officer,22
04a0563e-6a05-49ad-a9e9-aec24af91081,Unnati Sur,MALE,Doctor,22
778033b4-5fd3-46de-932a-68e4a9f941d2,Wridesh Mammen,FEMALE,Officer,22
6e88bc19-f733-42a1-b040-344db84caf18,Amaira Tandon,MALE,Officer,22
815b03d2-d740-4071-88f5-d59cbbd46be7,Girik Sethi,MALE,Doctor,22
5ebde93c-aa5c-480d-9dfe-f925b180e8a6,Ikbal Nayak,MALE,Officer,22
dac5670f-fd7d-4442-a7ef-d4f5f7cc02af,Kashvi Salvi,FEMALE,Officer,22
e70cad22-63b6-49ab-8d8e-91b03ea99124,Dakshesh Saxena,MALE,First Responder,22
00de26ae-8c01-4fdb-b071-0a90da0a5223,Keya Rajagopal,FEMALE,Doctor,22
ecfc160b-23f0-46a9-bd9f-1cfc75378a7b,Yatan Vig,FEMALE,Volunteer,22
a705693c-aaad-4e82-82eb-88289f3d145d,Shravya Jani,FEMALE,Volunteer,22
06b3e7a8-65de-4bee-b2aa-9a7ddc4c6dfe,Gautami Rai,MALE,First Responder,22
f7ecc564-105b-4af8-9cd3-1508c2f72f75,Barkha Bail,MALE,Doctor,22
3bd863cc-1be7-47b4-b5e6-efe350b18f31,Madhav Dar,FEMALE,Volunteer,22
d37e1257-340f-48d6-b594-503b2678179e,Amrita Dua,MALE,Fireman,22
2f827c26-998c-4fb2-a460-d8b3a61da814,Baghyawati Gupta,FEMALE,Doctor,22
535aae5c-1cb7-4f9f-8f82-8db8fef13b66,Advay Seth,MALE,Fireman,22
6ff8bd4a-6ff7-4cc5-99ca-dec4ef24f804,Zansi Guha,FEMALE,Doctor,22
8cdb770b-14e2-4e2d-98b0-3958c6bd1472,Anthony Bajaj,MALE,Officer,22
2edd3e11-318d-4fb2-8dee-5697902d3644,Harinakshi Lall,MALE,Doctor,22
e0b19f85-cd68-4d40-8eaa-8372ccff0d96,Ubika Bava,MALE,Officer,22
c5c93a72-48e7-4771-8986-1b86ad6a7557,Imaran Krishnan,FEMALE,First Responder,22
229a4814-fb78-4804-8163-688a863e9430,Arya Guha,FEMALE,First Responder,22
296d8110-4ce0-4e23-9941-1e34c99e9187,Mohini Sinha,MALE,Volunteer,22
888d2301-34bb-463a-ba2c-e27ba34a0529,Mahika Shan,FEMALE,First Responder,22
394bfafb-db00-4740-b8a0-57844b87fc6f,Sai Ramesh,MALE,Officer,22
977c1832-1ff2-4fe9-a2ae-615b69759273,Sanaya Sethi,FEMALE,First Responder,22
a33c1948-8123-45b7-a122-527c939007a1,Ekantika Borra,MALE,First Responder,22
3324c972-65be-4b62-8aec-7cde06231578,Vihaan Randhawa,MALE,Fireman,22
47bdbc03-411c-44d9-b340-bd87e3d42089,Onkar Master,MALE,Volunteer,22
cbfe755d-9c38-4a95-b4bf-029803071afb,Shaurya Kannan,FEMALE,First Responder,22
8a15ee8f-b783-45fb-9294-d90323d3e624,Divya Dani,FEMALE,Volunteer,22
c01a5ee8-7b1a-4f41-8ba7-92ee0b000560,Ishwar Mittal,FEMALE,Doctor,22
0981e19f-b668-440e-818c-0faa177bee8f,Manya Mukherjee,MALE,Doctor,22
24aeaf48-79c1-4227-a870-7cce550e9ec7,Nidra Kulkarni,MALE,First Responder,22
93a02927-ee0a-4ae5-b11d-2cb8bd9a7794,Oeshi Dutta,FEMALE,Officer,22
14cdce8d-12bf-4da5-b909-95397786db54,Hardik Wali,MALE,Fireman,22
041f9a7f-70f0-4a0b-9e4b-6c6d965f432b,Bhanumati Baral,MALE,First Responder,22
c96cd4c1-4b25-414b-a686-1ec4a565cb30,Lekha Karpe,FEMALE,First Responder,22
dddc9072-0577-4eff-b168-c42172003382,Alka Nigam,MALE,Doctor,22
7ac77050-f9d3-423c-99d7-95e0a4b6794c,Tanish Bora,MALE,Fireman,22
c4a8e046-c79c-4158-ac2f-4224b2ed0ce6,Bina Mukherjee,FEMALE,First Responder,22
244efac6-4b1d-46aa-8d8f-73743bc50061,Veer Prasad,FEMALE,Officer,22
19d2d237-8b3d-4147-b079-3455ecc4ecd2,Vyanjana D’Alia,FEMALE,Officer,22
407b9a5b-0b43-4df3-a372-c1d780184114,Tripti Swamy,MALE,First Responder,22
236ff4eb-7591-407d-9e4d-7eb96d80c39e,Geetika Bhagat,FEMALE,Doctor,22
1a20f918-e026-4dbb-a6be-15b03dee8208,Liam Mukhopadhyay,FEMALE,First Responder,22
cbb793fc-1417-403d-a656-688d4dfec40c,Niharika Muni,MALE,Doctor,22
4e962b48-0f67-4821-9491-c4a756921fa1,Charles Bail,FEMALE,First Responder,22
25b5e1b4-f1fd-4f8e-8e15-59bc7a02d310,Ayushman Varkey,MALE,Doctor,22
4b67d556-ac58-40f0-85d7-f14b71e49647,Yasti Das,MALE,Fireman,22
06fcf156-a8a0-4f06-a860-b5a89c7ed363,Aditya Contractor,MALE,Fireman,22
8984120b-66ce-4c84-a515-d30a99267cc3,Gaurika Koshy,FEMALE,Fireman,22
50e858bb-1925-4e87-aecd-e4ee6fc234ff,Sai Grewal,FEMALE,Doctor,22
8c26fb84-6f51-466e-8529-bf824b092016,Devansh Kannan,FEMALE,Officer,22
33091c89-ae23-49ba-92c4-7f1395d73ada,Dominic Raghavan,FEMALE,Doctor,22
92487062-78e0-46cf-9676-65837f618e2a,Sai Bains,MALE,Fireman,22
0323ce07-a079-4150-a10f-90e73a433046,Nidhi Guha,FEMALE,First Responder,22
f63f6fde-ef5e-4c90-a77a-3a14aedc1ee6,Ekta Natt,FEMALE,Doctor,22
db6ba774-6a97-4744-aaca-6ffc92c35b84,Yamini Dani,FEMALE,Fireman,22
7912d7b4-c8a4-41da-b65b-ba9df67ef85e,Kashish Sandhu,MALE,Doctor,23
4a67146b-8954-4235-b785-485240d48894,Girindra Andra,MALE,Doctor,23
4dde82a9-f297-429a-b055-562cb8a7ecc4,Sneha Loyal,MALE,First Responder,23
6eff731f-0a60-4cab-87fd-5ef08364d897,Vasatika Panchal,MALE,Volunteer,23
b9877336-33c8-4369-84e4-93a9c617896b,Xalak Vohra,FEMALE,Officer,23
15824f73-1769-428d-be02-4e25f0783a63,Krish Vala,MALE,Officer,23
32f2510d-9a26-4a8b-9d28-08e4d40f9aa2,Ekiya Balasubramanian,FEMALE,Volunteer,23
53f546ae-9bfe-43a3-8a15-0552a7661b7a,Robert Thakkar,MALE,Officer,23
59036bcb-de7d-4f02-8484-ad8381a06959,Sai Rege,MALE,First Responder,23
9f0aef96-5dcb-4fd4-84ee-648cdda6fba9,Girik Dugal,FEMALE,First Responder,23
346d4707-0389-469f-9e91-31fae2a53e63,Saanvi Murty,FEMALE,Volunteer,23
b5a19dd4-029d-44c7-ba3b-afd8c019a0f2,Samarth Atwal,FEMALE,Volunteer,23
65d3cd01-541a-49ae-b6d1-e717170c19fb,Prisha Doctor,FEMALE,First Responder,23
be094f56-867a-4e0d-9680-8bb544cf761f,Zaitra Jain,FEMALE,Doctor,23
7c3d11d0-4f55-4ef3-a74a-245ef084df9b,Ekaja Rout,MALE,Officer,23
e7e7449d-265d-40d8-8080-20b340f9f980,Priya Sibal,FEMALE,Officer,23
f631cbce-c153-415e-b2d1-fea4256e212a,Nathan Oza,MALE,Fireman,23
b5ead185-4553-4430-921d-09133f86a06f,Gaurang Chanda,FEMALE,First Responder,23
f13f9b41-d471-4045-b1d8-37e20d5eaa06,Chameli Bala,FEMALE,Doctor,23
4dc9be03-e4df-451a-b463-a1bc59b7ea81,Hardik Chada,FEMALE,Fireman,23
a3d7c0f8-f0d7-4df9-8f38-b66d6b63ea01,Tara Randhawa,MALE,Volunteer,23
ca9402ae-2ba3-4854-9039-f6e38542b1c5,Simon Golla,MALE,First Responder,23
7608ec1a-4523-4e3f-8dea-3d05fc77a5cc,Triveni Narula,MALE,Volunteer,23
0f96c792-03ff-4bde-8dc1-dbcb156015d2,Zansi Arya,FEMALE,Officer,23
31c96f19-a8d4-4ecd-93b3-56fc02e58af2,Zashil Tella,FEMALE,Volunteer,23
a3939c8d-e450-4193-a278-fbfc17a9a16f,Pranav Ganguly,FEMALE,Volunteer,23
28cb9e32-c497-4de5-8d1e-d32ad1b262f8,Maya Sahni,MALE,Fireman,23
964dacdb-74d9-46e6-9c03-f0aa5083b37e,Barkha Pillay,MALE,Fireman,23
8ddfefb6-213c-4ae3-b8d8-552e63a76094,Owen Comar,MALE,Doctor,23
e8f50a06-8f4c-4de3-ad29-ee6668793eb0,Gautami Kale,FEMALE,Doctor,23
30c3bc72-e2de-4088-a763-c3bcbadf667b,Fitan Sabharwal,FEMALE,Officer,23
95dc5035-f1a4-42a9-a07f-6aca4fa6778e,Vrinda Raj,FEMALE,Officer,23
c0b8ef3f-4313-4476-9dad-d3b81cf23865,Zinal Goda,MALE,Doctor,23
b7e00f20-f34f-4b4f-b409-8266a09c6c7c,Gautam Sandal,FEMALE,Volunteer,23
333da52b-3d64-49d1-a838-15cd73af522a,Harsh Arya,FEMALE,Officer,23
64f853ae-1a44-4a78-a1bd-244d352ccb13,Hredhaan Pandey,MALE,Officer,23
1192bdfa-a70f-4918-9504-83c49144b0d3,Anmol Jain,MALE,Officer,23
89b63eb5-839b-48eb-8db6-2a01538d708f,Nicholas Prashad,FEMALE,First Responder,23
06ef95b9-57f7-4bb0-9305-205a730eca3b,Maanas Lad,MALE,First Responder,23
c239c51b-fa9f-45a9-ad9e-976f1810f608,Dev Raval,MALE,Fireman,19
a6eee237-6d8a-472c-8662-dd8d8cf60a5b,Nidra Manne,MALE,Fireman,19
4aac1404-e4af-42f7-96c6-e7bd7156234e,Naveen Sekhon,FEMALE,Fireman,19
87e8f667-81f4-43b7-a424-cd9a5b3f6a5d,Tanish Rajan,FEMALE,Volunteer,19
7fb19faf-88ae-46ac-95d9-d188b0a4a3bb,Zaid Mannan,FEMALE,Volunteer,19
f08d10aa-c721-4138-91e3-ebca95a8298e,Bhavika Hayer,FEMALE,Doctor,19
51803fef-8d52-4273-b322-744592d8357d,Vamakshi Sekhon,FEMALE,Officer,19
9914c8fb-756d-45cb-88f8-1981739e9a52,Oeshi Dewan,FEMALE,Volunteer,19
f9d5385e-dbf9-460a-8a35-29898f857fa4,Shravya Sagar,MALE,Doctor,19
c49b53ac-7be2-4ca8-bcc1-6c0b19000c03,Yagnesh Verma,FEMALE,Officer,19
eb80bf7d-001d-48b1-b639-a437eb86ae9c,Naksh Shere,MALE,Fireman,19
3719c13a-f1d2-458c-ab9e-66c710c47dab,Prisha Narula,FEMALE,Fireman,19
8a2e6f72-927b-4342-8572-276f01a2f362,Lila Borra,MALE,First Responder,19
8e222f3f-77b9-4775-bc10-027f6421ae7d,Finn Prabhu,MALE,First Responder,19
ead2f9ea-9947-4bd9-999a-181e533c378a,Ryan Uppal,FEMALE,Fireman,19
c5ce81e0-4167-448f-9e25-be9f5a0907f7,Tanvi Kanda,FEMALE,Fireman,19
61d674b2-8e00-43b2-a388-5818a587f737,Advaith Chacko,MALE,Officer,19
6f8ed550-824f-4d8a-8cff-4f1ba97128e3,Sanaya Krishnamurthy,MALE,Fireman,19
7905627e-4e7e-40df-9003-f91e3587d2aa,Ekalinga Sidhu,MALE,Fireman,19
9a0a4f4e-959f-4e67-8c92-a94cdda05223,Mason Rai,FEMALE,Fireman,19
753f9ee3-5d5c-4ad3-a1b2-0f7b21d474c2,Siya Ahluwalia,FEMALE,Doctor,19
9b7ba88d-ea33-4385-a56e-1537481def5e,Sanaya Madan,FEMALE,Officer,19
35a84652-e909-4bba-a1e6-a7bbf5ea07e0,Reyansh Mohanty,FEMALE,Volunteer,19
815886db-e2bf-405e-8dbe-4991ab74d1d9,Advay Ramesh,FEMALE,Doctor,19
01134b50-8cdc-4dba-a996-7a398c5c41d7,Jason Minhas,FEMALE,Volunteer,19
76735416-5ce9-4af6-9efb-9a842d556d96,Arin Saini,MALE,Volunteer,19
4e65fba5-5ed4-4360-b9d0-d1f3e5ced4bc,Banjeet D’Alia,MALE,Officer,19
307e63de-8207-4e36-89ea-0590ffa76c05,Ekavir Choudhury,FEMALE,Fireman,19
1b0ba32c-1dc8-4c81-9a4a-cf98ca4dffda,Vanya Chaudhry,MALE,First Responder,19
58a935fb-d5ad-4bf3-87ce-ba1e470352e4,Warinder Bose,MALE,Officer,19
c73f62c1-ad14-4ce7-be72-230e1b4f23cb,Vansha Bava,FEMALE,Fireman,19
70bfee50-a974-4dff-8997-7a9ec11d67b3,Pavani Keer,FEMALE,Officer,19
e4bc6ec7-d250-48b1-9314-e8b0a25a7980,Dipta Mane,FEMALE,First Responder,19
e0ddb4bb-9f2b-434f-a30a-025c621b7c83,Dev Sani,FEMALE,Volunteer,19
b7c73004-b827-4873-b0c0-b6073fcc4491,Anya Goel,FEMALE,Fireman,19
db3de7d8-c6d4-4aa6-bd51-4435703d6d2e,Chavvi Lata,MALE,First Responder,19
032ecf8b-a14b-41fe-bc0c-0dcb1564aedd,Gayathri Sawhney,FEMALE,First Responder,19
feb898fb-0b8f-4d13-a8d7-78c59eef285f,Nihal Prabhakar,FEMALE,Doctor,19
ec9e43cc-b32a-4398-a17d-2b188ec7652b,Chavvi Kunda,FEMALE,First Responder,19
f820c061-2c6a-4254-b733-ad839efdb013,Gaurangi Pandya,FEMALE,Volunteer,19
5ee3faa0-c296-487c-94c0-436f43b099d0,Rachit Virk,FEMALE,Officer,19
2516c9aa-607b-419a-a483-f5f5122fa043,Gautam Ram,MALE,Doctor,19
10568516-f5c7-44e5-9210-8734a829ab8e,Neelima Ahuja,FEMALE,Officer,19
1543dd59-e8bd-4336-984e-2ffa8a1d0773,Mohini Chandran,MALE,Volunteer,19
35b4542f-48b1-4cb3-a236-00f7b585c79b,Dalaja Sood,FEMALE,First Responder,19
a783f9af-d1c9-4cc6-8afc-e7ff81438107,Parth Bedi,MALE,Doctor,19
55315aee-113e-491d-90b8-7bfb8fff8ce9,Radhika Pandit,FEMALE,Fireman,19
5d9ddc58-13da-464e-a751-4668c86a85c6,Eshana Kale,MALE,Fireman,19
bca91008-cbb1-487c-8d80-cad6ff9b584b,Harini Sridhar,FEMALE,Doctor,19
7ce932dd-25f2-4b3b-928b-937bb9487640,Waida Acharya,FEMALE,Fireman,19
1c020126-8f59-4154-8f71-95a389067311,Mugdha Saxena,MALE,Doctor,19
2db57923-e357-48b7-8997-636b1823d14c,Harrison Salvi,FEMALE,First Responder,19
219b1d4a-6045-44f5-8ef5-108323e20ffe,Aryan Loyal,MALE,Doctor,19
80e27b4f-df43-48c5-a9ff-bf241a77e09d,Jeet Rana,FEMALE,Volunteer,19
4532d9d8-9f02-48c5-8869-a1e61f0ab9fe,Raagini Dara,FEMALE,First Responder,19
8b64a828-1e43-443e-89e8-2dadee94b310,Darsh Gara,FEMALE,Doctor,19
15f87eaf-7393-4b3d-891f-166c37d6224b,Fitan Gera,MALE,First Responder,19
2b48ccd4-fed0-4ee8-b45f-e1f54780fd76,Charan Dara,FEMALE,Officer,19
88e1223d-6f2f-405b-acdc-12854043a6d1,Charvi Rajan,MALE,First Responder,19
dd6de143-e024-4190-a89c-4245ad5f0e28,Chandani Bhatti,FEMALE,Doctor,19
9e92feaa-3682-4b55-9a2f-a2c9018fe874,Yashodhara Garde,FEMALE,Fireman,19
45cb9b83-439e-4d3e-af07-80bb3d2e64bf,Gaurav Ben,FEMALE,Fireman,19
37bfb9bc-cb68-4092-8046-370db49debeb,Mitali Mohan,MALE,Volunteer,19
849ec474-aa69-4430-813b-a5df6e4ef115,Rushil Bail,FEMALE,Volunteer,19
9478fa22-c33e-4788-99e5-701fbb69e204,Parth Pradhan,MALE,Officer,19
bb1b5391-1238-4f5b-aef3-492a4c5a4330,Anthony Nadig,MALE,First Responder,19
cf0a1e63-66ff-43a3-af1d-64093899789f,Omaja Brahmbhatt,MALE,Officer,19
0132b677-80fd-4ae2-8cd7-afdb8241480c,Frado Badal,FEMALE,Volunteer,19
b0253251-4960-4cb2-9cdf-b6b60a861ea5,Udant Arora,MALE,First Responder,19
4472880c-d064-402e-96cf-38ba9c91c15c,Raghav Chadha,FEMALE,Fireman,19
5310358d-1723-482f-b629-84f3aceb6287,Vincent Sem,FEMALE,Doctor,19
fb18b582-fa96-4c1a-ab99-9d7e90e30096,Xalak Chaudry,FEMALE,First Responder,19
95ce91fc-4df2-46a2-9e35-81bae41fdaa3,Guneet Magar,MALE,Fireman,19
6bcea408-fc52-439f-a1b6-c38642b82baa,Azad Narain,FEMALE,Fireman,19
3bbab41a-8709-4fb7-a56c-33f7335b8e34,Divya Sami,MALE,Officer,19
52f38843-c936-47f8-8ef8-fb2bf7c128e8,Chanakya Sagar,FEMALE,First Responder,19
58d519d1-abcf-4187-a3f5-d2515a0ae253,Saksham Anne,MALE,Officer,19
49b21874-8f03-46c9-a662-68d3041365e2,Quincy Golla,MALE,First Responder,19
fc68cab3-8d25-4c80-93cb-8fb1b41b9e19,Neha Dayal,FEMALE,Officer,19
7cdadf11-2b11-4dcd-b52a-02d6f3382f02,Rajata Arya,MALE,Volunteer,19
21da969b-68b0-4409-846c-06284752081b,Viraj Chada,MALE,Doctor,19
42ce331b-8a22-467c-afcb-e4e293121dbc,Anusha Balan,MALE,First Responder,19
986adb2b-7acf-434e-9997-e766f4541967,Wridesh Tailor,MALE,Fireman,19
9b37c60a-b352-431b-a6b4-e5ea2e310917,Ishwar Pillay,FEMALE,Volunteer,19
c935a3bf-2316-4c05-8aba-5addd3d5d6b2,Aradhana Raj,FEMALE,Fireman,19
e46a679a-9359-4af7-8186-cfd2e833ae97,Oeshi Dalal,MALE,First Responder,19
d24e0f47-7013-43e1-b0be-fa67f42635b1,Balendra Manne,FEMALE,Officer,19
247f32e4-7ffd-4c64-a34a-cc238a891acc,Orinder Shan,MALE,Volunteer,19
3bb2ecce-e3fd-4c85-aa15-2ced0e8c70f4,Warda Wadhwa,MALE,First Responder,19
64cf5969-a851-4e76-a95c-6f9bc679f348,Isaiah Tandon,MALE,Officer,19
9fa8e74c-0a8a-44ac-82da-cc978d737d4b,Anirudh Srivastava,MALE,Fireman,11
9fe15c70-fd08-4db1-9bfe-7bdee65830ad,Warhi Aurora,MALE,First Responder,11
ce1cf8de-f169-4caa-bb80-7ab1f85dd31c,Mohini Chad,FEMALE,First Responder,11
8d457d0e-9fbf-4594-b6e2-c50d7c855023,Balvan Bumb,MALE,Doctor,11
75213040-6e10-4957-a1f2-3a10cbb8e291,Tanvi Sidhu,FEMALE,Fireman,11
0e4d8cad-b232-44b3-b864-178384b19b65,Anamika Savant,FEMALE,First Responder,11
55e42a09-1745-4cfe-a1ad-5e90592666bb,Yashica Banik,FEMALE,Volunteer,11
a3e55ec1-b6ea-4862-acfe-de10ce3b89b6,Liam Ganesan,FEMALE,First Responder,11
19abaef9-53a1-48f5-93c0-5b58522c089c,Manthan Rana,FEMALE,Officer,11
2567dc09-bcb9-45c5-a693-ec5a6e6bb447,Pushti Aggarwal,MALE,Doctor,11
13bfe5a2-4b59-490c-b334-8af089648a3f,Pallavi Halder,MALE,Officer,11
6bb9dec6-d686-4dcc-8a67-29d26d4fef04,Veer Bava,FEMALE,Officer,11
90caa2b6-b1dc-44ef-8b98-d70e55034289,Vanya Bhatt,FEMALE,Fireman,11
7ac79abe-5364-4746-bcb5-e5d56744bee6,Anika Kala,MALE,First Responder,11
7b139ab7-b350-4500-8954-cc9b9db488bc,Teerth Trivedi,FEMALE,Doctor,11
f7f5bb61-3daf-4042-9acd-41e57a505ca6,Chaaya Chandra,FEMALE,Doctor,11
151592bb-aec2-43e4-a85c-ef4058a6bf2e,Yamini Ray,FEMALE,Officer,11
ca343a87-788c-44f9-ab9c-72ab393667ea,Osha Dada,FEMALE,Officer,11
feffbb4a-3f94-400c-9b8a-70bb2c12a7b9,Riya Bhat,FEMALE,First Responder,11
ce5e3ee6-67b4-477d-bc56-dc70842d2e0a,Agastya Sarkar,FEMALE,First Responder,11
c828d2e9-a91d-40c4-b13e-016cc7f8cc83,Meghana Goswami,MALE,Officer,11
b3640e99-3f07-4966-a630-4ef90305814d,William Dara,MALE,Officer,11
ba05ae24-e8fd-4359-af08-d1a380dac356,Wriddhish Raman,MALE,Fireman,11
3768b24d-9408-49c1-8280-3fa98ab13096,Waida Korpal,MALE,First Responder,11
a5cf6e9e-554b-4304-9cb0-cf4cc1d9e0d6,Viraj Ratti,MALE,Volunteer,11
05fedcef-2131-4251-b7d9-ace2e5ec6fb3,Jeremiah Rama,MALE,Fireman,11
eb1bcb36-c0c3-464c-8a61-98eddb93086b,Omisha Sabharwal,MALE,Officer,11
882496f0-79cc-4d1b-b0d8-043460af646c,Gagan Parekh,MALE,Volunteer,11
8223c478-27c4-4991-86ab-e636045231fc,Meghana Gandhi,MALE,Volunteer,11
8a60f269-2d52-43fe-bf00-84c51cffd085,Nisha Sunder,MALE,Doctor,11
741e6937-8103-46e4-942b-73b27f69e8b5,Michael Dube,MALE,Officer,11
53f1b9a7-4589-437c-a6e2-29d510b4d867,Warinder Karpe,FEMALE,First Responder,11
1871381b-9a66-4af1-988c-37ab58f1b8df,Arya Prabhu,FEMALE,First Responder,11
4d5f955c-656e-4e5a-bb12-d54402ad36c5,Deepa Wadhwa,MALE,Volunteer,11
d5098bd1-1a29-41c7-bcb0-8b0dbebf14cf,Warjas Iyer,FEMALE,First Responder,11
ad7a7fac-e9a7-4446-8392-16e548a62d6f,Megha Mand,MALE,Officer,11
cff1a31e-b2e0-4dc5-8dff-f2123dae2658,Brinda Sawhney,MALE,Volunteer,11
c6225869-5636-465a-8cbb-fe6c72ba604d,Aradhana Murty,FEMALE,Doctor,11
760cf161-9815-43d3-a0a5-c57af1935fc9,Tamanna Mutti,FEMALE,First Responder,11
0d4c9c64-5d49-4aa8-b964-fda8653ac065,Madhavi Arya,FEMALE,First Responder,11
2b569ff6-add5-4b6e-95f3-a362fc8d0048,Oscar Sarna,FEMALE,Volunteer,11
e980f181-6f36-48e2-ad81-de3c53626c61,Shravya Dube,MALE,Fireman,11
7af393e3-e6a1-4a27-b143-ccb06edec399,Nikita Sengupta,FEMALE,Volunteer,11
8e1f9e96-93da-44af-a7a1-5897f01677ce,Kevin Pillai,MALE,Doctor,11
45aa269e-925f-4d7f-96f5-6b90a89bc657,Tanveer Dara,FEMALE,Doctor,11
2b680f33-4c56-47e2-81a3-2b00ebb67cbe,Teerth Golla,FEMALE,Doctor,11
11554824-05d6-4435-a47f-d1c3ece8f372,Indali Ganesan,FEMALE,Volunteer,11
17568073-e163-49b7-802a-11b986152fdb,Bhanumati Sharaf,FEMALE,First Responder,11
a55784ec-a4d1-4463-ac7f-a8108b80402f,Ekaraj Choudhry,FEMALE,Officer,11
5b2058fc-fb3b-46f4-a66c-db5e5b07d7e9,Logan Chaudhry,MALE,Fireman,11
f14c65db-7667-4d15-8079-29b1dc3162dc,Triya Kade,MALE,Officer,11
3e8ae2de-a52b-4154-b43a-be6b139c9567,Falguni Arya,MALE,Doctor,11
0694332b-19b1-4057-baef-259d12c06c2f,Ekavir Sane,MALE,Volunteer,11
61e1f261-6e86-4502-a1f0-dd435f33f83f,Meghana Johal,MALE,Doctor,11
46e1c776-6773-4d55-804f-8ef7d5771ad1,Niharika Date,FEMALE,Doctor,11
b4373e08-e04b-41d3-bb05-f7595f3f9b4a,Chandran Parsa,MALE,First Responder,11
b0af7c89-9144-4c1b-a90d-d302677e28c4,Ishani Mitra,MALE,Fireman,11
014b3eb8-4ac6-4d86-b186-1a791f4a2c0f,Darpan Pillai,MALE,Volunteer,11
180d44c1-eb60-4dc7-bb73-f5f34be0d355,Hemal Bhalla,MALE,Doctor,11
7c310f40-77e2-407c-9ba8-6033177c03fc,Prisha Mistry,FEMALE,Officer,11
ecd36954-e24f-46bd-a643-819a130ec63c,Omkaar Jaggi,MALE,Fireman,11
663e5391-6105-4ce0-9cb8-c7ed5c9ed3ac,Samaksh Kadakia,FEMALE,First Responder,11
d4e17938-db22-424a-9d6d-8b6962b5ace6,Mitesh Mittal,MALE,Officer,11
0820a520-c86f-4389-b0cb-b4988dbe9313,Chakrika Boase,MALE,Doctor,11
91cb6632-be71-444c-a8f6-a08d2d665ea0,Yashica Sane,FEMALE,Volunteer,11
0cbdbf9a-5465-45d2-b53c-47e8e39df49d,Charvi Saini,FEMALE,Fireman,11
985142a7-d603-4347-80fc-294084c1d70a,Yadavi Bora,MALE,First Responder,11
c495c700-2372-4efe-a530-d0f697cc2336,Laksh Butala,MALE,Fireman,11
6a1be28f-aade-4771-9f68-12eb03c5031f,Chandran Iyer,MALE,Doctor,11
7d92409e-625c-4e90-9097-77376955f854,Jack Oza,FEMALE,First Responder,11
888a2b50-b48c-4c50-8a28-a005b88daf4f,Aarna Kakar,FEMALE,Volunteer,11
428b13aa-c570-47e6-a7fa-50ef531498d0,Hiral Singhal,MALE,Volunteer,11
46a7d6f9-9df3-4438-a3f5-30c37ef3171a,Vasana Tank,MALE,Officer,11
e04c7469-03ad-479f-86ce-f4baaedfdf83,Saksham Khatri,MALE,Officer,11
08c63893-3b5e-433f-ab1c-55ea68a6d662,Anmol Ganesh,FEMALE,Doctor,11
63a0e627-7c32-4054-b078-310bf3fba8a3,Agastya Ahluwalia,MALE,Officer,11
236b54bb-4cde-40c5-8d82-92c9528dcb8b,Madhav Sathe,FEMALE,Volunteer,11
43d3f888-aee1-41f3-9827-e1a2f9d8fc61,Barkha Parmer,FEMALE,Volunteer,11
4c8fee0b-597d-41bc-a61c-a6217ec257e8,Rachita De,MALE,Doctor,11
f6c68fed-3986-4f53-953a-18bfe78e4644,Theodore Rajan,FEMALE,First Responder,11
488da008-8eb2-4da8-ae68-e41267455bde,Umang Sidhu,FEMALE,Officer,11
47d3484c-20f7-4787-a2c1-c8c6b92d2a81,Vaishnavi Subramanian,FEMALE,Fireman,11
f0323607-f9c5-4ec1-a5b9-45f78165fd22,Sathvik Ramesh,FEMALE,Doctor,11
b83400b6-f29b-4753-9f24-d2c2218e71a9,Saumya Kaur,FEMALE,First Responder,11
5d2b6fa7-4761-4f76-a548-9d96053e7126,Balveer Chandra,FEMALE,Doctor,11
4dd8bb93-15c7-4988-95b7-e93e5e98b49b,Chameli Naik,FEMALE,Volunteer,11
b12fe177-3adb-46f9-8e72-ccf3afde95c2,Pooja Suri,MALE,First Responder,11
914718b6-9617-4a46-8d1e-42b2d4c5758e,Chatura Bhatnagar,FEMALE,Doctor,11
a0154dc4-8b70-4c6e-b2db-b26b16a2e7bf,Urvi Lall,FEMALE,First Responder,11
0be01e22-eda8-4191-b527-b913c1ee6893,Tanay Kala,FEMALE,Officer,11
181e000f-a3b8-4db2-b7ea-9fa0f323a7d9,Irya Dhawan,MALE,Officer,11
8286199d-f49c-463d-b4ae-2b766612031b,Mitesh Dyal,FEMALE,Officer,11
6c0e38cc-97c6-4a0e-8cd6-f3ef013b13a0,Simon Thaman,FEMALE,Volunteer,17
5b437379-0636-40fa-aa12-3676c9793aeb,Faraj Subramaniam,FEMALE,Fireman,17
d4889f8a-06bf-4912-b8cb-8feca8c945e0,Yug Kashyap,FEMALE,Volunteer,17
c7e9ab04-1b3d-4604-acdf-31ea27bde28d,Ati Narang,FEMALE,Officer,17
6604c3d2-32d7-42b8-9043-cacd5e67298c,Krisha Joshi,MALE,First Responder,17
0d1fc63f-1ec9-4737-94bc-90c672491050,Ishwar Nigam,FEMALE,Fireman,17
a39ad930-d3ee-41f9-82fd-6094e5acffb4,Kritika Bail,FEMALE,Officer,17
8420cf5a-dbba-40c6-9e37-ab1f0051bafb,Charan Khatri,MALE,Doctor,17
8428fca3-d8f5-4f36-b3e2-751199155b7a,Sai Agarwal,FEMALE,Volunteer,17
0d26750a-f597-4b0e-b4ca-aed27e718a5e,Vasudha Goel,FEMALE,First Responder,17
34e0eb57-99ed-4333-9add-78c86592900a,Yashoda Mital,MALE,Officer,17
672ed519-615f-45ef-8b87-4432bbd05115,Ishita Morar,MALE,Volunteer,17
03f04173-2abf-460f-81fc-5deaa12a65e1,Kamya Khosla,MALE,First Responder,17
e9f9396e-0e90-47d4-8ef4-3507819a1995,Megha Master,MALE,Doctor,17
97781f11-a191-4f62-bda0-6f094aee600e,Yasti Chawla,MALE,Doctor,17
93999163-4074-4cad-98ba-3b8c820baf44,Vansha Kala,FEMALE,Officer,17
54110def-11e4-411f-8a4c-60822a5053c0,Gayathri Rai,MALE,Fireman,17
892a3df9-45a6-4a89-a5d6-8e9e03d849b7,Nikita Naidu,MALE,First Responder,17
b2103165-7e77-4201-af78-edde619c845f,Pahal Dasgupta,MALE,Fireman,17
aeeb747a-6283-49a3-9207-fc9317768ceb,Neel Gokhale,FEMALE,Officer,17
0dc0daa3-539d-4d42-864f-5cdfb3cbd69d,Anmol Dey,MALE,First Responder,17
9423dfeb-efb4-4846-8ac0-7261eaaebc5e,Mitali Bhandari,FEMALE,Doctor,17
73be7952-32f8-4d91-a084-30efd6ef4763,Radha Dara,MALE,Volunteer,17
7be5e065-810f-47d8-a97f-1ff60a975b9d,Pratyush Kannan,MALE,First Responder,17
dc5b4bc0-d5ad-440c-955a-16e64cbbdcfb,Banjeet Puri,FEMALE,Doctor,17
dbb0c2a9-13bc-4ebe-8370-6ac0e1568875,Kashvi Bhasin,FEMALE,First Responder,17
b10cc201-8fd1-4ba6-97f8-1e08d2278e27,Urvi Sha,MALE,Officer,17
d60ea137-27a9-40fa-ac4e-fcefbe8f84b2,Forum Shenoy,MALE,Officer,17
d9f79cce-6f1e-4d2d-ba96-f571bcf09aa3,Aarnav Keer,MALE,Officer,17
a664504e-1d2d-4372-a8fb-662d554f43d6,Warhi Nayak,MALE,Officer,17
65edb3a7-2353-4751-84e1-5c8d852dc226,Atharv Cheema,FEMALE,Volunteer,17
7dd386d8-f370-45d3-b028-3f6050762850,Oeshi Sabharwal,MALE,Officer,17
93481540-547d-4b8c-b402-aa1573a80517,Ethan Yogi,MALE,Fireman,17
54f2cade-474f-43d6-a9db-57f98713329b,Jonathan Chander,MALE,First Responder,17
b6508364-6273-43cc-a9e7-4007459a8b12,Xavier Shankar,MALE,Fireman,17
a430ad6b-bb18-4d94-8892-84b31df487e2,Darpan Talwar,MALE,Fireman,17
d4837bfc-81ff-42d8-896e-f47ed19f032a,Libni Tara,FEMALE,Doctor,17
7e113679-fc77-44e0-a7ea-f34a3d47ddfa,Yash Morar,FEMALE,Volunteer,17
eb6150d4-7a87-46c7-8979-e7f69e626db4,Nikita Balasubramanian,MALE,Fireman,17
c67690a6-e502-425c-81f9-cc5460328495,Yatin Venkatesh,FEMALE,First Responder,17
e9a5aa6e-4bab-4faa-902a-22741748c7d3,Lucky Bassi,MALE,Doctor,17
d5b134e5-4ef5-4d20-9a57-440549730cbd,Yash Mander,MALE,First Responder,17
653486ae-45c5-4f2d-a799-ed742385c57d,Abhimanyu Doctor,MALE,Fireman,17
434b95dc-a3a6-42dc-a59a-d0295e0635f9,Teerth Soni,FEMALE,Officer,17
6d98ab7a-32ed-4cc9-be7b-a433e1aac588,Mahika Pai,FEMALE,Fireman,17
49b7667c-84db-4fca-9584-8b903b493634,Balendra Nadkarni,FEMALE,Officer,17
fa7c5ffd-4d3c-4a57-a0ee-aaf290d3add1,Yashodhara Gade,FEMALE,Doctor,17
f664db88-96b9-4893-95bb-e7a383f1766d,Qarin Sahni,FEMALE,Volunteer,17
c3ead639-49bb-48e3-9310-7a4c6c62d1cb,Ikshita Minhas,FEMALE,Volunteer,17
c6f03d9a-e892-41c6-b418-e94fc9c64d97,Zayan Koshy,FEMALE,First Responder,17
e8ef941f-eea0-4ccf-b651-7a623fcf274a,Anvi Ganguly,MALE,First Responder,17
a3545578-1fe6-4aa0-925e-b24844ec17cf,Janya Nadkarni,FEMALE,Officer,17
21a04545-3a34-4a15-85e1-806022ccdb8d,Nitesh Sachdev,MALE,Volunteer,17
82127f44-6413-48ee-b512-170b4fdbfb9b,Dipta Mall,MALE,Volunteer,17
30b6fe12-6861-4433-a747-ac6e99dfc56f,Laksh Sood,MALE,First Responder,17
8d2e813f-2662-4323-9c98-c29b7ea5f70f,Anita Bhatnagar,MALE,Fireman,17
4af2c212-c904-4f8d-9177-5aea4b5ae85a,Ganga Khanna,MALE,Officer,17
87b81a03-dd4b-4beb-b92e-fa1ab209a616,Yutika Banik,FEMALE,Volunteer,17
44ebd6f5-be97-4688-8367-99ed359d2b64,Yashawini Toor,FEMALE,Officer,17
f34542b5-a187-4a34-8ea5-d4a91ca022df,Advaith Garde,MALE,First Responder,17
0d896246-1b40-44f4-aaeb-0b518937f3de,Sai Vora,FEMALE,Volunteer,17
245133bf-2c8a-4c3b-a2e2-b5cf8c12c527,Jacob Roy,MALE,First Responder,17
1fec14f6-5cf3-4988-9280-cd26a462fcf7,Jackson Grover,FEMALE,Doctor,17
b35189e1-5108-4725-a2c6-b7a034f859d9,Reva Gaba,FEMALE,Fireman,17
e2612d2d-bf0a-43f9-a5fa-da2a740faed0,Frado Bera,FEMALE,Officer,17
b57d8895-5d27-4c1b-bc39-fed3dcafe795,Vrinda Mital,FEMALE,Fireman,17
25b0e0f1-05a5-4480-b341-40ca08a32d95,Nilima Bansal,FEMALE,Doctor,17
8114d56e-2634-4691-bcb9-55fad9640c27,Rayaan Sinha,FEMALE,Volunteer,17
0fef245a-807c-45d0-b29a-2a37321e859f,Gagan Kala,MALE,Fireman,17
2e26eb70-1d0f-481d-b953-c85ba385fef2,Hredhaan Gaba,FEMALE,Officer,17
adbe9bd9-55bb-41c9-a85c-16eb3a814abf,Triya Nazareth,FEMALE,Fireman,17
58127919-2ad7-4216-b754-baf6593b7d14,Om Pandya,MALE,Doctor,17
d0197648-2ac1-46a5-9829-c51b243bb422,Dalbir Bhatt,FEMALE,First Responder,17
b1e1ca49-bb36-4c2c-892b-7afab514286d,Lopa Soman,MALE,Doctor,17
83a05945-abfa-4a85-9b24-c7b976bdf3ce,Janaki Dhar,MALE,First Responder,17
546bbe8c-efdf-4195-a5d3-182b91eebbd0,Nisha Tailor,MALE,Fireman,17
07ea9599-15d4-4750-8a86-aa805c104e08,Chameli Sathe,MALE,Fireman,17
9cbe4531-929d-47d7-9827-e9505f7557c3,Isha Gade,MALE,Fireman,17
22779608-0c9c-4c8d-a6e3-d37c9cad5f32,Tripti Thaman,MALE,Volunteer,17
d61e1b97-10f2-4e4e-a207-c8e7f7bc4aa7,Andrew Kuruvilla,FEMALE,First Responder,17
7e24373a-a6b9-49fd-96f4-eaa872612b47,Girik Goyal,FEMALE,Doctor,17
4515b586-4579-4499-a3cd-b5adda4028b0,Amaira Nigam,FEMALE,Fireman,17
b4aad875-4671-48c1-9799-e61d91319d95,Michael Varughese,MALE,Doctor,17
04b57f04-85af-4279-b612-6eda50b1409a,Onkar Chanda,FEMALE,Fireman,17
939b8f51-c55e-4098-b97b-116e540d2918,Harrison Badami,FEMALE,First Responder,17
b0637721-9972-4b7b-9adc-39388d4d7578,Anika Ratti,MALE,Doctor,17
9ed6cb65-5994-4084-b369-24ee16a47a09,Indrajit Bhagat,MALE,Fireman,17
94a6af5d-629f-4b18-8616-15743263453c,Siya Setty,FEMALE,Officer,17
15036425-4c0f-48e5-9336-67ddb8eaaec1,Zehaan Bath,MALE,First Responder,17
57fb75e3-9de2-4851-9c9d-58d69edd1466,Yashvi Hans,FEMALE,Fireman,17
0b1d05f4-45f7-47e7-b77c-6ef84bf3837c,Daniel Aurora,MALE,Fireman,17
0b627c99-b886-4d0f-ad12-b1e45c96f589,Upma Ramesh,MALE,Doctor,17
d529fe02-dd5f-459a-809d-5fb1668eb9f2,Andrew Goyal,FEMALE,Officer,17
9ef487e4-fbbb-42bf-a033-f8d10a405320,Kashish Sehgal,MALE,Doctor,17
4b20c3fa-5bf6-4c02-ad93-2822400ba500,Anthony Prabhakar,FEMALE,Doctor,17
6e37d53e-c639-4643-8763-3f9d4482d1dd,Lipika Sengupta,MALE,Fireman,17
2217dd70-0b2e-4751-ae0d-5ec3dd2a106c,Balvan Hayer,FEMALE,Officer,17
b2b3c812-5d66-4f19-a75e-de3748934417,Chaaya Purohit,MALE,First Responder,17
97f8d5a8-c6dc-492e-afae-3cad1c45d7eb,Jagdish Vohra,FEMALE,First Responder,17
1b676495-c773-452f-a512-9799b9d1d8d6,Gagan Sen,FEMALE,First Responder,17
1c03717d-3569-4c39-8f40-019dd00fb588,Yachana Tandon,FEMALE,Fireman,17
5542d64b-cb93-401b-8434-2e3993bca7dd,Baghyawati Lala,MALE,Volunteer,17
ff048c93-d358-4852-bf73-01763f875066,Wriddhish Bath,MALE,Fireman,17
302de0c2-4390-445f-9612-6e29191163ea,Zaid Varghese,MALE,Fireman,17
fecf8bcd-3878-4bd4-89cd-d3a68f61822b,Lucky Anand,MALE,Officer,17
615f4ffd-31a4-4e92-9084-321abab19453,Charan Solanki,MALE,Doctor,17
17ff6a11-3543-4e6e-8f78-024374e8ee20,Zarna Suri,FEMALE,Fireman,17
b57c1eb1-6d8a-4a10-a323-9d9e4ed48c88,Daksh Ramesh,MALE,Doctor,17
9cfa87de-628c-4290-9ecf-8505c751bdaa,Tanveer Ganguly,FEMALE,Doctor,17
f36a5479-a428-4610-9ce0-29d051d763bd,Lakshmi Mutti,FEMALE,Volunteer,17
53e3f396-2ec4-4676-8bb8-b2a7b6c5c4d4,Max Vaidya,MALE,Doctor,17
0021f9d5-64f5-4b34-a61f-fae60e7fc566,Quincy Naidu,MALE,Fireman,17
f4473b7e-a3f8-44c5-8a4f-65f98ca55100,Triveni Dhingra,FEMALE,Doctor,17
81ab49fe-5e27-42e5-8d32-972289358e0b,Kavya Parmer,FEMALE,Officer,17
2a336c14-2906-4681-9daa-de38dec6e384,Jackson Doctor,FEMALE,Officer,17
20049ec2-f4a3-4a50-8b6d-334881e013a8,Januja Mittal,MALE,First Responder,17
65c8928c-e798-4104-ac46-f7d8a257df9a,Wazir Palla,MALE,Officer,17
ae0d7283-09dd-4c06-9abb-addae6b8c388,Faraj Gour,FEMALE,First Responder,17
0129838c-804d-4ece-9792-e090b9126653,Isaiah Soman,FEMALE,Volunteer,17
e5c2055f-4d1a-4416-942a-b8624b9f9379,Hemangini Chatterjee,FEMALE,Fireman,17
dc3e3e3b-e8e0-4274-b962-7ac3e2b3e132,Sarthak Pandey,MALE,Volunteer,17
c87a67d9-39e1-4727-9b3c-c06a7bc7c9ae,Viraj Pillay,MALE,Volunteer,17
7f9f8baa-53b5-4b9d-8b49-e1c623548905,Rayaan Kibe,MALE,Fireman,17
a9b0f038-533b-48f2-9bce-c3d5edc8206e,Zehaan Mann,MALE,Fireman,17
18bd0349-d77d-4248-93f7-4796dbf9b8ff,Pranit Sabharwal,MALE,Doctor,17
7cc308ae-a1fc-40a6-b5ce-4665f6f181a8,Hredhaan Deol,MALE,Fireman,17
f9140156-a3c8-4672-8399-86fad33c4836,Leela Raja,MALE,Officer,17
661d70d5-6a90-4e8f-9270-3f48ec101676,Vasudha Sabharwal,MALE,Fireman,17
9deb8e52-2114-406d-902e-4936ef35ed7c,Lila Bali,FEMALE,Fireman,17
04b20f0e-85d0-4468-b45c-86af3aa86adb,Lohit Dey,MALE,Volunteer,17
123e4b4a-b813-4111-adba-0cee0fe96fac,Jack Arora,FEMALE,Fireman,17
7b86cec0-816a-4fcd-ad55-4f408bff2d7a,Chavvi Barad,MALE,Officer,17
122b27ca-ee50-4149-94d6-9244f4e89e79,Manbir Zacharia,MALE,Officer,17
8eb41434-d5d0-467c-8af1-b605c91c6504,Gopal Saran,FEMALE,First Responder,18
5bdffacd-a1fe-48eb-a9b7-d702c833f771,Tejas Bhat,FEMALE,Fireman,18
36f6f6ac-3dc6-4519-851e-d94cc32ac053,Yasti Dara,FEMALE,Fireman,18
4ebc8189-d7b7-4901-821a-eead796fde74,Maanav Bava,FEMALE,Fireman,18
150feb25-9aab-446b-9365-a2258c16bbf9,Thomas Anand,FEMALE,Doctor,18
bc243267-8752-464f-93e6-4f6ee599e10c,Hardik Date,FEMALE,Volunteer,18
1dc3d4dd-050d-4729-a6a0-607c3105bf94,Chaaya Bhattacharyya,FEMALE,Volunteer,18
4815e8fc-0e0e-431d-9677-4204ee9c7565,Vansha Date,FEMALE,Officer,18
8a0acc69-90e7-47c6-8794-38fee5b2472d,Yug Minhas,MALE,Doctor,18
046bbe97-46f8-4431-bb29-f611ad5d014f,Shivansh Dara,FEMALE,Volunteer,18
a3397f6a-2147-4467-a719-0e72b1e69c57,Damini Din,FEMALE,First Responder,18
9c707c06-6418-411b-a12f-4f0a654fc8f1,Brinda Kapoor,FEMALE,Volunteer,18
09412c4c-0855-4735-9099-4516a43e1ebf,Ikshita Prasad,FEMALE,Fireman,18
9877a76b-3af4-47d3-9e34-45f7236e01b2,Aarna Saha,MALE,Officer,18
4584d1a5-7ba3-4c2d-9272-7ecec04588d8,Ekaraj Guha,MALE,Volunteer,18
ac5215ae-923e-408c-b11c-d85739fa8b0f,Aryan Kamdar,FEMALE,First Responder,18
dec496fb-4289-42c6-bc59-a6e75ddfca64,Warda Patla,FEMALE,First Responder,18
1c6f8280-7c51-4107-9b6d-0361b132e54b,Krishna Parmar,FEMALE,Fireman,18
1f01687c-3afa-4fca-b3d3-5a0fd1ab285f,Triya Sridhar,FEMALE,Doctor,18
18163bb8-f984-4977-9929-e96eb5e5a8ff,Rushil Rajagopalan,FEMALE,First Responder,18
7e09f9cf-222b-4774-96eb-4c562ca4e0f3,Champak Bakshi,FEMALE,Volunteer,18
a8c6db16-071b-479b-b77f-a7ad6b24e9bf,Advaith Chander,MALE,Fireman,18
bd18da08-45ea-437e-8ff5-74893a820047,Zilmil Dutta,FEMALE,Fireman,18
e195000a-da73-4d06-8082-8414ad36b8e3,Pallavi Kadakia,MALE,Volunteer,18
3f1dea74-0cf9-4676-ac06-5e9a7b779fb5,Jagat Dasgupta,FEMALE,First Responder,18
ea51a1e3-df19-4e85-885a-24253de59f3e,Laksh Gade,MALE,Doctor,18
f9c0cfb4-527b-40eb-9645-d9cddbdbbc0b,Vidhi Nanda,MALE,Doctor,18
9faaa59d-6ce2-431c-8a7e-4500cd56239a,Yug Mammen,FEMALE,Officer,18
36c6a56e-81eb-42fd-b34a-18cce0896408,Indrajit Narasimhan,MALE,Fireman,18
04eff51e-dfb8-41b9-9653-f8757cb36002,Bhavya Deo,FEMALE,Fireman,18
273bb2cc-3775-403c-b8aa-98f4f90c682a,George Bawa,FEMALE,Volunteer,18
a3217df6-d9c7-4f6c-a0c8-621acfa08974,Rishi Iyengar,MALE,Fireman,18
ccce8f6d-f41f-44c4-b73c-8106eed1f249,Indira Nagar,FEMALE,First Responder,18
b6b63600-2772-4148-8abd-9950efd72da6,Orinder Kata,MALE,Doctor,18
24e22a5f-ab76-4486-9def-b9f1c11045c0,Chakradev Mallick,MALE,First Responder,18
0356c88d-7062-4d85-8108-4facadf909cd,Triveni Devi,MALE,Officer,18
41675714-9422-4939-9a99-0b5f930fa7ef,Vrinda Bedi,MALE,First Responder,18
02cff9e0-53d1-487f-a979-15eb786379f5,Lila Barad,MALE,First Responder,18
86d020f7-1da6-4282-ad06-5ee264c0bcfe,Bachittar Kant,MALE,Fireman,18
3191805b-f3fe-4eb0-8b69-eff4598ff335,Ansh D’Alia,FEMALE,Volunteer,18
373843f6-2368-4bef-98d4-4c409c68739d,Devansh Shere,FEMALE,Officer,18
ca21b84d-f83c-499c-ae42-3751140013d4,Sarthak Pathak,MALE,Volunteer,18
ca30eed6-b89a-4f32-ba34-08de024f36b1,Yashodhara Chanda,MALE,Volunteer,18
bffa6f3d-e41b-40a1-893a-f5a06e3eefb3,Tanveer Barad,MALE,Fireman,18
fd7b9f98-8879-400a-87c2-ec499a26a3fa,Gaurang Sharma,FEMALE,First Responder,18
9c974ff5-1c18-4bbb-8062-f7761b38633c,Charita Thakur,FEMALE,Officer,18
f592dca9-4985-4ff4-96b3-43905abb754d,Samar Golla,FEMALE,Officer,18
c9547d76-fdf9-48f3-81e6-d00b38f3907f,Bina Tandon,MALE,Doctor,18
03df18e9-39b2-4cae-8e4e-d9c499606fa7,Tanmayi Raval,FEMALE,Officer,18
0d5c507e-5245-4a68-9a15-24b05cc395ee,Mason Loke,MALE,Fireman,18
57691ed7-ba4c-4776-aebe-36c3a459d652,Ishani Karan,FEMALE,First Responder,18
b036306e-52d4-4006-8fa3-96c1435c6e47,Hitesh Bal,FEMALE,Fireman,18
aca7f4ad-0af5-475c-9136-6e10477ba44d,Rachana Grover,FEMALE,Fireman,18
25ed90d1-b01c-4261-9884-62190f263264,Tanveer Rattan,FEMALE,First Responder,18
5c39192c-6ffb-426e-a040-93f9f5c282e4,Om Karan,MALE,First Responder,18
41ddbedc-15fb-4448-a67e-4dca09e64a04,Dalaja Ratta,MALE,Fireman,18
9ff23267-1731-432d-adf1-9276e25c0cfe,Fariq Srinivas,MALE,Fireman,18
e796bfa5-f74a-4e94-a23f-2d630fa8080c,Ladli Viswanathan,MALE,Officer,18
481e58ed-4a5d-4bdb-9cbf-9b64c046853d,Agastya Mangat,FEMALE,Doctor,18
ec6e3a4a-2cf1-47ca-b210-12b98349ca8d,Ishita Sekhon,FEMALE,Volunteer,18
05a5d22b-7f8c-4123-a4cf-14dc55248aef,Ojas Varghese,FEMALE,Volunteer,18
5ed6f3e3-c65f-4be8-b334-64c00c9ff2bc,Zashil Magar,MALE,Doctor,18
2270e26e-e740-4e0c-b8eb-19e19b6b2180,Raagini Kannan,FEMALE,Officer,18
fa5b05fd-178f-427e-b34e-fe732e3796ab,Ekaja Desai,MALE,Fireman,18
052ed462-91b8-4406-aaa8-b97516c20dce,Pallavi Sethi,MALE,First Responder,18
a6f4fda9-70ca-4aea-a60a-5d1ba03057f9,Qasim Goda,FEMALE,Doctor,18
35dc81bd-84fc-4538-8cc0-93c773227f2d,Kamya Behl,MALE,Volunteer,18
b9ba9e36-cdb0-4d34-a6cc-3bc1d9907d93,Waida Bhat,FEMALE,Fireman,18
6518607d-95db-470b-a750-dbfeb830cf10,Turvi Dass,FEMALE,Officer,18
7f5b72e7-72ed-4513-b388-f2cf3428f759,Manthan Contractor,FEMALE,Doctor,18
f7a58832-9ad6-4d22-b85d-8a429f4eda18,Jack Karpe,FEMALE,Officer,18
061b168d-127a-488d-8d5f-e74aea53f675,Chatresh Lad,MALE,Volunteer,18
bab9dcf9-d3a3-4f94-8fbc-a30134d02824,Lekha Raja,MALE,Volunteer,18
da889bee-2180-4532-ae8d-ef9413241dc9,Indira Keer,FEMALE,Officer,18
4e99f1e6-bd64-454a-a8a8-c63ce9fab219,Vamakshi Brar,MALE,Officer,18
da666aa9-b824-41c9-8e44-b98357537e24,Lavanya Nagi,FEMALE,First Responder,18
c3abec71-c70a-46a4-b8e4-7bf9bbf4e5e8,Jyoti Chakraborty,MALE,First Responder,18
36df3d3a-de7f-433d-945c-5c17ff7d52fb,Ridhi Bera,MALE,Officer,18
93ed09d9-85cb-4761-be58-11ad54629dbf,Ishaan Venkatesh,MALE,Officer,18
48ea4c23-9adf-4cc1-b2fb-83fb3d59c9a4,Tarak Chopra,MALE,Fireman,18
7427664e-835a-4ea7-9c04-01a5b0479d0f,Ishanvi Nair,FEMALE,Volunteer,18
346128ed-cbf6-4215-a03d-a23f181bd3a3,Radha Raja,FEMALE,Fireman,18
386c2549-feac-4072-a9b8-c3062fd5288b,Meghana Singh,MALE,Volunteer,18
4b187236-be41-4c23-916b-19276fb61751,Ryan Roy,FEMALE,Fireman,18
f36a8f5e-9716-4afd-b056-079841d72b13,Kabir Warrior,MALE,First Responder,18
bfdd6a76-8341-4626-9a54-614c11bd2a40,Arjun Borde,MALE,Doctor,18
51a625d9-c034-4092-9631-470c7fa9544f,Lajita Bhasin,MALE,Volunteer,18
255e4999-d486-4e89-9caf-054d07de2fbb,Abeer Gole,MALE,Fireman,18
9f761072-febf-4a9f-bb58-647eb1331499,Liam Vaidya,FEMALE,Doctor,18
8f1a20f1-f2c6-42f0-ba2f-dc83386541ac,Shivansh Buch,MALE,First Responder,18
e5436834-c856-42aa-bade-6919b0be67f7,Pahal Raja,MALE,Fireman,18
e80564aa-8e22-4cb1-87c9-35ed62a24e99,Ekaraj Bail,FEMALE,First Responder,18
3d60f041-e368-4ed6-bb68-778b954c0305,Krishna Bhatt,FEMALE,Officer,18
239e2b4f-0a77-4e43-8a59-2373719d6f39,Aarnav Chakrabarti,FEMALE,Fireman,18
f94e72b8-6825-4ace-af36-3dba61e872b5,Hemang Seshadri,MALE,Volunteer,18
2eb3002a-c5bc-4665-95b5-1e443e067dcc,Nandini Chahal,MALE,Officer,18
5b101164-9bea-4818-ba10-064d96fa81b7,Widisha Arora,FEMALE,Officer,18
42d3ebc8-7e94-4684-96f1-093b3d0193b6,Harini Seshadri,FEMALE,Fireman,18
8deb048b-6aca-4c93-b5d7-b8ef96bf3b3d,Unni Mohan,MALE,First Responder,18
3dc4667a-f80e-493f-ac56-6125c246a492,Samesh Singhal,FEMALE,Volunteer,18
1f7cb155-18e9-4133-9de1-95f92e283587,Falguni Iyengar,FEMALE,Volunteer,18
1b9661b6-59f6-47bd-a56c-5e43e96678e6,Henry Kashyap,FEMALE,First Responder,18
db4cdbfa-9511-400d-a7d7-6ed3c7ad01f9,Vasana Singhal,FEMALE,Officer,18
2f0c35d0-d5d1-48f6-8142-6cd71bfc15f4,Ishita Dada,FEMALE,Fireman,18
2274dcb9-0524-4324-8911-49e8a179e367,Ishani Chaudhuri,MALE,First Responder,18
be418a9d-630e-4d62-943b-428b9b297097,Garima Jani,FEMALE,Doctor,18
3922f46a-6d6b-4a25-a943-be618d456b6b,Oliver Parsa,FEMALE,First Responder,18
52735f21-6760-43e0-bfa0-0a890b79f3fb,Hemangini Mander,FEMALE,Volunteer,18
3880e976-2dfe-4e3e-af56-e8a19a859c5e,Laban Palla,MALE,Volunteer,18
a1dc95c6-8e9b-472d-b4c0-5367209cc33f,Anthony Goda,FEMALE,Doctor,18
c462f522-cc7a-497d-8016-c49a9938995a,Saanvi Chand,MALE,Officer,18
de44d9bd-cd39-439e-b8d4-e58be024c66c,Madhavi Uppal,FEMALE,Doctor,18
24c277b5-4cb0-444c-9444-23aeb19ccc76,Zayan Varma,MALE,Fireman,18
e0ebe01e-1e3e-4f47-8818-6adb23fea7e2,Maya Cheema,MALE,Officer,18
5168c359-5906-4702-a6d9-c36238a91029,Mohammed Pradhan,FEMALE,First Responder,18
98b4bccb-5345-4b7b-9f94-3494a75bb496,Shaurya Yogi,MALE,Doctor,18
fba8be21-8170-48f0-8748-507c06440c12,Lila Dada,FEMALE,Volunteer,18
a1c61396-7d1b-48bc-9bff-548f77e4052a,Advik Bhattacharyya,FEMALE,Volunteer,18
96d257de-3284-4562-b0c8-3869ff490512,Idika Gour,FEMALE,Doctor,18
4a474e51-1bc6-4643-8b77-736980730bff,Kritika Pant,MALE,Fireman,18
c294da4a-895c-49a8-81b2-2d7cae45a01d,Ekaraj Lad,MALE,Officer,18
7edbfc9c-86ac-4c37-9c23-723c4da2eec2,Udyati Dhaliwal,MALE,Officer,18
213889c2-48b5-40ee-9e56-ee0863d6985b,Yashica Dora,MALE,Doctor,18
a2b4374d-f0f8-4b1d-b13f-05c5d5344874,Matthew Kanda,FEMALE,Fireman,18
eb93df70-5428-42d3-9472-595faa911e75,Lila Ramachandran,FEMALE,Officer,18
f5f99383-4c35-4161-8680-fb2b2d504767,Chatresh Bedi,FEMALE,Volunteer,18
39e849a3-5798-480b-8706-d963cf383ee8,Qarin Bhardwaj,FEMALE,Officer,18
6ff8a505-3419-4c4c-ae38-cf6c5cc7e06f,Champak Chandran,MALE,First Responder,18
a8353e3d-6bc6-44d4-a92d-525418878877,Sanaya Borah,FEMALE,Doctor,1
c3b9f438-50e5-442f-a8c7-af9a27dea5ba,Hemal Khare,FEMALE,First Responder,1
a73511da-78f3-4cca-9916-222378a8aca6,Hiral Dewan,FEMALE,Doctor,1
c4890b4b-8610-4924-af82-bef5b1205fb5,Sarthak Gole,FEMALE,Volunteer,1
3d08a5f6-4615-4a44-b5a7-58f138920cac,Yashoda Nori,FEMALE,Doctor,1
21d466a5-9b8b-41d6-811f-0a0080088c1a,Laban Bhagat,MALE,Fireman,1
ad7db26c-f2f3-4aa8-9d33-efb72d4c60de,Dayamai Modi,FEMALE,Fireman,1
bdee5f5b-e852-46ea-894f-5118eceb7cad,Triya Roy,FEMALE,First Responder,1
eb0c5f31-6dff-48de-9676-7b7dcc58ca56,Harrison Pal,MALE,Fireman,1
213907f1-a89e-4b44-abf3-83fdb62f6a8c,Henry Pau,MALE,Doctor,1
e708dca4-5cb5-4b01-aade-357424238527,Pavani Boase,MALE,First Responder,1
0b3a5b30-6f11-42e5-8e7e-1c00a0ec53f0,Banjeet Joshi,FEMALE,Volunteer,1
4f69308c-c8c0-4e33-9597-2850ec84d202,Lekha Dalal,FEMALE,Doctor,1
eb43e6b3-c160-4e56-9657-67ed5de03a4d,Wridesh Das,FEMALE,Officer,1
898b76aa-6f2f-4c6b-a5e3-1c6aefbc9801,Bakhshi Kadakia,MALE,Volunteer,1
1539b0be-63ab-4a80-ba9a-90f04ab53ad3,Yahvi Suri,MALE,Officer,1
661e5d0d-bdeb-4b7d-84b9-b0614ae60166,Pahal Andra,MALE,Doctor,1
c8ef322b-33f6-4335-86e8-618c5caed571,Nakul Purohit,MALE,Volunteer,1
2c53ac01-2f5c-46b6-b3fc-50bb29ae30ac,Lipika Sankar,FEMALE,Doctor,1
6ae5fdea-fc07-4482-9bc7-7a57d711ab69,Harrison Choudhry,FEMALE,Officer,1
ca24c2d3-b170-4aa8-b63e-d1b8452294b7,Rudra Rout,FEMALE,Officer,1
23ffb9f8-93c5-4024-8899-38c06e9f1e3f,Ikbal Barad,MALE,Volunteer,1
a46bbf08-04ad-4f29-98fe-001af840f984,Kai Nayak,MALE,Doctor,1
4a2b1c21-b677-4c6a-8240-03a92c4e7e64,Frederick Ravi,FEMALE,Volunteer,1
47c46917-376b-4ad6-943c-5cf78de41e45,Tejas Choudhry,MALE,First Responder,1
42c4be97-f69c-4c86-a685-7d88085a2885,Mahika Pandya,FEMALE,Volunteer,1
5feebfe5-905e-425d-8dec-661194e65689,Chakrika Agrawal,MALE,Volunteer,1
62faf21d-e1c8-40cf-8ef7-9942857136c6,Indira Srivastava,MALE,First Responder,1
598ee38b-495f-4691-8f30-59aa99d578fe,Anusha Om,FEMALE,Doctor,1
67fdfa59-ccdc-4f82-b29b-651e987b561d,Kala Rout,MALE,First Responder,1
d5d53518-0c3c-4755-95bf-f52afd10f2da,Leena Chopra,MALE,Officer,1
4cbc5410-bfde-442a-8475-4a75467502ad,Keya Date,FEMALE,First Responder,1
e33a183d-b66a-4418-99d4-7b388c9b9a21,Raagini Saha,FEMALE,Fireman,1
39a7c7a9-6ea1-4172-8265-61d03b20fff7,Gaurang Manne,MALE,Fireman,1
967c0ff3-56dc-4a6c-a00e-a112945ec6b0,Om Deshpande,FEMALE,Officer,1
7c7dda94-9e71-42e4-b3a4-6e04d00b6be7,Bina Mall,MALE,Officer,1
cd1fc679-6606-4e5d-a138-e362f6e35d78,Warjas Batta,MALE,Doctor,1
bee0be5a-084e-4e91-b6b5-e683bb4ce37e,Matthew Sridhar,FEMALE,Doctor,1
58ccfe26-510a-42fa-8275-d55f1e118198,Jai Prabhakar,FEMALE,Volunteer,1
9f23594e-bd75-4f88-8527-e1f15f289af4,Anay Salvi,MALE,First Responder,1
f8503f09-a43b-45a2-9d8b-a007d96f2518,Anusha Choudhry,FEMALE,Doctor,1
5a633917-9674-47e9-af37-3e5126091ee1,Sarthak Chander,FEMALE,Doctor,1
fb6f7d22-bcba-4468-a900-6d598da3eab1,Nirja Natt,FEMALE,First Responder,1
a43d859b-1183-4562-b3b7-8b50b3d95204,Yamini Raval,FEMALE,First Responder,1
d23aa470-4cb9-4366-bc99-79ff581972b4,Gaurang Gade,FEMALE,Doctor,1
16bacc3a-fbda-44db-8406-dbfb10479f1f,Leena Chana,FEMALE,Officer,1
66242fd2-7975-450f-a498-e9dcad6f070d,Viraj Nagarajan,MALE,Officer,1
ceb60213-cb41-4445-9cdc-e797d3259812,Yatan Virk,FEMALE,First Responder,1
2fedb022-f7ca-4864-b05c-11dd457ab93d,Rachana Doctor,MALE,Officer,1
d26e76d6-144e-4ab2-957f-886a37b35af4,Vihaan Balan,MALE,Volunteer,1
3a5968a0-74e3-4dff-ac89-8e1172b7afad,Pushti Gour,MALE,Fireman,1
5cc99754-6b94-42ee-83e4-e7134e9f3729,Tara Bhalla,MALE,Fireman,1
dfec7173-fa9a-4dac-a375-e6fa0a8652b1,Isha Dubey,MALE,Fireman,1
c71f0659-162f-4cef-aa2e-507da15d2d82,Shaurya Grewal,FEMALE,Officer,1
f77f4e50-bfd7-4405-9d93-b0dfb6b3d1c7,Sneha Rao,FEMALE,Officer,1
0a9c6855-461a-4486-a0e4-cb5cc748d802,Raagini Kurian,MALE,First Responder,1
52899fa9-dc0d-41ab-b50f-3f2378c59b6c,Aarav Hans,FEMALE,Doctor,1
eec5b93b-afe9-4ac8-aed5-2b82f18bc086,Champak Atwal,FEMALE,First Responder,1
bd0665d5-cb14-44c5-badc-71cc5123941d,Urvi Chandra,MALE,Doctor,1
9719c029-0dd5-4415-a216-453394458844,Yoshita Vyas,FEMALE,First Responder,1
f9e37786-3c4d-47b9-bdc9-0812e6366243,Yug Thakur,MALE,Doctor,1
09f6e4fd-8f17-4748-baa0-d2e395ddd55d,Niharika Deol,MALE,First Responder,1
24b6a659-0d57-45b6-9716-674ef29ff05b,Siddharth Walla,MALE,Volunteer,1
5a606e8d-79dc-456f-beaa-b652435d0fe0,Lopa Shan,MALE,Doctor,1
1bbc13d9-9b21-49c1-a0c8-2de1a0f9419b,Zansi Andra,MALE,Officer,1
10966017-8203-4b24-9c09-e2ec25efae5e,Tanish Palla,MALE,Volunteer,1
f391a367-36b1-4724-be97-4d075966c1ea,Ladli Dhingra,MALE,Fireman,1
dd013509-a8f7-41e3-a8cb-8cfc1f28e746,Vritti Sabharwal,MALE,First Responder,1
840c8a5a-df7e-4893-a331-ddb24c2fd71a,Harita Reddy,FEMALE,First Responder,1
d8c43ade-f596-4e6b-a85b-3e00d1f2d8db,Wriddhish Divan,MALE,Volunteer,1
57a8582c-1b91-49c4-9132-2871736d8896,Imaran Singh,MALE,Doctor,1
4ea63e3e-d407-4f80-978d-53a9af098022,Ikshita Ganesh,MALE,Volunteer,1
02387a46-c68b-4bac-a27d-57f9faf66a2f,Hiral Badal,MALE,Volunteer,1
245a37b6-3e5d-4cea-a18b-0aadce6ac387,Watika Goyal,MALE,First Responder,1
f78e200d-3182-4941-9188-fcea2c670cd7,Shivansh Deo,MALE,Fireman,1
1cb64387-5dc1-47c3-a571-e7b971248642,Theodore Shah,FEMALE,First Responder,1
24c1e787-0165-469f-a071-b00b6cda8cac,Ekani Chander,FEMALE,Volunteer,1
8046428d-fe80-4ced-ba25-0b63805b41df,Rachana Sule,FEMALE,Volunteer,1
d65ea3dd-efa1-4467-9db6-21d95c8f2482,Finn Patla,FEMALE,First Responder,10
91807a2d-91df-4ab6-856d-fa5c51cb97eb,Riya Wadhwa,FEMALE,Fireman,10
0760f0c7-0668-4acc-9839-719cf9cbedf4,Harini Ravi,MALE,Fireman,10
732a94b0-1053-46a9-a85f-aa5689c4ee9d,Rohan Soni,FEMALE,Volunteer,10
f911a564-7529-4f59-8395-b3e7a5508319,Balvan Bobal,MALE,First Responder,10
de17aa75-6858-49c0-b2ce-5bf990e225d2,Gauri Kapur,FEMALE,Fireman,10
930b3a74-2e19-4437-9862-f0ceb26950bc,Vyanjana Wadhwa,MALE,Officer,10
e455323d-e65a-4acc-9328-27f5ed103e05,Jairaj Shanker,FEMALE,Volunteer,10
c26ce843-3eab-40d2-9a36-b98406add302,Aachal Chanda,MALE,First Responder,10
b8f19873-6bd1-4a69-a195-5e9d68b8c4aa,Vinaya Hora,FEMALE,Volunteer,10
ff64d011-f72b-4bea-b3c6-2112cbc0aa10,Hardik Dube,MALE,Officer,10
476edc7f-be3c-4822-8990-869a1875e3a4,Upma Kata,MALE,Doctor,10
78fa4710-e3ea-4a60-bd36-142eae12064d,Kalpit Devi,FEMALE,Volunteer,10
0697a867-81c3-42ce-b9b8-7e110f3bfb8e,Bhavini Dugar,MALE,Doctor,10
6ee90fcf-9a4c-4d7e-82e2-41382aa80e4d,Ranbir Badal,MALE,Doctor,10
7a01c6ff-0c74-4b61-a57d-ab31a8ebfce0,Sara Setty,FEMALE,First Responder,10
e1066cf8-2e9c-4387-acbe-74a0d17f40af,Inaya Barman,MALE,First Responder,10
fa83503f-b126-4738-8564-2ce249187946,Vidhi Kohli,MALE,First Responder,10
b27e61e8-6bbf-4235-82ef-e2c2042ba1e3,Dakshesh Shankar,FEMALE,Officer,10
2175e63a-fd60-4019-80a5-e1bf22dafefe,Darpan Sachdev,FEMALE,Doctor,10
91df4e27-e04f-4237-a2a5-120a441b8f35,Forum Jha,FEMALE,Doctor,10
8413bba2-3a05-4ace-9e35-3644ed3969e7,Xavier Srinivasan,FEMALE,Volunteer,10
3c9465db-7908-4908-b9f7-17d0def46005,Pahal Nagarajan,FEMALE,Fireman,10
f327d9bb-0954-4ce7-8a19-89d6ba9b7bc4,Hritik Nair,MALE,Doctor,10
6ec1ca32-d2f4-467d-8311-d2f3195ffa67,Janani Menon,MALE,Volunteer,10
1eae18ad-09b2-43ad-8752-c7c8660c9f51,Indira Kurian,MALE,Officer,10
b62085a4-a2e3-46d1-9297-d4438b5f12cb,Dayita Narain,FEMALE,Fireman,10
b0ee8260-fb26-46aa-be0d-650d6c15e6d3,Odika Khanna,MALE,Officer,10
c9d6cee4-4696-4a13-b305-61f70a7ef8a2,Chaitaly Chahal,MALE,Doctor,10
bde6a373-5482-4757-851a-181309011bca,Mekhala Mahajan,MALE,First Responder,10
74afa610-3613-4d4e-bd7d-fdad8c832598,Aryan Sawhney,MALE,Volunteer,10
e4cb7697-51d2-40ec-8f4b-eda0fb9a05f4,Chakradev Memon,MALE,Volunteer,10
18b55447-77a2-4a94-8e57-bfa0a8ccc3a2,Gopal Krishnan,FEMALE,Officer,10
52888c4d-606d-4590-8ac0-dbd2285ebe4b,Advaith Munshi,FEMALE,Doctor,10
c094d997-748c-496d-9b6a-a44c605a3bb5,Odika Deep,MALE,First Responder,10
b3e98498-24a6-46f7-855d-b71cff1076c4,Ranveer Mohan,FEMALE,First Responder,10
7b67cec1-d43a-4df4-b297-e6c631af311e,Isha Setty,FEMALE,Volunteer,10
f7ad3bf7-979e-48a9-8ad9-a9b04f6e866e,Faqid Palan,MALE,First Responder,10
2ee8f159-c8a8-40a3-af1b-8e6d8177c4be,Gabriel Srinivasan,FEMALE,Doctor,10
0046edd4-eb31-4ca2-b04e-f7297f43d9c2,Rayaan Apte,MALE,Doctor,10
afe46785-57bf-4633-9f33-61eb7485280a,Hritik Pant,FEMALE,First Responder,10
ea0a39a5-b94d-47a5-bd36-6f10d527906c,Ayushman Ben,MALE,Volunteer,10
ed92368e-661a-4b6a-b03c-a49aade101e6,Aarnav Kapoor,MALE,First Responder,10
1f02efb7-0a57-43be-85ea-3853cc643974,Abeer Edwin,MALE,Volunteer,10
26a65b92-6acb-4cd3-854e-7815a4b429f8,Isaac Tank,FEMALE,Fireman,10
f2afa527-be81-458d-9973-00eab45dcd7c,Nisha Ramesh,FEMALE,Doctor,10
8a36c5b6-8649-4130-97ca-9c1e89ed840a,Vivaan Taneja,FEMALE,Officer,10
c7d1d076-dcd9-4aa2-a67c-5b8f8fe4e73d,Jeevika Kannan,MALE,Volunteer,10
1facc803-3c5f-4985-8823-919cb868e975,Triveni Mistry,MALE,Doctor,20
c7b22b7a-1bc6-479c-b23e-0ab77c266f76,Dev Naik,MALE,First Responder,20
bddd5d5d-c975-4d11-8a06-1ecafd1ded69,Aayush Balay,FEMALE,Officer,20
99b982ee-0f11-46a4-8576-800ab37978d7,Ryan Sethi,FEMALE,Volunteer,20
356b6706-f7af-43d1-a107-8263d1d080c5,Naksh Sur,FEMALE,Officer,20
68ecdade-500f-487e-ba34-f255bc1d9d62,Qadim Raju,FEMALE,First Responder,20
5b7e82b2-84ab-430d-a754-cf90bc18f397,Neel Rattan,MALE,Volunteer,20
9eb5a4be-358a-4ada-b6ef-c40e6a9a45bb,Raghav Sarna,FEMALE,Fireman,20
6225a39d-701c-41b4-a396-5adb28444dea,Nathaniel Ram,MALE,Officer,20
811511c7-1c97-4b30-bbd3-6bd09150294d,Radha Anand,FEMALE,Fireman,20
06ec8eb9-14bd-4d0b-a0e5-0ee4c2654386,Neel Agate,MALE,Fireman,20
f0514a40-bc0f-49ed-93b6-3d8c4a79ae59,Omisha Morar,FEMALE,Doctor,20
454d00be-7d2f-4484-af8b-a206e70bdee1,Guneet Chandran,MALE,Volunteer,20
e327a11a-eec8-4478-a5d8-6216e55d8d66,Rohan Bhatti,MALE,First Responder,20
a1ba89c4-453e-4912-a0ef-37818f410f33,Yuvraj Memon,FEMALE,Officer,20
be794f22-a4ba-43f7-b458-3e55a4829a45,Oni Mitra,FEMALE,Doctor,20
d86e6100-7212-44dd-9bb5-cf744c768166,Triveni Bala,FEMALE,Doctor,20
b12659ca-6e34-4ba2-9ddc-ce7e3ac70c4a,Bishakha Das,FEMALE,Doctor,20
194209d9-2f95-4221-9e62-d4820ead2994,Madhavi Ahuja,FEMALE,Volunteer,20
e38436e1-4f3e-44e8-b9dd-e509ae59fb35,Kashvi Andra,MALE,Officer,20
fdbdabc8-6a6d-404a-90f9-4cb4a0170275,Ishwar Uppal,FEMALE,Officer,20
fbf8c776-80fd-4f7b-b8f1-211759e5ba29,Utkarsh Majumdar,FEMALE,Volunteer,20
97bdef30-bc8b-4570-99de-000a29602fd7,Pratyush Chanda,FEMALE,Volunteer,20
5e0ee368-c95b-475c-bfe2-d7cc5c1f265d,Meera Sur,MALE,First Responder,20
d57ab31d-629c-40de-8e37-8f650abceb42,Rehaan Upadhyay,MALE,Doctor,20
5b18876d-399f-4df7-933d-77c765541b9e,Bhavika Sunder,MALE,First Responder,20
767a8841-26b6-4bc0-8771-18ac0ed2174a,Meghana Yohannan,FEMALE,First Responder,20
cdbf84a9-fac7-4807-8a46-4bb92600b1d6,Raksha Soman,FEMALE,Fireman,20
7c7da5c8-d4e8-4dcd-bd85-63665818e7fb,Abdul Sani,FEMALE,First Responder,20
21535020-acb8-49c1-a96f-72bd5e5ca383,Xavier Sankar,MALE,First Responder,20
ff1c2f7e-4ab0-4c8c-9987-b0bc239e2e67,Elijah Lad,FEMALE,Volunteer,20
6f0e1542-8f8e-4d51-a820-17bf6b92ccc1,Lakshit Sarkar,MALE,Doctor,20
6bff35b7-1e83-44ee-bf12-222485625909,Xiti Chokshi,FEMALE,Doctor,20
c01cb171-3de8-47c3-88dc-731dbdb2674c,Irya Agrawal,MALE,Officer,20
136cdf86-ac17-4fa3-94c3-bb2cf5c1804a,Nicholas Sami,MALE,Fireman,20
14c0201d-9816-41e7-9343-c863644cd1d6,Samesh Ranganathan,MALE,Volunteer,20
51a5b694-2de2-4f66-8954-59544997ee5a,Netra Dora,MALE,Volunteer,20
40fdb849-22c1-49c9-8051-5d8c0be03bae,Waida Bahl,MALE,First Responder,20
b4675e3a-c10a-455f-974d-7a12c8ba87ed,Zaid Borde,MALE,Doctor,20
e96c891f-2f7b-4a1f-bace-3787d84ad4b5,Ekansh Garg,FEMALE,Officer,20
de49a0a4-5ce0-452a-a392-fe2ba6d34d73,Samar Kamdar,MALE,Officer,20
4e01e6f3-8891-44a7-984a-74a70e20bff9,Charles Kalla,MALE,Doctor,20
f46af6d6-8af3-4780-b516-794e062fdda5,Ethan Sankar,MALE,Doctor,20
eaa83a5e-4881-4c2a-830a-b899a128717e,Brijesh Sandhu,MALE,Fireman,20
9ab6af0a-a13c-4950-9382-0ad2ebe0a3d1,Finn Devi,FEMALE,First Responder,20
26b98047-1408-4f8a-ab9c-07c8b43063b8,Madhav Sidhu,MALE,Volunteer,20
836aa7f2-b638-4112-9095-9786c940fef6,Januja Malhotra,FEMALE,Doctor,20
baee42ee-bfb1-45e9-9ec2-21aa5ce87bed,Lakshmi Bassi,FEMALE,First Responder,20
02f15502-0f81-48a5-864b-47aed66399c0,Xavier Gera,FEMALE,First Responder,20
f3edaa50-edd7-4533-93b4-a4d3eab29198,Jai Buch,FEMALE,Fireman,20
d05daceb-e189-4ea9-a334-a8a1ac84f67e,Dipta Deshpande,FEMALE,First Responder,20
6287f19c-3003-4786-b3d5-6f4fd2473fd5,Jonathan Dasgupta,MALE,Fireman,20
b1b24d24-5fc2-45d2-a6a6-1eccc47a540e,Wyatt Rama,MALE,Officer,20
64cba517-c4cf-43ec-a424-aa2d920e5cec,Azaan Prakash,FEMALE,First Responder,20
0104e07d-9126-497d-9f3c-ff401eba4c6e,Jackson Sami,FEMALE,First Responder,20
2ea37ae9-bc65-4256-9cd7-5bae61b20380,Upma Kannan,FEMALE,Doctor,20
ab049ef7-6d0c-4e0d-98b3-3ea661f08340,Fariq Balay,MALE,Doctor,20
f603a9a2-f245-43bd-85b7-74cb2cec2aed,Anya Din,FEMALE,Fireman,20
7313d942-fd94-4834-936c-2086b401f5d6,Rushil Bora,MALE,First Responder,20
78d8af7a-a2be-43e7-9664-9cde804e8f1f,Shivansh Handa,MALE,Volunteer,20
6e58dc6f-2616-452b-b800-1094612b714c,Yasti Doshi,FEMALE,Volunteer,20
90f71f24-21b0-4128-bb68-ee9bb00e71e5,Jackson Atwal,MALE,Fireman,20
86ea3f35-b285-4950-a684-488aec0ff761,Laksh Bala,MALE,Doctor,20
c0e574d7-e66a-4d30-b7f8-7aa8e9a4af7b,Vivaan Chahal,FEMALE,Doctor,20
d8b2c17f-9ec3-4d5b-a745-cd271eafbefb,Dayita Prasad,FEMALE,Officer,20
4a0a6b42-83ea-4ade-9e03-02c5ac0cf967,Udyati Zachariah,MALE,First Responder,20
8ef3f0a6-6c44-4abf-b796-8f636c22cce8,Kamya Wadhwa,MALE,Officer,20
604bf864-ff4d-4bb7-96d5-fcd7dad5e30a,Upasna Parsa,MALE,Fireman,20
52393d93-d807-4325-bb6c-2ee23928079c,Omisha Shankar,FEMALE,Officer,20
486e4716-781b-4c38-a595-4d5b7132a4e0,Andrew Ramachandran,MALE,Fireman,20
3c99cc7d-da96-490f-8af1-5aa2d7dacc6c,Amaira Subramaniam,FEMALE,Officer,20
4aff9787-ab31-4575-bbda-f611c45f9666,Nihal Konda,MALE,Doctor,20
b19bb00e-a357-4885-8eca-b79674819bee,Eiravati Mutti,FEMALE,Doctor,20
8434858a-1d61-4c67-b4be-8e831db3f81b,Yutika Sagar,FEMALE,Officer,20
813c7202-1c6a-4703-bd7f-06c883dbfb63,Kevin Joshi,FEMALE,Volunteer,20
3e0a9959-ed18-41c6-96bd-153ecf15fd50,Frederick Parmer,FEMALE,First Responder,20
b1b12aeb-58bb-4b3c-a1c2-9b595304d039,Isha Sawhney,FEMALE,Officer,20
42e8cf8b-3839-424e-a1aa-50638a0bed8c,Ekiya Ranganathan,MALE,Fireman,20
61c804dc-d1c4-4cb1-a0df-8faf27f0104a,Maya Borah,FEMALE,First Responder,20
787fe03a-1b8c-429f-a539-6e8adc11f889,Gaurang Ganguly,MALE,Doctor,20
9dbf0ed9-2b4f-403d-a50e-2ca89008367c,Yahvi Jhaveri,MALE,First Responder,20
b7cd5e9f-8a4a-4a55-976d-5922487724e0,Gaurika Seth,MALE,Officer,20
78d8ef43-9271-4f20-b7f7-986880d3e109,Vrinda Mutti,FEMALE,First Responder,20
7ec059e8-da56-4790-9506-2e9c71901d4b,Lohit Aggarwal,MALE,Doctor,20
929394e5-5e5a-4262-86b9-599ad0baa1a7,Shaurya Narasimhan,FEMALE,Fireman,20
7961de6d-7357-4b3f-ba28-01269ca9aadf,Liam Lal,MALE,Fireman,20
1ddca8a7-f778-43e6-b5b2-2e844f30cc5c,Ethan Chandran,MALE,Doctor,20
3cf17697-bc56-4cd6-be21-4101c5a8ebce,Charita Gulati,MALE,Officer,20
ec1e379a-0da7-4722-98cf-21f012536387,Harshil Manda,MALE,Officer,20
bde6f3e2-ec35-41e4-b3b5-28ead17e251a,Ekantika Doctor,FEMALE,Doctor,20
db7298dd-efc7-40d3-95c8-f8879f20e42d,Rishi Dixit,MALE,Fireman,20
7428d06d-cf00-4d02-891f-2f4fb3231663,Yochana Jayaraman,FEMALE,Doctor,20
d0e6f8fb-faf3-4232-ae51-e590a64ca239,Zansi Kulkarni,MALE,First Responder,20
9a387186-e3c1-404a-9e42-6693c873ca50,Ojas Yohannan,MALE,First Responder,20
7b9bb039-c8dc-44ec-9738-7be62f202162,Orinder Nath,FEMALE,Fireman,20
5df47344-f3ed-400a-818a-032a2070f616,Nidhi Varghese,FEMALE,Volunteer,20
4ee1e047-6dce-41b4-b0aa-df396a4c5bbc,Aachal Kalla,MALE,Officer,20
1fb850d3-4a16-410b-ac46-6a6dc939b2b5,Zayyan Sagar,MALE,Fireman,20
50455c8b-0cc7-4ad9-94aa-88d839ff00cd,Aashi Saran,MALE,Officer,20
e9b654f0-8fed-4e0e-b6ef-4562d7f29d24,Krisha Gandhi,MALE,First Responder,20
81f8adb7-49e6-4e8a-9a31-25e39a4dc6c9,Jack Chowdhury,FEMALE,Officer,20
8ef77f0e-8a7d-4d0f-8c7e-aee4052b6caa,Krishna Murty,MALE,First Responder,20
61038530-e031-42bd-bef0-9e5d345d5005,Lila Devan,FEMALE,Fireman,20
bfdc7120-3b89-4bc4-8659-b4557fd6e94d,Yahvi Chandra,MALE,Fireman,20
394eaadc-7e2b-4f69-9af0-dabb63f4df85,Lopa Parmar,MALE,First Responder,20
dc38ec0b-1474-41b5-8384-5921820d7aa8,Onveer Nagar,MALE,Volunteer,20
9d1850d6-63d2-4d4e-beeb-53017c65a368,Ishita Ratta,FEMALE,Officer,20
48512b6a-ac84-4967-b200-c43d87f57967,Aryan Krishna,FEMALE,First Responder,20
b076d347-7c56-4f3d-94dd-ca0318566f9b,Arjun Bera,FEMALE,Volunteer,20
05795cc3-b712-45cd-b8d6-a5484b7a9691,Faqid Chauhan,FEMALE,Fireman,20
d0ca5708-90e2-4871-8123-5ec4544d3f55,Wriddhish Karnik,MALE,First Responder,20
18bea309-655c-4510-aa6d-3f77f859cb99,Onveer Barad,MALE,Doctor,20
ef00c787-c98d-43f1-be8f-3bee6d3ec90d,Lekha Jani,FEMALE,First Responder,20
b545958f-3e75-4361-b6d3-eb98aaef3ccd,Fiyaz Kapadia,FEMALE,Fireman,20
707e0031-5bc8-461b-895e-81942e1de6da,Jackson Shenoy,FEMALE,First Responder,20
89ba2917-da7d-4f88-8a5a-cd0df38f47f0,Nihal Singhal,FEMALE,Fireman,20
85ae69e1-0ffb-4e0e-a7cb-7d8b537dd8f7,Amrita Khosla,FEMALE,Volunteer,20
99fe472b-5aea-43e3-a370-a79857a740df,Aryan Nath,FEMALE,Officer,20
38042fb6-ecd5-47fb-8633-f9214e1fa873,Amara Karnik,FEMALE,Doctor,20
11646a69-88d2-43d3-94d6-726013d47138,Imaran Saraf,MALE,Fireman,25
b407ec1b-d02e-4fde-ace0-6eadd02d0f06,Aarna Bassi,FEMALE,Volunteer,25
18e03d2e-88f7-4b02-8ff7-73e6ca6be6ba,Janaki Rastogi,MALE,Volunteer,25
8dfd79bb-0fd8-43b0-805f-9cdf6fe64e26,Krisha Master,MALE,Fireman,25
122443f9-54c3-4e24-8855-01a7215595c8,Zaitra Chandran,FEMALE,Doctor,25
b0385bca-fd6c-4e7f-b248-1cde6cb9ab24,Lavanya Sarkar,MALE,Fireman,25
c4feb379-4ee3-4371-bf3d-3c98eabb47d9,Neel Dave,MALE,Volunteer,25
e453a6d5-89ec-4860-89da-cbce9e0f7c1c,Saumya Sundaram,MALE,Volunteer,25
623e00f4-f3ba-4664-a5db-6325658ac58f,Ishanvi Shetty,MALE,Volunteer,25
26ca02a5-b687-47fd-bdcd-cc6410e35613,Mugdha Pai,FEMALE,First Responder,25
ef65f8b0-f00b-4168-a136-a148aff6575b,Ekansh Basu,MALE,First Responder,25
bc1cc465-45e2-471c-be0b-fc8d6a5019c7,Zinal Grover,MALE,Officer,25
3edce08a-600b-4b6f-b127-bec6d92da64f,Harish Palla,FEMALE,Officer,25
6ec2eb88-378c-417d-afbf-aeed152f2b23,Idika Basak,MALE,Officer,25
3d424859-117c-43fd-bc66-c4d0fa388ec2,Brinda Buch,MALE,Volunteer,25
ca521c28-edfa-4387-b6f1-9bc78202c562,Qabil Sankar,FEMALE,Officer,25
d8556122-a262-4e4f-a8f7-278e4d12c274,Indrajit Lata,MALE,Volunteer,25
377961c6-c1c7-4056-9093-58719bceac06,Barkha Deshpande,FEMALE,Officer,25
bbaffbfa-97ce-4c12-9f6e-d0dc5a312599,Mahika Raja,FEMALE,Volunteer,25
3fafc2af-0195-4dcf-a91b-7067c6805da5,Abeer Handa,FEMALE,First Responder,25
ed4dbf7a-56b1-4e0d-ad84-4c9ce6dd1e4b,Jagrati Venkataraman,MALE,Doctor,25
fd957a9a-83cc-4c56-842d-4a5e31dc315a,Advik Radhakrishnan,FEMALE,Doctor,25
862e4d55-2bca-4243-8a53-f53885dce4c0,Matthew Jayaraman,MALE,First Responder,25
f105d147-3ee5-44a8-b2f5-f1129715e8a1,Ikbal Venkatesh,MALE,Officer,25
6c51c29b-ca1e-4444-9b44-9d47ab975d2c,Vrinda Tata,MALE,Volunteer,25
a8be5922-9a17-442c-ac9f-e355c20a8a84,Devansh Roy,MALE,Volunteer,25
fbc0978f-c422-48b5-9450-aee9a9c4feda,Mason Behl,MALE,First Responder,25
076f54dd-0027-45ff-8882-07e8c9bf74ac,Odika Bora,MALE,Fireman,25
095780f1-53ab-4563-bbed-878afb7f1290,Chanakya Sodhi,FEMALE,Doctor,25
782ebeab-a196-472d-933c-f99b7a309104,Tripti Palla,MALE,Officer,9
70ae64e9-2e86-42fd-a1c8-db566ae38543,Ekanta Ramakrishnan,FEMALE,Officer,9
fc7008d2-3079-4ab4-9942-b44a6afb67ef,Daksha Ramanathan,MALE,First Responder,9
4e740792-7a10-4197-bf5f-d930101d27a3,Wriddhish Devan,FEMALE,Doctor,9
b94fb6ea-3393-430f-a321-7fa90c67ebc8,Ekaja Ramakrishnan,FEMALE,Officer,9
14baa247-e001-406b-a684-c834a0d4fc47,Gayathri Ramakrishnan,MALE,First Responder,9
2a35b399-5b53-4450-a075-200cee47f96a,Viraj Prakash,FEMALE,Fireman,9
ff8bd65a-f720-4d40-aded-0e111645ae13,Fariq Kari,MALE,Officer,9
9ae9209a-0ca9-4d8a-90ba-a936af714c33,Gaurang Verma,MALE,Fireman,9
4c34b828-af1b-4d9e-aecc-14bb40bb4f8b,Yauvani Morar,FEMALE,First Responder,9
01f06ddf-0b64-4af8-a61e-32f2384f82ae,Balveer Radhakrishnan,MALE,Officer,9
be2c76e4-c25b-4a91-8a9a-215df8f284dc,Girish Tara,FEMALE,Volunteer,9
88f9c63d-6b76-4bdc-84e8-067e11e41a54,Dayamai Devi,MALE,Fireman,9
0d10d8e6-f96b-46e5-be53-b0b66a43c9ed,Oviya Goel,FEMALE,Doctor,9
7935e3bf-0fc0-48bc-99a7-1154cef6a8b8,Anvi Kata,MALE,First Responder,9
bae6fdc0-e639-4b88-80df-70f094b6cd6d,Jacob Talwar,MALE,Doctor,9
0e7d9bba-38f2-4b1a-a150-5d6a855191ab,Bahadurjit Gara,FEMALE,Doctor,9
0a8a3f0f-731a-4b7e-a7ad-5fcd19a401b8,Elijah Deo,MALE,Officer,9
f6293e02-f559-4be7-97df-b3001c1a5a32,Ijaya Chandran,MALE,Volunteer,9
e5304a34-eb0c-4630-a9ae-4fd126f83ce5,Damini Shankar,FEMALE,Officer,9
9d6e5b3b-86aa-4eb9-8fae-fddfb282fea8,Ekantika Uppal,MALE,First Responder,9
1178bb42-7659-44ea-9ccc-6b847d41bb95,Charita Gaba,FEMALE,Officer,9
d1c242a3-e6fd-4e62-bc2f-a7d5c69e029c,Shivani Nayar,MALE,Volunteer,9
5e46c6a7-c94f-471d-9800-67281d9c4ce4,Gaurav Rege,MALE,Officer,9
f8da828b-1f22-4dac-9114-353666d842a2,Zilmil Shroff,FEMALE,Volunteer,9
3d8e2713-eccd-4cd5-bc57-39e31d80c999,Gavin Bansal,MALE,Volunteer,9
4bfb5df1-177c-4538-a380-3f855a6787ec,Meghana Balan,MALE,Volunteer,9
929bdcf5-75d7-4bb8-a5bf-58ef9f106866,Nitesh Gara,FEMALE,Volunteer,9
8c84de62-27cb-4b6e-8f4d-8a943e323ebb,Kala Mand,FEMALE,Officer,9
883e78e3-8f6a-4c38-ae67-74f5ea9d17d5,Vincent Halder,MALE,Volunteer,9
fecd2326-552d-40b8-b94e-b132b0a60b62,Pranit Gola,MALE,Volunteer,9
0387f924-7981-4958-b7c9-3d16729609f2,Barkha Uppal,FEMALE,Fireman,9
9bdb9dc0-8940-427d-8ce2-df39bf4a2e44,Advaith Naidu,MALE,Officer,9
d3b0b381-03a6-489d-933a-d0ddc48a5d07,Vedant Pandey,MALE,Officer,9
382e7ea4-e93d-4630-ba83-33a2a6497017,Ati Deo,MALE,Doctor,9
df6f9217-0598-417a-b3b8-4146628a1c62,Meera Ganguly,FEMALE,Officer,9
148a6925-3662-440c-987b-f605377c4eb2,Jacob Sankar,FEMALE,Volunteer,9
bc4aeee3-4d55-4338-b1bc-2683a9c64069,Ekapad Atwal,FEMALE,First Responder,9
c3e75478-b92b-49f2-a5e6-ffaec4e728b4,Nicholas Uppal,FEMALE,Fireman,16
9e87de60-bc4a-4f82-8078-2ccb22c49b5d,Chaitanya Sathe,MALE,First Responder,16
ff831f6c-1a50-4a8d-a621-b176a823e6d1,Yashawini Tiwari,MALE,Doctor,16
f389520f-4260-4a7f-a025-7856e9bf5b32,Dhriti Krishnan,MALE,First Responder,16
a0605783-5e76-4b09-a387-16f56bbe3fad,Isaiah Sagar,FEMALE,Doctor,16
b9a54960-e471-44a2-936e-d20fb4d6de52,Gagan Lanka,FEMALE,First Responder,16
51ad725a-6d62-4118-ada5-6ea29fb4344d,Baghyawati Sankaran,MALE,Volunteer,16
6dc3455e-2dde-41fd-bce8-0ae66727bca3,Eiravati Johal,MALE,Doctor,16
00e843af-a29c-485c-8da7-53b20e7f0f16,Tanveer Jani,MALE,Volunteer,16
7c1b2f84-487d-4731-8c40-c47b57628824,Naveen Kala,FEMALE,Volunteer,16
ee6bcf3c-83d0-4ada-ae0e-7d645bf2d809,Siya Andra,FEMALE,Doctor,16
a61b026d-f7bb-4054-ad19-525cd9b6d84e,Kritika Chauhan,FEMALE,Officer,16
a7172295-1721-4e2e-950b-3f9c0296212c,William Bawa,FEMALE,First Responder,16
7e384614-751c-431a-89cd-02bc376c39e8,Yashvi Rama,MALE,Doctor,16
a933a4ca-045d-441d-b237-ab0ce4146872,Karan Bakshi,FEMALE,Volunteer,16
52087fc9-94f3-44a3-8cec-f86211585fed,Andrew Kant,FEMALE,Doctor,16
4b25afe1-f194-450d-a0e1-c4c3678ec879,William Ganesan,MALE,Officer,16
53787022-2e36-4dbc-862e-c84970cfda74,Kritika Sengupta,MALE,Fireman,16
a7430d84-0d4d-45dd-9a48-7e344851ba86,Urvashi Majumdar,MALE,Doctor,16
a9aeda6a-e8ec-45f1-a044-7e2eacf0f698,Ojas Varughese,MALE,Doctor,16
5bd16d5b-f79c-494a-a1e1-c78d278b9f65,Bishakha Agrawal,MALE,Doctor,16
13f1e082-0391-4bcc-94df-2f9299f5cd6a,Girindra Mahajan,MALE,Volunteer,16
b93e6ede-4f36-4078-9790-62eb70037706,Waida Sabharwal,MALE,Officer,16
07672f10-b9ae-4758-8970-978d3675b9d7,Hema Tak,MALE,Fireman,16
40e0c64f-6b09-4cf8-8812-eaf0101c194c,Ronith Madan,MALE,First Responder,16
069f8140-91ad-413e-bac6-5fda311445a0,Meghana Ranganathan,MALE,Fireman,16
58595feb-d85c-454e-80be-3e58683a6a31,Idika Vala,MALE,Officer,16
b361fe36-ec5e-4016-adb0-f79b07fdb4ff,Abdul Kamdar,FEMALE,First Responder,16
65a7cd1d-5b8d-4778-9a45-782c6a76d69a,Farhan Lad,FEMALE,Doctor,16
e297918e-67f0-4b4d-8c8c-e829d76fc48c,Qasim Devi,MALE,Fireman,16
7dc9f293-065e-4ea3-92f9-7da3270789b4,Yasti Sood,MALE,Volunteer,16
01c0c52d-ead6-4650-9b94-44f70299e13e,Aditya Date,FEMALE,Doctor,16
1c62997c-0268-43c5-8fd8-255282d07813,Oscar Nori,FEMALE,Doctor,16
1d586fb4-c08d-49e7-9942-a904aa504bdc,Adweta Pillai,MALE,Fireman,16
d6a8930b-6081-4b66-8ff8-a6feff64e8a6,Ekani Prabhakar,MALE,Officer,13
7b8ced71-946f-47f4-b93a-49a64d122d50,Xalak Samra,MALE,Fireman,13
352530d9-aca9-434f-b61a-c2a4d9b3fcce,Yadavi Dave,FEMALE,Fireman,13
b942bf42-4e3b-4618-9e9a-e63544585a71,Warhi Bava,FEMALE,Volunteer,13
ffbfbd65-350b-497b-b621-c1b7a4c7046f,Chaitanya Chaudhary,MALE,Doctor,13
440fed29-0f5a-45b2-8c8d-e45b510f9d5c,Zashil Hayer,FEMALE,First Responder,13
d6cddc4a-8f57-4c4e-b848-1f97dd687432,Dakshesh Choudhry,FEMALE,Doctor,13
426045dc-282e-4b91-8467-f3ad6e77fad1,Dayita Chopra,FEMALE,Volunteer,13
c8e2c136-b6df-487a-a441-b358c9894bf9,Bina Kari,MALE,First Responder,13
947a3c7f-d656-4907-8eca-1e3559c9ef15,Nandini Mander,FEMALE,Officer,13
b0eabd6f-c41a-4bea-9d9e-c27e7995eb10,Isaac Ray,MALE,Doctor,13
4c170ab5-cd6a-4003-86cf-d8e7ed65f0fc,Pranav Choudhary,MALE,Fireman,13
cc71e7b6-9d81-4a3c-bf2d-a3206d5e8811,Nirja Agate,MALE,Officer,13
474e5e64-a9c6-48b5-b00f-e15c426ec04b,Falguni Dora,MALE,Volunteer,13
c80812f8-2fdd-4feb-9f70-dfb7cf6e9c40,Ronith Gara,FEMALE,First Responder,13
219ef796-456a-4c10-8263-3caf582e03a3,Vritti Pant,FEMALE,Officer,13
9935725e-39e6-421e-9656-7213badb5769,Ayush Hegde,MALE,Doctor,13
528d8822-ff5a-499f-9b36-31c1ea885a98,Udyati Vala,MALE,Doctor,13
a0d95498-08ba-4e69-91d8-fc782816ff96,Yatin Dubey,FEMALE,First Responder,13
be9d5ebe-9af6-4e3e-9c05-e11c8d4cf6e2,Charvi Choudhury,FEMALE,Volunteer,13
aa61bf1d-68a4-4aec-9bc4-8e368f746463,Ganga Balasubramanian,FEMALE,Volunteer,13
84a3274f-98a9-4b84-9da3-4befc9b86c25,Pallavi Nazareth,MALE,Doctor,13
28d210bf-8c03-4137-9f59-29d3037cc770,Brinda Kumer,MALE,Fireman,13
b11307c5-3c40-4c00-b935-3519512f7137,Yauvani Puri,FEMALE,Officer,13
493c9a12-bd73-41ba-b9f4-aa067683a02d,Teerth Bhardwaj,MALE,Fireman,13
bcd99a39-bdc9-4c81-b9e8-d23225fb7ae9,Ikbal Nayak,FEMALE,Officer,13
f621e3e1-f112-449a-8bbd-8c51dfed0be2,Zaid Bhakta,MALE,First Responder,13
8d6b8708-533b-4e6b-b31f-d3fedf16a629,Manbir Prashad,MALE,Officer,13
c212c4b1-ff00-460e-bfaa-548c78c9bff6,Tara Mammen,FEMALE,Fireman,13
7f7fd4db-5f22-4818-bc10-a092d8577f3b,Ronith Khanna,FEMALE,Doctor,13
1493f234-4293-4197-ba88-ccdf1cd9c8d0,Raagini Nazareth,MALE,Officer,13
ed757ff8-bfc0-4b9a-bd00-0634963861ee,Yatan Narayan,MALE,Doctor,13
781bae24-979b-47a3-9d3b-a73598ece508,Vritti Goswami,FEMALE,First Responder,13
331a5bec-f3cb-42b1-843f-d4e453d4ed3f,Karan Chander,MALE,Officer,13
93403245-e8de-47db-8450-1de1a667af74,Warda Soni,FEMALE,First Responder,13
42eda0b5-1dc0-4589-8224-cd2e6ff83329,Siddharth Aurora,MALE,Volunteer,13
3d575fcc-eee7-4416-ab9f-0303990428dd,Bhavika Shankar,FEMALE,Officer,13
bd6b5031-ad0c-4047-b5b6-1a187c95e6a3,Tarak Golla,MALE,Doctor,13
0ab2fa12-e862-429c-bb35-257e725e72ab,Hitesh Gulati,MALE,First Responder,13
699576c1-14a4-4b50-9361-3ba880bd680d,Rachit Bhat,FEMALE,Officer,13
015738c2-fbc4-47ae-9cf1-0bb748244af3,Christopher Bobal,FEMALE,First Responder,13
3755a4c6-248a-4e3c-93a2-cf4bcebe2a66,Alexander Sama,FEMALE,Officer,13
73990497-1a46-49de-b5a5-2658f9a88898,Vinaya Morar,MALE,Doctor,13
fa8d35a5-5924-4897-b20c-1ef087167c8b,Darsh Kannan,MALE,Officer,13
6469a6c8-f7f6-46a9-9be4-5d2fd2afc8ca,Nathan Talwar,MALE,First Responder,13
c3f81d95-ff53-4711-aab6-e68ee7beeb7b,Panini Kalita,FEMALE,Doctor,13
6f22eac6-bc5e-43f7-8575-55de0fe55c04,Raghav Bhandari,FEMALE,Officer,13
196b47e3-d5b6-4491-a852-142143e87185,Libni Jani,FEMALE,First Responder,13
5b8ab915-0070-4f4c-90f5-ab59f29cf25b,Chasmum Walla,MALE,First Responder,13
837b47a2-4dbb-468e-a93f-b4817b432cba,Advika Bhatia,MALE,Fireman,13
a3bd8a94-4787-4ffd-a24e-c5c56aa28da7,Samarth Mahal,MALE,Fireman,13
2ff6917a-b3e3-4e8c-81b6-46cf4cfe3e34,Tanay Narain,FEMALE,Doctor,13
d3dac0fc-a006-4aec-a429-e0e54d8046ae,Aditya Pradhan,MALE,Volunteer,13
3ad289d6-7c96-412e-b62e-3f2b6fe4face,Ranveer Krishnan,FEMALE,Volunteer,13
eee71c4c-a1ac-4c05-adeb-ed2b3a51437f,Harrison Sami,MALE,Doctor,13
cab1091a-74b0-4418-97ea-481b25f0a921,Yashawini Dhillon,FEMALE,Volunteer,13
217f135c-e199-456c-aff9-50e147a550b8,Girik Bora,MALE,First Responder,13
822a99c8-4da4-4c75-ab80-94278e8d642b,Geetika Keer,MALE,Fireman,13
716dbd3e-3167-4582-98a0-6a16c7c1d204,Harsh Raju,FEMALE,Fireman,13
ee0c3c6c-6981-4720-ad70-eeab7e27fb13,Nikita Ray,MALE,Volunteer,13
84be5fbf-9f9f-48f9-8bcb-191d983cd894,Unni Memon,FEMALE,Officer,13
3609ca9e-3f0a-4fa9-a02c-05d3370b720e,Avi Kar,MALE,Officer,13
a6ae812c-000b-4613-9f51-373d5bf39b6d,Rajata Upadhyay,MALE,First Responder,13
bf737a47-2a03-4bd8-b689-3d601171c91f,Manbir Parsa,FEMALE,First Responder,13
b11b80a6-9d33-4275-9d29-f186452aa116,Prisha Sem,FEMALE,Fireman,13
ea603404-2d48-4951-9ba8-132ae40ee7e7,Tanmayi Muni,FEMALE,Volunteer,13
b2edbbd8-8ab6-406c-b183-156606a873d8,Prisha Bala,FEMALE,Doctor,13
85e36823-fa31-4a8a-8e74-804ed3a41d9a,Amrita Khatri,FEMALE,First Responder,13
cc06163d-244a-4fa2-a32f-6bc9762d92dd,Eesha Krishnamurthy,FEMALE,Fireman,13
c068acaa-2225-4783-9075-74b5fa69c9ce,Manthan Hora,MALE,Volunteer,13
6d8ea399-58d7-4c0f-88f3-53ba5410a6cb,Sneha Misra,MALE,First Responder,13
22971b8d-b9e7-424d-a6f8-f42c98ae6cad,Yoshita Dhawan,MALE,Volunteer,13
dc2f16c7-829f-40de-884c-3d7765e95430,Peter Issac,MALE,Officer,13
e65e8347-1f75-420a-9009-8eec68761f1c,Fiyaz Sen,FEMALE,Volunteer,13
03474cc3-d864-410b-9af2-2910a65f8413,Bina Madan,MALE,Volunteer,13
ee68ad24-c906-492e-b352-dfc091bf1479,Wyatt Radhakrishnan,MALE,Fireman,13
44427597-8756-4f81-87f1-28e6a7d75d83,Madhav Chahal,MALE,Fireman,13
934947bd-9333-4489-bcf9-037ce4942f85,Avni Bhatnagar,MALE,Volunteer,13
b59b5168-32fc-4450-a8bb-12e69b20d431,Agastya Vyas,MALE,Volunteer,13
fb77578d-67f4-4634-8f10-5ab4f8da2b55,Udyati Morar,MALE,Doctor,13
428dfbd8-588c-4655-a5a1-e002be47efb0,Kabir Rastogi,FEMALE,Doctor,13
49f5510a-9000-4eb5-9722-eb6b8931f410,Aarush Patil,MALE,Officer,13
1787d0d4-065e-4090-9a85-7c10e1e79070,Vansha Shankar,FEMALE,Volunteer,13
15682d2e-d4d2-4186-9e91-663ed086c876,Nitara Kant,MALE,First Responder,13
ea71ad0c-9c03-4df9-be6b-2f654f9efe2d,Oscar Dugar,MALE,Officer,13
754100c1-2592-496b-be83-a0b3c7039ae1,Ronith Sama,MALE,Volunteer,13
c730ed8a-67bc-4901-a780-472698b7ef72,Abhiram Chaudhry,MALE,Officer,13
80a7adb8-7460-4ec5-afd8-9119e9aeb139,Rachit Dhar,FEMALE,First Responder,25
e68fe318-8120-40c4-b4e1-c38b71dd654f,Wriddhish Purohit,MALE,Volunteer,25
b8dce877-12c0-4c85-a7c0-225fec0f1712,Lopa Sami,MALE,Fireman,25
776ef2a3-15b7-432e-9bfc-80101af7fd68,Arya Bir,FEMALE,First Responder,25
39314a95-51ed-4946-8a90-b130c27646ae,Matthew Krishna,FEMALE,First Responder,25
266942e4-a372-465d-acf2-6ee9f1747ed0,Indali Bains,MALE,First Responder,25
7048cda8-e999-4be1-9e38-87f309dbf5a4,Charles Rao,MALE,Fireman,25
e65d5ea9-d9b4-4509-bc17-fbc9057157b0,Onveer Kapur,FEMALE,Volunteer,25
2c0c497e-6269-496e-8f28-6b5bea13e6db,Janaki Biswas,FEMALE,Fireman,25
64e68093-08a0-4c01-b7e5-c7b9dc56dd1f,Fariq Batra,MALE,Fireman,25
4c290ab1-4f38-4d48-baa0-35141661fa57,Eta Devan,MALE,Officer,25
8f78a8ea-ecb3-41cc-af77-78623768970f,Michael Issac,FEMALE,Fireman,25
323295d6-80f5-425c-b202-c3f68a34c606,Sneha Basak,MALE,Doctor,25
9ea14437-ec41-4061-a5af-962812991aca,Krisha Nori,FEMALE,Officer,25
218c646d-f78f-4be6-8fef-e98374b2a2ec,Kashvi Palla,FEMALE,Fireman,25
50d65c3d-7e09-4879-95e8-b0cf6f2f35b4,Anay Ghosh,MALE,Doctor,25
c2ee67ba-d550-450b-8eb9-0bfbb2f8d206,Warjas Andra,FEMALE,Doctor,25
b328b579-02b4-4e08-b801-67530410d64f,Bhavika Banerjee,FEMALE,Officer,25
5a6bef76-7487-42a8-bd58-8d6ab0ca0cc7,Wishi Dyal,MALE,Officer,25
10d44ed4-2813-408d-bb3e-fa351963115f,Oni Viswanathan,MALE,Volunteer,25
8ae7acb4-b81f-4c93-b65a-aae2093cb5eb,Christopher Yohannan,FEMALE,Doctor,25
c094b92f-df20-4839-9cc5-6e346cfc2f76,Tarak Cherian,FEMALE,Volunteer,25
db509368-f3c5-443b-bc62-c05baccbb7f1,Lila Gaba,FEMALE,First Responder,25
edeedc7d-f74f-4daf-bc04-49ec3dbc2242,Lohit Date,MALE,Volunteer,25
cd6dbd4a-6099-47a6-9ca0-e5b45447871d,Lopa Gokhale,FEMALE,Volunteer,25
77d58547-7810-487c-b6a4-4e2b7a8747d2,Vinaya Virk,MALE,First Responder,25
a362573d-cd10-48e4-93ba-b2be5adf966e,Sai Mukherjee,MALE,Officer,25
a4e30cd9-a8cd-411c-bc7a-a97784de6977,Turvi Deshmukh,FEMALE,Doctor,25
9ef0cbbf-5d15-41f1-b912-fde8f8f004b0,Idika Mitter,MALE,Doctor,25
4b1e4ff9-9962-46d7-a9ba-43492a9a8ee9,Arya Taneja,MALE,Officer,25
a7a8cf98-b18d-43e8-be55-c8c25db32843,Oviya Srivastava,MALE,Volunteer,25
7e66f4e1-46f1-431f-ac98-5247fe30d5a0,Meghana Randhawa,MALE,First Responder,25
7f40773c-307c-48db-a2d4-9e4ae9ed09a8,Krish Arya,MALE,Volunteer,25
7e86015d-4f69-4ba0-b832-1e4f590bad10,Ishaan Handa,MALE,First Responder,25
86baee3f-0948-402f-954e-28741e0238bf,Ikbal Handa,MALE,First Responder,25
4ea56c56-f2a8-4953-8504-be2a084c7ee9,Naveen Dash,MALE,Volunteer,25
15a3023d-8930-4d01-a7d3-98e65441aed1,Onkar Das,MALE,Volunteer,25
4b938fb3-813a-43f7-b84c-ab68f7366474,Turvi Mitter,MALE,Fireman,25
de534fc5-5008-4512-96b4-6a73a94ef282,Rajata Ahuja,FEMALE,Volunteer,25
e63ce561-2cdf-4c39-aafc-fb3292b83c41,Omisha Pathak,MALE,First Responder,25
c729cdd1-8f8e-4dfa-8521-8907e4e538b1,Yahvi Sekhon,MALE,Volunteer,25
d871f408-9451-47b0-89b4-6f99d83efe71,Samaksh Parekh,MALE,Doctor,25
400df5b4-e71b-4459-8e44-8cee17af95b7,Unni Prabhakar,FEMALE,Fireman,25
984e56a9-9fdc-4b4c-8283-24b4e3f762e3,Yadavi Patla,FEMALE,First Responder,25
6fefe28d-4a5e-4c34-ba5a-6b7773b2b36d,Rajata Char,FEMALE,Volunteer,25
5d18e76a-9bcd-4142-b85e-41861916ff5b,Idika Rama,FEMALE,Officer,25
60dd19c4-0f93-4b1f-aaff-0eac607f311b,Lohit Raghavan,MALE,Fireman,25
e53c3e64-842a-480e-a13f-a82645f80bad,Chandran Mander,MALE,Volunteer,25
2d1c3064-b724-4ca8-9a1c-8f456bd30a78,Yadavi Ratti,FEMALE,Officer,25
72990b35-58fb-48b6-8100-318f8804d6d4,Mugdha Sarna,FEMALE,Doctor,25
9d5a8969-7c13-4afd-8059-abafd2d4d474,Azaan Ahluwalia,FEMALE,Volunteer,25
391e880e-1371-43d9-86f4-8396e5c25ad9,Wyatt Sarraf,FEMALE,Volunteer,25
e4871850-bfbb-47a8-a6fe-c1948ffbbbbf,Upkaar Memon,MALE,Volunteer,25
f485644c-da27-4a37-8033-8314b676d724,Hredhaan Sengupta,MALE,Doctor,25
62cdf9a1-4b7d-472c-a662-1e3a960ba85c,Lohit Barman,MALE,Officer,25
b704b04f-6feb-42a4-b72b-cef8ad29b3ca,Ryan Munshi,MALE,Doctor,25
63a78ae7-640c-40f9-9d38-08925f851691,Nidra Chaudhry,MALE,Volunteer,25
5f816c6f-b0e2-4475-baac-b1d530d667d3,Qabil Samra,FEMALE,Officer,25
05cf1176-0f33-441f-8af8-127467144f1c,Onveer Khosla,MALE,Officer,25
9e5de0d8-dc11-43a7-befd-6fe8e27882b5,Nilima Ganesh,FEMALE,First Responder,25
49ae268d-54e6-422a-9347-bfe1f6423bd1,Eesha Savant,MALE,Fireman,25
a853a6a5-c359-444b-bb05-85dadc30ec0a,Wakeeta Borah,MALE,Fireman,25
b860f00c-79ea-436a-bd66-4f7dd2175481,Rachita Kant,FEMALE,Officer,25
46796343-d2f6-4d16-ae5d-fbe8eec4fac9,Ayush Datta,MALE,Volunteer,25
1af8b3a6-1506-4ed6-904c-583b1d363b0f,Nihal Basak,FEMALE,Volunteer,25
7df14cb9-5481-4918-8798-98c432857695,Viraj Sura,FEMALE,First Responder,25
d6cd1e58-72cc-49d7-ac12-262b503daaf5,Ekalinga Agate,MALE,Officer,25
8f8aaa09-bc87-48c9-9b7e-87079b13b6a4,Unni Bala,FEMALE,Officer,25
6c2d0bb1-3b1f-4a26-ba7e-d7626dd56ae3,Abhiram Sastry,FEMALE,Doctor,25
7701ef08-cd6a-4f43-8bb3-0f45ca1848f7,Dayita Seshadri,MALE,Doctor,25
6d8de372-9548-464f-a3f3-7252f14c6aaf,Baljiwan Iyer,FEMALE,First Responder,25
14effdfa-de30-41a9-af13-fdf9c328c57e,Idika Natt,FEMALE,Doctor,25
c298aae3-51c6-4a31-8d90-be73f012f3b6,Abha Basak,FEMALE,Fireman,25
d211f6ff-edae-4075-919d-1051ba32c3b9,Neelima Chandra,MALE,Volunteer,25
192eb23e-de78-43bb-8b62-eb628af2b27a,Yashasvi Salvi,FEMALE,Doctor,25
1bfa53b9-ecfd-4fc9-88cd-a2f49c30e9cb,Saumya Ray,MALE,Officer,25
5cc58d86-4959-4bd0-89d8-7a20dd0074db,Falak Chowdhury,FEMALE,First Responder,25
12e3bed0-4ced-4fc1-993c-fddb0e6a52e7,Lila Das,MALE,Fireman,25
64ed1e7b-3836-4a06-9ac5-e0b6c7e4545d,Bhavani Nigam,FEMALE,Fireman,25
89fa5120-1baa-4d70-9a5b-33eff6978fcc,Mohini Thaker,FEMALE,Fireman,25
c09fe370-69a4-4f3d-9df1-0ef1ae124ed6,Zashil Hari,FEMALE,Fireman,25
0a740128-2287-434b-9dc9-a06b2bceafdc,Oni Chada,MALE,First Responder,25
74d645b0-fb75-4397-9227-07f661af5981,Bhavini Chaudhry,MALE,Fireman,25
702a7c71-6212-4497-849a-de5878c53712,Utkarsh Sarkar,MALE,Fireman,25
1b819746-e49a-475f-b85d-67b9df44f43e,Manthan Patel,FEMALE,Doctor,25
4f07ce70-34c8-442c-8c68-b799cbb6e5f5,Viraj Sagar,MALE,Fireman,25
fb3ee7d9-a1f0-41d0-a215-58c819d0b5c1,Tanish Handa,MALE,Doctor,25
1b08a3fe-e15d-40bc-80d3-4df2ee013b20,Aadhya Narayanan,FEMALE,Doctor,25
4dc4a1aa-db57-41bb-9891-6c2054c97a24,Jyoti Halder,FEMALE,Officer,25
4fb2bf98-71bc-480a-95d9-ba478764bd15,Neel Barad,MALE,Volunteer,25
862cb47c-4d7b-460f-a1b7-e495617868be,Aryan Chaudhry,FEMALE,Officer,25
45f811b2-0adf-45c1-b12d-cf08808f9373,Ojasvi Nagy,FEMALE,Officer,25
75c30ed1-60e0-41ad-9113-ffffbe0491cd,Raksha Oza,MALE,Fireman,22
7245f87c-81bd-40a4-a345-02ec6b472337,Ojasvi Magar,FEMALE,First Responder,22
f70a24e2-5c20-432e-b10c-eed58a62beb2,Aashi Savant,MALE,Officer,22
f726dd11-7952-4e86-a2b7-52d7ea55ae89,Aachal Naik,MALE,Officer,22
8bea1e8f-c30c-47bb-be62-e0af81b858ad,Vidhi Madan,MALE,Officer,22
82811a47-593b-4a8c-a22d-1ea5b2cf9710,Chandran Edwin,MALE,Volunteer,22
a03491cf-033f-44dd-a688-4b141cd613a9,Nihal Sawhney,MALE,First Responder,22
e0f95532-0313-4514-90ec-17242209de85,Kamala Thakur,MALE,Volunteer,22
6475c56c-f17f-4457-88e6-5967c90dd846,Azaan Krish,FEMALE,First Responder,22
d9860dc9-47a2-48c0-ae3c-1f6570c00814,Ria Dara,MALE,First Responder,22
d68ad115-ce6e-411f-99f3-13dafb97e2d0,Aryan Murthy,FEMALE,Officer,22
d3119a42-5a5d-47cd-9467-caabc1cbb5eb,Aadi Atwal,MALE,First Responder,22
87f232a9-b530-48ba-b0b6-2d8c8f70a7b1,Vinaya Sarma,MALE,First Responder,22
7550ef58-61cb-4b07-b1d1-2d74978e9f33,Charan Rana,FEMALE,Volunteer,22
a59b68cb-28c2-4455-9988-1b6607a138ca,Abeer Date,MALE,Volunteer,22
db2aeb63-b653-4072-9d38-00c08f5d5196,Zinal Ray,MALE,Fireman,22
6b59ad59-18d8-4c41-ae4f-099b73ca1289,Barkha Chadha,MALE,Doctor,22
220e4377-ebf7-4860-ac22-80368fed34b6,Girindra Sami,FEMALE,Fireman,22
591b5ef1-f87a-4433-a7a9-a028e04a72bd,Vrinda Johal,MALE,Volunteer,22
1bb24c6f-8d02-44fa-bab4-88cc8fdaef51,Eiravati Varghese,FEMALE,Fireman,22
c64522d5-3825-4ddf-a7fb-8bc62d9ab266,Balendra Tella,MALE,Officer,22
e79d4068-a451-4e4a-9a35-4bb82b7d5629,Isha Kalla,MALE,Doctor,22
50438ee7-65f4-44cf-b0cd-fce3a2e03b8a,Advay Grover,FEMALE,Doctor,22
d4abeda6-685c-4830-a6e7-c0d09d1dcd5f,Vansha Master,MALE,Doctor,22
2256a092-813d-446a-bea7-070492613f46,Yug Narasimhan,MALE,Fireman,22
e90ebfa7-da49-4d7b-aef9-23061dc3e011,Aadhya Apte,FEMALE,Fireman,22
db942634-c4ac-4c55-8800-f3f076dd906a,Wahab Manda,FEMALE,Volunteer,22
309ccefb-3949-4ab2-b6fb-32b7f8ce41d4,Triveni Batta,FEMALE,Volunteer,22
3a2e040a-8f65-4067-b652-a303488f4c67,Benjamin Pal,MALE,Doctor,22
88afe0c7-dc58-4903-a966-f8f75fb49b14,Chakradhar Krishna,FEMALE,Officer,22
a465edfe-d057-4c5f-8d49-cd2d98271f60,Prisha Chandra,FEMALE,Volunteer,22
c4ff05c1-9016-4792-acde-5b4f06d5c322,Yug Mannan,FEMALE,Fireman,22
eb91852a-38ef-4d8b-91cc-fd5d4fcb9c63,Bahadurjit Mukherjee,MALE,Officer,22
cffde430-1f8c-4edb-83da-373514d12147,Xiti Kaur,FEMALE,Officer,22
bc2ae137-5b78-465c-9f3d-8a3a047d1215,Ayushman Mutti,MALE,Fireman,22
dcf2de70-abfb-459f-9f09-dd008b038aab,Yauvani Ray,MALE,Doctor,22
1ff9722d-75fc-4cf8-a962-a72cc734d283,Neelima Viswanathan,FEMALE,Volunteer,22
a31670aa-05a2-4d9f-9969-b18132ae0233,Daksha Talwar,MALE,Fireman,22
2eb24f05-7fab-4aff-93aa-3089ac2b5f6d,Laban Anne,MALE,First Responder,22
56a5e5ff-897c-4df8-9b97-edfe7ad26778,Manan Sant,FEMALE,Fireman,22
2d41a0d2-75c1-4a5d-b62a-6a4ed033c352,Om Loke,MALE,Officer,22
dd5377f6-4850-496f-8a33-ae04e12958df,Leela Deshmukh,FEMALE,Doctor,19
ba9633ba-9619-4cda-b0f6-40a6eb002e5e,Brijesh Ghose,FEMALE,First Responder,19
7e04adb8-a5c0-43c1-b93a-02c1560df6fd,Madhavi Chaudhuri,MALE,Volunteer,19
99d14a7a-4118-49b3-8d25-1c4ac68c3e16,Reva Kurian,MALE,Fireman,19
b0efc802-3550-49cd-866a-5c4951824d97,Darika Sharaf,MALE,Doctor,19
6f1bf369-bbc6-4d17-ac5a-7799a65a6b9c,Abhiram Rege,FEMALE,Officer,19
4f00731d-f18e-4d9d-ad68-275850fe082f,Ekansh Sinha,FEMALE,First Responder,19
a2f9c166-294f-4309-8120-7069963e2a29,Darpan Munshi,MALE,Fireman,19
28d7d265-7f5c-4dc6-af1d-83f429b253c0,Zayan Shanker,MALE,Officer,19
40e2faa5-cfbf-428d-acff-6800838eb02f,Abeer Dora,FEMALE,Fireman,19
cbdacc95-94b4-4caa-b0eb-ac63a81134f7,Ansh Chhabra,MALE,Volunteer,19
cafe9407-f39b-4d65-a16a-f094e61d3b0b,Lakshmi Manne,MALE,Fireman,19
010e653d-d5ea-4951-99d0-96716d5fd36f,Naveen Tata,FEMALE,Officer,19
527cd700-3f38-4aa0-ba0b-9fd8b3d2e616,Yashodhara Ganesan,MALE,Fireman,19
af6ca820-c4c5-425e-a279-063780928cc0,Rehaan Konda,MALE,Fireman,19
c349de19-0bb7-4d38-893b-b2b8601a561c,Nachiket Ghose,MALE,Fireman,19
e2561de3-2c3e-40d4-88c2-354d25109098,Hamsini Chhabra,MALE,Fireman,19
6794aa97-f8de-4699-bf06-228d362ea62b,Wridesh Oak,MALE,Fireman,19
b7aa5101-a5a0-4c13-ae75-9df43ebf6aac,Vasana Bali,FEMALE,First Responder,19
31fc4006-ca23-4649-bb78-3c472ac9dcc1,Bhavna Soman,FEMALE,Officer,19
a7f0c361-bf56-45a5-8272-6f97341337f0,Agastya Subramaniam,FEMALE,Fireman,19
06e3bdd8-8e49-4907-b73e-7f5ddbc65ea5,Yashoda Samra,FEMALE,Volunteer,19
1fd201a4-864b-439f-a771-832dd7c3f0e3,Vasudha Loyal,FEMALE,Fireman,19
61c27172-0074-497b-b11b-9562344d17bf,Robert D’Alia,FEMALE,First Responder,19
9a27f70a-05f8-44a4-8bdf-d6c730b19ec3,Unnati Divan,FEMALE,Officer,19
9a5d6d7e-fbbe-46bc-8be4-3eb123e308a5,Gabriel Vasa,FEMALE,Officer,19
9d781bb0-a7fd-465a-affd-0244b2c116c8,Jhalak Choudhary,MALE,Officer,19
3b352be0-bbba-4d23-be56-06e75b081562,Balveer Kamdar,FEMALE,Officer,19
fa206947-911c-4e94-ba4a-caff20674c8a,Keya Garg,FEMALE,Officer,19
30409f09-c1be-4343-9380-c55f4ccf22f5,Jalsa Om,MALE,First Responder,19
479a1af5-a6d3-4109-a628-16105d7dbd50,Saumya De,MALE,Fireman,19
bc174458-9d08-4c8c-9e2c-7a256d7f3a4e,Manbir Narula,MALE,Doctor,19
fafe318f-c52f-4e04-9731-428ae24bbadf,Dalbir Chaudhuri,FEMALE,Doctor,19
1bf44715-4b1e-44cb-86b9-2333d8adcdc4,Faras Kanda,MALE,First Responder,19
dd8fa027-5cdf-46da-ae6f-bf7a1f7f8238,Udarsh Prasad,FEMALE,Doctor,19
03490f08-0793-416e-b3e0-fcdeee9b1d06,Upma Venkataraman,FEMALE,Officer,19
ef7dde07-b05d-46b0-b8ad-f7d42bd91b70,David Kurian,FEMALE,First Responder,19
1ee713e2-d8e3-43ed-ae6a-f23a692af9f5,Banjeet Thakkar,FEMALE,Fireman,3
1885d892-2ee2-4ccd-9ece-270aad56c60b,Krishna Dar,MALE,Doctor,3
3c55d4bf-0612-4d36-b03d-cc8460751902,Harshil Vohra,FEMALE,Officer,3
06100b33-d881-4fe0-9435-459575f6b6c8,Riya Das,MALE,Fireman,3
180dda74-acd0-4c4b-b78b-dd66399606b5,Chavvi Arya,MALE,Doctor,3
d28e9dd6-9a20-4a4d-9a8c-128bfc510ae2,Sarthak Parmer,MALE,Fireman,3
2223cdb7-e2c9-41b9-b4cc-75bdbfae5c6c,Onkar Bhalla,FEMALE,First Responder,3
5a64e976-ad28-45b0-9f86-2b3ac7c0a09f,Mohammed Lalla,FEMALE,Volunteer,3
4671e032-0fd8-4fc7-915e-3e0b86aa9d27,Eesha Kala,FEMALE,First Responder,3
e82301e1-4251-451c-8617-ddf19ac2b61b,Widisha Rajan,FEMALE,Officer,3
d7e75c44-dc8d-4b7a-8552-09d6256d17f6,Diya Varty,FEMALE,First Responder,3
c9f50458-230f-4a94-a48f-d32dfa5a4b69,Ansh Nanda,FEMALE,Doctor,3
dd94a33d-9039-4662-b0fd-953aae19c566,Diya Buch,FEMALE,Fireman,3
d92b5ea8-e3c9-4c6d-b0dd-c0cff1deb955,Abha Kar,MALE,First Responder,3
453e9f5f-6fce-475b-8ef9-cc63a23a35f6,Aryan Bail,MALE,First Responder,3
39f55ff1-10f4-47cb-8214-d9286d09e3c2,Udant Gour,MALE,Fireman,3
b28d1f97-2c6b-49fe-bf28-f8793386624f,Devika Acharya,FEMALE,Volunteer,3
03472997-dbdd-416d-a334-4ef12d924f1c,Yashasvi Vala,FEMALE,Volunteer,3
e5c4a651-051d-4882-8817-30b398da03dc,Madhavi Grover,MALE,Doctor,3
afe6ed09-c686-486d-92b3-84ab3b90d3e5,Jagvi Lal,FEMALE,First Responder,3
9f6f5243-5362-462e-9cf5-6910a2a13d7c,Ayush Tiwari,MALE,First Responder,3
b912ce00-c48e-4a79-8043-f81b1bcc5012,Aryan Bhatti,MALE,Doctor,3
ccd7047d-0fe4-4c62-b775-972412984229,Turvi Bhavsar,MALE,Officer,3
d0536282-0f80-4d7e-8268-0802350f7043,Pranit Baral,FEMALE,First Responder,3
4659428c-0949-418c-9758-039bae5ef1fe,Zarna Basak,FEMALE,Officer,3
957234c6-a36f-407e-9761-3321b249eed9,Umang Patla,FEMALE,Doctor,3
7bf147e9-891a-4a3c-b18b-c7115011a66e,Forum Sachar,FEMALE,Doctor,3
cd9e9167-b8e0-4f2b-845e-bbff9dd9f5b8,Girindra Wagle,FEMALE,Volunteer,3
1167172b-036e-4b11-ae60-f742c1cc2941,Max Som,MALE,Fireman,3
be97b213-252e-4c57-a7e2-34eb65742453,Frederick Vaidya,MALE,Officer,3
9e2b3c5c-94f1-45e8-9c82-33c32689cea4,Rushil Pant,MALE,Officer,3
4881d2c2-8f64-411a-bbb8-cc9213824de4,Aashi Chaudry,MALE,Officer,3
b1b0a3c4-b5d7-4818-bca1-d2ab1472e353,Ucchal Gopal,FEMALE,Officer,3
3e89aee4-e49e-477c-aa42-4a056228df43,Siddharth Pradhan,MALE,Fireman,3
6a7aeefd-71f3-4aeb-bc84-aafd5bd2f3e7,Ayaan Gera,FEMALE,Doctor,3
d17e9fef-385a-4c8f-8c4e-47979b353d89,Aarush Arya,FEMALE,First Responder,3
e820a61c-152f-4df1-8324-5bcb07a490ec,Eshana Loyal,FEMALE,First Responder,3
5f7607a7-d857-48f9-9519-4b619cc32350,Matthew Bora,FEMALE,Volunteer,3
932da6f6-fd1a-4736-af4f-00f561a76f96,Harish Lall,MALE,Volunteer,3
ff948be0-2e00-410c-b3e3-fafebc7f12db,Rayaan Mallick,MALE,Volunteer,3
622757c7-f97c-462a-a11b-5998c335ba9d,Chakrika Bir,FEMALE,Volunteer,3
f7e94e96-1553-4e16-aa90-f5cfad02faeb,Vincent Madan,MALE,Doctor,3
be52dbcc-5275-4e9d-ba34-6ff55285c68c,Tanay Ratta,MALE,Officer,3
62a19c5b-f829-4754-9bef-1f5f69b583ff,Shravya Jani,MALE,Doctor,3
58f557f0-b472-4d45-b426-2f420cecedc2,Faris Kurian,FEMALE,Fireman,3
6cff51b3-1a95-4263-b15e-527e4cf8271b,Isha Murty,MALE,Officer,3
b3b58fb7-2946-4c1a-9686-a4a3c04d9340,Sudiksha Natarajan,MALE,Volunteer,3
81020a19-87d1-4a03-a5c7-f88a9da805a1,Keya Sem,FEMALE,Volunteer,3
3200a724-3784-447a-9462-ca4e127c0246,Priya Din,MALE,Officer,3
62b492fa-7001-4296-920b-95a5d80ac0a1,Gaurav Sachdeva,FEMALE,Volunteer,3
fa07b31c-6cc5-4c66-a740-97066cc537b3,Wahab Modi,FEMALE,First Responder,3
e1cbe0f3-3624-4ed5-87de-61fce7895960,Sudiksha Dhingra,FEMALE,Doctor,3
d630fae1-222d-42a8-8f80-a06cfbd040d0,Jai Hayre,MALE,Fireman,3
e8253bd1-a9bf-49c7-bf4e-e379d4893b20,Lekha Bora,FEMALE,First Responder,3
59dfc8c4-ee35-402f-8519-391a558c7da4,Om Kota,FEMALE,Doctor,3
d691173e-0543-46be-81a1-f99b64215baf,Hardik Murthy,MALE,Doctor,3
fec2c1fb-8e91-4632-9518-cfe061913d77,Xiti Malhotra,MALE,First Responder,3
0b7693ed-d714-4d20-a7f7-e754f53c05ea,Vrishti Anne,MALE,Fireman,3
123b85b1-b872-4fb1-895d-48ea5afc929f,Faras Kade,MALE,First Responder,3
ebe98451-003b-4f6b-906f-db435744134d,Mohammed De,FEMALE,Volunteer,3
1a84502b-0aee-45d8-b2bb-635f2d292e55,Vidhi Pau,MALE,Fireman,3
48dbd30c-7e54-468e-a8ce-7dac2b48641d,Onkar Palan,FEMALE,Volunteer,3
431f7ef9-386a-4bb2-ab31-bbce67c2ed3a,Oscar Naidu,MALE,Officer,3
e91f0ae5-e343-423f-9ac6-3132e27ce6bb,Yachana Andra,MALE,Fireman,3
ad684cb2-9e44-40d4-9c1f-b78c0380c882,Warhi Sinha,MALE,Volunteer,3
48312329-32d2-40b1-8046-865049169593,Amara Kibe,MALE,Fireman,3
bea6b698-b81c-48cd-9385-ba92c88383d8,Dhriti Dar,FEMALE,Officer,3
d9bf04d5-5b8b-40ce-8150-7a7262b2b5ad,Pahal Bose,FEMALE,Doctor,3
29fdf20a-022e-4470-9a4e-7ffa8c12e143,Ikbal Mishra,MALE,Volunteer,3
ec79b8bc-828b-4c46-8b4a-ee6b2658d24b,Lakshmi Rattan,FEMALE,Volunteer,3
dcc324a3-b147-4d58-8478-36a1aecf0872,Ishita Sehgal,MALE,Officer,3
ff81528b-c850-481f-997f-e0c293fc8f32,Tripti Majumdar,MALE,First Responder,3
ee439d01-c898-49fb-8c7f-e9c0388d509b,Udarsh Nayar,MALE,Fireman,3
e8729259-76f2-4243-bd7a-28401d334a7d,Chasmum Suri,MALE,First Responder,3
28c68feb-3f75-4be0-a090-19f73e176dca,Lila Nagarajan,MALE,Doctor,3
c2ba87b9-ff3e-443d-aa70-28805a82e9c8,Yug Narain,FEMALE,First Responder,3
8035b965-1734-42f6-989b-1e7064150ce1,Bhanumati Rajagopal,MALE,First Responder,3
0443992d-4655-4dc6-9fff-50a126fd0be2,Omkaar Master,FEMALE,Volunteer,3
e467aa53-06a8-46c6-8eb0-097170a005e9,Simon Chad,FEMALE,Fireman,3
4c11d0cb-a296-406a-85bc-00c9c891b137,Rachita Anne,MALE,First Responder,3
b0ca1f20-6442-4cc4-9d5a-46e803a5d9df,Aradhana Savant,MALE,Doctor,3
97bbaaa6-d1ac-459d-9a11-0945b1f0747a,William Saran,MALE,Officer,3
dc56b511-2374-4bfe-a4ca-339676b6c5b6,Ekanta Chatterjee,FEMALE,Volunteer,3
59bac7c8-5218-432f-9e5c-16ab08b68cd9,Suhani Hayre,MALE,Volunteer,3
d65c34f4-0414-4c98-a2bc-a0c65cfd11e8,Upkaar Patel,MALE,Officer,3
a8097561-777f-45c1-bad3-c675692ef917,Avni Devan,FEMALE,First Responder,3
b88e155a-a859-43d4-9961-05dd52742efc,Vedika Prakash,FEMALE,Fireman,3
a560c96b-13d7-4058-a0fb-9f0487620d67,Sarthak Chopra,MALE,Officer,3
24df9670-ceed-4435-9109-d7cd6c6cea5b,Diya Basu,MALE,First Responder,3
b25deec2-cd7f-4632-b4cd-a8262c728ae8,Sara Sachdev,MALE,Doctor,3
4fc1ad35-2f3f-472d-abe1-9ad8245bcfc5,Damyanti Srivastava,FEMALE,Officer,3
b42405c5-b5f1-4464-97c1-dbe63383bdab,Nihal Prasad,FEMALE,Fireman,3
4e1abee4-92f2-4ba5-ba74-b761232ac44f,Gaurika Goyal,MALE,Officer,3
4d0048ee-e62f-4256-80c0-743f689ce2bc,Damini Goyal,FEMALE,Doctor,3
67ad8fbd-bbf6-4436-8aa0-b57f376a2831,Jagat Sibal,FEMALE,First Responder,3
e8e3d057-c10c-40cd-8be1-11e8f9c2b0da,Onkar Ben,FEMALE,Doctor,3
7d376ae2-4998-47df-81ca-93862ae692c9,Anvi Guha,MALE,Doctor,3
ff2f0a98-8013-4691-b843-4e4d2851afea,Nihal Bhatnagar,MALE,Volunteer,3
15cd29be-1674-4d58-9bde-2f305067f64d,Jatin Kapur,FEMALE,Fireman,3
601b4ada-48a8-4dce-88c1-fcdd5f838d02,Ishanvi Bath,FEMALE,Volunteer,3
29fef8f2-7b57-4873-a35e-4990bf02ba75,Vanya Muni,FEMALE,Fireman,3
c240b05e-8542-4798-8762-aa689e8292f2,Chaitanya Chand,FEMALE,Doctor,3
20defad9-337c-4c29-9580-f30c8f2dac60,Saanvi Dua,MALE,Officer,3
1680573d-25cb-4515-b0fb-28a5176aa94f,Vasatika Lala,FEMALE,Doctor,3
a37911cd-79d7-417c-bd31-85c58386997c,Faras Goel,MALE,Fireman,3
a98a1a07-858a-4017-b514-19c59f0b8948,Dalbir Gola,MALE,Doctor,3
b41735ca-ac78-421e-8d4c-c74941a06010,Lekha Prasad,FEMALE,Doctor,3
26f60a91-2237-43d0-99b6-64206ac3a6bd,Warinder Chadha,MALE,Volunteer,3
51069e21-b30b-47ff-b9fa-b6567417d26b,Bhavani Kota,FEMALE,Officer,3
85a665dd-b391-4284-916d-8e4c1853e207,Yashasvi Pau,FEMALE,Officer,3
849012dc-5934-4753-af9d-a1c082d0139a,Saanvi Nadig,MALE,Doctor,3
50d5f122-d8f6-4e79-b05a-47685ece4721,Praneel Sule,FEMALE,Fireman,3
9a013542-5d83-4991-ad2b-9cdca0e3e829,Turvi Shanker,FEMALE,Officer,3
ec661ac5-4f02-4a2f-8f14-fca8102b6c90,Sathvik Sami,FEMALE,Fireman,3
af8c3f5f-07da-419d-b990-64fb4fd1fde4,Viraj Subramanian,FEMALE,First Responder,3
c63b7352-b401-48fd-abf5-349a1d55a474,Anika Seth,MALE,First Responder,3
93aa5832-1def-4713-9c6d-f7a88fcf2453,Veda Ganesan,MALE,Fireman,3
2b96fd92-43d6-42ff-b049-5108670cd21b,Rushil Sharaf,FEMALE,Officer,3
c43fe2a5-a7ce-4d16-89c8-cd7caaf38632,Indrajit Murty,FEMALE,First Responder,3
c2ee9c93-787b-48c8-ac13-05627d26a9a0,Lakshmi Pradhan,FEMALE,Officer,3
39d43bf5-2006-489b-bad7-8ccd88cb5303,Laban Srinivasan,MALE,First Responder,3
ec617497-5787-4139-8757-39093d511c4a,Karan Rajagopalan,FEMALE,Officer,3
8fda2367-40af-441a-bbfd-65b87fc3008e,Liam Deo,MALE,First Responder,3
018a98bc-2a3a-47c7-a198-140e325390d2,Gaurav Master,MALE,Officer,3
215b08e6-c3ab-4abf-bb6e-f65884c7ca8c,Vasatika Dubey,MALE,Officer,3
bc459a52-4a58-41e0-b075-48792dbf7201,Sachi Prashad,MALE,Doctor,3
8bd5253e-08a7-4bd2-ba60-6a6af801d626,Bhanumati Dutt,FEMALE,Volunteer,3
005f89ee-5e44-49f4-afa4-877be290398e,Reva Johal,MALE,Volunteer,3
9883b808-8455-482d-bcd4-1fbd27a8c16d,Aditya Karnik,MALE,Volunteer,3
b07f502a-b16b-4d0d-8722-ef585347e31d,Tripti Ravi,FEMALE,Fireman,3
0bfd77b5-ad1b-40ab-b822-d91b06ed9294,Yochana Bobal,FEMALE,First Responder,3
2cd5d9ab-f025-4fff-981d-f6ad31b4ea54,Omisha Kadakia,FEMALE,First Responder,3
2b7120fb-4ef7-4ddb-a498-a00f4931f1f4,Jai Trivedi,FEMALE,Doctor,3
c9533dfb-679d-4900-a504-75d5bf26996a,Chandresh Bobal,FEMALE,First Responder,3
d199b397-30ed-4601-8faa-d1a1de4954ac,Omaja Deol,MALE,Fireman,3
2b70f062-659f-418a-aeb5-6a4c24920f1d,Charita Das,FEMALE,Volunteer,3
8b1b462a-9cd4-4a68-9e9f-1c41f25048a0,Leena Dewan,FEMALE,Fireman,3
2374b20a-bc6d-47c2-afd8-ce1a9f984598,Lakshit Mitter,FEMALE,Doctor,3
c2ea5ab7-04ca-44c3-b4f9-5025f31179af,Girish Dhingra,FEMALE,First Responder,3
0b8f6aa0-a697-4419-968d-a2ff9275f3b0,Jagdish Johal,FEMALE,Volunteer,3
c9f29089-5855-4a62-bd8a-ea2dfbde7e33,George Prabhu,FEMALE,Fireman,3
e9ab1aad-c0bf-46c7-8ccc-c6875f31d714,Ethan Narayan,MALE,First Responder,3
19d4c697-19dd-41af-b0ba-e8539aa34d25,Yasti Narula,MALE,Fireman,3
b00f798b-c16a-43ec-9a5f-490aaaa49a1d,Radhika Bhandari,MALE,First Responder,10
83fa617e-6082-4753-91d5-a9e42d441492,Bhavya Chokshi,FEMALE,First Responder,10
4e2b37d1-b2e7-4161-ad00-1a24e35f5e61,Frado Rastogi,FEMALE,Officer,10
1e6abff9-8a26-4a50-8019-674085d26c86,Jeevika Sur,FEMALE,Officer,10
5a465bfa-6b26-49d9-8856-d89f43087380,Ekaja Narasimhan,MALE,First Responder,10
89215f0d-450b-4083-a441-f91e6624f9db,Tanvi Arya,FEMALE,Fireman,10
e31b65b6-7e25-4a09-a0bc-54986a1bb078,Balveer Kaur,FEMALE,Fireman,10
2766ad97-ac97-4425-bd84-3edbe6697fd3,Lakshit Khatri,MALE,Fireman,10
59adccff-9696-41c0-b70d-1b6298e68956,Manya Nadig,FEMALE,Fireman,10
ea7ee32f-c13f-4119-b61e-292a7fcc48e0,Nisha Tara,MALE,Fireman,10
89c10186-b313-4404-9aa1-9a89d6a783fe,Charvi Vig,MALE,Officer,10
949d6663-dd1a-4c11-9818-8d2534643f6e,Viraj Bhalla,MALE,Volunteer,10
05e3f8e2-9fcf-485f-9300-fe5b68e90aa3,Jasmit Rege,MALE,First Responder,10
e05ad7ac-c987-4829-815e-d3181af0b6df,Bhavani Ramaswamy,FEMALE,Officer,10
945a4f70-d87f-40b9-b251-9f3bbabea83d,Madhav Sahni,MALE,First Responder,10
f653a039-848a-4cfc-9480-8bf2f7799b58,Janani Bhardwaj,FEMALE,Doctor,10
f3b3055e-e23e-4e73-997a-ce26a23c2f78,Manthan Narang,FEMALE,Fireman,10
81b86c20-8dc8-443c-ba6a-9f0bfecfce98,Vinaya Agate,FEMALE,Fireman,10
4ea531bf-26cb-4d08-bc3f-98fb7a5a5536,Kavya Mani,FEMALE,Volunteer,10
772e1b7b-dbd4-483f-a75f-5937016b5336,Girik Raghavan,FEMALE,Fireman,10
204227c4-bfdd-453b-a26e-17216e1c77ae,Dev Sundaram,FEMALE,Volunteer,10
332d1125-1e00-496e-ba2c-3638e7752889,Yutika Kamdar,FEMALE,Officer,10
13613303-ea5c-4d34-866a-ec1b056d56bb,Chanakya Aggarwal,MALE,Officer,10
04b7bf11-daa6-486d-a0b9-db123f1f9f1a,Shravya Chhabra,FEMALE,Officer,10
af6560fd-9994-4eaf-b33e-4acda475149a,Libni Chatterjee,FEMALE,Volunteer,10
e804d95f-b861-4552-80f9-94923e908d71,Bakhshi Varty,MALE,Officer,10
a749ad2c-abfa-4384-b8b6-1d720820faf8,Maya Buch,MALE,Volunteer,10
82342ca6-f288-4f2a-b412-b3ab87c499a2,Jagrati Shroff,MALE,Fireman,10
d7d26b6a-a84f-4651-bfc5-1fa0c0013375,Madhav Maharaj,MALE,Officer,10
abac6bb2-2211-4cf0-89df-b09bad67be5e,Avi Nigam,MALE,Fireman,10
e7e0a323-1d52-4318-8fd1-0f3af991e09d,Edhitha Nagi,FEMALE,Officer,10
9cfccbef-625d-458f-b53d-fac5db9b73f7,Patrick Bhagat,FEMALE,Volunteer,10
c527924d-d69a-4905-bc34-abd3e118aa3d,Abhimanyu Sachdeva,FEMALE,Volunteer,10
b62f2f0b-6c6b-4d65-a572-6bc4ef2dc4a9,Fitan Kota,FEMALE,Volunteer,10
7b0b712d-a79e-436e-ac19-9dd80e1cc65c,Mugdha Dua,MALE,Volunteer,10
8e021a69-524a-430d-bf67-f4e4272fcc31,Yuvraj Dave,FEMALE,Officer,10
3da4f9b4-d03f-4b26-8c10-7796062ed37b,Lipika Dhillon,FEMALE,Volunteer,10
21b9b99b-e55d-4bbe-b93d-21c42c0eea95,Abeer Sarraf,MALE,Volunteer,10
b1fc00ce-79b3-4e32-a7bb-88f72ab79fc3,Mitesh Prashad,MALE,First Responder,10
971bb2e6-fa48-48f0-b838-2c61b21c68e0,Matthew Thakkar,MALE,Doctor,10
3f427959-2d2f-477a-b35a-42be9e597843,Michael Nayak,MALE,Officer,10
d3bf8383-ba81-492b-b732-379084b8a623,Varenya Pal,FEMALE,Volunteer,10
4bcd15f1-e5fd-4d5a-afff-599fd28fd99c,Chanchal Arya,MALE,First Responder,10
93b91d94-26cc-464a-a7fc-45eed63183c8,Chaaya Oza,FEMALE,Volunteer,10
a01b0d4d-f63f-48c7-bad7-1caf7a7ad6b1,Leena Balan,FEMALE,Fireman,10
46a262f6-fec3-4f50-bebd-2c9e688df28d,Lucky Pant,FEMALE,First Responder,10
56a88d1e-c184-474c-9011-8b48a117b2c0,Edhitha Shere,MALE,Doctor,10
ae5fb9ff-c5ab-4349-a1b3-222096229089,Aradhana Viswanathan,FEMALE,Officer,10
8f922687-d13e-4fc6-971c-2179e50d38d9,Devika Andra,FEMALE,Doctor,10
68d8688e-13a8-4dab-ac4b-9aa8835f953e,Ranveer Sodhi,MALE,Fireman,10
62f48fc4-5fc2-46cb-8119-4a19132f84dc,Vaishnavi Narayanan,MALE,Volunteer,10
d96e806a-065e-4e8d-b5b3-5b44c90b832c,Jagvi Varkey,FEMALE,Doctor,10
30c1516a-afc4-4100-b358-3a6f3c1d4124,Devansh Boase,MALE,First Responder,10
cc52b26a-762b-43a1-8af2-ef531a718a72,Netra Jha,MALE,First Responder,10
1cc1a555-86c4-4917-972a-5101c3cdcaec,Kala Wadhwa,MALE,Doctor,10
fbdf1393-113a-4a15-9090-95a76be7e0e6,Bachittar Devi,FEMALE,Volunteer,10
45383120-5689-4129-86cb-29eeae0cd5f5,Hredhaan Bhandari,FEMALE,First Responder,10
18f915e1-a25d-4665-af04-74ea1a23335a,Tanish Kar,MALE,Fireman,10
20d836c5-15d0-4355-b76c-b30a7e846586,Pooja Dubey,FEMALE,Officer,10
2fb00237-6b10-4464-95ec-b8a49d7bfce5,Arunima Balakrishnan,MALE,Officer,10
959170d3-cd7b-4855-80d4-3e5bb07d9f2d,Anya Dewan,FEMALE,Fireman,10
36bae2c4-f299-4970-9dbb-867f91161b36,Eta Hayre,MALE,Doctor,10
dddcbe06-9789-4ab7-a841-8403453bf7a7,Manya Rajan,MALE,Volunteer,10
aeb435bd-eec8-4847-850d-2485f68057f6,Daksh Mand,FEMALE,Fireman,10
b3521498-65b3-4b78-8a9c-818d594bb321,Falguni Baria,MALE,Doctor,10
adac2cb5-22d0-4b64-99ab-f95f2ce466b3,Advik Panchal,FEMALE,Doctor,10
87d583ec-ecc1-4afd-97e6-357b2b27d3a9,Daksh Natarajan,FEMALE,Officer,10
df7c93d7-fafd-4a20-86b3-6dc4db6cb634,Lakshmi Dubey,MALE,Volunteer,10
25b8fcfb-e747-4bd7-8042-23aee7917517,Aadhya Shan,MALE,Officer,10
0ae7a4cf-5ce8-4bce-ba62-6f71e30b7533,Prisha Nagar,FEMALE,Fireman,10
b1d48a5b-754d-4968-800f-23562d811369,Panini Shukla,FEMALE,Volunteer,10
f6967925-dc8e-4a7b-a49b-845d347a6f9d,Kamya Doshi,FEMALE,Officer,10
283cf991-c74f-4a2e-b429-fae75432d640,Vedhika Mitter,MALE,Volunteer,10
02cdac77-c980-43bd-968b-23e0b90644bc,Aachal Kapadia,MALE,Doctor,10
d924664e-2d49-4008-b1b7-c24bd8e3c91c,Ayaan Virk,FEMALE,First Responder,10
c9607dfe-cba9-47cb-b308-5d5d814a2fe8,Advaith Raju,FEMALE,Doctor,10
a031c854-7d39-4288-b737-4753ea0ac479,Ethan Goyal,FEMALE,Volunteer,10
7b28cf3e-0e25-4208-a7d2-61de2532715d,Sanya Shenoy,FEMALE,Officer,10
c2ee4168-4146-435c-9b9c-80b90f5c7f78,Chakradev Samra,MALE,Doctor,10
fbb8cf70-69fc-4143-ae4d-a633a7e099f8,Ekansh Pall,MALE,Fireman,10
6a2f88dd-068c-4dba-86c5-07d59e3f7bfe,Sneha Sachdev,FEMALE,Doctor,10
2c9d1865-6914-4907-8aa5-dd326850b7a1,Onkar Bhagat,MALE,Doctor,10
3620b3c5-aec0-4ad6-8531-e00ae031cebb,Karan Das,FEMALE,First Responder,10
71b7f593-fdf1-4220-b931-9acd98881cbf,Falak Chada,MALE,First Responder,10
45c01f9b-b1c7-4a28-8337-c13766d67de8,Darpan Gandhi,FEMALE,Officer,10
04e9113b-f7c1-4ba3-abc4-e9a720d79f3b,Eshana Arya,FEMALE,Fireman,10
23dd8d89-213b-49c8-956f-c23c7262c0ab,Noah Kakar,FEMALE,Officer,10
8d7a3a19-e2f3-4484-8def-842ac332343d,Advay Nayar,FEMALE,Officer,10
c57e9f3f-cc05-4570-a57e-7fab6f1e5ec4,Theodore Kohli,FEMALE,Doctor,10
d7f07410-5b2d-4067-95bc-b59393af9349,Manbir Butala,MALE,First Responder,10
acc82496-b818-408b-9139-028329653844,Faris Choudhry,FEMALE,Volunteer,10
c5794153-bd11-4b09-b507-ab220b00f924,Amara Kuruvilla,MALE,Doctor,10
c31d2942-1200-4294-88b0-32ecd548f0ea,Harinakshi Buch,FEMALE,Officer,10
b2940976-b550-4ea7-a2dc-1cc109634a97,Balendra Hans,FEMALE,Volunteer,10
16da6690-415e-4a4c-82c1-440c8c85b986,George Tiwari,FEMALE,Officer,10
5d73c484-ab84-4e6f-805d-e3c2be270050,Aarna Rao,MALE,Officer,10
ad3aa55a-58a9-4a54-b546-ea92d6bfb129,Jeevika Mallick,FEMALE,First Responder,10
646db861-cde6-4c0d-a06e-ec000ee26e83,Vanya Kumer,MALE,Officer,10
34fb9b8d-f6d9-45e3-ae56-0b00772adc33,Pranit Pau,MALE,First Responder,10
dc70a6b5-d796-49b8-8ddd-283df06c5ebf,Raagini Mishra,FEMALE,First Responder,10
595d498e-e73e-4106-b835-62b52df2f88b,Bhavna Sankaran,FEMALE,Doctor,10
3203021e-7fdc-4b7a-a650-d114ad0e2b32,Bina Rout,MALE,First Responder,10
ec138e4d-818e-4ec3-ab13-d3694c469320,Hemang Reddy,MALE,Officer,10
98bbe915-9b2a-4422-bd76-02c97e7f41be,Zilmil Koshy,MALE,First Responder,10
8a0fad09-cd21-44da-8da6-e5c8cc88a2c8,Brijesh Soni,FEMALE,Volunteer,10
fdf225eb-8eb8-4eb2-aba2-3c1860443123,Azaan Master,MALE,First Responder,10
2cf1c6ad-f101-4f65-8947-aa7ce3eb478f,Krish Ray,MALE,Officer,10
b4778ee6-f0a9-40fc-9d4a-fc11ebfdcaac,Gautam Oommen,MALE,Volunteer,8
355101b9-74b3-453e-80db-71c278a4eb26,Rajata Kara,FEMALE,Volunteer,8
327d7915-9c12-4cc2-a861-9b4a61acac94,Bhavini Rege,MALE,First Responder,8
8ebfab49-5e86-4892-a07e-916ba7f4992b,Dev Barman,FEMALE,Fireman,8
a676cfe9-36d7-4512-ad71-e4f2588e2e4e,Jonathan Anand,FEMALE,Officer,8
b448c4ac-0217-4f74-ba8f-15731157056b,Ranbir Das,MALE,Volunteer,8
542b1e0c-96e0-4dd1-b66f-9243d5f515c5,Warjas Basak,FEMALE,Volunteer,8
0051e362-e181-484c-b03a-0d9baff63ad4,Irya Tak,FEMALE,First Responder,8
b01793eb-2f27-4d0f-a4de-3c58a0289176,Neha Wable,FEMALE,Fireman,8
ca9eb05f-cdac-47c0-bff3-e364619d63e4,Ansh Sharaf,MALE,First Responder,8
82ffd01d-6007-4eb1-be24-4899afb5acf9,Charan Sodhi,FEMALE,Officer,8
be17baed-13f4-4e54-b529-065632be8789,Hiral Mandal,FEMALE,Fireman,8
322cb0b2-b317-46e9-8451-bc309fcb0fc6,Radhika Shan,FEMALE,Volunteer,8
20a9f31c-08eb-4ef0-a97b-6b6f57f36bf4,Omya Patil,FEMALE,Volunteer,8
26ba9eff-2606-4b23-998c-6fa876c64a35,Oeshi Prakash,MALE,Officer,8
7786a1da-3f77-4afd-8492-8888fba2da70,Charan Kulkarni,FEMALE,First Responder,8
712478da-ccf0-4ab0-91f7-cb7b9851453f,Zashil Memon,FEMALE,Officer,8
b4a3ba59-7a97-4130-a7cb-d22feb4d50e1,Michael Keer,MALE,Doctor,8
b9f92cc1-f039-4dfa-9d4f-26903afa7d16,Ishita Chad,FEMALE,Volunteer,8
fb34455a-3fda-455a-8753-7a2bf9f4b454,Vrinda Sarin,MALE,Fireman,8
5b50249f-3394-4820-80d1-85c5da6c57fa,Jagat Narain,FEMALE,First Responder,8
d7eb720f-ccef-4098-8f3a-0191fcd7e6f9,Ronith Baria,FEMALE,First Responder,8
0765501f-b3ec-4315-be0a-6ba001bad8d5,Vedant Zacharia,MALE,Volunteer,8
b1c32e1a-4390-491b-b66a-422bfb1ae551,Sudiksha Zachariah,FEMALE,Doctor,8
d51a8289-580e-41e7-91ea-05e76f8d4722,Agastya Pandey,FEMALE,Volunteer,8
eb95ced4-0196-4015-98b6-cd00243d8299,Jagrati Krishnan,FEMALE,Doctor,8
92f161dc-a9a0-40e0-b06e-c97abf0fe605,Laban Gill,FEMALE,Officer,8
3c5f8ac5-5f30-47ba-9724-4dff529f684b,Amruta Sunder,FEMALE,Doctor,8
a8e7faac-b0a1-4909-ab78-2c5e84df7d81,Vyanjana Mangat,FEMALE,First Responder,8
b6da1afb-40fe-4e57-a599-24efa97f5587,Ishanvi Devi,MALE,First Responder,8
ffbbd97f-bc07-468e-8c63-a73e6ff9a72d,Idika Gupta,MALE,First Responder,8
e86cbda1-1c49-4d0f-ae6d-1f492ec7d402,Lohit Rattan,MALE,Volunteer,8
5f2ba05a-ce1e-4a82-8eaf-4160e7dea9aa,Yadavi Raju,FEMALE,Doctor,8
b37703bd-732d-4a55-8fa7-6ed90f2718da,Mitali Rama,MALE,Fireman,8
342bbf17-8387-43eb-97b7-73c227b95950,Aarini Khanna,FEMALE,Doctor,8
61ae9900-4477-49cb-95ae-418ac986ba74,Gautam Madan,MALE,First Responder,8
f812c4da-061e-490b-9ae9-c6a94f76194a,Lipika Jaggi,FEMALE,First Responder,8
b8f85680-28bb-4a57-81e8-82dc6dbca1a7,Laksh Shan,MALE,Doctor,8
4bfce58e-60d9-4269-8d04-d33056b09867,Harish Yogi,MALE,Volunteer,8
4be8be9a-d9fc-42e9-8de6-efe38e6584f7,Pahal Naik,FEMALE,Volunteer,8
a0cc8f9c-cc11-4bd1-87cf-d8eda8e8ee67,Udarsh Shan,MALE,Fireman,8
3474182c-1d1c-4452-b680-79c6464270c6,Maanas Bandi,MALE,Fireman,8
099127a1-5d52-4fa4-b66c-24a46e05ee73,Jhalak Majumdar,FEMALE,Officer,8
92216b27-9a54-4d25-b5db-614b8afa240b,Urishilla Kaul,MALE,Officer,8
a4738fe8-d2b6-4f44-9992-944131ecf5e6,Amol Wali,FEMALE,First Responder,8
b534564d-d2c9-463c-adcf-644f44d29b70,Vinaya Sur,MALE,First Responder,8
e8e677c6-e14e-4a8f-8bbe-1f3678553b56,Riya Mohan,FEMALE,Volunteer,8
206f610d-00e9-4b5e-8332-8c898b12067c,Girik Konda,FEMALE,First Responder,8
68489cd8-4135-4ec6-908a-7f823d71fffc,Jack Bali,FEMALE,Volunteer,8
e8bd2171-a245-4997-ba74-a3ea879b17b8,Shaurya Hayre,MALE,First Responder,8
5c5c9628-98dd-40b4-96ce-739db3ebd22b,Pranav Borra,FEMALE,Officer,8
b341b2d2-56e6-44c9-82b3-3063668abca0,Janaki Parmer,FEMALE,Officer,8
00982eed-cbe6-46f2-a78b-fe36d168ffb5,Harish Sama,FEMALE,Officer,8
f40d47d1-cf87-4ba5-bcaa-3b637349984b,Aachal Joshi,FEMALE,Volunteer,8
b4f27000-de80-4081-97ac-7514693eb2cc,Aarnav Srinivas,FEMALE,Doctor,8
e8c0ef92-b6dd-4205-81da-0834d825e850,Yashica Dugar,MALE,Fireman,8
404a1242-d953-4043-acb6-da7695335cc0,Warjas Chana,MALE,Doctor,8
0035e2ce-0262-4f97-8f0a-a23a3c283259,Mohini Dutta,FEMALE,Volunteer,8
75231d23-b2a3-4fb9-ae7d-ceac26dc5092,Faqid Bala,MALE,Doctor,8
5165f96b-d8b7-4103-854b-916d1b0960a3,Charles Barad,MALE,Fireman,8
a551e791-6c76-40bd-a8c4-17604990b02c,Gautam Balasubramanian,MALE,Doctor,8
0f7117a8-47f2-4e1b-9415-56d966873cd1,Charles Johal,MALE,Volunteer,8
4f6e0f51-ceba-4913-923a-a2edf358f34c,Watika Khare,MALE,Officer,8
374f6fe4-a688-4243-ab08-1c8c74c6fbac,Dhruv Munshi,MALE,First Responder,8
5e7fa54d-673f-4e58-b2e4-cc397583c667,Jairaj Gola,FEMALE,Officer,8
b86dd061-68bc-4760-96ef-d563cc6930a5,Rachita Ranganathan,FEMALE,Doctor,8
ee20b889-cca2-4327-ba91-3ff79687dd8a,Bimala Chauhan,FEMALE,Officer,8
b9f64458-016b-4f7a-9138-06c750d707c5,Isha Naik,MALE,Fireman,8
e521b78c-1e0c-4e71-a74d-73f69601f93f,Saanvi Dara,MALE,Officer,8
215f56e0-176a-41c0-af87-3bc7d9454767,Pahal Dugar,MALE,First Responder,8
8f4adce1-6426-4920-912e-fe6015f808ef,Vritti Sawhney,MALE,First Responder,8
88464d60-1a07-4fd2-838c-82bc24d7728f,Edhitha Ghosh,MALE,Officer,8
125a2ab6-cea6-41fd-8627-af4d0e334434,Maya Bhardwaj,MALE,Volunteer,8
b8cddf09-1102-403e-84f0-e10cedf89ccf,Darsh Pal,FEMALE,Doctor,8
8ada1e9c-f168-46e5-9f81-35df7099ccd6,Dayamai Arya,MALE,First Responder,8
3b21eaae-2b00-4357-8420-9eeb8c989a89,Ridhi Minhas,FEMALE,First Responder,8
2c2886dc-19a9-4a3a-a1f1-ceee8683298e,Jason Arora,MALE,First Responder,8
49fd97ce-c8d9-4986-bff4-f939176de73c,Harrison Hayre,FEMALE,First Responder,8
20e140ae-1135-423d-958a-4a4aade9a7ed,Azad Kari,MALE,Volunteer,8
7fc9333c-a3d1-4e81-bb96-2f769334bd48,Urmi Chatterjee,MALE,Officer,8
4fad5ee7-05e4-4509-96d4-6cd215ee7711,Abeer Wali,MALE,Doctor,8
844148e1-0942-4f3d-99b6-d2b3b3af4e4d,Darsh Sehgal,FEMALE,Fireman,8
6bebcd03-905b-47ec-aedd-7f2ef8fd3282,Wridesh Mutti,FEMALE,Doctor,8
f78e6c21-ba67-4116-a581-3711b6fae0d0,Chanakya Mahal,FEMALE,Volunteer,8
e1cbae02-7bf1-4437-8c1c-1acf8920dc53,Idika Sachdeva,MALE,Volunteer,8
5066e8db-b4f5-4c4b-b667-b14c1808b758,Naksh Kannan,MALE,First Responder,8
4f5036b4-cc78-4389-a461-5e848a8955d0,Dominic Shan,FEMALE,First Responder,8
2ae734ba-d0eb-453c-849c-7947f04f9106,Advay Shroff,FEMALE,First Responder,8
dbcc53cd-c345-4e3c-a94a-ab430fe92d56,Viraj Rama,FEMALE,Doctor,8
94740387-48d6-47a6-9f9f-88b0bd7baef1,Siddharth Saha,FEMALE,Fireman,8
77529e36-7e92-40ad-a552-5131dd5ec668,Adya Brar,MALE,Doctor,8
8c29cd69-a31d-4e22-86fe-54191f9797b7,Akshay Ramanathan,FEMALE,Fireman,3
b3b29d3e-403c-4f98-ac0a-143844dd987f,Harini Pau,FEMALE,Volunteer,3
8173f64f-6286-46a8-8df7-800c2610eb49,Krishna Ratti,MALE,Officer,3
50d114f7-408d-475a-b919-929476f455ae,Bhavya D’Alia,FEMALE,Doctor,3
e7ac01f7-88d8-4836-9d3f-735f06ebfdd6,Jason Dasgupta,FEMALE,Fireman,3
b51d5784-66df-4651-a5ea-ab3945ee45c0,Aadhya Srinivasan,MALE,Doctor,3
a2d75a57-a3b6-48ca-b060-d9efbc5452b7,Utkarsh Wali,MALE,Volunteer,3
66a2fd67-8123-4341-af97-c15aff49d980,Abdul Dutt,FEMALE,First Responder,3
9c691b4f-88df-41f8-a169-760c06dd4264,Dipta Ravel,FEMALE,Volunteer,3
f894b050-f302-4124-8832-14a61eba13a0,Jai Murty,FEMALE,Volunteer,3
872b69ec-5a4a-4754-b2f4-6fb3e0581954,Yashvi Bandi,FEMALE,Fireman,3
4db48077-4a8c-435b-bbfb-3c1a6896f0b4,Manya Nazareth,MALE,Volunteer,3
af6f14fb-03b6-4841-a184-780f56e65470,Naksh Kata,FEMALE,First Responder,3
0aa4193c-0d9a-47a6-a703-48dd7d6ab9ed,Nakul Baral,MALE,Volunteer,3
d5338b42-7b21-4a38-b732-f7cc21cdebaa,Zehaan Lata,MALE,Fireman,3
43365d98-2ed4-433d-a9a2-829417be5994,Krishna Basak,FEMALE,Fireman,3
98345837-96a2-487c-8a49-c8564f640cd4,Gagan Ratti,FEMALE,Doctor,6
7903cb49-a9c7-4296-a56b-1b704dfc13f6,Ishanvi Vala,FEMALE,Volunteer,6
74ff2bee-b9c9-480b-be4f-e0e7576dea54,Harrison Sanghvi,FEMALE,Volunteer,6
0ddcc198-f7a5-48ef-b9ad-eba2f856c21f,Onkar Khare,MALE,First Responder,6
e613371c-06da-45eb-b61c-5373c54a252e,Aarnav Mody,MALE,Doctor,6
8acce298-7d2b-4f88-bfb2-ab9310450714,Tarak Venkataraman,MALE,Fireman,6
9ec46a5c-d61b-4810-b6c6-35e45df30088,Mitesh Mand,MALE,Officer,6
11c49acc-0ae2-46d4-9b29-292c618189f6,Janani Bakshi,FEMALE,Fireman,6
e4a2e562-84f7-45c6-aa04-d4f61d5cecd3,Divya Manda,MALE,First Responder,6
385fc5e1-df54-4584-a794-4e0f39f7ad96,Aachal Sodhi,MALE,Volunteer,6
a30092ee-b5a5-44e6-b588-b638d3dcb98c,Jagrati Dubey,MALE,Fireman,6
87d4a5a2-b55c-48f4-8a31-f0489d979efb,Krish Bedi,MALE,Volunteer,6
9747a96b-01d8-4743-b76c-9b0ce144f338,Tara Naik,MALE,Doctor,6
c6d95095-756f-40e1-b106-0b9252ce556e,Anita Divan,FEMALE,Volunteer,6
3b9dd490-724f-4afe-aa46-83e24bc48105,Dayita Parikh,FEMALE,First Responder,6
ecd762e4-1394-4cef-b351-6385e038852d,Dhruv Sem,MALE,Volunteer,6
27e9feba-a584-46b1-95a3-49e5994c25d0,Madhavi Thakur,FEMALE,Fireman,6
568d9e01-9eb1-40bd-8920-7f2e57a723d5,Turvi Bora,FEMALE,Volunteer,6
42cfbc23-5770-4b55-b531-9f8220905f06,Zashil Wagle,MALE,First Responder,6
50ccbbcb-8645-4302-bfee-795044d46ede,Eesha Khalsa,MALE,Officer,6
b4ffe784-7a14-4ba3-9d85-9d8efeed447f,Damini Amble,MALE,Officer,6
34dd0c6b-c087-48d7-b6d6-bbf9c47b3432,Tanish Keer,MALE,Volunteer,6
84bd0f7d-f256-477f-8331-7606c086a995,Harrison Dey,MALE,Fireman,6
509475a0-0019-45a5-9f75-53cde597f7ba,Yashawini Walia,FEMALE,Officer,6
2217eac8-cdcd-4642-89b3-c7ef422a87f5,Gaurang Grewal,MALE,First Responder,6
9b42c5d0-388e-4c31-83f9-7d74fd50660f,Neha Boase,MALE,Fireman,6
462e4414-9ad4-4f37-bc80-29319cbd7c85,Zilmil Om,FEMALE,First Responder,6
49a681a0-463b-4059-ac9e-9203d1452d8f,Ria Bhatia,MALE,First Responder,6
b9cff5bb-7949-432f-a6fb-b7a4d522cf75,Samesh Naik,FEMALE,Doctor,6
81aa6dfb-3e8f-4491-9beb-4d72d9f6d0cd,Udyati Krish,MALE,Fireman,6
5f9e6e89-fab8-41ec-bbf6-ee8df84dd7ff,Tristan Sant,MALE,Fireman,6
64d13dff-c35f-49a5-961a-114f9e857a05,Madhav Kumar,FEMALE,Officer,6
325786bd-4eb9-4314-b25a-d30938e24c84,Bakhshi Mahal,MALE,First Responder,6
19a8ecfc-14b9-483d-9d03-72b04c7df243,Ekaraj Setty,FEMALE,Volunteer,6
84ba5f14-987b-4a85-906d-bd1e6f29ef05,Lavanya Divan,FEMALE,Fireman,6
15e86f59-65e0-41bd-9d76-664eabaf46b2,Azaan Pai,MALE,Officer,6
1b1f373f-d7d7-4bcb-b3a9-85bd86ff5402,Vinaya Nagar,FEMALE,Doctor,6
fd47aba4-2275-4d4f-af68-cb3d6bb239e4,George Raj,FEMALE,Fireman,6
b24d8431-2c43-455d-b82a-4ae348fd75db,Dev Brahmbhatt,FEMALE,Fireman,6
b9d372db-9249-4c0e-a048-ec01d93936c0,Amol Chawla,MALE,Fireman,6
b24c6ca4-3f6e-46ed-b7ca-c17045aaad66,Nikita Kala,MALE,First Responder,6
f6012951-55d0-4235-8993-22cf5fb934e2,Ikbal Khatri,FEMALE,First Responder,6
6f70905a-c9ab-4a02-8794-665a3354d5e1,Jackson Dalal,MALE,Fireman,6
ce0b6b3b-3ffc-4177-b129-d7faaa469c9a,Anirudh Deshpande,MALE,Officer,6
2f915336-5497-43f0-96e2-c459abc1a9b9,Mohini Koshy,MALE,Officer,6
883620d5-937d-488e-9465-8a7789caa1b4,Vedhika Khurana,MALE,First Responder,6
86cb5c9d-f2cf-4672-83c9-028d17365179,Girish Tella,FEMALE,Volunteer,6
7bd056f0-5ac4-45ef-816e-c7e8727cc6e0,Omkaar Bumb,FEMALE,First Responder,6
a7299fd3-51d9-4de4-b3f5-d38674fd2278,Oviya Chacko,MALE,Officer,6
f01a458b-22c0-416c-b97a-b42636b5f446,Kai Tandon,MALE,Fireman,6
3a90c834-8cc1-4c6b-9e46-e6202ada7bfa,Tanmayi Batra,FEMALE,Fireman,6
8d1fd655-92fa-4139-9218-ae786a5234ac,Pranav Thaker,MALE,Doctor,6
fc76b81c-e194-4fd5-8f0e-73a72fbec91f,Noah Issac,MALE,Officer,6
d4f619af-5584-49c6-93bc-fd9222228622,Finn Bail,MALE,Doctor,6
c15ca1c2-ae3e-43e3-86ba-5755d8749fa7,Daksha Sarraf,FEMALE,Fireman,6
8856ea4c-9aa7-4d2e-9cf9-3fbee70bedc6,Hema Jani,FEMALE,Fireman,6
f9c5868f-b1f4-4c62-8852-2e7479daaa62,Joshua Sidhu,FEMALE,Officer,6
79540016-7306-45c4-bd40-a4bbeafdf66d,Laksh Khanna,FEMALE,First Responder,6
4b0af63d-00ae-43f6-98cb-e0a9536d4882,Yuvraj Merchant,FEMALE,Fireman,6
13aee1e1-7f47-4500-b70e-8a4c8cb6aa38,Harini Tank,FEMALE,Fireman,6
67b3a770-9ff9-4529-bfb7-6de13ea34d2b,Vritti Dhawan,FEMALE,Volunteer,6
31fc81fd-995d-49a4-8f22-388c6ec1ae6b,Veer Ganesh,FEMALE,First Responder,6
5934ea02-7e65-42c5-ad90-c3da70733908,Samesh Grewal,MALE,First Responder,6
f463488b-1621-450c-b609-83dc7bb43680,Anay Chaudhuri,FEMALE,Volunteer,6
60e0dd2e-2e93-4d34-b25a-afe1d2405528,Zashil Sahni,MALE,Officer,6
85a3122a-091d-4cfc-9f7e-96bb8ef00fa6,Tanay Wali,FEMALE,First Responder,6
b7d29088-bcad-42d8-9d64-b55d46f01da7,Bhavya Loke,MALE,Doctor,6
82636cdc-c79f-4129-bd74-2adf6849336f,Edhitha Yohannan,FEMALE,First Responder,6
3f356109-7f8a-465d-80c8-835cf7c8f774,Yagnesh Khalsa,FEMALE,Officer,6
3edd605e-a9c7-4733-b673-a3979fa5ba1f,Nathaniel Pall,MALE,Officer,6
c3d62d9f-771b-47c5-8e22-4d090423c43a,Tanay Radhakrishnan,FEMALE,Officer,6
9e8f0b72-5d27-488f-99b5-20dee3279b03,Yasti Rana,MALE,Officer,6
b54fbf53-ca41-43d8-957f-ee75815e6777,Thomas Pingle,MALE,Officer,6
1f3c84f2-bfe1-4d59-a1da-198c1d3b3912,Rohan Anand,FEMALE,Fireman,6
9d8186a6-a5f0-4cb9-b731-b63680660292,Yatan Sarna,MALE,Fireman,6
da03991f-5dbd-443c-b60c-c02235b0fc55,Chakrika Chaudhary,MALE,Officer,6
fc7523b7-0b7b-40a7-9b18-96a6516e8b5c,Fariq Raman,MALE,Officer,6
9c7966f0-0a72-4228-8d2a-52476352d03a,Shivani Srinivas,FEMALE,First Responder,6
cff97b1f-e9da-4969-a7ae-c0dd0abfaa41,Neelima Arora,MALE,Fireman,6
2e73bc27-64bb-4fa7-a3a6-1f0d0f7ed7d4,Farhan Chanda,MALE,Officer,6
5b4dbb14-547a-4e7f-b15e-04595e1ae90c,Amaira Ramesh,MALE,First Responder,6
5b9703e7-2d0d-4ef8-9321-ec90a9022688,Chaitanya Hans,MALE,Doctor,6
1cc7ae91-71f7-49df-bba6-90ba23406ddf,Vasatika Prabhakar,MALE,First Responder,6
8a67cc2b-988e-4f83-b5e9-6247fb667542,Nathaniel Puri,MALE,Officer,6
4b3d4c49-6551-4628-bac4-a29ddc894bed,Tanvi Sachdeva,MALE,Fireman,6
de84b8f6-b9a9-479c-945f-03bfc3b3a9cf,Hiral Pall,MALE,Volunteer,6
42386a64-bc26-4ada-96e3-8324a6903a4c,Chandani Raja,MALE,Officer,14
7308938e-3373-420a-b843-2aec05b2d4ac,Zaid Vasa,MALE,Doctor,14
9985f932-9a2d-44ad-8af4-47a4d247213f,Brinda Chaudhry,MALE,Fireman,14
4116804d-f24e-481c-86d1-ccc8a7ff36fb,Neha Aurora,FEMALE,Doctor,14
c2699757-b73d-4e09-8478-966743e8dfb3,Luke Tiwari,MALE,Officer,14
e575d23e-f838-496a-9a9b-ff2eab71d077,Aarnav Bhalla,MALE,Fireman,14
5f5e1b21-030c-4b4f-a3c1-5bd8eedc0697,Noah Cherian,FEMALE,Doctor,14
1e0956fd-ba8d-4e00-830e-1c80b4923a74,Chameli Mangal,FEMALE,Fireman,14
5a02014d-2e9a-4a2c-8023-8278b4768396,Om Sridhar,MALE,Volunteer,14
f6c213e2-8692-4679-9ef3-84df0a4b2939,Amaira Kalla,FEMALE,First Responder,14
483945fb-a5eb-4bde-a7f8-0a511140639d,Manan Mammen,FEMALE,Volunteer,14
2ad15b61-d7bd-4aea-839e-7d8ad316d427,Aarini Venkatesh,FEMALE,Fireman,14
c782afaf-9e97-448c-88fd-37965283dd12,Hritik Kala,FEMALE,Fireman,14
ba70fce3-25cf-4d27-ad7e-f77c32e5f1ac,Saksham Tata,MALE,Doctor,14
995ef82e-7ba3-4771-8a1f-8d947a8b33ee,Indrajit Sha,FEMALE,Fireman,14
8f44b236-13d3-4cf8-b2de-301a5957e412,Wakeeta Pau,MALE,Volunteer,14
0c122d71-d0d8-4bb0-8b9b-f5bf45ece08e,Vedhika Bhatt,MALE,First Responder,14
5ae5904e-a298-40d4-aa15-b9aa5e5890cb,Sai Nayar,MALE,First Responder,14
3bf74c6a-ad8f-4999-b62a-88dadbe17322,Eshana Pillai,FEMALE,Fireman,14
b9cc15f9-c5ca-419a-804a-0eeb975c1d33,Gautami Kashyap,MALE,Doctor,14
bdcf57b5-8160-4d27-bec8-e8c02f04ff2c,Liam Walla,FEMALE,Fireman,14
9005a8bc-a05f-4719-82c0-1db141a0bbc3,Ekbal Sengupta,FEMALE,Volunteer,14
21789c30-240e-43a4-b5aa-f09ade472b18,Qabil Dugar,FEMALE,Fireman,14
565a76d9-ecf9-436f-a3f5-a588466a69c9,Mekhala Purohit,FEMALE,First Responder,14
fac6daa8-75d8-4cfc-bcd4-f8a5d3e85592,Sanya Jani,MALE,Doctor,14
37247355-b0ff-47bd-858b-a68e854c0d77,Ranveer Lanka,FEMALE,Volunteer,14
ae7ae1db-0c37-42ab-82b1-05ddb07d7ea7,Qushi Wadhwa,MALE,Volunteer,14
4e6e3953-93e1-423f-874a-312276a3c6ba,Urvashi Khosla,MALE,Officer,14
5a479ae1-19a6-4ef2-80f5-e888e3734f27,Dhriti Dhillon,FEMALE,Doctor,14
f9418adc-fdf9-41b1-a600-fdb72ee3e2b9,Januja Choudhry,MALE,Doctor,14
13c1777a-289c-4067-8925-667cd28c0e39,Vedant Goda,MALE,Doctor,14
c778f2b5-cb1f-4fd5-95be-85fb55809ca8,Upadhriti Devi,FEMALE,Fireman,14
60255ca8-8537-49d2-9013-ff09bae2e18a,Warhi Gour,FEMALE,Fireman,14
01c9a806-4eab-403d-85f6-9634ceb0c8e2,Pranit Gole,MALE,Officer,14
d2e52c3e-6ae3-4c4e-b0be-0c945b1e55b8,Nicholas Prasad,FEMALE,First Responder,14
e97655ad-5b04-4f97-854d-caa934cad68d,Manthan Balay,MALE,Officer,14
2dfc25d8-7a6a-4754-affa-a0726bdc7b28,Yuvraj Dave,MALE,Fireman,14
564e2ad6-47fb-4e0e-b69d-c7724826a458,Mugdha Prabhu,MALE,Officer,14
4fb2264f-da58-4748-9888-10c905bf0a01,Gunbir Karan,FEMALE,Doctor,14
26e944c7-0f19-4ea3-9d58-daf4ccb89106,Aachal Zachariah,FEMALE,Volunteer,14
da6532d1-2104-4a4c-963d-d26ee56d5426,Suhani Acharya,MALE,Fireman,14
dcdce14d-74c9-42c0-b450-165581590083,Kamala Majumdar,MALE,Fireman,14
1390e53a-8ac0-433b-a4f6-8c1d0a95d761,Dominic Cherian,FEMALE,Fireman,14
adb01f3c-4d89-4cf6-804d-d64e3cad3c08,Benjamin Keer,FEMALE,Officer,14
1f28c12f-24fd-4119-98fe-ee0bb1b7b32f,Ubika Lad,MALE,Doctor,14
abf53714-b729-400f-b0c5-8ec60940a274,Abhiram Mohan,FEMALE,Fireman,14
90ec9b6d-1867-4581-8293-4b72b7151faf,Quincy Deep,MALE,First Responder,14
cec69ee2-5a33-47ad-aaa8-59afacd6e86a,Gautam Som,FEMALE,Doctor,14
24abf971-7218-4222-941a-03ebcf634113,Ishanvi Batta,MALE,Doctor,14
91da90cc-0288-4858-b84c-b9ccc80bfbd5,Dayamai Dubey,MALE,First Responder,14
0a55bb29-32d3-4d55-b182-1cf1a42ee52f,Vansha Hora,FEMALE,Volunteer,14
ba9d38e1-104d-4ec5-b2e5-141db194bd54,Hritik Butala,FEMALE,Fireman,14
b004b3cf-17c4-4f1b-ad1f-182028a9b648,Theodore Doctor,FEMALE,First Responder,14
b20f43d7-bf75-4404-a7f0-5362f3e282c5,Janani Master,FEMALE,First Responder,14
00503ecb-a352-42d0-b096-93eb7b18179f,Chaitanya Gola,MALE,Volunteer,14
6013b85b-050d-4c2c-a44f-c23d979800ef,Warinder Sani,MALE,First Responder,14
53f5f3b1-7fc6-415f-bbb0-6712a7c9f509,Vrishti Agarwal,MALE,First Responder,14
13cafbba-2a0f-4352-9c50-ac94a4c472b2,Anvi Balay,MALE,Fireman,14
79de595d-c8bd-4ad2-bf1b-432287ba51db,Chaitaly Kulkarni,FEMALE,Volunteer,14
fad62931-d328-4f1b-b1f2-2de4a17a31ce,Ojas Shah,MALE,Officer,14
97a141b6-e203-4d7a-a5f2-b1823ef3984f,Michael Subramaniam,MALE,Volunteer,14
b73d3067-bca1-4b99-b78c-c50d5c97c120,Amol Desai,FEMALE,Officer,14
bffe1382-782a-40a9-ad3b-2943a410bb81,Praneel Shenoy,MALE,First Responder,14
345949fe-2000-4ca7-9363-448d2a8daa14,Qadim Bassi,MALE,Doctor,14
4e12080e-da81-4103-9dec-7665a349e9de,Agastya Srivastava,MALE,Officer,14
ddfaf9be-fa8d-40c4-b637-2f6905f48b48,Nilima Mane,MALE,Volunteer,14
e5d607c6-4f85-4a1a-a182-b448b5fd2a2a,Ekaraj Merchant,MALE,Officer,14
bbb4aef7-c056-44a7-b369-a48975bce651,Vasatika Choudhry,FEMALE,Officer,14
e6138355-31e5-4540-8ed3-426661a6e22f,Vrinda Sengupta,MALE,First Responder,14
6b726a80-8eae-4db8-acc2-0d93a93b6a47,Nitesh Sengupta,MALE,First Responder,14
22005006-cab6-4238-906e-0902fa29ffd7,Max Bhat,MALE,First Responder,14
7c629f29-f505-42a1-9953-b08c344094b7,Ethan Agrawal,FEMALE,Fireman,14
a9e5b134-429f-4050-a446-67487c1e5a0b,Teerth Hari,MALE,Officer,14
3685a8cc-77f2-4281-8e86-c842001a5622,Diya Gola,MALE,Doctor,14
e25bb2e7-7ff3-453b-ba1b-482d2f77c647,Eshana Manne,FEMALE,Officer,14
ecaac5ca-2d2c-4514-89ae-d0e15aee63d9,Finn Purohit,MALE,Officer,14
8d712072-6bb4-4b82-8e09-5e6f658845e9,Vyanjana Ratta,MALE,Doctor,14
6e3890cf-4133-4f14-baa8-ea10a44802b9,Lohit Sastry,MALE,Officer,14
31b3eef8-1ee6-4d28-8278-892678884cbf,Peter Balay,MALE,Fireman,14
c928674d-0135-4c10-9133-1071ae95adc1,Arya Morar,FEMALE,Fireman,14
44d065b6-b9d7-43e3-8111-b08b3b0ce9b1,Triveni Bhagat,FEMALE,First Responder,14
7f345b46-567a-4566-9af5-55d843516638,Kabir Pal,FEMALE,Officer,14
2586cc33-5aa2-42b1-be61-52204d258880,Darika Verma,FEMALE,Officer,14
25ae5832-e302-4209-a843-5c4df8cae19d,Meghana Gera,MALE,Officer,14
5cdd3b57-1004-4f5d-9e8c-87073f05d143,Nitara Aurora,FEMALE,Volunteer,14
dc22cdeb-f217-46c1-8394-b57ff3bb72e6,Finn Kaur,MALE,Officer,14
c821a1b5-3965-4dde-a427-754414d8fbdf,Isaiah Tripathi,FEMALE,Fireman,14
38cd3d8b-3340-419a-bf6a-0068f0af2efc,Chakradev Keer,FEMALE,First Responder,14
6b076592-179a-4ac6-b8e0-20d66fe2a9b2,Januja Sood,FEMALE,Volunteer,14
2839a417-279b-4225-b332-efb091b5bb78,Vedika Padmanabhan,MALE,Fireman,14
21651525-726a-4054-b946-2849b3299feb,Damini Sen,FEMALE,Officer,14
deffb024-533b-4ac1-a2d5-5a2ea2911c9e,Ekanta Ravel,MALE,Volunteer,14
c9a573bf-eef5-475c-b638-8a99531d5a15,Qasim Jhaveri,FEMALE,Volunteer,14
96913b0c-a72d-49f0-8c1f-c1de21a1c355,Gagan Sanghvi,MALE,Volunteer,14
71953e0b-988a-4b2e-8a43-3e3b8df3cb47,Zaid Cheema,FEMALE,Volunteer,14
ecf00dc2-9f99-4872-91ad-a6bac232da54,Eshana Yohannan,FEMALE,First Responder,14
199d9239-ec44-482a-ad50-0d094d103733,Pranav Menon,FEMALE,Officer,14
e7dd1ded-3d07-437e-bc4d-a15e267379ec,Samar Subramanian,MALE,Volunteer,14
dca382a8-921c-4f3f-9ddb-31149ce56be6,Chakrika Thaker,MALE,First Responder,14
00764f04-4494-41cf-bb9f-de7dfc8c561a,Falan Mangat,MALE,Doctor,14
c0a65ff6-b206-44cf-9155-3fe85a2919cd,Ucchal Butala,FEMALE,Doctor,14
adc6c30f-f5bb-422e-8f9b-1a2eef8b3ff7,Devika Pandey,FEMALE,Officer,14
1b9d9e0e-4901-40e0-9402-1b64ed1c61e1,Imaran Deshpande,FEMALE,Officer,14
9c4fdee9-6875-4a35-a1b7-490f4b5fbe6d,Qabil Bora,FEMALE,Fireman,14
15b884a8-9316-40a9-9eac-68128d0856f0,Nihal Balakrishnan,FEMALE,First Responder,14
183d3379-b44e-451b-9a48-3a26407bb3bb,Tanay Behl,MALE,Fireman,14
d154ba33-392b-40eb-ab47-d1c064b930e5,Tanish Tank,MALE,Doctor,14
f4db184d-e946-4541-83f9-4877d4294a77,Yashvi Sha,MALE,First Responder,14
ba61f904-7ca0-4870-9af9-92e1bff4b571,Zaitra Kata,FEMALE,Officer,14
1b9a0709-f975-4d5d-a18b-637079f5953e,Ekalinga Madan,FEMALE,Fireman,14
5ac0b906-1036-4059-bb4e-b2d8b95403f0,Frado Pall,MALE,Fireman,14
4c667f85-ee3d-457a-bda3-4d58a150789e,Logan Uppal,FEMALE,Doctor,3
c9b931e0-60c6-455c-847c-8b0e6d430fcf,Aarav Venkatesh,FEMALE,Officer,3
ca0588dd-c966-4c8b-a775-c360d1ad627b,Garima Raj,FEMALE,Doctor,3
6c84c2a2-2d04-476a-87bf-22e46f1766b9,Nirja Prabhu,MALE,Doctor,3
3e6f9687-1eb2-4fad-8762-90ee7d129b93,Daksha Mistry,FEMALE,Fireman,3
a79a300d-207c-40a0-813c-bfc55d552840,Nihal Khare,MALE,Fireman,3
73596263-886d-482e-bcd3-f998b514577d,Pranav Rama,MALE,Doctor,3
c453db79-4610-415d-afdd-27402bc40fb8,Harsh Shroff,FEMALE,Officer,3
92167bf8-05f0-4f99-bfc2-a54d6ed5cdc4,Upma Gala,MALE,First Responder,3
fce9e063-4683-4182-a632-fa6aa1215a2e,Charita Tella,MALE,First Responder,3
f6d92548-617a-405d-aa60-42f0131520ee,Ryan Barad,FEMALE,Volunteer,3
71fbb266-3eb2-45bd-bc5b-f72aa5e0ed0c,Upasna Thaman,FEMALE,First Responder,3
f86b426f-570d-49fd-91e3-f53aebb492cc,Dhriti Padmanabhan,FEMALE,Officer,3
e286dd48-5281-4b8d-86cb-c4d89176e0db,Ayushman Rajagopalan,FEMALE,Volunteer,3
7e8f3c61-dfff-43e9-a78f-f69fdc352855,Samar Gill,FEMALE,Volunteer,3
cb095f0d-48c4-4d41-9676-326ba0edf2db,Samuel Mand,FEMALE,Doctor,3
27d4522d-7ddf-4a15-9279-058a9131a146,Reva Nayak,MALE,Doctor,3
bdcde895-24fa-41bc-ac2e-15fdb25d5b61,Harini Ghosh,FEMALE,Volunteer,3
3387020c-c11c-4423-8c02-764351d00193,Eta Chanda,MALE,Doctor,3
3b5a55f3-ba86-47ea-8c4b-e507c07e167a,Caleb Tella,FEMALE,Doctor,3
637b45fe-94e6-41a3-a378-b216d8067a7a,Finn Sharaf,FEMALE,First Responder,3
17589cc5-0b36-4eae-8b69-4618109ea786,Kabir Raghavan,FEMALE,Volunteer,3
81c78af4-88f6-454f-ab71-cfbf56ce635f,Odika Wadhwa,FEMALE,First Responder,3
765d40b4-96fb-47f3-a274-24ee763262d1,Ranveer Vala,FEMALE,First Responder,3
67477dff-0264-47c4-8237-18896e642aff,Kavya Sane,MALE,Fireman,3
509eebdf-e9b1-4781-b0b3-57be9f9e2199,Tanay Minhas,MALE,Doctor,3
ea467a15-39bf-4748-b305-f7c6baedaff8,Bachittar Ray,MALE,Officer,3
92442804-4e76-4b1e-bd87-e3ba1ad2bd84,Onveer Taneja,MALE,Doctor,3
2d207dcf-735e-4440-9491-8d076a2ff114,Turvi Subramaniam,FEMALE,Volunteer,3
22069e4e-598f-4ee9-be71-1ac257a900f8,Vaishnavi Saraf,FEMALE,Officer,3
2ef12d2b-8629-4bca-8f73-f3606c47814c,Kashish Kapoor,MALE,First Responder,3
010cd91c-e242-4756-afaf-8d63bfe4c341,Riya Barad,MALE,Fireman,3
8eb329fe-3878-4ed3-a173-fea5c8efe8b0,Abha Badami,MALE,Doctor,3
df0d25f5-d48f-4beb-af67-55b4a16ec10b,Raksha Kapur,FEMALE,Fireman,3
47e18558-c823-4551-8585-f3c9872e1542,Manthan Ram,MALE,Fireman,3
140d81de-255a-49c8-b590-ebe68dd5f101,Avi Basu,FEMALE,Fireman,3
fbe5e644-0a1b-4feb-a2b1-82c26353f06d,Gaurika Guha,FEMALE,Fireman,3
f1bb60a3-8714-4981-8bdf-6dae0a2659b2,Ridhi Kapoor,FEMALE,Officer,3
adf2ad93-fa52-46a5-90cb-6ad94b27b526,Maanav Lala,FEMALE,Volunteer,3
466873d2-43e3-4c73-9301-3e802dfb18d5,Hritik Ganesan,MALE,Volunteer,3
130606cc-0d0d-43fd-b2d0-395aaca32627,Atharv Raman,FEMALE,First Responder,3
af91ed49-6d42-4172-bd6a-bd3c28f499fe,Wishi Chandra,MALE,Officer,3
2bbc0b7f-75d1-408a-ab28-103ea8a0ea80,Gopal Sha,FEMALE,Volunteer,3
b4400c42-c4e3-43a4-9304-4b51a2ae551b,Vedhika Thakur,FEMALE,Doctor,3
53cd93a6-8ba8-4846-b4cb-1ad8749ba24d,Zehaan Dutta,FEMALE,Officer,3
3eb1c8d5-0833-44b6-b89a-ab437fadd9f5,Vrishti Vohra,MALE,First Responder,3
952b5f9c-0664-4eea-a490-9dcfbe8e108f,Devansh Ratti,MALE,Doctor,3
347cd42a-4513-472c-a94e-aa413cf3cb16,Lajita Dani,MALE,First Responder,3
78c774fb-aa3f-47c9-b626-dbc590fcc1c8,Gaurangi Prabhakar,MALE,Doctor,3
9041e602-2da8-4af7-a032-b14ee19532f8,Aashi Johal,MALE,Doctor,3
a03f5c11-dfe8-4128-a6a9-4c0a2f0b7c58,Chaitaly Rattan,FEMALE,Doctor,3
c3bf9970-f103-4d42-a64f-b927b9564af9,Bina Bhalla,FEMALE,Officer,3
acfa5150-1d11-46ae-9ec7-c1f5433890c8,Samuel Taneja,MALE,Doctor,3
1b2c577a-7470-4f18-8d3b-8a967d958597,Hiral Bandi,FEMALE,Officer,3
43a2fd4b-992e-43a1-b2a4-ffc7b3fb20ca,Bhavini Chandra,MALE,Officer,3
3f845c14-d57c-41a1-934f-9e6da211b4d0,Ekaraj Uppal,FEMALE,Fireman,3
f4d710d1-6b45-474f-9519-ded5dafc638d,Gaurav Borah,MALE,First Responder,3
ad96cec4-83b4-420f-93ac-dd44ab23baeb,Upadhriti Kar,MALE,Fireman,3
50688544-6c3f-454f-a50a-2a702f288b92,Nidhi Pradhan,MALE,Volunteer,3
447a98ab-76e8-49d4-98b1-e335b3c96a0a,Ryan Parmar,FEMALE,Doctor,3
7638a804-0edf-4cc0-8372-77e60e8bb44d,Charles Chandra,FEMALE,Volunteer,3
4c52cdbe-0389-4cc7-af91-d7dbe73fba8b,Wriddhish Sethi,MALE,Volunteer,3
fff91f8a-722e-4b30-be01-b97799583667,Lakshmi Som,MALE,Officer,3
0a2c41cc-c977-45be-9eb0-6cee3e86b113,Frado Aurora,FEMALE,Officer,3
38ad84d5-feea-4e66-b5a3-3747a11be40a,Saksham Mammen,MALE,Volunteer,3
1115033a-1dd1-4c5b-ab02-5f6ca973230c,Zayan Sahota,FEMALE,Fireman,3
a924f9e1-2b21-4c83-9a1f-c3b95f74f4ac,Darika Kashyap,MALE,Officer,3
b12c0310-9934-44ea-b1c3-82a1fac61a1f,Timothy Ratta,MALE,First Responder,3
44b35c40-e8d8-4502-8e58-57760da1739f,Abhiram Sheth,MALE,Fireman,3
9718d880-4e8b-43fb-8f26-ecae994ce033,Lohit Banerjee,FEMALE,Volunteer,3
c305399a-8d3a-4a9c-9fb0-b76164627bc6,Rajeshri Issac,FEMALE,First Responder,3
737fb46f-bc72-4174-8fbd-a2f253daf7d4,Om Varghese,MALE,Volunteer,3
6482fbd5-3b7b-4e11-b9ad-b319be922753,Unni Sandal,MALE,Fireman,3
97e690d7-0766-485b-837d-a7bb9f915b3c,Harish Srinivasan,FEMALE,First Responder,3
4e383908-1ee9-48c8-bbc6-76ffaeca5b0a,Indali Palla,FEMALE,Fireman,3
6f21052b-24dc-475d-8bd5-df17a7fd1c9a,Tripti Bail,MALE,First Responder,3
1c2f384c-53c2-46e3-82f9-da9e909574d9,Sai Bajaj,MALE,Fireman,3
d8171fad-bdd8-43bf-a0ba-13b5b2749ac2,Madhav Vyas,MALE,First Responder,3
352d8bc7-f3ac-4895-8f10-d6bbe4e84630,Balendra Datta,FEMALE,Officer,3
98688208-e531-47f3-bd16-4b6b7e4ed4fd,Dalbir Hayer,FEMALE,Doctor,3
1056fdb2-3897-428c-9f0c-f6259da55691,Jason Soman,FEMALE,First Responder,3
49993798-bf84-45a3-b398-37f3c19b0caa,Aishani Tak,MALE,Volunteer,3
0cf297d5-8220-4988-9014-824aed10c591,Udyati Lall,FEMALE,Officer,3
ec462d49-436f-48e6-8af9-f955e938ab30,Advika Chand,MALE,Officer,3
a9e63bfb-bac5-4d35-97d4-1bbd818a6ce7,Raagini Luthra,MALE,First Responder,3
65b0c329-a6ee-47c6-9372-7fbb81305182,Vihaan Misra,MALE,Fireman,3
662f892e-4cc7-4ff6-a3ef-ec9e4846f97a,Indira Vig,FEMALE,First Responder,3
f635cc4d-cce0-49bc-a198-51c68e51ad61,Damyanti Jaggi,MALE,Volunteer,3
bfac7994-516a-4619-aa67-f24e22d595d9,Tarak Das,FEMALE,First Responder,3
9315f3b5-fc4c-4d72-b58d-b1aead7b0436,Ekansh Pau,MALE,Doctor,3
910d4f9f-977d-489b-95e4-7f45dddd4c8c,Michael Sahni,MALE,Doctor,3
331feee9-70a4-476f-9a57-adfc67a4953a,Utkarsh Chatterjee,MALE,Doctor,3
3eba12c3-19fa-4cfe-9b21-ef002bf522c5,Karan Sidhu,MALE,Officer,3
36300b84-bae8-4407-8a53-70e8fe5c4781,Andrew Acharya,FEMALE,Officer,3
0b558aaf-fe43-4132-8f4c-79658b421bbb,Anya Panchal,FEMALE,First Responder,3
a4fa8b80-af9f-43dc-b7f4-5596f493a274,Zayyan Bala,FEMALE,Fireman,3
dd8cad58-1e91-4777-9f64-9e1bbd68bc42,Anthony Vig,MALE,Officer,3
f8900253-a2fb-4177-b5f8-6d88e36151d5,Yochana Mann,FEMALE,Volunteer,3
a5b12181-87bb-4001-ac4f-72f6fb7d984d,Yagnesh Dara,FEMALE,Volunteer,3
46aa76a2-5339-441c-8186-1dadaca4ae6c,Warda Nayar,FEMALE,Officer,3
102d67b7-6e76-4b3b-97a7-1ccd3cc53680,Lila Parmar,MALE,Volunteer,3
dbf03a2b-f378-4e99-9c20-11c6b888d98a,Krisha Gopal,MALE,Volunteer,3
287c3653-17c7-4b23-ad45-edc38d6f17c7,Jalsa Oak,MALE,Fireman,3
24eb3f63-6b31-4911-892b-4d226e2e0a2c,Hiral Walla,FEMALE,First Responder,3
f2554b1f-72e0-4d0d-8849-7be2cd87a50d,Tanmayi Dhillon,MALE,Fireman,3
ac0df6f6-2ed9-4f3d-bac0-005570a77e76,Jonathan Kumer,MALE,Doctor,3
c20e42e5-0785-493b-89e2-e6017900f687,Pratyush Yogi,MALE,Doctor,3
b53f4428-a618-4254-ae80-0e1d21487a4a,Irya Sur,FEMALE,Fireman,3
d4a97112-0bd4-4733-ba3c-bc5546ca94c9,Chakradhar Setty,MALE,Fireman,3
324b1c58-fe93-4fd7-b96e-eb8991dd462e,Lucky Dhawan,FEMALE,First Responder,19
a97de586-f090-4941-8abe-e31c4cbca258,Girik Sule,FEMALE,Officer,19
c8dd99e5-9a02-49f6-9fb4-5610495bb857,Reyansh Mukherjee,FEMALE,Volunteer,19
1669cbb4-4eb9-4dbc-9a45-b28b49ed7df6,Urmi Memon,FEMALE,Fireman,19
9664a5a8-2437-4238-9c3f-f408961b2917,Forum Garg,FEMALE,Fireman,19
341bd296-9c36-430a-8b14-6838b43bb1c8,Aarav Pai,MALE,Volunteer,19
4af9e7a3-4277-40ce-9479-e01d17dca55e,Hemani Pal,FEMALE,Officer,19
2fc0156b-5aa4-4b66-9442-711362a715aa,Bhavna Shan,MALE,Volunteer,19
e7c08e95-e4e5-47e3-8cf2-ebbb186fef96,Liam Karan,MALE,First Responder,19
cda2b6e8-3531-401e-b41a-1c62b7af2829,Vritti More,FEMALE,Officer,19
54dc6bf4-3295-41be-8505-735b000477b1,Deepa Hans,MALE,First Responder,19
8a695b54-5153-4b65-a21b-df8c8ec16bd1,Lakshmi Vala,MALE,First Responder,19
f3934502-1ca4-4a28-bcdf-651b62b14d58,Barkha Pal,MALE,Fireman,19
bffde827-7b87-4db9-8e55-8643aa5fdf21,Daniel Magar,MALE,Officer,19
03f59f9d-0528-44fd-9653-04987e684ee0,Bhavani Kamdar,MALE,Volunteer,19
59b93657-d116-47b5-82b5-290b858502f1,Anjali Sengupta,MALE,Doctor,19
4990b942-b03f-41fd-b072-d2ac7b79c0d3,Osha Handa,MALE,First Responder,19
74f962fa-7482-455f-9635-a19983c31a89,Chandran Thakkar,FEMALE,Doctor,19
cfe4ba08-4965-4d54-ab6a-82b1b298bbbe,Pahal Soni,FEMALE,Officer,19
9e1eb78c-e34a-4754-8306-8fc53a42d7dd,Sara Doctor,MALE,Officer,19
94867948-ae81-4bcb-ac8a-9af0fb633ec3,Tanish Buch,MALE,First Responder,19
18207881-8ebe-4533-a722-72ef445478aa,Lakshit Shenoy,MALE,Doctor,19
5f5f88f8-2287-47ef-9b8e-c9c511982f7a,Liam Bumb,MALE,Doctor,19
980e773b-32e2-44a0-a1a5-7bd215b8b2e7,Advika Mandal,FEMALE,Fireman,19
bad59c3e-c4b1-4387-8200-492cd085909b,Falak Cherian,FEMALE,Volunteer,19
52649273-4b5e-4800-96f4-df36b7607eb7,Ronith Tiwari,FEMALE,Volunteer,19
ec5101b0-68f8-4f4a-8bb7-3913cbdf1272,Zaitra Hayer,FEMALE,First Responder,19
6e52ff7c-9101-4d28-8c83-20147805cf26,Tanvi Mukhopadhyay,FEMALE,Volunteer,19
d6bed03d-a185-4efd-932e-473d060de820,Umang Kaur,FEMALE,Volunteer,19
9726bafb-4892-4f14-ad94-d684f910e1fa,Amruta Kothari,MALE,Officer,19
51a071a0-0b8b-4856-ab75-59adb2b31042,Warhi Sastry,FEMALE,Fireman,19
3cfe1d46-3d1a-4303-86fa-dda5b3a144b7,Yash Seth,MALE,Officer,19
c44b7d3b-44a6-478c-9d15-ddd938dba672,Parth Vyas,FEMALE,Volunteer,19
f3b0b610-0320-4c9a-a34c-830062f918d1,Rayaan Nori,FEMALE,Doctor,19
0b1887a6-7a79-4b39-a1ed-5d1085a535c7,Zayan Bhakta,FEMALE,First Responder,19
a26e269b-8be3-4828-b14b-d25092398453,Bhavna Tandon,FEMALE,First Responder,19
017c25dc-bd20-4153-83a3-e992154ce7b7,Fariq Kunda,FEMALE,Fireman,19
b354e819-3527-4784-923e-4869f47787eb,Arin Sule,MALE,Doctor,19
7949fe2a-9c95-4bd2-ae75-bb138fee1a0a,Harsh Bhakta,FEMALE,Fireman,19
28f22129-8cb4-4d82-b207-c5cff41deb7a,Jhalak Garde,MALE,Fireman,12
e5a583be-a282-4609-8ac5-ece27739141a,Aadi Mutti,FEMALE,First Responder,12
f6fd1fb7-a578-4951-bff3-729028d2f96a,Nathaniel Sankaran,MALE,Fireman,12
ba405589-de91-41b9-b3f5-bff0b2f65a78,Naveen Brahmbhatt,FEMALE,Officer,12
06d11e31-f294-48ae-9f2f-b10113fae6f4,Meera Shanker,FEMALE,First Responder,12
32c594e4-ba05-4aad-a51e-fc5e19ecd376,Hemang Grover,FEMALE,Officer,12
e6b9f450-47f8-4a11-b061-5ceba915634d,Sathvik Rajagopalan,MALE,Officer,12
76bb6e6a-dca1-4aeb-b9d0-0b1a44747043,Girish Solanki,FEMALE,Doctor,12
f69a7c5b-546c-4894-9842-fe98a8fe7dbf,Hemang Sharaf,MALE,Doctor,12
95b7791c-4e77-48ba-82fd-bd10bf8dd268,Kashvi Grover,FEMALE,Fireman,12
28438d9f-936b-4039-bda9-4800882cf225,Varenya Basak,MALE,First Responder,12
c0362782-05c7-464b-b405-6e34d7b17d5b,Lohit Behl,MALE,Doctor,12
69896536-1293-4ed3-9699-ac16716763c8,Sanaya Shukla,FEMALE,Doctor,12
fa132e5a-f114-43f7-9ac0-76e0d9ec1b26,Gabriel Saxena,FEMALE,First Responder,12
a36971e4-a3f2-44be-b755-6b44ff2ccd2b,Pavani Upadhyay,FEMALE,Doctor,12
3c250265-5e5d-430f-bd44-0ab82a9a56d0,Odika Ramakrishnan,MALE,First Responder,12
74858b9e-720a-456c-9830-54326c53c773,Balhaar Lall,MALE,First Responder,12
95e7842f-697f-4694-bc27-3b515423142e,Sneha Sawhney,MALE,First Responder,12
75edc95f-063e-4a41-889e-d59a1ad29acc,Charita Gulati,MALE,Volunteer,12
028d7d52-d05c-4d8c-b560-5ad21fd31fe6,Saksham Balay,FEMALE,Officer,12
0fca2551-46c4-442e-8688-30abb166fa0a,Mitesh Sangha,MALE,First Responder,12
8ed5113a-5990-494a-8508-e5574c902e4d,Arunima Sehgal,FEMALE,Volunteer,12
e8a26750-fda7-4ee0-a033-03bdc4d109f4,Harsh Thakkar,MALE,Fireman,12
beef34a8-05e3-4534-9ea4-a09ea30ba09a,Ubika Choudhury,MALE,Doctor,12
db8bb7eb-3469-45f8-947f-f6821043166e,Chaitaly Anand,MALE,First Responder,12
21d6ab2a-9681-48a2-9443-77e10ce35a52,Advaith Mohanty,MALE,Volunteer,12
020708c1-3a87-403a-b789-94a6a74e2c1f,Maanav Sarraf,MALE,Volunteer,12
7aeeedb5-6fcc-4b1c-9dc7-1de221bcd14d,Arjun Pillay,FEMALE,First Responder,12
3006180b-676d-4f87-ae23-d6d4b163c294,Samarth Lad,MALE,Officer,12
b2b9c03f-f536-4436-8a80-de6b51f749ee,Arin Pathak,FEMALE,First Responder,12
92d64000-bdde-4c9f-84f0-38b0daf8f354,Omisha Suri,FEMALE,Officer,12
0ffb9afc-e4e7-4527-86ee-4deb7a8d7d0b,Anthony Agate,FEMALE,First Responder,12
5483802a-6552-4f3a-a07b-5db81b35dda4,Yashasvi Parmar,FEMALE,Officer,12
79fd7f98-31df-4dc5-957d-ced4b503b8ed,Mugdha Warrior,MALE,First Responder,12
4fa8b1b0-3faa-4eb3-872c-ff1d803bac0c,Rachit Shanker,FEMALE,First Responder,12
bf3b86be-c34e-491d-8a02-b99a2ab3a252,Imaran Sagar,MALE,Fireman,12
cc74ca8a-2753-43b3-ad8d-87ddfe707aa3,Sneha Pandey,FEMALE,Fireman,12
367252e5-ed46-4f4f-b07d-ff93aaca40e8,Avi Iyer,FEMALE,Fireman,12
29da0598-f6cf-4bde-a3c1-e9777c97cfc1,Zarna Edwin,FEMALE,Doctor,12
2c9bf148-e41a-4732-a701-0d8e421359cd,Timothy Atwal,MALE,Officer,12
e03c5976-460c-45a0-b8b1-eff40e4001de,Daksh Vig,MALE,Officer,12
0c89f562-89ad-4f07-aa6b-a8dadbc931df,Mahika Handa,MALE,Officer,12
d6690196-1d62-46c5-a453-839469d72596,Nilima Rao,MALE,Volunteer,12
d5bc6852-a140-47a2-901b-5d4f8d747ea1,Lakshmi Pingle,FEMALE,First Responder,12
16c82cc9-2e79-441c-90b2-09c6162fd6f8,Priya Issac,FEMALE,Volunteer,12
2e5b359b-ff86-470e-bd3d-5c300d4bbe7d,Nitesh Sodhi,FEMALE,First Responder,12
6adc95c4-4696-4943-966d-1b724d8210f5,Patrick Tank,FEMALE,Fireman,12
893bd9c2-c1b9-44b3-a016-c6d48fda6cef,Harshil Misra,FEMALE,Fireman,12
255ebade-16c2-449d-ad91-b865c2b18b1d,Bhavini Din,FEMALE,Doctor,12
0af4eac3-430c-4970-935c-194ea86bfa84,Chaaya Loyal,FEMALE,First Responder,12
b6eb066f-9cba-4dbc-a6fa-64116b6ce4b2,Saanvi Gade,FEMALE,Volunteer,12
3b8b193f-45d8-4ef6-9213-eaf598e8dd18,Bhavya Garg,MALE,Doctor,12
831ec746-48d0-4d43-8bc1-33381101523e,Champak Munshi,MALE,First Responder,12
6f126f8f-c8fb-4559-a368-8bb51aa04258,Yadavi Patla,FEMALE,Doctor,12
3eab0720-7a90-4bbe-99b4-c1d2003e4a0d,Brijesh Pradhan,MALE,Volunteer,12
95c078e8-f6fb-49ee-a1e5-42e2d69ddc37,Ekaja Nagarajan,MALE,Officer,12
e6c4bb13-95ee-49ce-b970-4feee0e536d5,Tristan Narang,MALE,Doctor,12
2b2ef91f-9ab5-4f33-890f-ff71d9cc0540,Shravya Batra,FEMALE,Fireman,12
2f0f1f20-a355-4463-ab7a-0209693634ff,Anvi Bhargava,MALE,Doctor,12
154be504-5b58-44b1-b581-69e8577c02e4,Ayush Baria,MALE,Doctor,12
00cd2ce3-1ddc-49c1-be40-f5f1aa218002,Adya Seshadri,FEMALE,Officer,12
d1d2d608-c89d-4800-a2d9-c6db126b3fa5,Ati Goswami,MALE,Doctor,12
c748824f-d980-4771-9374-5bd5913e2e45,Irya Shenoy,FEMALE,First Responder,12
99b2d1dd-a52a-497d-a17b-944b73d15416,Shaurya Chanda,FEMALE,Doctor,12
382e7baf-66b3-4c9d-bedc-c589a71b0c10,Joshua Warrior,FEMALE,Fireman,12
4fe8aece-1f6b-48ce-8139-40e81246535d,Vyanjana Banik,FEMALE,Officer,12
00536250-055b-4963-b8f8-316d8a44adf6,Champak Kuruvilla,MALE,Doctor,12
1909c369-ee35-4ec8-a04d-7f680a772c43,Anita Devi,MALE,First Responder,12
18de5cf9-07d1-4935-beb3-42414fd624d6,Quincy Rattan,FEMALE,Officer,12
193f8034-1224-47ae-8d21-871f9d682015,Jairaj Choudhury,MALE,Doctor,12
c149b64b-9705-4907-a762-46350604086a,Vrinda Chana,MALE,Doctor,12
52f49755-9ad7-4ad9-b130-6680bf1f9c59,Anmol Shah,MALE,Fireman,12
b0cb7f68-d050-4185-baa6-1a2d34548dae,Girish Khalsa,MALE,Fireman,12
5b4388d0-bdc0-4132-819c-86eceb444ddf,Nimrat Cheema,FEMALE,Officer,12
09d19e1a-0b2f-4511-b3f9-16819bcbad4d,Leela Khalsa,FEMALE,First Responder,12
4a691b70-5af2-435b-a9a8-0ad411a986ea,Azaan Sridhar,FEMALE,First Responder,12
382cab6d-baf8-406e-b398-a1f2e3aec765,Devika Sankaran,MALE,Volunteer,15
3557e499-753f-405e-9923-a487c57c20b5,Karan Pandit,MALE,Fireman,15
9f63d595-4579-4ac4-bfb0-09785b98a93b,Mitesh Nagi,MALE,Officer,15
e160872a-fc44-4cb7-a87a-274bbf97ae28,Sara Kant,MALE,First Responder,15
39565d53-96b5-4b50-850c-f002c46557c9,Chaitanya Luthra,MALE,Volunteer,15
4886750b-d819-449c-82b4-f7b6a55122af,Nirja Ram,MALE,Fireman,15
c65d80a6-454f-4301-b0b3-ae0971b3f589,Girindra Andra,FEMALE,Fireman,15
279919a9-dc02-42f1-bd57-0ee051ceda66,Andrew Sankar,MALE,Doctor,15
2f27a3ee-185a-4016-ae4c-0c8ff2a4be91,Oliver Gopal,FEMALE,Doctor,15
d9cc77bd-a683-498a-a607-05bed160914f,Ijaya Cherian,FEMALE,Volunteer,15
19938af2-d901-452b-849f-8b6ef8de606f,Theodore Bera,FEMALE,Fireman,15
0da6f278-fd16-4509-a0b3-40d475c4a2c9,Isaac Raj,FEMALE,Doctor,15
9f33bfb4-bbdd-4f4d-9396-d7d8933bc49e,Sara Bal,FEMALE,Officer,15
67448d7b-3813-46fb-a171-daee6ab4ca6d,Logan Edwin,MALE,Doctor,15
9301094b-a057-4ba6-9652-23c59a9a018c,Ekaja Narayanan,FEMALE,Fireman,15
26a849d0-b894-4024-9783-d5ba03198e6b,Nikita Varty,FEMALE,First Responder,15
d09769b3-abe2-4308-825c-261dd74a3597,Ethan Raju,MALE,First Responder,15
b4e72f5d-a8ba-448d-81ca-85ca4deb0aa1,Matthew Kurian,MALE,Volunteer,15
080d13c3-ee38-4468-80a8-a16aff528ff0,Chaitaly Divan,MALE,Volunteer,15
0cf21880-d92a-4662-bbe4-c1735a5104d0,Ojasvi Kanda,FEMALE,Doctor,15
cda893c1-6ee3-4649-b848-2010c3c563ce,Nakul Nadig,FEMALE,Fireman,15
b2b4268e-67d2-4a8b-856c-6966b48a00a3,Eta Lata,MALE,Officer,15
d134d4f4-79f5-459f-bf13-98fb6648560e,Hamsini Dada,FEMALE,Volunteer,15
68531b41-4acf-4ed9-9eff-8d88d2241933,Vedika Gade,MALE,Officer,15
689a8bb6-6289-4dcd-8daa-47be880ee271,Dalbir Peri,MALE,First Responder,15
d4f4a45e-184e-4e93-a20b-97061709aa87,Eshana Chadha,FEMALE,Officer,15
311a67ea-e1d7-4655-b6d2-48ab6d235c69,Lekha Mani,FEMALE,Doctor,15
5d1bd79d-d301-4585-aadd-2164aea53cf5,Arya Parikh,MALE,Fireman,15
982959e9-709a-4bf9-a7f5-81647d66fe82,Charita Mander,MALE,Doctor,15
2417db24-b683-4f83-b6f9-c3ac34ed335a,Priya Wali,MALE,First Responder,15
c2258580-889e-4f6d-93d9-5921b43a55c5,Upadhriti Mall,FEMALE,Fireman,15
f739817b-81d6-4b5e-a1f0-7ceeb4503df9,Farhan Dhingra,FEMALE,Volunteer,15
308d0fdd-bd32-4625-9887-664609b0d8b4,Anvi Gour,FEMALE,Doctor,15
ff587499-b9bb-44a1-a3ca-7d93b78b81b3,Thomas Chopra,FEMALE,Fireman,15
7e7f73c1-a747-4991-aff6-f9089b5e9127,Xiti Patel,MALE,Officer,15
94e3fbce-8258-4a6a-b96d-ac3e3a1dabad,Sachi Nayak,FEMALE,Doctor,15
d6f365f9-bb58-4a48-992a-ceabdf6aab74,Robert Swamy,MALE,Officer,15
5d79bcc3-0169-40c7-a92a-3da4e50bb049,Qabil Bawa,MALE,Volunteer,15
a0aaa06b-a961-4e3f-afc8-3e017bbc7670,Avni Setty,MALE,Fireman,15
d2fcd2a5-cfdc-429e-b958-9e234793910e,Rachita Saxena,MALE,Officer,15
2ef2ce2a-39ad-475f-80fa-9c23e2d0b0e7,Krishna Sandal,MALE,Volunteer,15
5942df2f-915e-4632-b713-0426e4f0b3fd,Wridesh Sheth,MALE,Doctor,15
19d73e60-8c8b-47f3-85c4-afae599528b7,Jairaj Pandey,MALE,Fireman,15
7796b60d-7710-448f-a0c7-0c925e3b1081,Bakhshi Keer,MALE,Doctor,15
5ab7d435-1c10-4aa0-8204-160344d42a91,Yashasvi Arora,FEMALE,Fireman,15
1ddb19c1-a368-4165-b1b3-009650ececc6,Liam Devi,FEMALE,First Responder,15
f79b44d5-6553-4cec-9c74-dc42cc7de7c9,Yadavi Raju,MALE,Fireman,15
8b3e66c5-bdb9-4ee6-9dc8-cf82d3310da8,Isha Rattan,MALE,First Responder,15
e1bdf190-b6a7-40ed-8f9d-0017a9757f2e,Warhi Palla,MALE,Officer,15
a1e6ce58-4724-425c-966e-47e742e2e30e,Manya Sagar,FEMALE,First Responder,23
3528d8b5-7765-455d-a8ce-23aaaa581ee6,Max Handa,MALE,First Responder,23
46953b43-b1a3-4189-aece-931874b2b992,Anmol Talwar,MALE,Fireman,23
8a5cc02b-fa5e-4b40-ab27-11236f8123d4,Mitali Padmanabhan,MALE,Doctor,23
96ddf7c2-6a43-4942-aad1-f358a8cb7213,Ekapad Swaminathan,MALE,Fireman,23
3582e079-5f93-4ac5-b93d-2a0e1d81cf1f,Bhanumati Ratti,FEMALE,Doctor,23
e1f266d3-e316-4e86-9ae6-23319e86e169,Ekavir Kale,FEMALE,Doctor,23
6f8c5b0f-ac65-4c21-9bdb-b72e6e240927,Tarak Lala,FEMALE,Fireman,23
c476c54d-37de-4ae8-aeb3-508657ed8e73,Pavani Bhasin,FEMALE,First Responder,23
0b089d97-930e-4f3a-a123-023d1701a467,Kevin Hayer,MALE,Volunteer,23
e2c39f40-b09c-4f84-a088-a7ca34b3187e,Nathaniel Jayaraman,MALE,Officer,23
5f64739e-174c-4033-a5df-19936c553b33,Vasudha Dhillon,FEMALE,Fireman,23
15b288a3-7cb0-4798-a345-8016c989578c,Dominic Walla,FEMALE,Doctor,23
0b836193-7d33-4573-b856-f9e1de9fe443,Krishna Jain,MALE,Fireman,23
368a8f95-b706-412a-9ca4-9bc7ccfc27d9,Girindra Mahajan,MALE,Doctor,23
1faf56cb-05d9-4855-8179-07feccfeb776,Siddharth Keer,MALE,Officer,23
f6b8e7db-b395-427d-89f2-5fba14bda2e1,Manthan Kala,FEMALE,Doctor,23
99e55199-5bce-4f03-a81c-5994c0e20ea8,Ekantika Sami,MALE,Officer,23
e0898284-fbbf-4231-a563-b57b5852797d,Devika Comar,FEMALE,Volunteer,23
d815b050-1c72-425d-9140-8a376d003a9b,Mitali Sharaf,MALE,Doctor,23
301c7b38-cec1-4106-9d5b-6b3168c10733,Saanvi Pandey,MALE,Doctor,23
35c5a5c6-2f7f-4308-95b2-5026d8d6a0d9,Christopher Chander,FEMALE,Doctor,23
c4e9eea8-23fc-47da-831f-9ccd7e8f0714,Brijesh Kumer,FEMALE,First Responder,23
f321c2d1-5999-4f28-a4c6-be5547b93c1c,Sai Brar,MALE,Officer,23
a24441db-ce3e-46e0-ac5e-4e00458abe9d,Divya Mishra,FEMALE,Fireman,23
59282fd8-8874-4d66-a3b8-c4e936e3fed0,Akshay Dalal,FEMALE,Volunteer,23
ef5fbe83-fc9d-46c2-85d7-ef90d4a60913,Ayushman Mann,FEMALE,First Responder,23
9ab06601-4f57-4ad7-9d50-14bd9cca638d,Jalsa Mandal,MALE,Doctor,23
d37f8f63-7bea-43f2-a6ed-629e727bcc47,Rajeshri Kar,MALE,Doctor,23
764aaa32-af17-4f5d-8a51-0b733b27e77a,Udyati Kunda,FEMALE,First Responder,23
d88ceb8d-0c64-4477-91da-9abbba79edff,Nilima Sami,FEMALE,Volunteer,23
715353da-5c6a-4255-89b3-e4c2c80d3b9c,Isaiah Chokshi,FEMALE,Fireman,23
ebc12d4e-4d7c-4a9a-8b27-1ab217e148f9,Chanchal Sarin,MALE,Officer,23
d0bf3f83-c25f-45ef-9b64-f2d0d25f5a66,Anmol Ghosh,MALE,Fireman,23
17d09ca1-ec19-460a-84c0-23a7e45cd5d7,Bina Sachar,FEMALE,Fireman,23
7e99a77d-a4d1-47c5-9f67-17b0428abdde,Dalbir Rai,MALE,Officer,23
8c07d820-7790-463d-aba0-714724462eef,Pavani Balakrishnan,MALE,Officer,23
2913afff-fa06-407d-8583-728af6b7b910,Urvashi Bath,FEMALE,Volunteer,23
817bcd4c-16e3-4721-a666-00c90e15937a,Rachana D’Alia,FEMALE,Doctor,23
09e780c2-a8e8-4ef0-b789-f689b894d0e0,Mohini Sampath,FEMALE,Fireman,23
1d022e3f-d5cc-468c-b660-5f1e288b2a68,Timothy Sane,FEMALE,Doctor,23
0550969e-9aa1-4c7c-af70-a66f2757dd49,Ria Bhatnagar,FEMALE,Volunteer,23
c6643fa6-fd38-47e1-805c-89e4d41f3d27,Umang Nanda,MALE,Officer,23
4e54e2b6-4c16-4ce6-a960-669754508426,William Mannan,MALE,Volunteer,23
89bf6f68-38c8-4ffc-9787-ecc7805d50d0,Guneet Uppal,FEMALE,Officer,23
f374e057-5eef-4d0d-a1e4-580d46f5899b,Elijah Nigam,MALE,Officer,23
c3cf570c-aa64-4c7f-a0a4-5d1c701c7950,Thomas Tiwari,FEMALE,Fireman,23
d6c2f508-9863-4a74-8ba9-971428f127b0,Pratyush Kashyap,FEMALE,Fireman,23
0faa4a44-d614-44e5-a9a2-3070afdd6759,Udant Som,MALE,Volunteer,23
8a0351b0-7e75-44ce-a019-85902f1355f6,Fitan Garde,FEMALE,First Responder,23
705ee09b-8052-475a-91ef-c00e5cfddcc0,Yash Sangha,MALE,Volunteer,23
aa321066-8c50-4fa0-98c7-efab6fb8016d,Tanmayi Shanker,MALE,Fireman,23
d8ed0a96-1414-46a3-b0ba-6f24e6515818,Nathaniel Mital,FEMALE,Officer,23
211353c1-f6af-4b87-822a-abb3804db62f,Meera Deo,MALE,Officer,23
9130f7ef-613b-4d97-a95e-2beae5328a44,Ekavir Wable,FEMALE,First Responder,23
5a459871-cee1-489c-b2bc-ef9ecacc77b8,Hritik Som,MALE,Doctor,23
bf2ccd15-7494-458a-ada0-3f1c3deca6de,Balvan Pandey,FEMALE,Officer,23
758cb5a5-28c9-43bb-8280-61a85fdc474e,Amruta Barman,MALE,Doctor,23
7c8f77c6-b36d-485c-80c2-5864790fa363,Madhav Gulati,MALE,Officer,23
8b39c0c8-c252-418a-a829-489e04c8dc4f,Benjamin Dhaliwal,FEMALE,Doctor,23
e8ea14cd-9f4d-4f70-8cc3-b0c5c5919a12,Isha Jaggi,FEMALE,First Responder,23
bb2c5212-545f-42b2-9bf9-f6cae678e9bc,Barkha Sabharwal,MALE,Officer,23
9b2ae5c5-9426-4f11-97ab-73d03ead84d4,Inaya Trivedi,MALE,Fireman,23
07e8294d-1c3c-400f-9e2f-b5ac2d5dcca5,Chanchal Sem,MALE,Volunteer,23
3dae97d0-50bc-4c98-ac24-ffb6a006c08b,Ekbal Konda,FEMALE,First Responder,23
c5757e49-87e0-44a4-ac7e-3eca6ba1c641,Vansha Viswanathan,FEMALE,First Responder,23
862efbc8-e792-453c-be06-9e83594a9a04,Vyanjana Sagar,FEMALE,Doctor,23
13d569a1-8ca0-4f50-a85b-4b4c7539e766,Niharika Kapoor,MALE,Doctor,23
50d32965-84c4-4fe1-ae9a-dab484470c00,Advik Shankar,FEMALE,Volunteer,23
9ee21a2f-3367-4de8-8d19-d42dca2239d0,Vinaya Verma,MALE,Fireman,23
ec9db2c4-b492-47dc-9611-93afed1d33e3,Azad Gour,MALE,Fireman,23
59e4e0d6-0760-45fd-bbf7-333022764ad3,Abhimanyu Agrawal,MALE,Officer,23
7fa8bfd1-9730-4714-bf92-c4a1fd9cab65,Priya Om,MALE,Volunteer,23
1a3283f7-27e3-4e31-9a22-7b9adfc6dedd,Darsh Tak,FEMALE,Volunteer,23
455347bc-0c2c-4f76-a11d-9d05ced2ad62,Sneha Wali,MALE,First Responder,23
e98eef66-36dd-48d0-be03-48d9fcf258e9,Faras Sama,FEMALE,Doctor,23
ac4d283d-d33b-46fc-84d2-511bde9ac82c,Balendra Warrior,FEMALE,Volunteer,23
15cf8ba3-0e16-4cb2-b27e-7d594ca20020,Charvi Kaur,FEMALE,First Responder,23
c5858773-c03e-4ab3-83e8-f39d2b62eea0,Amol Bhagat,FEMALE,Doctor,23
f9e0b317-ef88-450c-82c2-8656cc4e8433,Kritika Minhas,FEMALE,Volunteer,23
1abe1e25-ac4a-46e3-91be-8f60b3788416,Sai Arya,MALE,First Responder,23
12446788-a4bc-432b-bb19-c943c48b8d79,Maya Wagle,FEMALE,Fireman,23
e3b27854-f2a0-4fbc-85dc-4d302839ccf2,Falan Choudhry,FEMALE,Doctor,23
b193c1fb-597f-4100-ae87-73291f2b2ab1,Brinda Suresh,FEMALE,First Responder,23
aac34f82-4d5c-42c2-abff-82919318e76b,Yoshita Choudhry,FEMALE,First Responder,23
7a691877-9ab6-44df-8ba6-55c0f5a943c4,Dalaja Sathe,FEMALE,First Responder,23
4482469d-32fd-47e8-b596-3d3e694dadcb,Ranbir Yohannan,FEMALE,First Responder,23
f00a7669-d47e-4129-a425-107dd0ccdf3b,Ishwar Kapur,FEMALE,Fireman,23
9348cf3a-5f61-4994-a2b6-faaacae09a74,Jackson Andra,FEMALE,Officer,23
e1e62359-bab5-4d3f-8200-dfe122af31aa,Zaid Majumdar,FEMALE,First Responder,23
5e7ded82-4830-42e7-983c-9950494ea509,Girish Ahluwalia,MALE,First Responder,23
17c948b1-8c02-4a6e-ba6e-5de0b887aae6,Ishwar Swamy,MALE,First Responder,23
93a0a218-c879-436d-b0fa-b725b67b2c78,Kai Rajagopalan,MALE,Doctor,23
c7ace8c7-d5bf-46c3-9124-d4143bf75d4b,Warinder Varty,FEMALE,Fireman,23
d33625be-faee-41eb-bbdd-068dd9ab42ea,Ekani Bora,FEMALE,Volunteer,23
d23f1f9f-4630-40f3-b395-97738589ee68,Rajata Chaudhuri,MALE,First Responder,23
ed1c80b5-1462-419b-b594-b4442cba2f0e,Ganga Dugar,FEMALE,Fireman,23
424ba09c-6e9b-4ffd-bdb8-dca35ba32899,Benjamin Savant,MALE,First Responder,23
2b47c6fc-1d63-4935-8db2-a691302057b0,Veer Nagi,MALE,First Responder,23
935d68bd-7045-491a-bf37-b134fad3ce33,Dalaja Chaudhari,MALE,Fireman,23
904ed93b-7b1d-4554-8fa0-d24c59b9b328,Dalbir Parmar,FEMALE,Fireman,23
71035aa8-b22c-495d-9e25-2bcc993d86bb,Zinal Banik,MALE,First Responder,23
84cdd8e3-579a-4b51-89e4-06a4005a7fd3,Nitara Chandran,MALE,Officer,23
321603e2-7f9c-4d4b-b5af-b7ac4eda3ca7,Rajata Pall,FEMALE,Officer,23
70d1f301-4a23-49a8-9148-4eb84593b16e,Gabriel Shan,FEMALE,First Responder,23
acacd464-821f-4d1f-bd9f-cc02699706c9,Kabir D’Alia,FEMALE,Fireman,23
1c01aa74-2a81-4b98-a1ff-0406e22afc1b,Jagdish Barman,MALE,Volunteer,23
e7fdee00-5a43-4c9c-bca5-f7f850572c49,Dev Vala,MALE,Officer,23
4795ed39-f122-49b9-84fe-9825dce52f68,Mitesh Parsa,FEMALE,Volunteer,23
9138fbdc-18ee-421c-bc9b-b09d65baabd6,Faris Pradhan,FEMALE,Officer,11
ae7ecd04-95ac-4fa0-94c4-39d14bf241da,Vedhika Khanna,MALE,Volunteer,11
b08361a3-d099-4f8e-b9f4-fb7ac208d15a,Noah Swamy,MALE,Officer,11
50662131-7047-4efe-a66c-355f24135fc1,Quincy Thakur,MALE,First Responder,11
1367bb45-fd63-47c5-a68f-e154e7b32109,Gautami Mane,FEMALE,Fireman,11
e014889b-be0c-46ca-91f9-c60d3880caac,William Goel,MALE,Fireman,11
0e6eea42-01df-4ca2-848a-f910f9ec5b9f,Irya Soman,MALE,Officer,11
2a82efa9-9d7b-471d-9b01-55283b850284,Veda Yohannan,MALE,Volunteer,11
a9fee883-6dba-4dac-b190-77cf9fae6785,Oviya Lalla,FEMALE,Officer,11
00a9aacd-8bd7-4547-a4da-f5ac90749e1d,Omya Lad,MALE,Fireman,11
f6566097-b055-42aa-b0fe-8ee92208fa85,Anirudh Kala,FEMALE,First Responder,11
a914ed85-91e7-443e-94c3-dce01d1d3022,Riya Baral,MALE,First Responder,11
0b8e1170-9d63-40c8-9a97-dee9b518d21b,Ekanta Mukherjee,FEMALE,Officer,11
33f7bc1f-2278-4571-b564-217e659d35fe,Rudra Anand,MALE,Fireman,11
b8c9ba5f-d35f-434e-a19c-a21434840cb4,Ishani Tak,MALE,First Responder,11
3ae9e76c-cf4c-4dae-8f66-105cec5da1da,Rayaan Purohit,MALE,First Responder,11
f4c8b535-12f1-4d99-9a27-42d871936d8e,Diya Nadig,FEMALE,Volunteer,11
a05618a2-f420-4639-aa29-4db10f156484,Aditya Choudhry,FEMALE,Fireman,11
17d63cae-6fee-4359-b8bb-016b5db5e4d8,Anirudh Mann,MALE,Officer,11
58f12e0c-6e65-4a47-b010-e69f3d1f8f6b,Samarth Sathe,FEMALE,Volunteer,11
2b8edb6c-9ba5-4f40-8318-2071763988de,Avni Bath,FEMALE,Fireman,11
103eafc8-e54f-43a7-a9d3-f1a285cd174a,Balvan Balakrishnan,FEMALE,First Responder,11
0d444465-1a13-4b82-a823-d0639c87c7b1,Gaurangi Shanker,MALE,First Responder,11
468c4516-62a0-4d20-b0d3-ba13e274780e,Agastya Dhillon,MALE,Volunteer,11
7a4138f8-1a1a-453e-b2d8-79c0f4f65c18,Anvi Aggarwal,FEMALE,Fireman,11
f566cd0f-e842-4ff5-bbcb-4629b4182b8c,Arya Palan,MALE,Officer,11
716822a0-042c-47d5-8280-c31677b9140f,Daksha Dhillon,FEMALE,Fireman,11
5b328dc1-6b20-4e6e-bfc7-727201a3db71,Zaitra Kade,FEMALE,Fireman,11
66fef69d-022c-4e58-9088-8fae8a752f5f,Vincent Kannan,FEMALE,Officer,11
3a785031-b12a-4abb-9f7d-8e07057f2a3a,Kalpit Choudhary,FEMALE,First Responder,20
0c4dc02c-87dc-4bf3-8fb3-3c816e598ca7,Urishilla Radhakrishnan,FEMALE,Volunteer,20
2d8317cb-7abe-4b6e-99ca-8316adb9f133,Ekavir Dayal,FEMALE,Volunteer,20
a2dc4826-5403-4cfd-9f15-ec4b11b1bf62,Bimala Chander,FEMALE,First Responder,20
0b6bcff3-313a-423b-a0f5-4cd1c79e727f,Gayathri Chander,FEMALE,First Responder,20
e1b053d0-7f12-46d6-867b-14d883131102,Nitara Sridhar,FEMALE,First Responder,20
39cac7ba-e0d8-4189-aaa3-75108183b404,Abhimanyu Keer,FEMALE,Fireman,20
964c11d0-0ec0-439d-97d5-9b1d4b83a13a,Vansha Kulkarni,FEMALE,Officer,20
038fc9a1-4541-4b5b-afb5-ab9d743909e0,Sai Master,MALE,Doctor,20
15c089e1-fba0-422e-9737-24718f3945ba,Ladli Kaur,MALE,Officer,20
bdaf526c-1566-444d-bc26-fa1f67ffdef5,Balhaar Sibal,FEMALE,First Responder,20
01037d14-57af-48ba-be28-b8c7c0815d35,Arin Dayal,FEMALE,Volunteer,20
80c77235-fee8-4e57-9dc0-61949d2a5d87,Aashi Amble,MALE,Volunteer,20
374777a5-fe1c-4831-b8a2-b11aed37ff68,Yahvi Radhakrishnan,FEMALE,Fireman,20
7d61222c-a3df-4d69-9042-de745c40e3c9,Ishanvi Ramanathan,FEMALE,Officer,20
8d53e563-390b-4fa0-9ca1-22814cdd1df1,Rachana Magar,FEMALE,Doctor,20
2b4999e8-f9f5-45c1-9831-155d1ab82022,Faqid Goyal,FEMALE,Officer,20
9b1982b7-2141-4aa5-b6e0-99ba6bee7ba1,Madhav Jhaveri,FEMALE,Volunteer,20
cc3817e0-c65b-4553-90e0-7704345c3ccf,Saksham Seth,FEMALE,Officer,20
71b91f50-e8df-4143-b27c-7e5d9ee8df45,Rachita Dada,MALE,Fireman,20
4cfa690f-c732-4294-ab51-64992c3fbc9e,Vedika Sunder,MALE,Doctor,20
3d19c3c2-b229-4c46-86cb-ec57a6fe0778,Abhimanyu Bhakta,MALE,First Responder,20
9b45b8f0-10b4-45ed-9126-65955484f687,Vasatika Pal,FEMALE,Volunteer,20
3d83f443-ef22-4760-989a-76cb4af3770c,George Morar,FEMALE,Officer,20
1c91bfc4-e79f-464d-9557-65c8bd812dd6,Owen Badami,FEMALE,First Responder,20
82de75fa-7614-42ad-8f31-d9bd35c7a39f,Nicholas Dhaliwal,FEMALE,First Responder,20
bf8f9b1a-b15e-4df9-966e-5b9f482e8710,Aarnav Agarwal,FEMALE,Officer,20
74d7b626-c577-4471-a3a2-57318850d0f5,Maanas Bansal,FEMALE,First Responder,20
ca52d85e-919e-4ec9-ae0e-e8832d9ffcd8,Dalaja Bhakta,MALE,First Responder,20
3f6f9872-551f-48fa-b6dc-90bca5de3705,Dipta Ramanathan,FEMALE,Fireman,20
0b062fea-57d8-465f-9412-4611fd0fa1b9,Jagat Kumer,MALE,Officer,20
a3febaa6-21b1-4e07-a948-789ab9d9cd90,Aradhana Saini,MALE,Doctor,20
e394bb27-4359-42a7-bbfe-9b062084af06,Jagvi Mahajan,MALE,Doctor,20
a5f55cc1-1835-4247-a087-1ceca00cfe34,Kavya Balay,FEMALE,Doctor,20
b109c9ab-6c3a-49be-ad5f-3df34b792288,Samesh Nath,MALE,First Responder,20
8fb3819c-8e6f-4760-9320-fd128d8f7c7d,Ekaja Patil,MALE,First Responder,20
08e3c581-7583-4397-a2b6-158f12eef963,Januja Chatterjee,FEMALE,Volunteer,20
4cff0799-abd2-4a1a-80d1-c88f896f19da,Reyansh Solanki,MALE,Volunteer,20
d042d911-0a5d-4126-9c33-51c9a812139d,Chaitanya Chaudry,FEMALE,Volunteer,20
ee8101f8-7159-4bbc-bea6-7b991415957e,Logan Sarkar,MALE,Fireman,20
7c6162d5-1622-4a58-802f-b6bf407eb5c2,Ryan Nath,MALE,Officer,20
42a3bc8b-bf43-4af4-a2a6-3fe9fbb198ab,Prisha Dugar,MALE,First Responder,20
df6723c3-76ec-4920-a77d-cc4414abfeb6,Veer Pillai,MALE,Doctor,20
d564dc19-fb3a-4d48-87e4-62db9709b7a2,Anjali Varkey,MALE,First Responder,20
c47cbdce-86fe-4148-9670-1c6e3fdb1623,Chanakya Soman,FEMALE,First Responder,20
3fd92bf7-e868-4e74-8158-c2280f00fdfe,Onveer Borah,FEMALE,Doctor,20
45003cf3-201e-4297-8513-5abc1dfabfb0,Samar Yogi,MALE,First Responder,20
afb1af43-9435-4396-97fd-4c02e7ba007e,Gaurav Dass,MALE,Volunteer,20
d5f786fb-1974-4df7-825c-06925d61bca3,Hritik Kashyap,FEMALE,Fireman,20
52a6f983-2d96-4e73-93f4-16a1581d43d5,Krishna Konda,FEMALE,Fireman,20
a9eb9975-f747-4f64-8285-7dd6ad2fde80,Xiti Buch,MALE,Volunteer,20
9f5fadd8-f921-454d-9424-0e09bbcd0984,Sudiksha Bhat,FEMALE,Fireman,20
2f83f77e-cb0c-4ac3-bfe3-d7592fe7c612,Harini Gala,FEMALE,First Responder,20
9f790d41-19ba-401c-b9b0-c0b02546cb8a,Devansh Sura,FEMALE,Officer,20
f4fae398-98ff-49b8-bdc5-52a3de46fee7,Chaitaly Keer,MALE,Doctor,20
214bbd54-c8af-4b3d-8a03-8c887bcb9d16,Qushi Anand,FEMALE,First Responder,20
960a11d0-1e79-44d2-a488-b662c1d0b3ec,Logan Sachdev,FEMALE,Officer,20
362a59d4-b8bc-4fa6-9da0-25170dcf724c,Aadhya Sunder,MALE,Doctor,6
3235ad9d-79c3-41da-9b00-7132e999c473,Liam Grover,MALE,Fireman,6
d7acf567-e69a-4c86-a677-fd04041c6996,Indrajit Bhatt,MALE,Volunteer,6
b497cba7-4005-4d9d-aaf5-bd37f27c4a82,Krishna Talwar,FEMALE,Doctor,6
8f7180a7-33c9-420c-bf66-0f7bb86e5437,Agastya Swamy,FEMALE,First Responder,6
2f921963-4edd-4d5e-91fc-a30ab54c2062,Rudra Jayaraman,MALE,Fireman,6
3b3e2705-fc55-4f3e-86d3-28dca0837e51,Umang Batra,FEMALE,Volunteer,6
f83a96fb-7d96-4344-ab03-b2d03bafcddc,Suhani Sur,MALE,First Responder,6
b247b9e5-df40-479c-8e12-f2748daa5d64,Aarna Gulati,FEMALE,Fireman,6
abf865c3-6cfa-4283-8634-f27b6a837d61,Upadhriti Hegde,FEMALE,Officer,6
be19e9cc-f576-4367-8341-8cfa83fc6d33,Chaaya Taneja,FEMALE,Doctor,6
111a4e56-e59b-4c7a-8aaa-b316c0d7f150,Wriddhish Pai,FEMALE,Volunteer,6
c9bc7090-aa26-4b06-8635-0251bc31354b,Triveni Bose,FEMALE,Officer,6
11a63708-1d93-4970-8194-3eeac64c89d0,Oscar Soman,MALE,Volunteer,6
88b8edb4-d386-4dad-aa67-ce2c516fdf28,Bimala Mahajan,FEMALE,Doctor,6
d6ace33c-94d0-4ef1-ab52-5ae0d8462ed6,Amrita Cherian,MALE,Fireman,6
f1fdc888-e49e-420a-b689-6c414292bded,Zaid Pai,MALE,Officer,6
ca4c0bfc-407c-495a-8076-4589802bab4b,Naksh Dar,FEMALE,Volunteer,6
9c0eee4e-618c-465d-a4ed-1a07c7f1339a,Hardik Seth,MALE,Doctor,6
48f4e38c-30b4-4567-8a51-f3fc00914a69,Kavya Sridhar,MALE,Volunteer,6
372b07d3-e13a-4068-9ca6-69be8d877253,Udant Samra,FEMALE,Fireman,6
e876a6d0-efd2-4f8a-a718-96cb5ca8c435,Wyatt Sani,MALE,Doctor,6
08c8b9c7-60b9-4f19-b1a8-5ff49b77fbd5,Samesh Singhal,MALE,Officer,6
3dd493bd-f733-4cc5-be81-c5e3b21c6e12,Lekha Uppal,MALE,Doctor,6
396a99a4-7593-427f-adaa-e56ac7765a86,Balendra Kaur,FEMALE,First Responder,6
fe76a684-de59-4032-b5a9-72dd1e79a7f7,Meera Krishna,FEMALE,First Responder,6
fc937b5c-8899-45a5-a6dc-604a509ac723,Radha Nath,MALE,Doctor,6
5792713f-831b-4cac-90b2-769ddfa0aaa0,Januja Ramachandran,FEMALE,Fireman,6
655f82dd-7763-48a2-b55c-b582be59065c,Maanav Malhotra,MALE,Fireman,6
a55ede8d-c340-4ea6-b3b3-f8996936c434,Kai Bose,FEMALE,First Responder,6
f3a98e3b-8cfb-49c2-ac09-745ec80520f6,Yash Krish,FEMALE,First Responder,6
43c0cbe7-a1b3-42e4-9132-c9b277e02c19,Vedika Barad,MALE,Doctor,6
9750b4aa-1d35-4a06-b7cc-70d648a42b60,Yagnesh Sangha,FEMALE,Volunteer,6
aa23f32e-7775-4f52-a171-6d4120815ceb,Arya Bassi,FEMALE,Fireman,6
1c598b5f-a0a3-45b0-82e1-90aa9b76815f,Chandran Bhagat,FEMALE,Fireman,6
d47ac062-3e07-4dbf-a842-fb8b71dccfda,Maya Choudhury,FEMALE,Doctor,6
6f4046ac-e87f-40ce-8960-c151a65368d8,Meera Mall,FEMALE,Volunteer,6
895cb1bb-0190-4f46-8272-438ae4134109,Tanmayi Sangha,MALE,Doctor,6
01abd115-20ce-4561-b779-66b801351e4b,Ekantika Narain,FEMALE,First Responder,6
eceba03e-c8c5-4cb0-a224-21a2ea8c5825,Anya Saini,FEMALE,Doctor,6
430eee20-6c40-462f-bbc4-670da681f3b0,Arin Raval,FEMALE,First Responder,6
a3483384-e0fd-4601-8351-c494629ddd5b,Raksha Sarin,FEMALE,First Responder,6
31aeeb57-46f7-4e21-a19f-07bfd93e718c,Ayaan Singh,FEMALE,Fireman,6
9e4ee88c-5f2b-4627-b16a-cf7a356dcc72,Jagrati Mistry,MALE,Officer,6
6852db86-63ab-4191-b464-33152eafbe99,Balendra Khalsa,MALE,First Responder,6
5796b405-203e-403f-8f7a-d0545aadb4b4,Zansi Shah,MALE,Doctor,6
f1a07753-0d91-4eae-bcc2-8e0f69e3cac6,Yash Choudhry,MALE,First Responder,6
83999c54-7b4f-46b3-bcfd-e47009910e8d,Max Vaidya,MALE,First Responder,6
d0e12f59-b45e-46c0-8f7b-0426b4dd5d5a,Aradhana Barad,FEMALE,First Responder,6
442eb242-9fda-4afe-b68b-6dceb45f3f06,Ekanta Gupta,FEMALE,Doctor,6
f8c0a911-62ef-4641-b27b-510bbf54f8c0,Chandani Chaudhari,MALE,Doctor,6
537a3781-e97f-486e-89f9-3441aec79d2a,Jacob Pau,FEMALE,Fireman,6
5fe56095-8c48-47d5-bf3d-e33ff5f7fb37,Ijaya Parmer,MALE,Doctor,6
516ff7b4-e6a3-4390-a6c2-d008d5df30d5,Vasudha Banerjee,MALE,Officer,6
192f8603-33d3-4088-8b79-c89d1746d144,Aryan Tata,FEMALE,Officer,6
ef98a6d6-d587-427c-997f-50ec0c6a0070,Nirja Bajwa,FEMALE,Volunteer,6
b483ee6b-3de6-4c35-9035-e4140c711a1e,Theodore Kapadia,MALE,Officer,6
9a6ba23c-b860-4018-ae7b-4626c215cff2,Nimrat Mahal,FEMALE,Officer,6
3675ebd8-6ca3-45e0-aa82-4dce25eea0ec,Diya Suri,MALE,Fireman,6
b20a3e73-e713-4c68-bee5-22ae17b82e5e,Jai Prabhu,FEMALE,Volunteer,11
cd0918cb-40a2-44d9-a3bf-069b9a0ed7f5,Guneet Puri,MALE,Fireman,11
c6fb8092-7c19-41e8-882e-eb7f3a53d4db,Ishaan Shere,FEMALE,Fireman,11
e422eb39-5627-4bc8-9cff-3c7aa8fee973,Timothy Oak,MALE,Doctor,11
7b2aa8b9-8562-48f7-adb8-e68ac45013be,Lajita Ravi,MALE,Officer,11
367efc0d-ee85-486f-8a03-1f1e3251a433,Balhaar Radhakrishnan,MALE,First Responder,11
fcea15df-0cf0-45b4-a47c-33710ed76716,Baghyawati Ahluwalia,MALE,Fireman,11
a3303aa4-522f-4ee3-8132-26f35738116a,Ishaan Bhalla,FEMALE,Fireman,11
d2e11658-5d65-4ebb-b07c-bb7f06a8bcb2,Aadhya Panchal,MALE,First Responder,11
c3ed032a-338a-4224-9f91-3a909969ad56,Gagan Sengupta,FEMALE,First Responder,11
92db4700-3c27-436d-b871-597a2622a27e,Wahab Naidu,FEMALE,Volunteer,11
f7d7af8e-1391-4138-9dd2-2b55b12d8bda,Naksh Sangha,MALE,Officer,11
95296189-8085-4416-820f-a2d8d789bd92,Ayush Mukherjee,MALE,First Responder,11
48d5f923-4d61-4f7b-b850-497a972498d9,Chandani Mallick,FEMALE,Volunteer,11
279175fd-d6b2-427d-978e-2451b9ee59de,Pooja Chawla,MALE,First Responder,11
6ac822ec-3a29-4305-9ed2-1224efccb210,Jagrati Taneja,MALE,Fireman,11
b85c962e-fdd2-4c0a-b216-a6c99627def5,Utkarsh Baria,FEMALE,Doctor,11
6c06a796-5623-4d29-9aa0-66b94fad507f,Lila Kurian,MALE,Doctor,11
30c82504-8ca5-46b1-8ca5-84ef821d76c3,Aradhana Ahluwalia,MALE,Officer,11
65db6077-4418-43ab-9cf9-7e84722be62c,Bhavika Bali,FEMALE,Fireman,11
e4f9a1d2-7b9a-4e4a-b82a-4aff2e9f5840,Kashish Kapoor,FEMALE,Doctor,11
3e0ad1ab-f3c1-47cb-96f4-5d6279b9f984,Ekta Pant,FEMALE,Doctor,11
235e0572-822f-4218-8dae-1fc0d98222b0,Ayushman Babu,FEMALE,Fireman,11
722579f0-b2c6-4e34-914a-8e94b597ce61,Andrew Prashad,MALE,Doctor,11
77d7a754-af43-449c-bc4a-90febc900f97,Meghana Kale,MALE,Volunteer,11
33c5cfb4-d6dc-4a50-9faf-386dabbe1d14,Bimala Sem,FEMALE,Officer,11
ff707728-443e-4373-915c-75a331949128,Ojas Dhar,FEMALE,Volunteer,11
63de2169-b017-4496-9bf6-bf29ce905213,Yug Chakraborty,MALE,Doctor,11
310d4033-25ae-46f7-b194-21410bdc6105,Aadhya Din,FEMALE,First Responder,11
c1d9f357-13d5-486c-aea1-b642ad37a1f5,Laksh Om,FEMALE,First Responder,11
d64a8711-0d7c-410f-8b43-daf6ab681d6f,Chatura Chada,FEMALE,Volunteer,11
03a2824c-4879-4ee0-a242-b76bf12be5bc,Jatin Lad,FEMALE,Officer,11
4b40b386-fa7f-43d5-9e9d-138da4350385,Radhika Batra,FEMALE,Volunteer,11
68b5eefd-2362-4b22-98e0-dc4dfbf48807,Warda Bobal,MALE,Fireman,11
0b261559-06ee-427f-98a3-66aafff5391c,Yasti Chadha,FEMALE,Doctor,11
d0d21f7f-ff1b-45b0-a654-6da980956ba4,Frado Brar,FEMALE,Officer,11
e24ec439-b912-4c48-bba9-e036bffbcc59,Ansh Chanda,MALE,Volunteer,11
4a60b8de-7a50-4411-afc3-f2dd7a229c5b,Dhruv Contractor,MALE,Volunteer,11
7b3967d0-42d7-4d30-80d1-097438a09cb3,Bhavini Tripathi,MALE,Officer,11
cd8ec9e3-abca-4bfe-98e0-4de000628713,Arunima Chhabra,MALE,First Responder,11
0fd317fb-484c-44e2-a464-8e3a719fc808,Advik Korpal,FEMALE,Officer,11
46b7b564-ff12-4a74-b6a2-a75224ea2ca3,Aadi Kaul,MALE,Officer,11
665b607a-8d7c-48fe-b99a-cbe2c4765660,Chavvi Dube,MALE,Volunteer,11
d21411cd-a5fd-4cfe-ad2a-104bf4e14138,Omya Mutti,MALE,Volunteer,11
6573aee6-ce77-42c8-ac4a-eb9d8d871191,Finn Deep,FEMALE,Fireman,11
0aac7671-0a9e-49d1-b02b-da116d8a88b8,Alexander Salvi,MALE,Officer,11
f012ac9e-65a6-41a5-98c5-c4eb63598630,Chameli Shah,FEMALE,Officer,11
e3e290ac-3c00-44db-8c30-ed50ec631521,Yug Dyal,FEMALE,Volunteer,11
722d5181-b19b-498e-b42b-4c0a81eeae57,Raghav Sahni,FEMALE,Officer,11
24174f5c-d034-42b4-ad05-781b81650353,Agastya Sani,FEMALE,First Responder,11
e4e06f05-b29b-45f8-baa6-f9c3c3ac73b9,Falak Datta,FEMALE,Officer,11
6a060fbc-1f84-4188-b10f-0af60456ffc6,Kiaan Mandal,FEMALE,First Responder,11
bf341b4c-1c54-4695-aa67-f518175322f1,Radha Venkatesh,MALE,Volunteer,11
f77ce7ea-095b-48e8-94fe-eb416a19b807,Ekapad Choudhry,MALE,Doctor,11
199e3da8-8476-4a49-9732-1f54e4c9af8c,Tanish Garde,FEMALE,First Responder,11
5670afa4-f7e4-4a4c-b161-55900e9ed1d8,Chavvi Lata,MALE,Doctor,11
283c72c9-29a2-4e92-90f7-5482176edd6f,Gayathri Sule,FEMALE,Volunteer,11
3f84f020-2a86-4f8c-86a5-d91086c8b9bb,Edhitha Mall,FEMALE,Doctor,11
93072765-657f-4757-85fc-a58c12079bbb,Fitan Bajaj,MALE,Officer,11
767f5033-b455-463f-bff7-07e75f9ffaf8,Ronith Vasa,FEMALE,Doctor,11
41c9265f-7201-40f1-ab8b-3a701d11aee9,Krish Shere,MALE,Doctor,11
1ed75e53-44df-46c8-871a-5629fc4e0629,Farhan Tiwari,FEMALE,Officer,11
3686370d-df7d-4aaa-9c64-2ad0e1f92cf4,Veda Ben,FEMALE,Fireman,11
f793c664-5443-4aa5-949a-bb3a988ffa73,Siddharth Parmar,FEMALE,Officer,11
131970ed-9fea-4ed0-a24f-f9c75ac39eea,Vanya Narayanan,FEMALE,Fireman,11
2e5f8d53-da5b-4761-91e0-8dda6a2f6e5d,Nikita Ahuja,MALE,Volunteer,11
65769a71-0d1d-4a47-a939-4771e7815677,Nachiket Bhakta,FEMALE,First Responder,11
0fc13b67-ee4f-4e34-93eb-cb91b09988da,Dalaja Sur,FEMALE,Officer,11
380e6a10-3bad-48ca-ae9f-1afd99697d0e,Chaitanya Mutti,FEMALE,Doctor,11
a8b44d89-a13e-4b31-91f7-606531c467b1,Nilima Biswas,MALE,Fireman,11
f51bd252-2373-4967-a1d0-d1fe30ae60d3,Vanya Kara,MALE,Doctor,11
9981c935-5e25-4024-a30f-c581fcd9fe7c,Upadhriti Koshy,MALE,Fireman,11
cf94be29-8e22-484e-984d-d0b9e9ca3e8b,Jairaj Bhakta,MALE,Officer,11
91aef5be-02b4-4b2f-b41a-e8e9fe232269,Shivansh Sachdeva,FEMALE,First Responder,11
3d12dbed-804c-4608-9681-055219161994,Bhavini Dutt,FEMALE,Volunteer,11
519597fe-dc4e-4151-ad46-eec539967e98,Kashish Devi,FEMALE,First Responder,11
76d4a457-cf42-4de6-b6bd-b365800a64e5,Ekani Mody,FEMALE,Officer,11
a0be6b9b-2cee-4cac-861c-be25ca3a3cfd,Aarav Bandi,FEMALE,Volunteer,11
02db5235-66ed-456b-a007-cafb8c4c0799,Aadhya Mane,FEMALE,Officer,11
301ce4ec-efff-4bdf-aaf9-91a63a11c803,Aahana Mistry,FEMALE,Fireman,11
ee6190d0-5810-4731-b87d-e1a8275e1920,Ekanta Dhawan,FEMALE,Doctor,11
d5a1e247-c26f-464d-b0cb-f9bfea2dfa09,Jason Misra,FEMALE,Volunteer,11
1a910959-0a5b-4e91-b291-df0cdc34b3af,Upadhriti Padmanabhan,MALE,Fireman,11
ebeb6bbc-3e11-46ff-ae0e-ee3cf25dce00,Vedika Kapoor,MALE,Volunteer,11
d7403724-4ae5-4cfd-97c6-e34a15934601,Sanaya Mangat,MALE,Fireman,11
547ab3ee-279c-451e-a5d8-cfd830a0fe6f,Lekha Prashad,FEMALE,Volunteer,11
6cce76fe-5478-413e-a3eb-5ddbd22ed845,Ekbal Tak,MALE,First Responder,11
c7efe876-3cea-4159-82b1-eec14374140c,Rayaan Kala,MALE,First Responder,11
22fcd1f7-ab13-41f5-83f0-d28e6469e9ef,Joshua Dass,MALE,Doctor,11
85495d64-52b5-4626-911d-5327451ce039,Ekavir Anand,FEMALE,Officer,11
66cfe26a-fffc-40c1-9a7b-f65479a681cb,Ekapad Krishnamurthy,FEMALE,Officer,11
84530da7-7e03-4320-b824-1ddceab42c5c,Ojas Chaudhry,FEMALE,Officer,11
2a80b145-28dd-4010-9aa8-829d55c96e9f,Indali Mammen,FEMALE,Volunteer,11
a0991e4b-a068-4629-99f1-1501c8f161ec,Ranbir Lad,FEMALE,First Responder,19
7b7f1db4-639b-44fd-8e98-44b221604e89,Charan Ramachandran,FEMALE,Volunteer,19
6561ae38-6685-4b8e-a45a-1aa1bdbd8a68,Chanakya Kalla,FEMALE,Fireman,19
d6b4354c-1f14-494b-b548-692b26f726c5,Chandran Dani,FEMALE,First Responder,19
e441e0c5-7219-4cab-8dd5-42682a074a58,Gavin Bobal,FEMALE,First Responder,19
0907397c-2990-4cef-873a-c0433d83c7d5,Mugdha Butala,MALE,Volunteer,19
4e98c0c9-4e93-43da-a718-f0e0e568a060,Jyoti Menon,FEMALE,Doctor,19
918af2ad-624c-4b79-969f-7ed5db1ae610,Hredhaan Wadhwa,MALE,Doctor,19
40dab5a0-70ad-4852-9dfc-8cf9fb408446,Jatin Halder,FEMALE,Volunteer,19
c1bce36b-e004-43b2-b4ed-48478b22445f,Pooja Anand,MALE,Volunteer,19
88ab24be-8e03-4534-ad0c-e19fdf2df735,Warjas Sant,FEMALE,Fireman,19
89c0e2bd-c290-412a-9dc0-e95541a395da,Widisha Mander,MALE,Doctor,19
4066bb4d-a3cc-412c-b38d-9429cf8bf8b2,Harita Kannan,MALE,Volunteer,19
943cbed7-b2bb-4a37-995e-2159867f1654,Mitesh Chowdhury,MALE,Fireman,19
efec2bd3-11b6-47ff-988b-353ec614fecb,Mohammed Patil,FEMALE,Doctor,19
521b3f37-cd73-45e0-bf9c-4b19fde691e2,Agastya Mammen,FEMALE,Volunteer,19
0ff07a22-e884-4cbb-a677-b8d6a44744fc,Sarthak Barad,FEMALE,Fireman,19
000b1ad9-6069-4241-9f58-92043c2ec242,Adweta Dube,FEMALE,Doctor,19
1b00a247-7c65-4e10-9503-adb3d40a219d,Charita Dutta,MALE,Doctor,19
4c8a37f1-ac66-4692-ac93-f4a4a0a668eb,Dhriti Chaudry,FEMALE,Fireman,19
f8515cbe-7082-46e6-b09a-5d5df427fe4a,Qushi Pant,FEMALE,Officer,10
9e9472e1-04f1-4b87-985c-172435d1bb23,Rohan Apte,FEMALE,Officer,10
d0610d68-8e90-4075-bfad-4259fc0d671a,Rachit Madan,FEMALE,Fireman,10
e397f191-58b9-4ad2-9194-abb926d3a6c3,Rushil Sarraf,FEMALE,Doctor,10
4b1343d3-23c7-41a6-9825-06da0934a268,Avi Nazareth,FEMALE,Doctor,10
c83a920d-dd4b-4764-932c-164a7e033773,Yamini Kar,FEMALE,Officer,10
8ecc3138-8e4d-4d78-898f-96283f6e9ff6,Dayita Raju,FEMALE,First Responder,10
060edf04-1972-4d19-be9d-92d85d1bc143,Amol Sunder,MALE,Doctor,10
272c0e8d-c2eb-4818-988b-755944845124,Rehaan Raval,FEMALE,First Responder,10
51696ed6-699c-45ef-8391-d2dac0b5ab8c,Eesha Sankar,FEMALE,First Responder,10
7b2cba26-d32b-4bd2-bb77-23b3ff0244fa,Ryan Nair,MALE,First Responder,10
1a0b7c08-e825-49e4-9386-f4cbd0626000,Watika Viswanathan,MALE,Fireman,10
46669061-8e59-4f69-a6a8-7683fb74b994,Wyatt Gaba,MALE,Doctor,10
e177228b-165a-48b0-8751-06f285309496,Shaurya Desai,MALE,Volunteer,10
2ed93bbe-e8b4-4b8a-80ac-927465158d73,Aarna Chada,MALE,Fireman,10
ffdc7ab2-b36e-4e56-ad1e-25cfec8c53ba,Baghyawati Zacharia,FEMALE,Doctor,10
91aa0e1d-6a8f-4b8c-8cf9-6f220b6cb5f7,Chaman Naidu,FEMALE,First Responder,10
6a0866bb-d5a6-4354-8445-a5198c4c6656,Vasana Baral,MALE,Volunteer,10
9374a4c4-c5bd-43f0-a884-86cc6e07c948,Reva Pandey,MALE,First Responder,10
ae34ff3d-f971-4c9e-9505-e6a0ec4c29e4,Akshay Morar,MALE,First Responder,10
24a8db8d-4e1c-4c64-a1f9-9dabc63c1117,Krisha Sangha,MALE,Volunteer,10
2c810aaa-421b-4e47-83bf-93b5e558af2a,Oni Pau,FEMALE,Fireman,10
6d6bb612-1867-4b2f-9435-5ec28b2b7e7e,Chandani Tailor,FEMALE,First Responder,10
31670901-3e98-4998-aec3-6fce2486d501,Manthan Ram,MALE,Volunteer,10
978b0d84-d565-4b69-a738-dbfa4d162e12,Januja Pall,FEMALE,Volunteer,10
c0e1e023-6ad5-4fe1-8b36-cda78f6d72b8,Kiaan Doshi,MALE,Volunteer,10
c7361bfd-a132-46dd-8628-4128f27ddd81,Unni Bahri,MALE,Doctor,10
e360f9a0-b1b0-47a7-925b-99cd0b51e818,Anjali Bahri,MALE,Fireman,10
00905654-2723-43cc-8fc0-e5e218cc1ef7,Radha Anand,MALE,First Responder,10
1d92c863-1668-49cc-ba12-c0e04b38f885,Hritik Dugar,MALE,First Responder,10
7c748c55-7801-4e13-88d7-f2653ea864a9,Hema Virk,MALE,Fireman,10
f04331e0-7edb-4cd1-8fcf-b7b643c4ad7e,Ryan Ram,MALE,Fireman,10
184953f0-358a-4735-a976-192e7cccbbb2,Gagan Mitra,MALE,Volunteer,10
f65c0060-26f3-4458-998f-abf690a13f63,Bina Sabharwal,MALE,Officer,10
ab6f6ac5-cd3e-4649-83e5-3c3f5705aa38,Vyanjana Choudhry,MALE,Volunteer,10
7816471e-2c4b-4f04-ae43-7dead6a85f91,Ira Ganesan,MALE,Fireman,10
dceb77c6-87fc-48aa-b86e-3bb11faffcdc,Victor Jayaraman,FEMALE,Officer,10
fa04a5c8-ce11-4098-a612-71feb384703b,Vansha Bobal,MALE,Volunteer,10
02bb9294-7f12-44bd-a276-e1b252125050,Pratyush Pant,MALE,Officer,18
f22690e1-7949-4a40-b956-8bb3bc6c7a51,Baljiwan Mody,MALE,Fireman,18
5255b60e-34bb-4905-8a33-c53a641b6b70,Dayamai Cherian,MALE,Officer,18
834dbedd-b4ba-4843-a860-802d7cf54e63,Vedant Mohanty,FEMALE,Doctor,18
c4cff754-acf7-46bc-9903-a40e4d014ad4,Ekantika Dasgupta,MALE,Doctor,18
42c2ce2e-3885-4e3d-be73-f362ec4bdb28,Zaitra Deshmukh,MALE,First Responder,18
31004921-df94-4def-adb0-40ad955ed8a9,Chatura Hari,MALE,Doctor,18
901e45aa-d609-4c3c-bd88-ffbd2741ed75,Lekha Saraf,MALE,Volunteer,18
c8c2e056-5185-4898-a02b-a2177867a31d,Gautami Kale,FEMALE,Fireman,18
51d693e9-0a8b-4ccd-8994-647290f09841,Brijesh Bhatt,FEMALE,Volunteer,18
b625a4f5-1988-40e7-b15a-68b6e289e124,Libni Pandya,MALE,Doctor,18
4e3ff9c4-24d9-4f86-b794-7354efc62134,Yatin Rai,FEMALE,Officer,18
bdae8e23-facd-4bdf-a6ac-d54563590f73,Zarna Dubey,MALE,Fireman,18
177fbabc-9457-470a-baa4-e8ad93da0381,Manthan Sankaran,MALE,Fireman,18
0d5aa703-c159-4156-8f91-12eb804fb6c4,Yamini Krishna,MALE,Volunteer,18
0a1fe9d1-3335-4177-bf61-618df6105737,Hritik Gera,FEMALE,Doctor,18
b3cc191e-0b35-4b7d-b641-0055a57c9696,Kashvi Shankar,FEMALE,Officer,10
1b0add4a-8467-4be1-b09e-03249f424407,Kevin Aurora,FEMALE,Volunteer,10
d871023a-f23e-4144-b206-8ae0b4e978d6,Ucchal Anne,FEMALE,First Responder,10
b17d2bdc-42d6-426a-9e73-62830652a026,Vrishti Sen,MALE,Fireman,10
c9297999-5eb0-4341-be57-dbb17e3418a3,Wazir Basu,FEMALE,Volunteer,10
91762d98-ce21-411b-bbce-033d9ab6daf6,Hamsini Choudhry,FEMALE,Officer,10
ff347bb4-89c3-4ab5-b7f8-84e363515320,Vedika Garde,MALE,Fireman,10
33355991-3af7-42b9-9132-ceb2d2e0ef4f,Raghav Pingle,MALE,Doctor,10
fc7a18bd-6832-4fa3-b552-db4174205d7f,Pushti Prashad,FEMALE,Volunteer,10
54d99c5b-14d1-4785-8020-bb42f6bc4f56,Vidhi Bhattacharyya,FEMALE,Volunteer,10
e3444202-a502-4ae1-8ba3-1a96297ba89c,Ikbal Mishra,FEMALE,Doctor,10
1ccc8092-701e-490e-9168-22538a305ed5,Vritti Rajagopalan,MALE,Fireman,10
c1da4d9c-ce1d-49cb-9bec-0ef6375efeca,Qasim Krish,FEMALE,First Responder,10
66b89a14-49d1-4aa4-86bb-21a7e5da463b,Gaurang Sethi,FEMALE,Volunteer,10
1b2cf33c-033c-4505-8851-481088d6db90,Sara Manda,FEMALE,Volunteer,10
7654d132-59d3-48d7-b802-6d07ec57c9b2,Aarini Vasa,MALE,Fireman,10
4cd5c613-dc26-429d-bdcd-07d9e236f8ee,Pranav Pant,FEMALE,First Responder,10
16c81b54-ec5a-4813-9136-7c6f3128586e,Zayan Suri,FEMALE,First Responder,10
5c73fb21-d6da-428b-bfcc-eea9910f5bca,Chanchal Kalla,FEMALE,Officer,10
96a7fc38-7c48-41eb-aa1a-be55014f07f1,Krishna Dhar,MALE,Officer,10
025316ed-c211-4262-aff0-fbccd7b605e3,Yatan Nori,FEMALE,Volunteer,10
5c0b66f2-e19b-4609-a68f-f1fb15d04add,Benjamin Banerjee,MALE,Doctor,10
1268918c-39b5-4c6f-8684-7219d9ddbd4b,Nachiket Walla,FEMALE,Fireman,10
7f576055-21c0-4b7f-83d2-2cf77b2887dd,Dev Kunda,MALE,Officer,10
4780f259-eab6-4c09-a13e-c1f210b7c027,Jagat Vora,FEMALE,Officer,10
f940457e-a5a7-4185-b9a2-7c07e62141d4,Yashawini Krish,FEMALE,Fireman,10
23268f04-3756-449d-a2c9-9ea5d4b0838f,Urvashi Kala,MALE,Volunteer,10
262cff13-5097-483f-936e-e17673cbe6ff,Abhimanyu Narain,MALE,Fireman,10
9cdd4ed5-1d1c-4a75-a0de-11fff3306e39,Avni Thaker,FEMALE,Officer,10
ef569313-ec19-4ffa-821a-29d9c3261795,Tejas Prashad,FEMALE,Fireman,10
15080324-dfea-4736-8b24-c4f76118ee60,Rajata Deshmukh,MALE,First Responder,10
81ed7232-90e6-44d3-aa64-d83fa5c9f3fd,Faraj Khurana,FEMALE,Doctor,10
b3d38cd6-6fd8-437b-a077-dd8f614d723f,Nimrat Gole,FEMALE,Fireman,10
6c7c07a7-bc8a-49ed-b637-48ac2aad65bf,Atharv Nagi,MALE,Doctor,10
b4360e4f-6482-4e6e-93db-dfc39d4cb2ea,Aadhya Chaudhary,MALE,First Responder,10
4a74bcc9-91b6-4de1-bd9a-1db20096a65f,Ekbal Sandal,MALE,Doctor,10
3cf8b461-8b95-4b5e-ba9b-2974eae1535d,Maya Chhabra,FEMALE,First Responder,10
1bd2c0a9-1c1d-4c4c-a793-8e2dad21c79a,Yash Korpal,FEMALE,First Responder,10
3052ee01-f2fd-4d98-a1ff-7bec17ce4382,Triveni Ram,FEMALE,Doctor,10
450b32bd-49a1-485e-ab53-5ebda6b5621b,Praneel Baria,FEMALE,Volunteer,10
45969d7f-d9ba-4292-9ae7-393526f0efda,Harinakshi Ravi,MALE,First Responder,10
7b384d5b-9d37-4138-82fc-131aac01f6fd,Sarthak Panchal,FEMALE,Fireman,10
779b6224-9945-4f6f-9ed1-e51c26627103,Vanya Samra,FEMALE,Fireman,10
57b9529e-79af-43aa-9200-9cc1e419e708,Aarna Narayan,MALE,Doctor,10
4a954cba-fce3-4ae2-9b15-8bdb2dd5705f,Ishwar Randhawa,FEMALE,Officer,10
3c545fe4-1a6f-473d-a893-df37a5588bb0,Rachita Rattan,FEMALE,Volunteer,10
08a00827-e66a-47fd-a7b4-569452e6691c,Vrishti Talwar,MALE,Fireman,10
26b7463e-9a83-417c-9712-5f8fc0e188f2,Indira Sharma,FEMALE,Officer,10
161b0bd1-7c8f-488d-8be0-d2e7b1e7abd5,Leela Maharaj,MALE,Fireman,10
fa7c993f-a181-4525-a3e2-dd04127e7f06,Yashica Subramanian,FEMALE,Fireman,10
5a3e4407-1569-4603-9a28-9ab926106e57,Maanas Krishnan,FEMALE,Officer,10
508900a5-6c28-495c-8c4a-56659036f59b,Daksh Jaggi,MALE,Doctor,10
38165c97-18a0-42cb-ac49-913e055158a3,Kiaan Rattan,FEMALE,Volunteer,10
3f96b3d5-9ee4-4fb5-b200-5c1de48cb253,Faras Puri,MALE,Doctor,10
2e96c07c-a5eb-4ef4-994a-fdebf45aa14c,Kavya Ganguly,MALE,Doctor,10
c617c583-9845-4808-99f6-d1f15438c6ac,Nathaniel Kumar,FEMALE,Fireman,10
104b9033-8dec-412a-b562-c6dfd4cd50ec,Thomas Bhatt,MALE,Officer,10
7570c4aa-f1af-4ee9-a435-a52c3d2254b5,Guneet Oza,FEMALE,Doctor,10
0f3eef74-cc88-4cfc-861b-a0f05cfecb90,Vaishnavi Mitra,MALE,Volunteer,10
334798a8-a836-432a-b749-5039f1bf7b2f,Jackson Boase,MALE,First Responder,10
2bb16315-39ee-44a7-adac-d4cfa1ed95a0,Aarna Dugar,FEMALE,Officer,10
ebc516e5-986c-4566-9fa2-87945541f55d,Charvi Borra,MALE,Doctor,10
1d70a4aa-aee0-4895-a31e-bb2e13a2943e,Vrinda Mammen,FEMALE,Fireman,10
55ab34eb-8a9d-4323-96ab-07abb1c5c5e1,Kevin Chokshi,MALE,Volunteer,10
aa90a301-96e0-498d-a94c-1e6cffc9b4eb,Warjas Butala,MALE,Officer,10
0761908f-7428-49be-bc8e-23476f435623,Yash Char,MALE,Volunteer,10
c3cb402b-4f42-4173-854b-f7608cce72ff,Megha Rana,FEMALE,Volunteer,10
db0d77fc-986f-4850-814c-0cde60ad2965,Ladli Nadkarni,FEMALE,First Responder,10
a08a3814-fdf9-4a26-90c2-f80eb50df47b,Jack Kadakia,FEMALE,Officer,13
8fdd3786-e487-4139-aa2b-9838a32a18c1,Udarsh Krishnan,FEMALE,Officer,13
9f058ae0-6400-4313-a207-a75cb89385c5,Lajita Memon,MALE,Officer,13
1ab223c3-d1b2-4524-96cb-a0f0a871932e,Tanmayi Jain,MALE,Doctor,13
e076d8c5-f743-4a41-b82c-e0b05bcc1c9f,Chatresh Nigam,FEMALE,Officer,13
99b7ef44-2a9f-426f-91bb-8f386a5b2294,Aditya Nair,MALE,Officer,13
118b0a69-5ee6-41c3-8493-b8beb74bfce9,Zehaan Virk,MALE,Doctor,13
44da7cb5-f992-4282-8afc-4a928e96fbfe,Pavani Pandya,FEMALE,Officer,13
0dd41604-721e-4117-8be5-a1f15d911e2c,Shaurya Setty,MALE,First Responder,13
d948b0fb-31d4-41fc-b98a-f9a7dfc137db,Falak Hari,MALE,Volunteer,13
e5e2d6a9-ebeb-41a3-bdd3-736f86cd7445,Damini Kaul,FEMALE,Doctor,13
f78b0a1d-d139-428b-9d31-8c90cff93c88,Upkaar Bawa,FEMALE,Doctor,13
33bfb10f-b3cd-4a55-b55d-ade5240ccf21,Benjamin Divan,MALE,Volunteer,13
8f049630-3f24-4f57-9fce-e3b95a0ab9ff,Om Sarraf,FEMALE,Officer,13
270bd549-f2d8-4551-8ae9-df87de918044,Yoshita Gala,FEMALE,Doctor,13
a544328b-6d97-4a5a-9a32-8ea9af3c1daf,Lila Dey,FEMALE,Officer,13
1dc2bc62-3f5d-46f2-8a8f-350f5a9f93ae,Warda Mallick,FEMALE,Volunteer,13
543ddfd5-d25e-4133-ac05-a0753d9c2300,Patrick Bail,MALE,First Responder,13
ae98e0cd-7d9b-422b-a8d9-88c05110a9e6,Neelima Chacko,MALE,Doctor,13
1a2a7cec-6ca6-4d2a-af6f-96bde5872c4e,Bhavika Apte,MALE,Doctor,13
24ca086d-fa9d-43b9-a981-507e13db2c4b,Nikita Varma,FEMALE,Doctor,13
f61db8f4-ffd0-4fbe-b4ae-2c4e247c93eb,Zehaan Rajagopal,FEMALE,Volunteer,13
05c26514-ae89-41eb-b5a3-2a6271706266,Onkar Sekhon,MALE,First Responder,13
a04c7cf4-583c-4c5c-8f3a-40b547331818,Warhi Khanna,FEMALE,First Responder,13
f8395c4f-14b6-4d27-99f1-8e03131af464,Aayush Balan,MALE,Doctor,13
0d694ef4-1595-44ae-92bb-643f602c25df,Bhavya Keer,FEMALE,Fireman,13
f6d204ae-0379-4843-9a5e-9dd89bc8e84e,Priya Salvi,FEMALE,Volunteer,13
3ed569cd-ebd3-401d-a6e4-9383ed930500,Yadavi Bala,FEMALE,Doctor,13
ce9be5f1-7f15-482c-985d-5f2aeadfc15f,Oviya Sachdeva,MALE,First Responder,13
ca3d15d1-6ae9-4745-8bd0-ac70b0329b56,Aradhana Bhattacharyya,MALE,Fireman,13
8522f5d7-987d-421f-a17d-391c11ec6dda,Darpan Khatri,FEMALE,First Responder,13
0e10b284-1de4-4ec7-8cbb-a8afa45cb770,Faraj Viswanathan,MALE,First Responder,13
2f3072ff-d803-483d-bb7d-d297c1111f59,Krishna Shere,MALE,Fireman,13
ab39d02b-372a-413c-8d76-3721447e78d5,Alka Khare,FEMALE,First Responder,13
871e1f28-6e2c-438a-b8f9-a82057cd9c2b,Yamini Bala,FEMALE,Doctor,13
219e5023-8e51-4a26-a073-31d8b160e20b,Harinakshi Mahal,FEMALE,Officer,22
3dc1fa3a-28c1-4f18-839c-333a4b83771e,Anita Baria,FEMALE,Fireman,22
a877e300-4e46-4332-b4a2-52d4d62300f6,Zaitra Bajwa,MALE,Doctor,22
db2c0e55-454c-47f3-a655-4f8dec061184,Qasim Nori,FEMALE,Doctor,22
4014f74a-df55-4047-a9bd-9a2d7713fd75,Ekantika Koshy,MALE,Fireman,22
456425f6-d148-4220-b894-526f29dae5e0,Owen Bhardwaj,FEMALE,Doctor,22
dfc14f95-b8e6-46a0-86d7-853d9bbe6233,Gautam Ravi,FEMALE,Doctor,22
ae3b1fb6-9e7a-49f7-9e68-ee269cdfdd8d,Rachit Sinha,MALE,Volunteer,22
f773cf08-a4c5-4777-8606-3671c42f2375,Ijaya Kurian,FEMALE,Officer,22
442d16df-4bdd-45a3-99b9-8d3232df35eb,Netra Ravi,MALE,Doctor,22
fc4f6423-cd97-4fe1-b9ad-b1d67d1b4d8c,Gaurika Jayaraman,MALE,Fireman,22
1716f48c-f568-4726-b3d0-29d5db9135d8,Yoshita Zachariah,MALE,Volunteer,22
519660ab-9872-4328-8418-27a37a692ecd,Unni Nair,MALE,Doctor,22
b4b4fc73-4063-48ef-8c52-5095d419791d,Ira Oak,FEMALE,Doctor,22
f6cc3f3a-085b-4537-ab0d-3a03f337b0ec,Jack Kari,FEMALE,Officer,22
ad5580cf-87ef-4c8f-a155-6b35ff4d8577,Quincy Nanda,MALE,First Responder,22
c92a8885-3b6a-46ee-b7c5-bd9dba8856c2,Bahadurjit Edwin,FEMALE,Doctor,22
7b9ef67c-115e-4f1e-a632-19ba4d93bbf2,Henry Iyer,FEMALE,Fireman,22
4c250dc4-1271-4569-9929-1edca3c376ca,Urishilla Saini,MALE,Volunteer,22
902c4197-66ff-4961-b209-752595b71221,Ansh Patil,FEMALE,Volunteer,22
f8b8069f-9bcd-4bed-a20e-ed11396aafd5,Robert Narayanan,FEMALE,First Responder,22
79fa0dac-c874-4d88-a289-e9579f9bbced,Jyoti Srinivasan,FEMALE,First Responder,22
eea3a60e-10e1-4f6e-8268-376ae7aa284f,Bachittar Johal,FEMALE,Volunteer,19
5be7f5cc-9ef1-457f-9404-37ebef21d5fc,Tara Radhakrishnan,MALE,Volunteer,19
4ad0f946-6865-4433-ae12-d309b8fbb276,Jonathan Sahni,FEMALE,First Responder,19
da4d5085-a9a0-474f-9e11-1052e1ca588a,Chatura Pillai,FEMALE,Doctor,19
d6d407d0-8907-4eb1-9ab3-c791214fec0b,Bhanumati Raj,MALE,Doctor,19
928974b3-809a-4255-abdf-40bc5f7a6e89,Kamya Murthy,MALE,Doctor,19
ebd5b30d-18ef-4b61-b52b-1a95cc61a994,Frado Edwin,FEMALE,Officer,19
4862a78f-666a-4846-9896-2eb941e23297,Ubika Banerjee,MALE,Fireman,19
6da636a4-0347-4588-a580-446fdbedf4fb,Eta Prashad,MALE,Volunteer,19
408a2333-32f7-4b6c-a0bc-b89040350a24,Ira Sant,FEMALE,Volunteer,19
017a0340-b941-4e1e-8556-687916380500,Chandani Nayar,MALE,Fireman,19
35af50b9-ff19-4eac-bbfd-f1b09fcb0c32,Radhika Kuruvilla,FEMALE,Fireman,19
0cb11621-6787-4661-955a-56d6e148f40d,Rehaan Reddy,MALE,Fireman,19
1b932bfe-28e1-4899-abdf-440c1305e681,Udarsh Bawa,MALE,Fireman,19
ef924997-c821-4b1b-8c1d-7fc727016130,Krish Misra,MALE,Volunteer,19
526e0413-af7b-4e95-911c-dded0dbbb503,Kamala Raj,FEMALE,First Responder,19
f7509625-2eaa-4798-b379-aa753bbb72de,Mohammed Varughese,MALE,First Responder,19
93c0c6ae-81c6-46ba-9855-8153793d5b0c,Kashvi Swamy,FEMALE,Volunteer,19
390c33c4-0720-424a-a12a-dba44bd134b5,Ansh Dave,MALE,First Responder,19
fc9096cd-aa1b-4acf-a654-f94b5430530a,Nihal Chandran,FEMALE,Fireman,19
dddc2766-1725-4b77-af78-b4190777fc62,Jalsa Sethi,FEMALE,First Responder,19
6da6b702-16bd-4d14-b8bd-740b3d865eeb,Indira Borde,MALE,First Responder,19
31dba193-5901-4b50-a526-ba1ac28c560c,Nakul Natt,MALE,First Responder,19
f550d754-e1a6-4422-8b26-dd5dff19fc7f,Ishita Baria,FEMALE,Volunteer,19
cc7411af-5a64-4499-a457-8b08550285ab,Frado Shanker,MALE,Fireman,19
2007e6ea-1129-424a-b845-6fe9874762df,Nandini Narayanan,MALE,Fireman,19
23ff8cb2-d9ef-41d9-9517-54f1676f55db,Bhavini Sha,FEMALE,First Responder,19
028ef72a-6065-4c6b-9093-5636c4f62d4d,Indrajit Dhawan,MALE,Doctor,19
82d2b25d-63d2-4819-8d11-20f1b0032252,Robert Magar,MALE,Doctor,19
414b565d-6e81-430b-bd82-bd6024de206f,Osha Bhattacharyya,MALE,Officer,19
c4a66b23-8a9c-4910-a393-471d6f1d82e4,Mugdha Chauhan,MALE,Officer,19
0e0da15e-3758-4583-9f9d-c11b3397ee3e,Nilima Keer,MALE,Doctor,19
1406683d-30a6-4f20-8edf-38e865c3f178,Qarin Jani,FEMALE,Volunteer,19
8fc51498-1f97-4dd6-a8b9-4b51c0d3e6a2,Oscar Roy,MALE,First Responder,19
9b4c8bed-e691-41a5-aa37-728521abd323,Veda Swamy,FEMALE,First Responder,19
1ad4450d-ee47-48b3-8c4c-1e9022efd6bf,Guneet Chada,FEMALE,Doctor,19
16fdbf24-d68c-4d6e-9acc-0e20ebee4e79,Osha Nanda,MALE,First Responder,19
eb66c3f2-0ce0-4f21-a21b-e1e98ec23dbc,Vinaya Rajan,FEMALE,Volunteer,19
9c0823db-d0e2-47c1-b42b-abd153dc494b,Chakradhar D’Alia,FEMALE,Fireman,19
9da3c2d0-6ff1-4a58-8bf1-9f2732747aa7,Kritika Karnik,MALE,Fireman,19
3140ddde-fac3-499f-8157-78139af93337,Nakul Sule,MALE,Volunteer,19
49fe10e9-2e2b-4338-908b-5df43d696db4,Caleb Thaker,FEMALE,Officer,19
ddf1ad71-7731-49e3-b002-dffdbed1a564,Baljiwan Goyal,MALE,Doctor,19
9e0420bd-21b7-409f-81a7-65ce34f15875,Tejas Memon,FEMALE,First Responder,19
04a74bbc-999b-4d1e-b47b-43e0fc3596ee,Pooja Khurana,MALE,Doctor,19
f212a373-9caa-47ca-a116-a90163af7227,Naksh Garg,MALE,Officer,19
305371c7-3e92-44b1-853e-f586b671c767,Ryan Bhatia,FEMALE,First Responder,19
91d8f45a-c049-4ce8-acd1-2d6fb40df055,Logan Chand,MALE,Doctor,19
e9212619-8eb3-4ef6-9d94-1efab2409300,Panini Ghosh,FEMALE,Fireman,19
8895e707-a636-4b2e-9abb-4fd787d8bb04,Nidra Lanka,MALE,First Responder,19
8e5d3c71-6d78-4f32-b6e0-3fb8e45cfc50,William Peri,MALE,Doctor,19
892a2adf-bb18-430e-95df-0cff882696b8,Harinakshi D’Alia,MALE,First Responder,19
f851bc2a-9589-47b7-bc2e-362754b15e98,Frederick Dhar,FEMALE,Doctor,19
3a2328a0-b148-4904-ba73-0f9c593392e2,Hredhaan Bobal,FEMALE,Fireman,19
1775e44b-7d98-490e-8bdb-707fcbabc043,Jeet Dass,FEMALE,Fireman,19
4a230822-119a-4691-af65-c65383dd7e8b,Aditya Dewan,FEMALE,First Responder,19
c5778544-c378-4da0-b4cc-cda3580309d9,Ikbal Baral,MALE,Doctor,19
0fb49c68-064c-4bcf-901c-464351772363,Nirja Buch,MALE,First Responder,19
89cef90b-d966-4ffc-b289-2cab3711b006,Viraj Tailor,MALE,First Responder,19
f6a3518c-1dd7-4558-acd6-1b49c9b54a21,Bina Kumar,MALE,First Responder,19
5ad46583-e5b7-433e-b845-f284f42f459d,Urvashi Dhawan,MALE,Doctor,19
6a97bad2-fd23-4457-9723-ad0311fe274c,Yochana Dave,FEMALE,First Responder,19
64b82203-3626-4fa5-88c4-2da7916e5d1a,Nakul Sandhu,FEMALE,Officer,19
912d93a8-9247-40fe-8617-9b5d00c46eca,Aarini Rajagopal,FEMALE,Volunteer,19
75f5b2ad-0c91-4229-b696-92fa60bb12ce,Devansh Varkey,MALE,Officer,19
da77e085-6973-4c86-a7c3-d444cc30f0bf,Panini Balay,MALE,Officer,19
e18a482f-89ae-4a6a-be70-141a32962271,Vasatika Nath,MALE,Volunteer,19
72b1016f-1419-4fab-9483-99dcbfa2e80e,Tarak Kibe,FEMALE,First Responder,19
814e5d7e-3239-4961-b0eb-793723e9c274,Dhriti Rama,MALE,Volunteer,19
c9c08c6f-314e-4500-b634-df2abf3d934a,Onkar Bala,FEMALE,Doctor,19
a88d992e-7ad1-4ed9-a39c-272d5f83c3c3,Wridesh Sekhon,FEMALE,Officer,19
91a7a197-1e38-45bc-8bfe-9b84e1303d55,Osha Jayaraman,MALE,Volunteer,19
d1973b89-a7cb-4f0c-9ee2-5a6bb3fc2829,Utkarsh Deol,MALE,Officer,19
6e15fbc9-127b-4917-8be2-e0dd5ba04239,Arya Mukhopadhyay,MALE,Volunteer,19
0c1f485f-d20b-47e7-ba90-2baccab8dcb3,Lohit Ahuja,MALE,Doctor,13
b1c5962f-b004-453c-906f-38f3ea0c9787,Krish Mahal,MALE,Volunteer,13
89e6ae90-7e0c-4f75-b8d6-d8345bcc700c,Dominic Sankaran,MALE,Fireman,13
1072c5c3-b639-4462-adb5-aa2154c7fb0a,Simon Sethi,MALE,Fireman,13
42960bca-75e2-40be-bf74-95522cb89af9,Maanav Varghese,MALE,Fireman,13
1b1d28a4-1c5f-4846-a697-f5ab70f8cb9b,Advaith Rajagopal,MALE,Officer,13
285d362c-6932-4d8f-9d7d-267ef24e17c2,Ikbal Bose,FEMALE,First Responder,13
21606949-6d6f-4064-b22d-072423c89da5,Baghyawati Ramaswamy,FEMALE,Fireman,13
abe29cff-fff4-44ae-a3a1-86d724f6082f,Mason Ramaswamy,FEMALE,Volunteer,13
85d5c485-5222-41c4-b294-a2b850c87b81,Karan Banik,FEMALE,Doctor,13
29e3c87f-46eb-4c71-8683-09adfa57d7df,Gabriel Chaudhry,FEMALE,Doctor,13
bf3db5cd-3b36-476b-a957-8b89e839c5f1,Wishi Bhandari,MALE,Fireman,13
cbf9ceb4-8891-4e70-8538-4cfe9a4ba433,Shravya Randhawa,FEMALE,Officer,13
d51a8ec8-2760-483a-b9af-c90636f1241a,Aachal Mangat,FEMALE,Officer,13
ac84c29d-6300-405f-902a-6b47aa8f7af7,Brijesh Sama,FEMALE,First Responder,13
bf7526ba-49ca-4214-80a7-597d6335df8c,Matthew Sule,FEMALE,Volunteer,13
299c3276-89a0-4d84-8a3d-2e62f81fea51,Udant Saran,MALE,Fireman,13
d62e0260-773c-456e-8bab-aebde0a0693d,Joshua Warrior,MALE,Volunteer,13
03b0b901-95e4-4736-b09c-3cb5b4f30d8d,Thomas Dhingra,FEMALE,Fireman,13
d20a0fa7-4d7a-4613-8752-9b8e38a21c89,Chaaya Chahal,FEMALE,Volunteer,13
17bd5478-52ed-42ce-9ea7-46a9c7a80737,Parth Sundaram,FEMALE,Volunteer,13
0538481c-8bcb-426a-8e66-4af65a1a683a,Champak Johal,MALE,Fireman,13
50f983d0-fcd1-4554-8514-06b7076ed2cd,Daniel Behl,MALE,Doctor,13
2edc7bb2-347e-4d5d-8f1b-34749b2efd8c,Aradhana Naidu,MALE,Volunteer,13
eefcce22-56a5-4416-bc36-2582e2cf4414,Rushil Raman,FEMALE,Officer,13
f794e2d4-54b9-472c-84df-fecdc973e124,Laksh Shanker,FEMALE,First Responder,1
5800b3a8-c9ce-4c93-970c-0936505bf699,Yash Raja,MALE,First Responder,1
b7f73926-8206-44f2-8ea8-89afd39f03fd,Waida Nanda,FEMALE,Doctor,1
89e93774-228d-47f8-b47d-a0486ae96077,Abhimanyu Natarajan,FEMALE,Officer,1
6f66af4a-8b05-42aa-bb02-dee0a30dec7c,Pooja Bajwa,FEMALE,Officer,1
06c3bc96-d3f5-4243-94e8-ac6ee7a920e7,Raksha Pant,FEMALE,First Responder,1
7be9b5c8-c482-48e5-b373-d5ddd7a7d597,Wakeeta Jaggi,MALE,Fireman,1
bef24986-d253-4481-80a3-a3fb9dc2fc3a,Aarav Kala,FEMALE,Doctor,1
30dd1175-667d-496c-85df-f93ea0f1b0ff,Krishna Gandhi,MALE,Officer,1
fa2a615d-cf7b-4687-b370-3eb392f1d50c,Jagvi Kade,MALE,Officer,1
3000a558-6ea5-4a7f-ab39-82a1a13a844b,Upadhriti Khalsa,FEMALE,Fireman,1
84e16326-e85c-48a7-bb2e-fdb2a0ed7229,Yochana Kapadia,MALE,Fireman,1
dec8e102-d55d-4fa8-88aa-65d87aa6294e,Quincy Parsa,FEMALE,Doctor,1
e75ed488-f6ed-412a-917e-5958d4428921,Urvi Dugar,MALE,Officer,1
d81a27d6-08e5-49c9-a53d-d675f0f9bd03,Krisha Sandhu,FEMALE,Doctor,1
75080ea7-0b3f-4b3c-bbbc-b806f3733555,Nakul Pandit,FEMALE,Volunteer,1
ecdbc090-2c61-46f2-a138-ac7ae5720f35,Vasatika Bandi,FEMALE,Doctor,1
c9a8d37b-f38d-4003-a765-92e3c4136565,Nidra Chokshi,FEMALE,Volunteer,1
41a86360-25ad-41bc-9456-b8cd3746d816,Krishna Dhar,FEMALE,Fireman,1
eda91548-9290-4bfb-80fc-7188ccc8e78d,Ekantika Rajagopalan,MALE,Doctor,1
e8863326-7f6d-432a-92c1-1631abf29c38,Zilmil Sethi,FEMALE,Officer,1
75f54bfe-41bf-42fa-80f0-489df762088c,Mekhala Tata,FEMALE,Volunteer,1
008e9b52-13ce-435f-a02c-3cf33325140f,Yashawini Parikh,MALE,Volunteer,1
0ed8bf88-4e87-441c-9b1b-38b99bc28933,Chanakya Mannan,MALE,First Responder,1
1d5ec351-333c-42ab-b29f-473dc2c6ea63,Advay Dhaliwal,MALE,First Responder,1
253c393f-2cf9-49a7-b252-7cdd7890e594,Arin Dugar,FEMALE,First Responder,1
e0160346-954a-4126-b1e2-eeeab2be2f3a,Ishaan Soman,MALE,Officer,1
c9e99889-c04d-4da5-a3fb-6f54a320332c,Yashasvi Kuruvilla,FEMALE,Officer,1
36bcb206-a1f0-4231-9d2d-621eaa554178,Watika Cherian,MALE,Doctor,1
5c55f151-2369-4f4f-87dd-702dd27c38d3,Udant Nayar,MALE,Volunteer,1
8afe9edb-351c-4c5a-b2aa-3b610d870351,Abeer Sangha,FEMALE,Officer,1
80599aaf-ac32-46b2-ad27-f93b117e6f92,Sai Dhingra,FEMALE,Doctor,1
a7c08487-2b27-4eea-bb9b-50f811739bf7,Alexander Mander,FEMALE,Doctor,1
d9a1e9ea-e5eb-4fde-9d9c-a84615f90b18,Frado Dhar,MALE,Doctor,1
84fb7762-6dca-4d00-a925-14e8775d6721,Aryan Zacharia,FEMALE,Officer,1
03612dfb-7d25-4f1b-b82d-197711a850b1,Vasatika Soni,FEMALE,Officer,1
d8f3b6a5-602d-4595-bee6-5efd159527b5,Leela Dada,FEMALE,Volunteer,1
77989b36-b7d4-4555-9a3d-e5514b6bb156,Faraj Rajan,MALE,First Responder,1
40eb6362-cfcf-442b-bd5e-3f4652ccb5ed,Niharika Palla,FEMALE,Fireman,1
2336bee0-7a7b-466e-bcc6-ce2e9132151e,Ishani Dani,MALE,Volunteer,1
a2ac0577-4044-4aaf-ba77-4d8ccf0bc163,Girik Handa,FEMALE,Officer,1
92aa9ecc-e719-40f6-83dc-177d4342b61e,Wriddhish Sibal,MALE,First Responder,1
4be638b0-3304-44e2-ab5f-24762cd47cf2,Hitesh Sachdev,MALE,Officer,1
d8267a29-f5b9-4529-b6fb-521e5efe8a3d,Oviya Zacharia,FEMALE,Volunteer,1
c996af0d-c32f-45ab-ac04-e095166f73be,Chakrika Khatri,FEMALE,Officer,1
e6e0d7d9-30fa-49de-b43e-1e24a69d448d,Warjas Kannan,MALE,First Responder,1
f1fdf1ef-61b2-40d1-8573-142d3297a8b8,Leena Sane,MALE,Officer,1
18fdbbfd-d465-4126-971f-4ccfc312ca8c,Nathan Saxena,MALE,Volunteer,1
fc775295-a4ac-4655-a7e7-70f6dbf5888d,Upma Sheth,MALE,Fireman,1
1d87ea2c-1d71-454d-bc12-53026edc4936,Tanvi Mahajan,MALE,Fireman,1
7eedfcab-8643-4c21-af46-d304ac759623,Nisha Bhat,MALE,Doctor,1
2f75f250-fc1b-4149-94ed-cca34470c371,Mitali Kadakia,FEMALE,First Responder,19
d994ea12-97cc-40eb-aa9d-a52ecb62193e,Bishakha Dyal,MALE,Doctor,19
1b379243-f4b7-460f-8120-42b8b8fc8e9a,Dhriti Hegde,FEMALE,Fireman,19
33247a8c-b8e2-4d17-8e7d-8d012aa27685,Harshil Ratti,MALE,Doctor,19
d672efc4-af0b-4240-bc08-0101daee6c39,Varenya Raval,FEMALE,Volunteer,19
53387595-d0ee-4739-abff-de7908c70df8,Inaya Wadhwa,FEMALE,First Responder,19
b1cba2ec-f770-4bcc-8c73-3680d31f2c75,Owen Narasimhan,FEMALE,Doctor,19
7b366487-4688-4d32-a508-df8a2a68f11b,Unni Dewan,MALE,Fireman,19
68ff9ccc-0c70-411d-8526-3abc0a9415ee,Lakshmi Karpe,FEMALE,Doctor,19
52909ebf-845b-40c3-8dd6-0c7492dd828c,Varenya Choudhury,FEMALE,First Responder,19
c319c38a-3647-466a-a098-82a6815e8970,Fariq Char,MALE,Doctor,19
34eac8d3-4e7f-42ca-8087-81bf20922743,Wriddhish Lala,FEMALE,Officer,19
c30663b4-f648-43d6-b632-a6db01ae014c,Tarak Ramanathan,FEMALE,Fireman,19
41932e19-df63-4853-a365-70171f2b2265,Zayan Bandi,FEMALE,Fireman,19
aa79f82e-41fd-447c-822a-da5c0814a8a2,Ekaraj Bahl,FEMALE,Doctor,19
4049959a-1c08-4f66-9a04-88be3978bf6f,Maanav Bakshi,MALE,Officer,19
11e92ff7-db23-4541-970b-5cb86eff1879,Abhimanyu Natarajan,FEMALE,Doctor,19
f85187e7-1a15-4ca6-acb2-1ed4112b51eb,Chasmum Mall,FEMALE,First Responder,19
ae84e352-5070-4279-b4cb-c36bcbda69bd,Ladli Sunder,MALE,First Responder,19
0e941eee-b68e-43b5-8dbe-063b135e6b26,Amrita Raj,FEMALE,First Responder,19
4655a1f0-5b30-4dcf-b6ea-19cbf80e9f0f,Gagan Kadakia,MALE,Doctor,19
d1aef777-73ac-46ac-b8f9-ec455054c74f,Samuel Chaudhuri,MALE,First Responder,19
2731cb50-16e5-40cd-bef6-2f00ab85fc65,Ekta Badal,FEMALE,Fireman,19
69bcc7e2-602c-491d-8e98-06bb444a70bc,Udarsh Wagle,FEMALE,Fireman,19
60a8bd5a-e673-4c14-8662-f475d4651d3b,Leena Subramanian,FEMALE,Officer,19
f07d6f4f-9472-415a-9866-9e8bfa07e5a7,Nandini Prashad,MALE,Officer,19
ff253ebc-1109-40c8-972d-f0ffb2f08b08,Hemang Saini,MALE,Volunteer,19
2269fd5b-fa02-4625-813f-d6d2dac550f8,Tanmayi Dube,FEMALE,Volunteer,19
21c0c940-164d-4c48-86c5-ffbe655e070d,Ishani Ganesan,FEMALE,Fireman,19
09b7ca3d-d18d-4245-81f6-6a3cd7ee1bf5,Gaurangi Chaudhari,FEMALE,Fireman,19
a38ec1fa-b835-48eb-b675-3bf8b603c826,Shivansh Kapur,FEMALE,Fireman,19
f87b3a8b-a9aa-464c-9b0c-65ea1f6cf3e6,Harish Chandran,FEMALE,First Responder,19
21d69737-7ad2-4fae-8dd3-787cb4e1c929,Devika Koshy,FEMALE,Doctor,19
f3f20afe-a982-42cf-a988-5e6f89625f64,Faqid Andra,FEMALE,Volunteer,19
c428dfc6-f94f-49eb-975d-1316e3907814,Pavani Sani,FEMALE,Officer,19
54123d2e-b33a-4a1c-b5b2-94e48210b63e,Imaran Lala,FEMALE,Doctor,19
20ecb19a-1934-4341-a0aa-dd82d03d1513,Hemangini Gola,MALE,Fireman,19
01bb4ec6-79cb-4f5e-85b1-3c72bd7100a3,Zayan Kuruvilla,FEMALE,First Responder,19
6d348342-8dba-4a4e-847d-742c5a241410,Ganga Sinha,MALE,Volunteer,19
46731c29-6138-4105-aa97-317834331062,Kamya Sood,FEMALE,Fireman,19
dbad756e-5e0f-47d2-835d-51c6cde44158,Kai Subramaniam,FEMALE,First Responder,19
657cc8fd-2395-4ccc-980f-80b3a03cd1ca,Udarsh Nair,MALE,First Responder,19
eba76152-cdc9-46f3-9392-88cc99637e25,Aarini Kapur,MALE,Doctor,19
28199ed2-b74e-4061-b79a-02f8f5a7f47c,Dominic Shetty,MALE,Officer,19
53defdc5-a2d7-471c-85b1-bb26610b6557,Krishna Apte,FEMALE,Officer,19
678ce2a6-0859-46a0-9f3d-01a8057e2122,Girik Vig,FEMALE,Volunteer,19
e4a6ec18-21a6-41c8-bafb-245415923b4f,Zilmil Sengupta,MALE,Fireman,19
a241cfb8-4588-4efb-bd9d-e0c17b111723,Robert Bhattacharyya,MALE,Volunteer,19
45f97637-637c-4f3d-97cd-9f20f2f0bc9d,Jeet Nori,FEMALE,Doctor,19
fd26ee54-e80c-470e-b5b1-2b7d251cdb7f,Kala Dewan,MALE,Doctor,19
073462b1-0edf-44e2-b2e1-14dfe1cbdaf8,Hemani Bora,MALE,Officer,19
e473374a-85ef-4784-bed9-e20c96ee3c56,Veda Gokhale,MALE,Officer,24
e4befe6f-b84a-4c60-9650-900eb7904b43,Ekavir Samra,MALE,First Responder,24
53ccc090-70e5-4aec-b223-8045bfe162c3,Jeremiah Kanda,MALE,Doctor,24
8c6c408c-83ec-4f2d-818a-cdeee4b5e61f,Varsha Dua,FEMALE,First Responder,24
cabebc15-bef6-4368-b018-89f3537aff86,Yadavi Rout,FEMALE,Fireman,24
b1aa50ae-1bbd-4afc-b879-4de3d74cff55,Vincent Nayar,MALE,Doctor,24
e26b987c-b591-4a79-aa5c-8abbed7fc869,Omkaar Mallick,MALE,Doctor,24
7a5bbd17-ea30-4589-b39b-bd9fd72dea2d,Ronith Bora,MALE,Fireman,24
673d6cf2-e38b-41d1-ad7e-2202fe3480c0,Onkar Chacko,MALE,First Responder,24
58149b5e-468e-4fdb-9437-8722e5b08dd4,Tripti Buch,MALE,Volunteer,24
260d77ac-203b-492f-b8bd-a89cfe62f963,Ojas Sengupta,MALE,Officer,24
a92576e5-aed3-4152-8843-ab9e7339558a,Simon Mittal,FEMALE,Doctor,24
b88c05e0-30ef-4396-b40e-dfbb46e79b15,Zinal Srinivasan,FEMALE,Officer,24
dd60d2b9-01dd-477a-862a-7022128961af,Guneet Dhillon,FEMALE,Volunteer,24
f853e136-f082-4d24-9afc-8ec057eb4397,Agastya Parmer,FEMALE,Volunteer,24
d103e96a-5136-46c5-8254-4a9fe29efb10,Gauri Sura,MALE,First Responder,24
77ed97c2-c8db-4015-8ad3-f98b698fb96d,Ronith Amble,FEMALE,Volunteer,24
4f64dc81-087a-402f-8dfa-494bb4bd47a5,Vidhi Borah,MALE,Volunteer,24
ffed365d-ecf6-45cd-8f4b-b9d56c62be62,Ayushman Nori,MALE,Officer,24
7be9c936-4fd1-4a97-9a65-1c346e7a5c48,Gaurang Wali,FEMALE,Officer,24
55388d05-5e30-421a-8b6b-d45ee878e191,William Bahri,FEMALE,First Responder,24
d677c81b-c36a-4ff2-ac43-62673de2827d,Neel Bhasin,FEMALE,Fireman,24
eaf43cf6-483e-41e5-bc7f-3e9e06ae1616,Kamya Lad,MALE,Volunteer,24
063c2a1b-b5d0-4c73-a21d-962ceaa937b1,Hredhaan Bandi,FEMALE,Volunteer,24
aa2ef9e6-7133-4871-9176-82365b48ef76,Vivaan Deol,MALE,Fireman,24
10d3e4d9-bddd-4ab6-87a6-92db35c1c76a,Devansh Shanker,FEMALE,Doctor,24
5cf6d978-be1b-4a07-9228-a02b7315faaa,Girik Sunder,MALE,Fireman,24
3754c9c7-6675-4c0d-ab03-9e6e33efc320,Ridhi Prakash,FEMALE,Volunteer,24
db86a9e7-2349-4408-affe-d0c2b21f19bc,Rishi Khosla,FEMALE,Doctor,24
0480a0dc-3e27-46ac-aa22-b4d50313a220,Chatresh Rau,MALE,Volunteer,24
7e61e2a1-7b2f-4801-9055-a1cd367a593e,Januja Chanda,FEMALE,First Responder,24
e2cf51ca-a785-485a-9886-375c08ea10cc,Sathvik Tank,FEMALE,Fireman,24
8a597a5e-d55b-40cc-9353-8cd086d45e85,Vansha Tandon,MALE,Doctor,24
7c6f08b6-2cbc-4510-9c6d-c74d540d3bdb,Zashil Rout,MALE,First Responder,24
8408806c-4bea-45e3-8805-2cd9bd60a6a1,Anita Baral,FEMALE,First Responder,24
597a6715-5f9a-4aef-9775-86efa46a3fbe,Wyatt Joshi,MALE,Officer,24
d161ff32-f065-4a3f-93e9-14ee018d2fe0,Chandresh Sane,FEMALE,Doctor,24
d88bc09d-da84-4f98-9506-1fb79ee1db39,Samesh Walia,MALE,Volunteer,24
dde75a61-cd01-4b61-9f18-1f7f3c51180d,Arin Wadhwa,MALE,Doctor,24
d424e0c4-0c1f-4018-8e9e-315d89da3b1e,Zansi Anand,FEMALE,Doctor,24
6b9b2993-2d3b-4460-8400-34de84ab3a1a,Hemal Pai,MALE,Doctor,24
7fbd9ff4-d281-4860-8d81-a8ad42a36dc6,Aahana Bera,FEMALE,Fireman,24
25e2d26d-bc4c-415f-9531-403d20b5260b,Ekaraj Mangal,MALE,Officer,24
4030c17b-6198-4b1c-b010-7a53a0e394ac,Mitali Divan,FEMALE,Doctor,24
cad98125-efff-4af4-b9b4-2d0b22836c07,Qarin Dhaliwal,MALE,Doctor,24
a5d9f12e-5a92-435f-9d8f-0128bfe73fce,Krishna Bala,MALE,First Responder,24
16cce7af-09ab-4763-a01a-408c88cb99f5,Ekaja Chander,FEMALE,Doctor,24
257ab69f-9a82-49a1-b15b-10394b224ae0,Jagdish Hayer,MALE,Doctor,24
a3411512-29e5-46ee-b71a-4a6bc901c89a,Vrinda Varty,MALE,Fireman,24
4546643f-610e-454b-b244-e39c1268f534,Oviya Krishnan,FEMALE,Officer,24
49faf65e-fcdf-4b23-ab3b-a49c05b4ad6c,Vihaan Dara,FEMALE,Officer,24
53f95145-c7b7-4a9a-98b7-10064fcbab3e,Jyoti Krishnamurthy,MALE,First Responder,24
e94c8c70-c5c5-4b5b-8832-99e58e3be73a,Abeer Saini,MALE,Volunteer,24
0cc64781-14a4-46ef-99f8-b72263ecb3d6,Tanay Chopra,FEMALE,First Responder,24
a4da9282-5e42-4fa6-97ab-9435ea3e3cae,Agastya Gera,FEMALE,Officer,24
4e7de92c-9ea6-4493-9e20-0feda7a0e746,Upasna Goswami,FEMALE,First Responder,24
c5405b8d-63c4-41e1-8238-2db040eab3cc,Varsha Saini,MALE,Volunteer,24
d1c9e1cd-13e5-4f07-9ba9-f5eb6235b414,Dayamai Basak,MALE,Officer,24
01afb64f-6b03-405c-8854-d61f9eec61bb,Lucky Shankar,MALE,Officer,24
8910653e-253b-4e47-b700-cdcbc64433ec,Yashasvi Raju,FEMALE,Volunteer,24
15c45a17-3efd-4ae5-9b19-b6ba235d071c,Imaran Dhingra,MALE,Volunteer,24
84a7f83b-bfc5-4a2d-beb4-748a9698d6ef,Farhan Raghavan,FEMALE,First Responder,24
d13c87eb-ded7-4184-a920-fa4ea35fbfc0,Urvi Sheth,FEMALE,Volunteer,24
b123c080-4788-4a6b-8b46-8179fcf9f660,Reva Baria,FEMALE,Officer,24
1e7e9a0b-165a-41a6-92bb-3dfd3b842cb0,Aarini Walia,MALE,Fireman,24
9085dc95-4e56-4911-b6c2-06300eaaa5a7,Sneha Sood,MALE,Doctor,24
03307a9d-49dc-4f77-a1f0-0a1d1081d361,Baghyawati Dara,MALE,Fireman,24
ca81156b-7fc5-43bb-8a96-9fb4dc386b13,Krish Bera,MALE,Volunteer,24
fcd4bdee-a798-438d-9d6c-0aed24c09e42,Tara Bail,FEMALE,Fireman,24
6677caee-3336-4205-b351-fac525e89a24,Udarsh Dewan,FEMALE,Doctor,24
add1196e-0814-49db-afb8-af360e213810,Sarthak Jhaveri,FEMALE,First Responder,24
745ba7de-1d2e-46cc-8abf-d9da6385765f,Sanaya Saraf,MALE,Officer,24
9763b6b8-8534-4372-823f-c8d2ea9387c5,Dhruv Hari,FEMALE,Doctor,24
4d3224a4-b9f0-4b1b-a42b-6c5d49c61aa3,Aadi Raj,MALE,Fireman,24
0e983777-53e8-4124-bca9-d3c00e384f63,Amrita Lala,FEMALE,First Responder,24
a5296867-a06b-421d-a87c-220f54567c30,Laban Uppal,FEMALE,Officer,24
e2b3934f-99f3-4940-8d75-86af593853e8,Abeer Lanka,FEMALE,First Responder,24
92735ac0-92fd-453a-8dcc-0d65fa8c3e00,Harshil Khalsa,MALE,Doctor,24
d3805050-b1bd-4d45-bdba-bd792cb53511,Banjeet Ghosh,MALE,Fireman,24
54ecc7cc-80c8-4aba-b47f-b9fc1ad1352f,Suhani Banerjee,FEMALE,Fireman,24
5fa51de5-0af7-4654-a59e-b2650cd7ea79,Anita Mahajan,FEMALE,Fireman,24
d7033df1-8f4d-4a11-91e1-f7ed4a9a4af1,Nandini Bobal,FEMALE,First Responder,24
8a59d98a-d0ba-4216-a428-73691a82e568,Siddharth Chaudhary,FEMALE,Doctor,24
582519ef-38d8-40d9-85ad-efb3a1a9d889,Manbir Date,FEMALE,Officer,24
90406ed2-9106-4f14-bbf5-cebc08563811,Yashvi Kade,MALE,Doctor,24
bce22848-ccb4-419d-9e03-c6ae5e0e78f7,Amrita Chad,MALE,Officer,24
a9f6fe49-6260-4897-80e5-59f8dfb9cf41,Gaurika Solanki,FEMALE,First Responder,24
c9443015-6f0b-44da-82a4-0fd01100a6f7,Yug Shere,MALE,First Responder,24
691e44d8-7aa1-4cfb-a1c1-8b5d05ed08ee,Vrinda Pant,MALE,Officer,24
a141b40b-df74-4141-8c79-b6b55b3e998b,Siya Sengupta,MALE,Officer,24
ed368d4a-1d9b-440d-aba6-ebf547d557ab,Omkaar Kibe,FEMALE,Fireman,24
7a0a1a78-2c15-478d-b4b7-bf28405833e9,Victor Hayre,MALE,Fireman,24
f82c43ab-38cc-434e-8d0e-0b5b3454c918,Ishani Nagar,FEMALE,Officer,24
10e418d5-69ec-4bf7-a09b-d87a60ca3fe1,Maanav Sankar,FEMALE,Volunteer,24
25528e61-f9f0-4d23-93f8-71a2a03076a0,Mitesh Sule,MALE,Fireman,24
659ae8b3-b398-49d6-81b3-3e8da1f6bb8b,Meera Arya,MALE,First Responder,24
75067530-16bc-4b13-80e2-6146f404ee37,Jagat Sinha,MALE,Officer,24
6d4a5db4-53d2-4743-ba7d-13c393844d02,Aarna Varghese,FEMALE,Volunteer,24
dc8e12ab-5a2a-4333-b6bb-bf3171e31a11,Raghav Batra,MALE,Officer,24
11e49857-5eef-4138-922b-0bde188da839,Zinal Tiwari,MALE,Doctor,24
794573ed-d282-46f2-b1a3-64f9631ed64d,Joshua Vohra,FEMALE,Officer,24
40508655-c742-41bd-a223-33a2329cfb7e,Gaurav Khatri,FEMALE,Volunteer,14
3a5e50fe-f0a7-4ada-bab7-9fb339f173c9,Chatresh Master,FEMALE,Fireman,14
4a193b25-b86e-4c79-8d52-915ce606328a,Rayaan Bakshi,FEMALE,Volunteer,14
7438f306-6342-41d7-9cc9-b1679b88c347,Jairaj Atwal,MALE,First Responder,14
5477529e-785d-432a-aa5f-3c6a6f139e2b,Niharika Suresh,MALE,Volunteer,14
0c0cc1c5-7e8b-4748-b21f-66e1c688cb26,Girik Narain,FEMALE,Volunteer,14
18bdfc1d-0b86-462a-8c45-dfb8414cdb17,Sachi Sheth,FEMALE,Fireman,14
1f0ddd61-b4b8-4f63-8dcd-5e61e0b61c84,Qasim Sant,MALE,First Responder,14
4613176e-b02b-480d-98dd-8956a819cdc8,Charan Morar,MALE,Officer,14
2320f673-ef0e-4177-9142-cd0aae82550a,Manan Bhargava,FEMALE,Officer,14
db0e4547-7b82-470b-92ed-4782a7410d22,Ucchal Chander,MALE,Doctor,14
c6bdd057-6936-4aea-b0bd-1f64f3fe0f60,Tejas Sethi,MALE,Volunteer,14
2d4dabf3-8ebe-4409-8f60-ab05de8625f9,Pooja Ghose,MALE,Fireman,14
c48970c8-0860-4ba1-af7e-d6b06b90dc55,Warjas Agarwal,MALE,First Responder,14
19e1ab7a-d273-49d3-a780-12ed8a748881,Hardik Kaul,MALE,Volunteer,14
4039ffed-bacf-42cd-ae59-187d62220775,Dhruv Vala,MALE,Doctor,14
238b0190-1f58-4b60-ba47-8368ebf1e358,Niharika Sha,FEMALE,Doctor,14
1b400d4c-c98b-4dec-a573-a027c8f3bac4,Baghyawati Kari,FEMALE,First Responder,14
cff642c0-1a6f-4829-bdeb-7c4df27af908,Balendra Memon,FEMALE,Doctor,14
d10ce82a-16fb-4fad-924b-e442b2e8ec12,Hemal Kibe,FEMALE,Doctor,14
dc8abe94-e9ba-4086-895c-d7fc51c42fe7,Brijesh Bahl,FEMALE,Volunteer,14
f4e3bc44-e650-42f7-a123-7188e84e7a33,Oni Kara,MALE,Fireman,14
e1dd16b2-1356-48b7-9071-81e5f55100a9,Vritti Pai,MALE,Officer,14
f7137f15-1c03-4a25-aa34-230a97834053,Avni Pall,MALE,First Responder,14
d971504c-df32-4ad4-9ab6-76a0cef00e83,Ira Dugal,FEMALE,First Responder,14
af431597-22bf-40ff-bd3f-78f1625c58c6,Ekanta Gole,MALE,Fireman,14
52a93196-efa4-4b42-9ce0-7e3924e032bb,Chatura Gola,MALE,Fireman,14
9d90b2cc-a248-42bc-8c6c-867efe658ea8,Tanish Peri,FEMALE,Doctor,14
5c298e1f-cf44-475d-9920-42e6d3a7f7cd,Balvan Yogi,FEMALE,Officer,14
036acdd6-73a4-48c9-8641-b11e18069b35,Tanish Gopal,FEMALE,Officer,14
e1efcf64-8c34-4710-8470-bb12ec110097,Kala Garde,MALE,Doctor,14
08721be1-54f8-4efc-8c6d-01971379561a,Ekbal Chaudhari,FEMALE,Doctor,14
baff9819-dd3c-4e7e-b0b7-4354fc848548,Triya Mahajan,FEMALE,Officer,14
11407e6d-c221-44fa-be12-666535cec636,Ekavir Dasgupta,MALE,Fireman,14
1793df39-d153-4cac-8163-b0db67a35911,Banjeet Ramesh,FEMALE,Fireman,14
853b6d4b-0268-4021-86c4-106afbae5bf4,Meghana Hayre,FEMALE,Doctor,14
d369b6d4-d0e3-492a-b879-1bcb795f3f9e,Qadim Goyal,MALE,Volunteer,14
737dd5a3-2338-45d4-a84f-b040a4b8e9d6,Krishna Lall,MALE,Volunteer,14
b9c088a1-c737-4b6a-a31e-1ed5f299864c,Chakradhar Chander,MALE,Volunteer,14
959a03b5-d3d9-4f90-9a11-d5d056336c5b,Devika Chacko,FEMALE,Officer,14
b0cfe12b-b3ac-4e08-8fbf-84c00026f449,Rayaan Ganesan,MALE,First Responder,14
175473c5-9bc4-4590-9864-f204aec50a88,Sai Kari,MALE,Officer,14
411cca18-59ce-4390-b6a9-f31bd3f79c82,Gopal Doshi,FEMALE,Volunteer,14
2613b803-7ade-456a-b8c8-47f6bcd228f1,Finn Ganesan,MALE,Doctor,14
f72c77e5-3c9f-46de-812a-f3bfba2b4208,Alexander Mody,FEMALE,Fireman,14
a9b393ad-3fc8-4219-a0d3-10536fd9592c,Yamini Rajagopal,FEMALE,Doctor,14
7375b998-5c07-4719-ad00-870d4b386737,Dayita Tak,FEMALE,Fireman,14
adc06ea3-3995-4765-9b92-beff1b410424,Aarav Nanda,FEMALE,Doctor,14
c1022b4b-ea01-4bd9-8051-c39275bea38a,Theodore Bhagat,FEMALE,First Responder,14
98e985bc-ba42-409d-8a27-9ef326355859,Bakhshi Nadig,FEMALE,Doctor,14
12cc9e35-ea6e-4e06-8915-e6af88efa591,Sai Prabhakar,MALE,Fireman,14
85be8223-a67c-4445-bf34-a4b5df02695a,Diya More,MALE,Officer,14
d9a85fdf-a1e4-4da5-92c3-1086d300855d,Raksha Kothari,FEMALE,Officer,14
cf1e4ca0-abdf-4b54-81cd-6da61e5df18c,Hiral Palla,MALE,Doctor,14
6693227a-7d70-4fc7-becf-d54b5c28a777,Chaaya Bhandari,FEMALE,Officer,14
73e1c6db-483f-436e-8b0f-f9d0d21b3599,Andrew Kar,MALE,First Responder,14
38af9f2e-db92-4695-98d4-04b72359807e,Divya Srinivasan,FEMALE,Officer,14
0480d1b2-e42c-4995-aef2-0e2e8bd424b8,Ethan Jani,FEMALE,Officer,14
ec11879b-d248-407f-97ef-3df91f92aeae,Vihaan Buch,MALE,Doctor,14
331169a7-39e9-4ada-807d-047e9d64d207,Zarna Hegde,MALE,Volunteer,14
8fe15adb-9d32-4c79-8114-1ea8052cf09e,Abhiram Memon,FEMALE,First Responder,14
efdbe877-bb3b-4d39-821d-fe04f04135fe,Siddharth Gade,FEMALE,Fireman,14
abda832d-3347-4629-817e-12763f043eba,Faraj Sengupta,MALE,Fireman,14
6fce0bd0-75d4-4ff3-bc82-2be40924c3b7,Avi Keer,MALE,Fireman,14
9036df0f-dd58-48e7-8149-5d9e84b8c9c2,Arunima Date,MALE,Officer,16
1a69879f-b2e3-43fb-b6a7-a9c2aa4af50d,Warda Chaudhari,FEMALE,Doctor,16
aff9b166-d3ee-4bb7-a822-3b1dd45b52a3,Benjamin Mangat,MALE,Volunteer,16
86b9ad89-ccf3-4de9-8d52-25e1982b511b,Riya Bhardwaj,FEMALE,Officer,16
754df7ec-ac4a-4393-af52-d2583a1f5adc,Pallavi Yohannan,MALE,First Responder,16
fbfab516-67db-44da-ae30-26c6c14cf18b,Michael Saxena,MALE,Fireman,16
d74be38d-f8b5-470d-9863-5969a58d3523,Hitesh Mall,FEMALE,Fireman,16
a88a7195-5f8f-45d2-b883-3c3a33b93d62,Radhika Manda,FEMALE,Fireman,16
31bdf2d9-d1e5-4c92-9176-f831099cf4e3,Vasudha Sidhu,MALE,Fireman,16
6d47ea1d-6587-412f-96ab-b6d25fa781ea,Ijaya Sen,FEMALE,Fireman,16
e544401f-2bf2-4e93-a132-5a524da87594,Orinder Mishra,MALE,First Responder,16
e8f1ab7a-df29-4791-8300-5a84920a440a,Indrajit Mandal,MALE,Doctor,16
9de772b5-f321-47d2-8ba3-8e4ff324a2a0,Omisha Iyengar,MALE,Doctor,16
2ca7184c-bb48-4256-abfe-b21017313da4,Dhruv Srinivasan,FEMALE,Volunteer,16
84f7e468-27d7-4580-92c2-9ba3e9f78ac9,Charan Majumdar,FEMALE,Volunteer,16
616dd7e1-691d-44be-8867-1e91bc117141,Vasatika Shenoy,FEMALE,Officer,16
4557fa58-2d4e-4a9f-9063-70e0898a57a1,Bhavna Sami,MALE,First Responder,16
09cb00bf-1e71-48e3-9fae-251124f9628a,Hiral Sharma,MALE,Doctor,16
061ca04c-1455-4633-8ed4-97d1900c0b71,Gunbir Kohli,FEMALE,Fireman,16
04520777-e933-4968-9f39-f35c06bd91ad,Anirudh Lala,FEMALE,Doctor,16
52c56359-dc6c-4834-8b2f-f127627da0ed,Lopa Muni,FEMALE,First Responder,16
a2bed721-54f6-4942-be03-57ea1da2364e,Wahab Halder,FEMALE,Officer,16
fbe8b5b6-10e8-42d1-92e8-6aef9845ee66,Ubika Kumer,MALE,Fireman,16
4703a602-311f-4683-abac-085c60063172,Rayaan Bhargava,MALE,Doctor,16
e2f24c0e-893e-4231-b6c1-dd056778b9b3,Vansha Kannan,MALE,First Responder,16
e2463e47-ff27-4ae7-8208-779fc09ebcaa,Udarsh Rattan,FEMALE,First Responder,16
ea045135-21ad-4191-90c3-e8721638609c,Robert Vohra,MALE,Fireman,16
f9020744-628e-4829-ab2e-02e6d6fc4951,Yashodhara Reddy,MALE,Fireman,16
b23a9618-2c4d-4ca5-a28e-d60827164410,Gabriel Subramaniam,FEMALE,Fireman,16
26c6152c-4c10-4b22-b85d-35ea056770d4,Peter Dixit,FEMALE,Officer,16
c1c240fc-f144-4b6e-bb9f-263fc08b0598,Baljiwan Dhingra,FEMALE,Doctor,16
d81e8f1d-f9cf-4c65-a7c8-bb5f2ebee7b3,Lipika Ramanathan,MALE,Fireman,16
51acb7d7-1627-4d79-a573-d484cfbbdaf9,Maanas Kari,MALE,First Responder,16
4083a298-6d38-47ca-b218-69d8aaa1935b,Yadavi Ganguly,MALE,Fireman,16
504321dc-7909-403b-adfc-b0efcc52b86f,Nihal Sane,FEMALE,Doctor,16
34a2b5fa-02c7-4aff-a2f7-81a60bad48d5,Rachana Nayak,MALE,Fireman,16
dd0c5477-7697-4d95-8879-8d15c04ec9bd,Harrison Venkatesh,FEMALE,Officer,16
12e013ae-3690-4386-a69f-09cc35fbb35a,Varsha Bhakta,MALE,Volunteer,16
202a0d96-a45d-4796-80a1-c3339a154976,Manya Ganesan,FEMALE,First Responder,16
e1d760e3-d8f9-458a-a7ef-40c87fa1f844,Dayamai Andra,MALE,Officer,16
f95c4411-ad80-4377-bf48-bd4665f8aaa7,Meera Prashad,FEMALE,Officer,16
f8b2e44e-d0a6-4c97-a7ae-246bea744b19,Balvan Bhakta,MALE,Doctor,16
37fd7dfe-1945-40b5-bd57-dc49fedcd472,Viraj Ravel,MALE,Officer,16
28b381ef-9891-4512-8cc5-28b12c776109,Nidhi Brar,FEMALE,Volunteer,16
42528b4c-5bfa-46fd-8743-ed5e5ac942cc,Anthony Narasimhan,FEMALE,First Responder,16
8dde697c-9180-411a-b86e-e758647552bd,Warda Bakshi,MALE,Volunteer,16
d90fc9c5-7ef5-4807-9edd-66617b2c2f19,Tanish Babu,MALE,Fireman,16
bc68f87d-4d98-4106-b929-ddf71f4614f5,Dipta Om,MALE,Fireman,16
78e14832-19a8-4a59-a5f6-75cdc3d6e4cb,Varenya Sur,MALE,First Responder,16
22fa8c01-e9cf-4be9-8788-0506c996b1aa,Udant Borah,FEMALE,Volunteer,16
94cff922-5b5b-4a5c-9b19-2b8e202558f1,Yatin Narayanan,FEMALE,Fireman,16
6b1dcb35-29de-45cc-9680-912609572820,Farhan Agate,MALE,First Responder,16
4edf6caa-9d7c-4333-957a-af624ef5c90f,Janaki Kanda,FEMALE,Volunteer,16
0bf06152-4cdb-4717-af6b-ea3ac5ec3fd6,Falguni Wali,MALE,Doctor,16
c76ab34f-c6b1-4a9f-a45f-07657d96b185,Om Natarajan,MALE,First Responder,16
43bca54b-8c2b-45c2-8097-134de2c9e0e9,Omkaar Sandhu,FEMALE,First Responder,16
144d4824-b5ab-4200-9e4d-765ecb5a2d59,Jhalak Puri,MALE,Officer,16
0e1b04b3-0fc6-4a46-9f41-ad161fe406b7,Vedant Kannan,MALE,Volunteer,16
0b002f04-d8e0-49c9-b74b-1c2b4a688501,Sara Bawa,FEMALE,First Responder,16
6d01ed95-a655-4593-b490-52d37d4c4196,Adweta Kunda,FEMALE,First Responder,16
4c3ab3e5-e187-4dfa-bf7a-7a58ba1b6904,Laban Sabharwal,MALE,Volunteer,16
dc9357e7-99e0-433f-b120-5629132b6bdc,Mason Tak,FEMALE,Doctor,16
b5e5b4a1-dc5e-44fb-bb3d-c44801105dbd,Qarin Pai,MALE,Doctor,16
48538a73-d803-408a-93fa-2cf05f990ea4,Neelima Prabhu,FEMALE,Fireman,16
d2410dc0-1cd8-43f7-8f71-afd3892cfb66,Amrita Varghese,MALE,Fireman,16
d89efba0-174a-477b-890c-427d2296b126,Ethan Bassi,FEMALE,First Responder,16
cf923b84-1fb0-4959-b96c-e07b10d494e2,Harinakshi Banik,FEMALE,Doctor,16
5f5e5df8-0661-4677-9c93-4e8b2341b16e,Hredhaan Yohannan,MALE,First Responder,16
0d2a0a24-954f-4a70-b927-9ee35981588e,Girindra Yadav,MALE,Doctor,16
34b68bac-6e0e-4ef8-a3e0-6ee67ac2502a,Anya Munshi,FEMALE,Officer,16
19a17693-1179-457c-8cc7-77e779c343b8,Anya Ghose,MALE,Officer,16
f9649609-b657-4de2-8fb7-a59b6c2e7839,Idika Rao,FEMALE,Officer,16
357a6423-0f18-4db1-9b62-1b38f13a8da5,Bhavika Kari,MALE,First Responder,16
a6d9d84d-18a7-46c3-9f46-6433e310e536,Lajita Sawhney,FEMALE,Doctor,16
5477e8ba-4a8c-4fe3-8fdd-9fb720a2e814,Hemani Balay,MALE,Fireman,16
048f3f68-4080-464e-97c0-6f23fb374c5d,Lipika Nagarajan,FEMALE,Volunteer,16
2a20f8fb-0965-40ef-b911-885cf53d7318,Zehaan Ramanathan,MALE,Doctor,16
8915f893-4ab7-4374-b468-38054086db5b,Ijaya Agarwal,FEMALE,Volunteer,16
34f7f224-8e25-4be9-a1b6-a7cdac0431a7,Anika Chowdhury,FEMALE,Doctor,16
22023efa-88f7-4a66-86fc-d39ad7f4e75c,Harita Kakar,FEMALE,Officer,16
eb37a0de-6b9d-4198-8e3d-26f29fd61b0b,Dalaja Date,MALE,Fireman,16
2ff2934c-e18d-459d-8b60-d25983b976e1,Naksh Sehgal,FEMALE,Doctor,16
a90330f6-eac5-40eb-9867-c18c600836a8,Urmi Basu,MALE,Officer,16
7d86d15e-0271-42bf-847b-43a274d06b82,Advika Deshmukh,FEMALE,Volunteer,17
0ae2399e-2527-4ca3-b806-28d59df1da7f,Pavani Naidu,MALE,First Responder,17
4f6ae509-297c-45fe-9f36-27ee21fc5bca,Charan Srinivas,FEMALE,First Responder,17
5e838ea8-07da-490a-a7b3-9fc26c0a5a91,Chatresh Arora,FEMALE,Officer,17
288e7960-8ebd-4685-bbfb-10cb2257c80f,Yamini Kant,FEMALE,Doctor,17
3a68ff35-5158-4d82-ad4e-3c48e8b51d2d,Ucchal More,MALE,First Responder,17
0ce17d92-380a-4c07-96be-94145b19bde6,Praneel Varghese,FEMALE,Officer,17
e3890c24-2bdb-41d3-9514-f6cd4fbe775c,Raksha Borra,FEMALE,Fireman,17
2454f3b7-8609-4f22-a2be-907e95aef9a3,Nachiket Rastogi,MALE,Volunteer,17
2ad71ce8-32b2-4492-bd83-482521127af0,Saksham Bansal,MALE,Doctor,17
f376a334-425c-449f-bbc9-3a6ed1738c26,Gayathri Krishnamurthy,FEMALE,First Responder,17
cbf179ad-69dd-420d-8d4e-fd35eb94a4ff,Nisha Walia,MALE,Fireman,17
83254f32-8756-41f4-9b04-80ca32d249d5,Nisha Jain,FEMALE,First Responder,17
f20b8545-3405-433c-a387-e81f15f054d8,Brinda Vasa,FEMALE,Officer,17
442fe0c4-0ee2-4369-a4b3-7fbdd8f42c75,Rudra Nagarajan,MALE,First Responder,17
e8736f2c-2995-481c-84ff-bedbade18fa5,Charita Johal,FEMALE,Officer,17
78a11877-80af-44f7-b2c2-ca609f64c797,Amruta Warrior,MALE,Fireman,17
bb6e9312-a8cb-4cc3-9e3d-b9313ea81a6f,Frado Johal,MALE,First Responder,17
21f73932-4130-40de-a7dd-b747599bb320,Inaya Thakur,MALE,Volunteer,17
e40f3db6-ca40-4e4b-b390-2ced69fd1d0a,Nakul Edwin,FEMALE,Fireman,17
441c953c-5859-4ecb-96e6-b00d64dfd427,Theodore Naik,FEMALE,First Responder,17
c686150e-7552-4d52-860f-79be2bb6e175,Ekani Bala,FEMALE,Volunteer,17
48362330-0425-420f-ab95-409f6e9d5305,Urmi Reddy,FEMALE,First Responder,17
c40099b7-381f-477d-8bc6-d6bd951d62ed,Chanchal Walla,MALE,Doctor,17
14393273-c3fa-4ca7-9dd5-26fdab6fd31a,Banjeet Agarwal,FEMALE,Fireman,17
b8d93a70-ea09-4105-9fad-a55e6e01aab7,Ekta Dhingra,MALE,Volunteer,17
5aa166f8-c10e-4a66-820d-4a56959df634,Waida Toor,MALE,Officer,17
fd89d9d9-eefd-4474-8018-7947b60590e1,Nathaniel Sachdev,MALE,Doctor,17
5dd7eba5-a1e5-441d-8fa9-dd577e4c4559,Jhalak Boase,FEMALE,Fireman,17
d9782902-31d2-4bd4-a5d4-fb8cfbf02fd3,Ridhi Iyer,FEMALE,First Responder,17
0fa2e55e-994b-48ce-b580-f73429e7e312,Bhavini Soni,MALE,First Responder,17
769b4021-8c62-4a14-af9e-327dbd2399de,Ijaya Barad,FEMALE,Volunteer,17
3fa81c87-845f-4fe5-b680-1cc4b9305073,Joshua Kamdar,FEMALE,Volunteer,17
5a1242ca-b38e-48aa-90a2-0af7c734c4cf,Megha Roy,FEMALE,Officer,17
0817608a-80af-43e4-91aa-d14882822fc5,Balendra Saran,FEMALE,Doctor,17
7402c3a0-9788-4bd8-b920-0cd07fa2e0ba,Ati Bandi,MALE,Doctor,17
5fec90e1-d206-4f92-82df-cf5d1068cc27,Ekiya Chokshi,FEMALE,Volunteer,17
9ec390b5-8793-4ae5-b5f4-bd7e11a20210,Pavani Gour,MALE,Volunteer,17
6ee50902-6bd2-44f2-a870-56b6090cffea,Vritti Agarwal,MALE,First Responder,17
8eed5336-975a-4f76-80b0-c7c051d8bcef,Kai Kota,FEMALE,Officer,17
bfeceff4-339f-4243-97f9-d700abe47d87,Joshua Atwal,FEMALE,Fireman,17
87764a47-a0a6-4733-98e0-f16370ed84aa,Elijah Kalla,MALE,Doctor,17
83431895-cf26-4f36-b7c1-4004fdb7d81b,Yug Madan,FEMALE,Volunteer,17
4e01ecd7-518a-4982-a14c-44fc378ff835,Tara Ahuja,FEMALE,Officer,17
f2142e15-bb55-4c14-ba96-efc151c7542a,Nakul Tata,MALE,Doctor,17
046dc0ab-5857-4b5e-9dd7-bf75ab2d8844,Arya Patel,FEMALE,First Responder,17
9fb43d8a-da13-4061-a70e-5709e0235d03,Onkar Bala,FEMALE,Officer,17
27bcc616-2256-4e73-904e-938cf9b4760c,Vasana Yadav,FEMALE,First Responder,17
14705a9d-8b58-418f-80a6-8ed595f7e019,Chameli Amble,MALE,Fireman,17
8b3cb6c9-d327-4e8d-8be4-05d1ef3be972,Manthan Magar,FEMALE,Doctor,17
9a647942-f09e-4350-bafd-c790582af258,Jagat Baria,FEMALE,First Responder,23
9b8338a9-da0d-48aa-8a26-41479d303a9c,Siya Buch,FEMALE,Fireman,23
3aa69f5a-5b8e-4833-8148-a5e5e1a008c1,Jhalak Salvi,FEMALE,Volunteer,23
08ab1f01-cdd0-43e5-88ec-4f1f2f551152,Kashish Rana,MALE,Fireman,23
c75392b8-5cf7-4a79-8b12-b0c5ec73f824,Gautam Sachdeva,FEMALE,Fireman,23
7702f0b0-5ff1-4c27-9754-abee21ef3bc8,Hemang Mistry,MALE,First Responder,23
07224c86-2cc9-441b-b7a1-f5c3fc897589,Urvashi Nath,FEMALE,Fireman,23
0a2efd00-669b-4363-a9ca-fde8065ca990,Netra Kibe,FEMALE,Fireman,23
c7c12321-fe7e-4fb0-a6df-38e650348dba,Abdul Chopra,FEMALE,Doctor,23
ba682f0d-0594-47da-8a7b-8e6e0ba2f50b,Damini Tandon,FEMALE,Volunteer,23
81526a39-e184-4ea9-8392-68d32645de20,Liam Dhaliwal,MALE,First Responder,23
6bc7d373-6726-4041-9f8d-13a9a5b2a2c4,Hemang Srinivas,FEMALE,Officer,23
13529e3a-7cc8-4cd7-8ff2-58319174838b,Tanvi Bansal,MALE,First Responder,23
7d5b8e0d-db97-48a2-877b-522e6425e10a,Pallavi Dani,MALE,Fireman,23
78406542-8ecd-4730-8d01-5584208ccb4c,Quincy Shan,MALE,Volunteer,23
56d8c4af-6ae6-4007-a3f5-4c46e96bf865,Oeshi Kata,MALE,Volunteer,23
626d52f8-581e-4085-a753-5250c2c97c7a,William Golla,MALE,Doctor,23
99d31e47-f4b5-45e3-bca6-53d8fa07f6d4,Niharika Dewan,MALE,Doctor,23
815a7b42-572f-430a-b0e6-8f1615d18698,Geetika Kumar,FEMALE,First Responder,23
6e0fbd30-bb8a-48d7-9797-0a8bb70f3e60,Omaja Iyer,MALE,Officer,23
0cde952b-daab-4ade-8ed1-5afbac317f7f,Rushil Atwal,MALE,Officer,23
66ecf149-80b3-4097-9d6b-f686a6d6ece1,Victor Pingle,FEMALE,Officer,23
8ebe965a-4c0b-495d-953e-2f762ecdd340,Logan Kakar,FEMALE,Fireman,23
d7e5fd8d-6077-4b2a-a4ec-aa60bbe1970d,Yashoda Bassi,MALE,Volunteer,23
8d9f30e9-c9ae-4094-8de3-9f246d180116,Nitesh Sur,FEMALE,Fireman,23
96264ca5-8ecc-40c9-b7fc-50125686ce1b,Idika Bobal,MALE,Doctor,23
5e87f4a3-dcad-4509-90a3-c77fd330f8ed,Dalaja Anne,MALE,First Responder,23
9ca8343d-e3f2-4c1c-9e70-0abdac170a90,Arya Madan,MALE,First Responder,23
f9fb5b52-b671-49cf-ab5d-abd91999b076,Tanish Malhotra,FEMALE,Doctor,23
3a2b408b-afe4-4758-a2a7-4aa6f8a00166,Jalsa Edwin,FEMALE,First Responder,23
7ccc433d-b18d-47e9-881f-400ada5fa669,Chaitaly Chawla,FEMALE,Officer,23
413bed29-f33a-43f1-9f3e-db7409cbd1c0,Jagrati Desai,MALE,Volunteer,23
3ae597f8-e0ca-47ad-8d2f-ec78013e8137,Lavanya Setty,MALE,Doctor,23
2ff74c49-0174-4fa2-9913-b099799796b3,Qarin Bail,FEMALE,First Responder,23
f1870db5-04fe-49ea-8f87-c438641fc464,Faqid Master,MALE,First Responder,23
7149948d-e15a-4d8a-85a0-69022135e500,Edhitha Wadhwa,FEMALE,Doctor,23
f13e909b-2a24-43ee-8fa5-00406cda4d53,Pooja Bawa,FEMALE,First Responder,23
0a4d97f8-7b7f-4491-8930-84336e7f8ba2,Fitan Apte,FEMALE,Officer,23
83dde280-73e5-47a7-8ef6-c40c73d4cfa7,Aishani Ramakrishnan,FEMALE,Officer,23
bbc4818e-b376-465a-9b53-82343c0b2a28,Chakradhar Kapoor,MALE,Doctor,23
469599a2-26cf-4075-9af5-5ebe6e2b404e,Aadi Bhasin,MALE,Volunteer,23
e4744c65-d360-45c0-a694-bb214cd0cfda,Rehaan Dhar,MALE,Officer,23
6f0dd6c8-36a3-499f-bd53-604731c32bc1,Jonathan Gopal,MALE,Doctor,23
208b58f5-b032-4ffc-b581-d4c5d3572cf3,Eshana Bir,MALE,Fireman,23
fdb0a636-1802-4424-8eb1-e7b226a437f9,Arin Khalsa,FEMALE,Fireman,23
36f4a87c-d0c9-4a2d-9899-0710171b40f5,Mohammed Bahri,MALE,Officer,23
bef6985b-0d95-418c-b245-263715e3e916,Udarsh Narang,FEMALE,Fireman,23
528de915-78f8-4b76-9457-b90c97b749d6,Eiravati Swamy,FEMALE,Volunteer,23
a381966c-9fc0-4d88-9060-6f2b4eddafae,Kiaan Sule,MALE,Volunteer,23
9b626a42-2b10-4acc-8bc9-6dfde6cb24da,Nathaniel Pillai,MALE,Doctor,23
a5df189a-d462-40d9-96f6-9a0f48f1216c,Jagrati Pant,MALE,Doctor,23
d9a2e954-8967-44e8-8bb1-8861f1f64ed0,Max Bandi,MALE,Officer,23
fa7c6657-998b-4d56-82d2-e0e108673146,Dayita Vasa,FEMALE,Officer,23
996d2fa8-2aa0-40d1-93ed-5c6fddcaa031,Ladli Balay,MALE,Volunteer,23
c76ce99e-bf96-4164-a873-c988c2eff0de,Onkar Singhal,FEMALE,Doctor,23
2d837267-f15d-4c0e-8392-1a8df3b2b9c4,Rishi Murty,FEMALE,Fireman,23
814817e5-ed3d-4016-a03d-b1e15ef3b917,Tristan Tara,MALE,First Responder,23
09bb57e7-c7f5-49da-b802-a634ec4f7878,Triveni Sengupta,FEMALE,First Responder,23
6bb4b110-e27f-4915-8950-b7b6172cd4c7,Aadhya Srinivas,MALE,Volunteer,23
637be1ab-8c6b-441d-8495-9d6bc54dcf5d,Faris Tandon,FEMALE,Volunteer,23
036bf0d1-4efe-4706-989b-923ab1a4c21e,Gopal Sathe,MALE,First Responder,23
b701f289-c766-4b5f-b01f-48bcb5033934,Janaki Saha,FEMALE,First Responder,23
2af95c72-f736-4265-ab07-8791331cdb0b,Manya Bahl,FEMALE,Officer,23
56e5526f-fb04-4f7c-a69b-a5fc76d8af26,Rishi Sinha,MALE,Doctor,13
8da7bb4c-8691-49db-9776-8635b6333ef6,Zinal Shan,MALE,Officer,13
a105ab18-8907-4bee-8ab9-bcdc117d9cf9,Zashil Date,MALE,Officer,13
2d52db1c-0465-480a-8f81-7f9cd1b5fa4b,Arjun Kant,MALE,Fireman,13
55c93637-3b22-4666-b2c9-b61257f17d37,Patrick Ravi,MALE,Volunteer,13
df2f571a-ff5a-460e-a041-2e0c2e57e3dd,Rachit Ganesh,MALE,Fireman,13
bba8ff3b-f6bc-44e3-917f-2c037d1dc6ef,Ekaraj Bawa,MALE,Fireman,13
ca475f0d-d8cd-4eb5-882b-d83243cd4472,Damyanti Reddy,FEMALE,Fireman,13
e174c39e-da68-4bd5-83ee-d67cb5015a8f,Girish Khosla,FEMALE,Fireman,13
e563a82c-778d-47f7-aee7-17f8681c0770,Zashil Palan,MALE,Volunteer,13
df307773-6eb7-4b29-81fc-58e6a45424fa,Abhimanyu Panchal,MALE,First Responder,13
46f6aa5c-0b9d-4cd0-b665-82c03690c7b2,Charita Dutta,FEMALE,Volunteer,13
fe0f0379-918e-4119-a452-89bb691d9db3,Teerth Mand,MALE,Doctor,13
6001744d-de00-4401-9c68-e3ebc28efc59,Zashil Kala,MALE,First Responder,13
7f6ea1f2-461e-4bb0-8c86-cda89f4766ce,Harrison Gopal,FEMALE,Doctor,13
10861850-7c73-4551-ae74-6a07cbc33f14,Balvan Rout,FEMALE,Doctor,13
08d4593d-243b-4f17-804d-55382c61eb35,Gautam Mahal,MALE,Volunteer,13
bc284f04-f8f1-4518-ba4b-e617ed5f1dbf,Liam Lad,FEMALE,First Responder,13
7ebbf235-8b4c-4220-b8bf-b1ef7a140a91,Jhalak Bakshi,FEMALE,Doctor,13
7a0da00a-5644-4642-a7d6-dec0c7ee8314,Samaksh Bahri,MALE,First Responder,13
1854c792-6583-49f0-af3e-bbba1c235a1d,Bina Nigam,FEMALE,Volunteer,13
f438ab97-3fc1-49e7-851a-f61070ef6357,Bishakha Mutti,MALE,Fireman,13
f9b814cc-a5f2-46ca-9aa5-1ccde8a12aab,Parth Desai,MALE,Volunteer,13
e79be804-61c2-4a79-a6c1-2d6615ab7d7c,Hardik Borah,FEMALE,First Responder,13
2b16dd60-0c95-4d35-ac13-c989f565927b,Aachal Rau,FEMALE,Doctor,13
815ad331-92cb-4638-8845-ef76c7363972,Vaishnavi Rajagopal,MALE,Officer,13
89a90d4e-4201-4db1-b2fb-40e70493e137,Aarini Bhalla,MALE,First Responder,13
3b253750-db63-4afa-8caf-e8beafba3e64,Ikbal Jayaraman,FEMALE,First Responder,13
1b94415d-102f-46b4-bcfb-8748d744d5c9,Rajeshri Datta,MALE,Doctor,13
78a21648-b334-43c2-83bc-e9e1f18a6eca,Andrew Talwar,FEMALE,Doctor,13
b7a59602-06f0-4ea8-baa5-83c49213722c,Neelima Narang,MALE,Doctor,13
01f376ac-f42f-472a-a9b5-231549ef872a,Ladli Rau,MALE,Volunteer,13
d0bc6a11-31d7-45ba-a170-2a62030c1c64,Dakshesh Swamy,MALE,Volunteer,13
cd28ba23-be50-4235-a387-acc7f32bb4cb,Chaitaly Khosla,MALE,First Responder,13
083230ef-bed4-4227-9609-cf663472e642,Chandresh Parekh,MALE,Officer,13
b4f0201a-a7e1-4a86-bf3c-ad1b230bc1d4,Vivaan Varghese,MALE,Volunteer,13
380efab7-d7a0-4c8d-bf8b-03f844f294f0,Bhavya Saran,FEMALE,First Responder,13
dac2aea0-9913-4a3e-a751-caf368338311,Rayaan Kannan,FEMALE,Doctor,13
afe405e9-b57b-4aef-95fd-8b124006b1ad,Kala Bhattacharyya,FEMALE,First Responder,13
c4f226e9-6ac4-41a4-80c0-4b9974553efa,Ria Tripathi,FEMALE,First Responder,13
3c07a2ef-6109-44de-97d7-503bfd32751c,Ganga Palla,FEMALE,Doctor,13
b6e6473a-af0d-4720-810c-2c7d2176dd14,Lohit Goel,FEMALE,Doctor,13
9fb4b4dc-4215-4156-acf8-85cb1ae34d25,Sarthak Savant,FEMALE,Officer,13
85c97cba-c0f2-463c-b206-b8f2512c7b86,Zayan Datta,MALE,First Responder,13
5020b9ef-06e4-483d-9c0e-e6df0e2886df,Jagvi Ravel,FEMALE,Doctor,13
5eaebfed-1c34-4e9a-963a-57272d8a8160,Vidhi Edwin,MALE,Fireman,13
dffb92aa-247d-4f7b-9a12-3674bfa446be,Aadi Kadakia,FEMALE,Volunteer,13
6f8e490a-10d8-4e68-9877-216d64b2bfe1,Neha Contractor,FEMALE,First Responder,13
4ca3f6b6-2757-4ce9-bb24-f1670b717ab4,Mugdha Dave,FEMALE,Fireman,13
3ff064ee-3615-4678-80d0-bb805b6673ea,Jagdish Krishnan,FEMALE,Volunteer,13
822bd0fe-dff0-47e0-9c04-19eaf6e73a03,Jonathan Sharma,FEMALE,Officer,13
0abe2628-16a4-4c43-bcdd-d20aebba44ac,Udarsh Bhat,FEMALE,Doctor,13
a27842f9-4918-4a7e-9888-35c7d0ac1330,Deepa Setty,FEMALE,Volunteer,13
b982aa22-165f-4d79-b47a-d9ec384bbf33,Pavani Sastry,FEMALE,Doctor,13
89b06a51-cb50-4db1-ac22-8b199fd62fc2,Yoshita Natarajan,FEMALE,Fireman,13
9f096e5f-9117-4a3a-a010-ba3d758e55b4,Sai Gulati,MALE,First Responder,13
abe953fd-0de9-4c2d-b90e-bf9a626a3aee,Balendra Naik,FEMALE,Doctor,13
58881b04-4af3-433f-8cdc-339548c285c2,Teerth Toor,FEMALE,Doctor,13
174bdca7-9137-41b7-8356-853c11e6fa21,Nilima Khatri,FEMALE,Volunteer,13
ff2eb29d-ed52-4762-86a9-cac5bfa529db,Tanay Rajagopalan,MALE,Officer,13
29507044-b301-44c6-9394-c172332bec36,Advika Bhatti,FEMALE,First Responder,13
95f3b889-daf8-4407-9552-e760ab35deb9,Pratyush Sheth,MALE,Fireman,13
6e040f34-1a0b-40f0-bab7-320a3d3f402b,Umang Seshadri,FEMALE,Officer,13
6e2e6c02-4e36-4a09-a9cf-efbb59d13cef,Anay Chatterjee,FEMALE,Volunteer,13
149c6114-6d54-4485-9c3b-169eadc24a07,Laban Baral,MALE,Officer,13
6bfbbff4-db9f-438a-87c3-947d8b099574,Chandani Pillay,FEMALE,First Responder,13
eee34afa-e663-4620-bbe1-ef90dad47094,Kavya Narain,FEMALE,Volunteer,13
c1a905e5-2c56-4c6b-9793-12a999099d7d,Rohan Mandal,FEMALE,Fireman,13
8d3ccef1-78a1-49e3-86a3-3881f601c834,Anusha Peri,FEMALE,Volunteer,13
497da4e8-934f-4489-a0f7-ca7e7427a5e9,Vasudha Bajwa,MALE,First Responder,13
37143c6a-0bb8-4119-a0a9-891e21e0ae4d,Brinda Bose,FEMALE,Volunteer,13
f041692c-67a4-41b1-8399-8ef3e1462992,Bhavini Shetty,FEMALE,Volunteer,13
f3bec2c0-ee0c-4254-a8a5-e8476648bab0,Urvashi Som,FEMALE,Fireman,13
54983172-2e90-4b78-a915-31050a6e82ce,Rajeshri Sawhney,MALE,First Responder,13
ec950e18-ce75-4ef8-a89f-c3ef867d9486,Tanveer Mitra,FEMALE,Volunteer,13
2298378c-de1e-4933-a8ba-fdcaeef1d9e6,Dhriti Sankaran,FEMALE,Doctor,13
e45b502a-52b7-4fa9-8921-0b42c6b81325,Ekbal Rau,FEMALE,Doctor,13
64867891-475a-4cc6-8c20-a2017716a76a,Peter Kalla,MALE,Fireman,13
9fb846e4-7566-40a1-9007-6606ad44805c,Atharv Som,MALE,Doctor,13
3a5249aa-834b-4ecb-b334-a0bee6d3e75f,Tanvi Vohra,FEMALE,First Responder,13
637908cb-3295-496d-8747-4b4699edec93,Ojas Vaidya,FEMALE,First Responder,13
a1890b19-8df7-421a-96c8-c5101ea247ea,Jagvi Dalal,MALE,Fireman,13
4c3ada11-cd58-48ba-8c96-a10cb20ad5ad,Neelima Wali,MALE,First Responder,13
b54ea371-0dfd-419e-b39f-3efbb84d6125,Bhanumati Acharya,FEMALE,Doctor,13
6bcb636a-8f01-4880-9743-ae4e3ac14c19,Bina Chandran,MALE,First Responder,13
1c29e8df-fa7e-459e-bea9-eb4967c6b2a2,Balvan Thaker,FEMALE,Fireman,13
148b3863-5ca7-4f83-8c46-b2e8d7e403da,Xiti Mittal,FEMALE,Fireman,13
cc452203-a245-4bdb-b96c-41377f630cd5,Netra Raja,MALE,Fireman,13
1dfd8609-5063-4f54-bc8c-fbe08ae3052f,Omaja Viswanathan,MALE,Volunteer,13
2f0fbca1-e770-4d62-8208-c5c55d227594,Pooja Zachariah,MALE,First Responder,13
7067052b-c3f1-4cb8-a40d-7683fb3a7772,Zehaan Srinivasan,MALE,Officer,13
df1edae6-2016-41c3-afe7-b71815cd3c23,Gaurang Dara,MALE,Volunteer,13
75ee67b2-af03-4883-9cb2-7c9d711f6d05,Edhitha Sem,FEMALE,Doctor,13
0cc7c4ed-3db7-4bfd-a39a-0a058bff1570,Kavya Prabhu,MALE,First Responder,13
c7d84125-4dc3-4327-b713-7a3b45d3e2a3,Jackson Bail,FEMALE,Fireman,13
b9e518a6-e3bf-401f-b848-1966a5c5a8fe,Rudra Sundaram,FEMALE,Doctor,13
758e15c5-8921-405f-b379-eb6cba4af029,Falguni Dhar,FEMALE,Doctor,13
09cabd20-61b7-4bc3-8ec1-71c11b0a5d9f,Forum Suri,FEMALE,Doctor,4
ed5d0774-ecb4-4af3-a8b6-07e69982655b,Janya Pal,MALE,Officer,4
58dd1b39-2a43-42f0-9569-cf859b9d7bac,Ekansh Krishna,FEMALE,Officer,4
2ec0b9af-9979-4555-b254-893c1aa7bb75,Urmi Batta,FEMALE,Volunteer,4
52d545f4-cd37-4635-823e-eb2aa5bb8d47,Dominic Varughese,MALE,Fireman,4
ae35cabf-4f97-42cd-8c4b-ca74eccc3ffb,Xavier Sawhney,FEMALE,First Responder,4
2cbf3a53-a8fb-4eef-b66f-077c530e2263,Urvashi Dey,MALE,Officer,4
ebea7549-05be-4b8b-bca2-97c52cbc9074,Chandani Sundaram,MALE,Fireman,4
2909c929-78d4-4a41-a6c8-8dd84966d22f,Pushti Dash,FEMALE,Fireman,4
c1d42167-1b7b-48a7-b851-661ccd056e1a,Nitara Sharaf,MALE,Doctor,4
940c26fc-0429-4c87-bb50-bb6787f54f27,Riya Samra,MALE,Officer,4
4f3a907a-958b-46da-bd85-f36a35f0673c,Nitara Yohannan,FEMALE,Doctor,4
7e27f121-0c9c-4181-8877-38d5340089fe,Faras Singh,FEMALE,Volunteer,4
decba710-e260-4eba-984f-d4c57443f2ff,Tanveer Bath,MALE,Officer,4
8227dc51-ebc6-4b97-bb46-197665422fb1,Dhruv Edwin,FEMALE,First Responder,4
9f9c2505-45a7-4f69-b36e-f33e897966a5,Manan Varty,FEMALE,Fireman,4
cb8afe72-f6d1-4038-9511-18b8d73d12b0,Jagrati Chanda,MALE,Officer,4
baa29497-aa41-4ad1-90f0-1c85b8069540,Pushti Bumb,FEMALE,Doctor,4
9b8bebb1-e750-48e4-9b25-5f001290b50c,Ekaraj Varty,FEMALE,Officer,4
0314c390-942e-4fa9-abae-e0809b8caabb,Anvi Patil,MALE,Volunteer,4
8d2b876b-f6e7-4f9c-af82-b46ebea4dc19,Thomas Tella,MALE,Fireman,4
74d2760e-7b4b-4559-8805-e3e6d23005c4,Harita Ganesh,MALE,Officer,4
9eb4525e-93db-4f21-9afd-7eaaab0307df,Upkaar Mitra,MALE,Doctor,4
ccec00a7-23b9-438b-98c8-5f9e4f4813ad,Darika Dube,FEMALE,Volunteer,4
976634b4-672c-4618-8f83-72e98207540c,Jagvi Ravel,MALE,Fireman,4
0566e3ce-69a1-4e66-afe1-6f7ad6bc8cd9,Ojasvi Dugal,MALE,Officer,4
0ae23686-05e3-423b-b93e-7cc6afaf6296,Veda Barman,FEMALE,Doctor,4
1f077f78-0f60-4e3f-9234-93411890abef,Veda Lad,MALE,First Responder,4
dc32c897-6a52-4453-8b66-decd26cf6ce4,Nitesh Mall,MALE,Officer,4
52013bec-a7dc-4fad-928a-530d6bd7b51e,Girik Kadakia,MALE,Volunteer,4
d0517683-03eb-4c80-a6e4-87dd50ce548f,Nimrat Bajwa,FEMALE,Doctor,4
4ee1c160-f287-4726-9e9e-c18267b1d313,Gautam Maharaj,MALE,Fireman,4
4bcad038-d369-4bcb-86ef-5a73360caea9,Yoshita Mammen,MALE,Fireman,4
bbc5efee-4a6a-45dc-8257-0ce93fa45442,Udarsh Bhatia,MALE,Fireman,4
93238cbd-9c85-4d9a-b304-b82c08e65f9f,Hemang Kakar,FEMALE,Doctor,4
01da08e4-2daf-4e79-a958-b15fd6a67a5e,Darpan Issac,MALE,Volunteer,4
7298ef76-c0ae-4a7a-8731-a048f3d5fdf5,Kashvi Natt,FEMALE,Officer,4
54a56541-caff-415a-8461-3afa0bf76474,Vivaan Biswas,MALE,Doctor,4
53e588ba-0483-4a52-8b61-bf48271e0a15,Nirja Upadhyay,FEMALE,Fireman,4
8e51b353-327d-419b-ba99-0c7a547468c1,Charvi Pau,MALE,Volunteer,4
162d1206-af8b-4e0c-bc19-5e5e120d496e,Xiti Basu,FEMALE,First Responder,4
8f36af27-d2d6-45c9-87eb-b499f3479d1b,Aditya Bains,FEMALE,Doctor,4
29c077bb-1f75-4f89-9bc8-2d3914ceaf72,Niharika Balakrishnan,MALE,Officer,4
a1ba0498-ef96-417b-8c41-8912ace344eb,Theodore Bandi,FEMALE,First Responder,4
2d61a382-edcb-4393-862c-8a5b0be0800f,Madhav Dutt,MALE,First Responder,4
afd6e1e1-3f91-4c06-a573-1c9f359dc0f0,Advay Bhatia,MALE,Officer,4
8f475a9b-4b30-465c-8c71-4a63f2db68be,Bimala Ahluwalia,MALE,Fireman,4
72dfe64f-20fe-41a2-becf-34a482f71aa8,Ekbal Joshi,FEMALE,Doctor,4
303cf09c-2f55-42e8-9501-0fb834c109b9,Lipika Bath,FEMALE,Volunteer,4
dcd806c0-65a2-4333-b27a-c3ec647ee865,Dev Parsa,FEMALE,Volunteer,4
38ce0e95-67e0-4d3b-b53a-ca616b84954a,Jeet Peri,FEMALE,Volunteer,4
ad6f4e48-b7a6-4b3f-9dc9-f4174af171ef,Teerth Cheema,MALE,Doctor,4
ef1b4836-7cc8-4374-9f57-7327cbfb5242,Neha Char,MALE,Officer,4
472b1121-1801-4062-b294-ce9585f48303,Om Kara,MALE,First Responder,4
e5efb8f4-2cd7-4450-941e-76bd8014e76d,Gunbir Pillay,FEMALE,Doctor,4
bf9252e6-a5d1-4c00-bbcb-93a60ef1b816,Urvi Rau,MALE,Volunteer,4
09e90f7f-4b9e-49f9-9a85-8c19499aacfe,Gaurangi More,MALE,Fireman,4
918b7360-542d-4d10-bc4a-6c417c2a99f3,Rehaan Narasimhan,MALE,First Responder,4
44e2406a-5888-4618-9001-66530d4d49ed,Chandresh Walia,MALE,Officer,4
f65db794-dddb-478b-8089-e390f4044810,Darika Sarma,MALE,Officer,4
40891904-892f-4086-ab96-1f86de6da120,Jeevika Modi,MALE,Doctor,4
973f2fa4-f7c4-42f5-b170-546403f82910,Sanya Kata,FEMALE,First Responder,4
4c3a0e24-adb7-4e1d-ba2c-bdd30c66009a,Fiyaz Sastry,MALE,Doctor,4
6af30f0f-cd84-455b-abb0-ac44628e8f11,Yashvi Bedi,MALE,First Responder,4
cd7cf599-f921-46be-a5f9-532b12f40be6,Mitesh Goswami,MALE,Officer,4
37c93d2a-acde-459c-bff7-66030bc62197,Jasmit Gopal,MALE,Fireman,4
e0affe44-b182-465b-b9be-3eb9e1808a75,Charles Sarraf,MALE,Officer,4
9ba55b9f-4805-46b9-94b5-ee4c94459e84,Gaurang Raja,MALE,First Responder,4
1bbedc40-0f2c-468e-8c25-27b37e7e298c,Rushil Bains,MALE,Officer,4
ed18897c-11bb-4cc7-bf95-3653b1756404,Hiral Char,MALE,First Responder,4
bd2c31a4-f843-4b03-8b9c-9d85e351f388,Ikbal Suri,FEMALE,Officer,4
eb57750f-0d82-4b86-9197-9d10b8659d61,Nathaniel Nigam,FEMALE,Officer,4
eb1ebdd3-b66d-4a31-b7d2-9cfb39d2b63d,Gunbir Solanki,FEMALE,Officer,4
594d0801-22ff-452a-9352-3ad3d8b7468c,Gauri Varughese,FEMALE,First Responder,4
8cd9c08d-58b2-4da8-b12e-9d5b14a09c8a,Ryan Goda,FEMALE,Doctor,4
a684b2f4-05b6-40c5-b900-2967434d01d2,Aarush Som,MALE,Doctor,4
809a0baa-e154-457f-9b1b-4998c61332ff,Janaki Pradhan,FEMALE,Fireman,3
cae7ca3f-a14b-4157-a564-b7b69523fd6c,Pahal Johal,FEMALE,Doctor,3
79a3ea53-5fcb-4cd4-9610-04899c298bcb,Yashasvi Kulkarni,FEMALE,Volunteer,3
df70d720-9e6f-4ddd-bebe-f604f4c84684,Nidhi Jaggi,MALE,Fireman,3
615c6b58-1d66-46f3-8c52-dea326614b93,Shravya Pant,FEMALE,Doctor,3
dd9a2dad-caec-4e22-9038-f34c9ffbdde6,Vamakshi Ramakrishnan,FEMALE,Volunteer,3
0ad4eb2d-2a1f-406f-9e94-2eb429ca99be,Warjas Prasad,FEMALE,Officer,3
e110b0f5-1b9d-47fc-8097-db73a13f6f81,Warhi Kalita,FEMALE,Volunteer,3
cc71f6d3-7521-48fa-88ed-1e36649e621a,Charita Ganguly,FEMALE,Doctor,3
a24a4ce7-19ee-4f8f-bfb0-425c822f0dbb,Fariq Sachar,FEMALE,Fireman,3
c176d721-112e-4e4a-8236-47520bac77e8,Darika Gade,FEMALE,Volunteer,3
3e6b9712-70cc-4991-9139-adcf63b8d610,Aarna Aurora,FEMALE,Volunteer,3
26ec7b82-1254-420f-b968-fdb0a4aff9eb,Imaran Master,FEMALE,First Responder,3
c34fb94a-9295-4be2-94d5-4f625ce7abab,Fariq Issac,FEMALE,Fireman,3
57a8fd87-0f95-420a-9c0e-4ab737494981,Ishaan Vasa,FEMALE,Doctor,3
b542102e-b7ab-468f-b198-b6b7bc993e3a,Zashil Soman,FEMALE,First Responder,3
93032e8f-9942-4cca-af2c-cabc2cc44246,Jairaj More,FEMALE,Officer,3
b0623b8f-91c7-471e-9621-07b47c136ed6,Ekaja Chopra,FEMALE,Doctor,3
0abab727-9ca9-4d97-9ecf-61ac448d51b2,Peter Nair,FEMALE,Doctor,3
9439cf41-9682-4dc1-89fa-bbe49c1deaaf,Charles Agarwal,FEMALE,Volunteer,3
f50fbbf3-758c-4fc8-8a9d-b90346fbbac3,Jagvi Kota,FEMALE,Doctor,3
603df0e8-e7e6-45dd-984d-2d2fe81c796a,Brinda Rama,FEMALE,Fireman,3
c9de4192-cbc8-41ab-9afc-2b186a3f1ec6,Yashodhara Krishnan,MALE,Fireman,3
ab18d250-baa5-42a2-82df-437fb5626a7f,Vansha Shroff,MALE,First Responder,3
adb62b18-20d9-4379-922e-f4c5fbd9ccf2,Victor Basak,MALE,Volunteer,3
bd42afcd-693e-41a5-9f1c-57092f4c2080,Neelima Raghavan,FEMALE,Fireman,3
ce16f896-53d8-47f7-9442-2600b81f1011,Jagat Swaminathan,FEMALE,Doctor,3
5cdc7783-bbcf-45c1-8439-6a2304a59386,Mitesh Parsa,MALE,Fireman,3
b62991d7-7e99-442f-b5bf-f2bbc9a9cf62,Banjeet Bhatti,FEMALE,Officer,3
b9a02eed-3c9a-4e3f-b21f-c5b1ce46337d,Advaith Hora,FEMALE,Officer,3
d4150cfe-4d4e-4500-9e96-95b63b6ca638,Guneet Kaul,FEMALE,Doctor,3
a9cd8324-a5b7-4ae7-8e1d-539a005ed98c,Gagan Kara,FEMALE,Fireman,3
53033245-fcee-4dbe-b2d4-b39c388a014f,Warhi Basak,FEMALE,First Responder,3
aa226d8f-5472-4a47-910d-7304f21f59ca,Veda Arya,FEMALE,Volunteer,3
05a7ebad-1d66-40a2-a870-47be4f8f4c22,Zinal Chopra,MALE,Volunteer,3
31a61943-bb38-4837-bd4d-551eee43cba3,Lucky Ganguly,FEMALE,Fireman,3
6daa7446-3481-4e04-83cf-e5e184954725,Advay Sundaram,MALE,Doctor,3
e04f5cae-0a16-4d8d-b00f-144e7f94ef56,Hardik Wason,MALE,Doctor,3
157813ce-3688-4688-9d44-cb0a03ef9123,Vanya Nath,FEMALE,Doctor,3
729e1b83-beb5-4aad-8492-b08dabe22d08,Ranbir Bedi,MALE,First Responder,3
b1ed3699-1c82-4e4f-acd8-1d6a2407eb24,Viraj Virk,FEMALE,Volunteer,3
bc04b3c6-6ac2-4a09-a6f6-d90c9c791a0e,Aachal Modi,MALE,Doctor,3
6cb5e49b-633c-44cc-b268-9bc708a7fc41,Libni Aurora,FEMALE,Volunteer,3
75b5bff3-aa86-49b2-8a45-a15b4a0df1e6,Rudra Raval,MALE,Fireman,3
df56e33b-865a-4caf-b8b3-b9e741436d65,Harini Chacko,FEMALE,Volunteer,3
1aaaa6a3-fe12-4dbd-aba9-a928cf148652,Urvashi Andra,FEMALE,Doctor,3
a9513c29-53ed-4498-aa23-2c27429fb12a,Indali Issac,MALE,First Responder,3
7df6405d-998b-4418-8713-32b4a38346c9,Falguni Mani,MALE,Officer,3
72b8c93c-00e3-46c7-9c65-9e0e56f2ad08,Krishna Nazareth,MALE,Fireman,3
6b0f658f-34a6-4ad9-afdb-ebed46231fa8,Frado Dora,FEMALE,Volunteer,3
d0047d81-525f-45ce-97cc-93dbea3f4036,Elijah Sule,MALE,Doctor,3
eaf3ce59-b68b-43ba-b12a-2e3f90623712,Barkha Hayer,FEMALE,Fireman,3
ea5d1ab5-787c-45e9-b026-cd51ef64e396,Chanakya Kade,FEMALE,First Responder,3
6faa6aba-22a0-4a80-810f-fb77b4c4bdf1,Nitara Viswanathan,MALE,Fireman,3
74749e38-2aa3-4c37-b308-73e994088a03,Tristan Saxena,FEMALE,Officer,3
909b2e57-bb45-4403-b71a-b9037f552ba7,Alexander Datta,FEMALE,Fireman,3
af7b0227-4a5c-4c13-a7df-a58a1275e731,Anay Chaudhary,FEMALE,Fireman,3
c1897626-ded2-461a-a971-6840eb9f856b,Bhanumati Biswas,MALE,Officer,3
bfa37aad-8c17-4fac-bd82-3c6d9cd3844d,Daksh Chacko,MALE,Officer,3
f22a0e23-7154-41ae-b43a-0ee1ca9a6c52,Jhalak Gaba,MALE,Doctor,3
5e67b6fa-d82d-478d-91ae-d26677849dd8,Luke Sahni,FEMALE,Doctor,3
d41abeaa-8698-4c83-9c4d-0ae2cef25d93,Leela Warrior,FEMALE,Volunteer,3
1841ff08-68bb-4f05-86a8-53a4f792988a,Damini Mohanty,FEMALE,Fireman,3
0fbb0275-a544-4afb-9bd0-667382bc8447,Shivansh Viswanathan,FEMALE,First Responder,2
18adda7a-0b1a-4d24-b01c-758c08ec9d25,Dalaja Ganesan,MALE,Volunteer,2
1613f78c-beae-4a00-a25f-a176755fd318,Girik Lad,MALE,Volunteer,2
20e8fdc9-bec4-4fae-8f4e-28a06ce47c1a,Tanveer Varghese,MALE,Fireman,2
64189899-911a-48fc-95a6-0baf25747e33,Bishakha Bhagat,MALE,Officer,2
6a281961-a775-4cb7-9dfb-f03781676cd0,Triya Date,MALE,Volunteer,2
a7cba1ca-216f-48c6-8c03-b3616fdd2d51,Urvashi Narula,MALE,First Responder,2
6323f38a-2d03-40cf-bb8e-bf7b33e366e0,Radha Bhasin,FEMALE,First Responder,2
3c06a434-cdde-4089-862a-cc389137facd,Baljiwan Ganguly,FEMALE,Officer,2
03905dc2-ca63-46b1-94ff-7bb6141d6678,Matthew Raju,FEMALE,Fireman,2
9b41ffd4-1cfc-4d23-b521-887a8b36011f,Samaksh Som,MALE,Officer,2
dfbbca53-a960-42dd-ae06-db959e54c6af,Indrajit Lal,FEMALE,First Responder,2
585e690f-67ed-4749-9eb8-41e19ff10f2d,Gabriel Gokhale,MALE,First Responder,2
24e3183f-b66d-497c-bdcc-dcd0cd871abe,Harish Bahl,MALE,Volunteer,2
30ca60da-782a-4b43-a61e-39f4e8d9ebe0,Ekaja Salvi,FEMALE,Volunteer,2
64367b78-fa0e-44dc-aee7-ca2905627e9f,Manya Parikh,MALE,Volunteer,2
04743918-f76c-4569-b433-6e4f695c90ab,Aryan Mangal,FEMALE,Fireman,2
7eea2b0b-a10a-4507-ab6a-cd960e263e22,Kamala Wadhwa,MALE,Officer,2
2aacae22-d248-4f77-8683-e19c0bf838fc,Yashvi Balay,FEMALE,Doctor,2
c2e3ec52-8e1b-4bac-8cb9-ffb9669cdc13,Rohan Agarwal,FEMALE,First Responder,2
4b5d199b-fc52-4f8c-97f6-670622d79858,Yatan Pillay,FEMALE,Fireman,2
5c0615aa-2fa5-4db6-a666-c3f8a84e0932,Vihaan Kulkarni,FEMALE,Fireman,2
a7e3ec32-55ae-4e3e-9e48-ee7a381aae61,Vinaya Ray,MALE,Doctor,2
e287d21d-8f25-495d-b187-31b051d95a2a,Viraj Sethi,MALE,Doctor,2
268615e2-4b90-4c11-95c4-56bdc721e56b,Urvashi Chandran,MALE,Fireman,2
60bb6867-f558-44b4-9a0b-0706700edebd,Chasmum Thakur,MALE,Fireman,2
d5a1906c-75c5-4165-998f-e0b175e64d64,Urishilla Pal,MALE,Officer,2
2ad64bb1-1252-4c41-be56-a8d07a7d914c,Manya Naik,FEMALE,Volunteer,2
d40178e0-d80e-41b9-b711-08a14f63b919,Wakeeta Kara,FEMALE,Fireman,2
5fc1d598-672c-4437-bc0a-c418acc5570a,Osha Vasa,MALE,Officer,2
65158d0b-b993-4702-b883-dce001861cce,Urvi Setty,FEMALE,First Responder,2
49be191b-5071-4db6-a57f-8b887fd3d75b,Joshua Bhardwaj,FEMALE,Fireman,2
e8f25a4f-d7ad-4c44-80b4-756490e0eeee,Ekanta Oak,FEMALE,Doctor,2
c6e8c9cd-9d2a-4d65-aea0-6f4341a79d2c,Pavani Ramachandran,FEMALE,Volunteer,2
ee3245c5-1ad4-432f-9f64-21fc6c1990b0,Wriddhish Bali,MALE,Officer,2
eb7b7079-5d79-4ad6-8df3-f8972f4a6261,Veer Kalita,MALE,Volunteer,2
036f5c1d-cb6e-4e2f-89bf-1591d394be21,Faras Bassi,FEMALE,Fireman,2
5c014c13-18b1-429e-990b-d00f2a56a262,Gaurangi Bahri,MALE,Officer,2
de4d42e2-66a3-40a6-9374-0e78233801d1,Ekaraj Pai,MALE,Officer,2
c868a971-8774-4581-9a6a-0322c73b5cc9,Thomas Kakar,FEMALE,Fireman,2
ababd622-26dc-433e-86c0-72115de5d747,Chakradhar Chawla,FEMALE,Volunteer,2
82f88073-ecc7-4637-91c5-13a41993fc5c,Ijaya D’Alia,FEMALE,Fireman,2
fa5afbed-dc95-444e-8014-36f9874322ff,Manthan Dugal,FEMALE,Fireman,2
779b4e67-e0f8-47f5-82aa-f1356d97f591,Yasti Sanghvi,FEMALE,Officer,2
34752496-8a27-4f9d-89c8-018b9281b9e8,Kabir Mital,FEMALE,Doctor,2
0d4bd593-38a5-4482-8f94-c3d5770459cd,Vedant Chaudhari,MALE,Doctor,2
f4d82127-78fa-499b-b3fa-52ad1108e300,Barkha Bava,MALE,First Responder,2
fcae3a6e-b95b-4a1a-99f5-3e86004e8959,Vincent Comar,MALE,Doctor,2
74ea4943-3282-4456-8ae0-29b63ebd700c,Advika Sarraf,FEMALE,Volunteer,2
237fcab1-0e75-4d4e-a2e3-bcf27eeaf7b7,Anmol Kakar,MALE,First Responder,2
47af5aba-6987-4c05-9d1e-babb1eabc26e,Reva Pillai,FEMALE,First Responder,2
518deda3-73d2-4385-af0c-8514e6693f08,Azaan Rattan,FEMALE,Officer,2
e3372e87-7a8a-42c1-87f3-122e783a3915,Arunima Thaman,MALE,Officer,2
79d61328-08f8-43d8-9c02-806f9182d15f,Krisha Rajagopal,MALE,Officer,2
72e72159-84e5-4b38-ba94-a9b4f678bb6e,Nandini Wali,MALE,Doctor,2
6b3e2a77-7256-4ba5-b928-c418a0e3e4af,Mohini Nanda,MALE,Fireman,2
a4da19a4-8af5-45d0-ae8c-078850aab85d,Abhiram Banerjee,FEMALE,Fireman,2
84b7482e-a3d9-4735-bc12-7fe645b61a4d,Rayaan Patel,FEMALE,Fireman,2
1557e09d-7753-40e0-997a-c556de1d4a87,Samar Agate,MALE,Officer,2
e2d1d147-78ec-4a7f-9c22-0983f512bf9f,Gaurav Sama,FEMALE,Officer,2
7f4f590d-c2d9-4012-a76b-d2f93dcdf655,Suhani Jani,FEMALE,First Responder,2
b5a00ea3-4d88-4698-b16c-feffaac97386,Zinal Memon,MALE,Fireman,2
9b73736d-ab29-4d88-9611-eded8824502f,Rayaan Vala,MALE,First Responder,2
30adcd51-653f-4fc6-8d8b-3d7074af718d,Jacob Dara,MALE,First Responder,2
bf837d6b-1124-4484-a3ea-baedc506db07,Avni Bhattacharyya,FEMALE,Volunteer,2
8dc1f5d0-1228-402b-9f30-1ae33455dae6,Ishanvi Shenoy,FEMALE,First Responder,2
f69e2011-f412-4daf-a3bf-90b0e9aafc47,Omkaar Sane,FEMALE,Fireman,2
f828b253-34ac-42b6-a932-b14a7fabc24a,Shivani Comar,FEMALE,Fireman,2
81e20444-8b37-4f37-8d60-4321b851f1b3,Rudra Hari,FEMALE,Officer,2
67c6148c-9047-4b16-b62e-20c4b560e127,Fiyaz Sood,FEMALE,Volunteer,2
3bc2442c-74b8-47d4-b42c-bc191824bddc,Raagini Saha,FEMALE,First Responder,2
6923799a-f3a9-42ee-9464-bc11f9d73e9c,Zinal Dar,FEMALE,First Responder,2
a3268328-06dd-4945-ae33-f624fd6dd1b7,Xavier Modi,MALE,Doctor,2
0b7671a6-aa53-439b-a3d1-1f3764c0cb9a,Nirja Doshi,MALE,Volunteer,2
2e3a9643-b5dd-4500-9f61-c42a2cd52f7e,Jacob Sarkar,FEMALE,Volunteer,2
24c628d0-c321-43c7-bbfa-155d941fb1ce,Oviya Mander,MALE,Officer,2
ea639023-e5ec-4319-abe4-61fb8d685e4c,Idika Mukhopadhyay,FEMALE,Officer,2
c9592811-c502-40f6-9f0f-cdbda10c4875,Ayushman Pillai,FEMALE,Officer,2
ffb5f57c-f447-4421-a698-6d93efe2f3c3,Manan Edwin,FEMALE,Officer,2
f51f3ab0-5bb6-4eed-a8c1-6822bc83e695,Alexander Narayanan,MALE,Officer,2
3a6feea7-6fa5-4227-bbec-c8f7919532d3,Amara Srinivasan,FEMALE,Volunteer,2
5ac045f3-e571-4afb-ae09-35705e4c8143,Andrew Raj,FEMALE,Fireman,2
4b2c559e-7112-42af-acea-64c034c3d9ca,Hamsini Bandi,FEMALE,Doctor,2
a0d90b24-559e-49c8-bfc6-bf03e8b50665,Dhriti Raj,FEMALE,Doctor,2
d743eedc-9890-41fa-a4a0-f2ef17491c33,Ojas Arya,MALE,Volunteer,18
8efaa0be-f7ca-4230-84f0-6f33681a30ce,Rajata Mittal,MALE,Officer,18
2bed770f-6b0e-427f-a500-540f5420ecd7,Girish Khalsa,MALE,Volunteer,18
c6c87840-4f34-44d8-b5d4-97912c2c8afb,Hemal Kant,MALE,First Responder,18
c7647716-5e4f-41f6-9313-dc0d920eff7f,Aarush Thakur,FEMALE,Volunteer,18
54da4bb3-45c3-42d8-bf8a-6255d274d854,Balveer Memon,FEMALE,Volunteer,18
e5a17cc7-994e-408b-83a3-4bae44dbbf21,Utkarsh Balasubramanian,MALE,Volunteer,18
9380b731-34b8-43f6-98e0-2f05e517960f,Oviya Kant,FEMALE,Doctor,18
8615f455-5ad1-4fde-b297-fa07ed91c550,Girish Bhakta,MALE,Doctor,18
f88933ae-c276-4503-b9b8-08481f246c70,Lucky Nagy,MALE,Officer,18
c0ed24ad-ca2d-4d43-88ba-0900fc5edd1b,Bhavika Walla,FEMALE,Doctor,18
a0f6064a-5646-4995-81eb-25855324caad,Maanav Divan,FEMALE,Officer,18
2c834420-dcbe-4e31-9fa4-37a8a8abfb87,Farhan Khanna,FEMALE,Officer,18
75ecb388-51c4-4a62-9a83-ee28ec0f7280,Yashvi Bose,MALE,Officer,18
aa8767ea-4afb-4744-bc39-28ea1964d4f8,Janani Swamy,FEMALE,Volunteer,18
0206763a-abd4-4cd4-ad38-2324ed23e50b,Faraj Cheema,MALE,Volunteer,18
43745e6e-a5b5-43e5-a959-4833dc178aa5,Yahvi Nanda,MALE,Officer,18
05185099-2ae7-4179-9faa-3bfbbb931e98,Pooja Parsa,MALE,Officer,18
01ad94ef-c820-4c57-8f69-0eaff345906f,Wridesh Dhawan,FEMALE,Officer,18
d3ac06fd-f73a-4eae-9f77-ce9d874e5a8a,Gautami Shah,MALE,Officer,18
5787f354-4800-4b64-b1b6-fdd163307df8,Fiyaz Shankar,MALE,Officer,18
f97f539f-23c5-4851-8abb-4342d1df4a15,Turvi Bhakta,MALE,Officer,18
565b8624-1986-44cd-8da0-b420c2446ea0,Aradhana Gandhi,FEMALE,Officer,18
9e86b18f-df97-488c-a31c-2cd6d3af3262,Gautami Babu,MALE,Volunteer,18
e55d64b9-879a-4cf6-9ca9-0e7d5c25b243,Ishanvi Bobal,FEMALE,Doctor,18
2cd918a2-a3d0-41eb-bc13-9ad89c4ab981,Osha Mody,FEMALE,Officer,18
3460a8ab-3745-4301-8f40-ac2d3cc54b47,Abha Kuruvilla,MALE,Doctor,18
cbf4298a-3ef8-4f56-9650-d2cda4cc00dd,Oviya Ganguly,MALE,Volunteer,18
600f1d27-9363-46b3-8964-44e22cc99bd5,Bhavika Ganesan,FEMALE,Officer,18
946ed31b-0932-47aa-b0a4-3919199dadff,Jalsa Chhabra,MALE,First Responder,18
609f1455-0df3-4632-bdc1-9cf4b042581d,Hemani Kannan,FEMALE,Volunteer,18
53296ed2-e583-403f-881e-976b90b81881,Osha Iyengar,MALE,Volunteer,18
007c0089-5eca-4049-98ff-bce4946dcf9c,Nitesh Pau,FEMALE,First Responder,18
fe6d2390-8f3a-4e2e-94fc-828ce8bd3a3c,Ekapad Oommen,FEMALE,Volunteer,18
42fd6955-e669-4fb0-8a06-a0e48b032a22,Dhriti Dasgupta,FEMALE,First Responder,18
16218999-ba43-457c-965b-adfd6fe9e9a3,Raksha Oak,FEMALE,Fireman,18
7c0e2718-9089-40f1-a10f-d88f08c84101,Bishakha Din,MALE,Doctor,18
25c061d1-f215-4c24-8939-ebb38535b936,Aadi Hari,MALE,Doctor,18
b8f8ac05-9ad0-431a-8e3f-7ba6f161735c,Aradhana Misra,FEMALE,Fireman,18
287c0563-c71e-4b35-a80a-8039ffce1d3c,Faris Dutta,MALE,Fireman,18
b6c0807d-8811-42c4-b6d3-29ad4a2846d9,Gavin Shukla,FEMALE,Volunteer,18
71394f59-5145-46d2-a57c-5cf69356d77a,Qasim Sehgal,MALE,First Responder,18
31dc2cfe-1294-4cd9-b1e8-b6f30adc1d51,Patrick Sankaran,MALE,First Responder,18
76217362-089d-4a63-a421-80783ed42534,Udyati Lal,MALE,Fireman,18
d34162ee-9fd5-4ecc-a3ca-68770500e282,Siya Gopal,FEMALE,Doctor,8
38d7a413-96a1-494a-94f4-6370e52ec9a4,Pushti Sani,MALE,Volunteer,8
6e72f3b1-5b9d-4004-9ab2-ca1457893317,Gopal Varty,MALE,Officer,8
74578aca-92c6-4c4d-92d2-c4307333d186,Aarini Kari,MALE,First Responder,8
84bb7184-4416-4f28-8ff9-c1869e43621e,Kabir Hans,MALE,Fireman,8
a06590d1-027e-454d-9c1d-5c47891ba8ea,Wridesh Kapoor,FEMALE,Fireman,8
6f199e45-dfff-46e4-9f02-601b95070e8b,Divya Virk,FEMALE,Fireman,8
0bfd93a4-e28e-4082-97d3-84a03e6ade50,Radhika Randhawa,MALE,First Responder,8
96894600-f970-4935-a64c-e6a343c88e07,Logan Vohra,MALE,Volunteer,8
f4ef0c4c-f188-49a3-83eb-45196a8811c3,Warinder Nagi,FEMALE,First Responder,8
090f1b55-6180-4e17-bd13-5272e682976c,Chaaya Lall,FEMALE,Volunteer,8
97b0c847-9184-40fb-a19e-5e9f4825dc27,Indira Som,FEMALE,First Responder,8
6204cd0c-b435-4621-af98-444519f3bbfe,Jeevika Chhabra,MALE,Officer,8
2e890bd5-8f86-4e24-a31e-3b61263e30cb,Lekha Bhargava,FEMALE,Officer,8
3e0b6d9c-27ee-45fe-84d5-0599a95d0844,Oeshi Pradhan,MALE,Doctor,8
bd4539d9-78c0-4089-8ee6-6b737efc4912,Brijesh Golla,MALE,Volunteer,8
93dc28d7-0a25-4640-b06f-4ca0763c1065,Ekiya Dhar,MALE,Volunteer,8
4c65db5d-5cf9-4241-9df3-09ff6ddd23f7,Bimala Om,MALE,Fireman,8
fa0bfe67-bacd-445a-90f3-eb4c9f3a8e54,Faris Khare,MALE,Fireman,8
a2df4934-176d-4718-bbad-5091ba9cd9be,Rudra Sant,FEMALE,Officer,8
11c58496-e9dd-46a8-af31-34f36aad133f,Damyanti Mishra,MALE,Fireman,8
c733bc4a-5dd2-4575-ab0e-1ce62dd21de3,Radha Banik,MALE,Volunteer,8
be394b26-24ea-4b4a-bcce-9410ad5372a8,Zaid Pai,MALE,Officer,8
d51c5884-a5b4-4e76-891b-ed4741f0b34d,Aarini Balasubramanian,FEMALE,Fireman,8
681094da-99c0-45b4-af85-8ea8b1f431ec,Ekbal Varty,MALE,Fireman,8
6a47904c-1389-4777-8ed8-7c5ddf53c1cb,Kashish Salvi,MALE,Doctor,8
da3262aa-d09d-4a24-9a5a-ae59136153a5,Dhruv Bava,FEMALE,Volunteer,8
3030a4ac-09b2-4452-875d-f7b81842c502,Jeevika Pradhan,FEMALE,Doctor,8
0edfeecb-e0e0-4c82-9ad8-a893a43b8d06,Faraj Dyal,FEMALE,Doctor,8
17c2fe39-30e1-420e-be76-7467e5c10b52,Udyati Mane,FEMALE,Officer,8
bdf3c6cf-ae69-45d7-9d32-1d55115581d1,Ijaya Tara,MALE,First Responder,8
f032000e-c2ab-4140-8298-22c60bd4ec87,Suhani Tripathi,MALE,Officer,8
f73d7bd8-661c-4f22-9cd3-7ef7c603fc6b,Janaki Prashad,MALE,Officer,8
4b1409b7-716c-4acd-8f81-bd4a8710fbc2,Bhavya Muni,MALE,Volunteer,8
4502c492-cd10-46a2-add9-c50d2d19e11a,Vanya Kar,FEMALE,Fireman,8
f327d37b-7b45-4069-9b82-e157b076efe5,Abhiram Gokhale,MALE,Officer,8
93b3c6d3-763a-4078-87c6-1439588e1337,Mekhala Sangha,MALE,First Responder,8
afb85862-2607-46da-98f5-0e19e9c9d99f,Sudiksha Narayan,MALE,First Responder,8
f238cc9b-e791-416a-8a0d-2ad5735f5e6b,Andrew Gara,FEMALE,Fireman,8
b1e2fa66-e805-45be-a4fe-699794e4cbb5,Varsha Narayan,MALE,First Responder,8
2d279c0e-74b4-40b7-b39e-c7793bd2063e,Amol Babu,MALE,First Responder,8
a4996b2c-19bc-434b-af09-5256ea0f6112,Advik Murthy,FEMALE,Volunteer,8
a86fc1f4-4a65-42da-a1f0-567da820ec0b,Vansha Acharya,FEMALE,Fireman,8
f1256c64-b736-45c5-b3e4-89e8fb06aa19,Advaith Arya,FEMALE,Volunteer,8
7f7e7d01-05d0-4dab-ba98-8f2d41cf4a5b,Daksha Ramesh,FEMALE,First Responder,8
a36ccd51-01cf-42bf-b943-121d25cb4737,Barkha Shankar,FEMALE,Fireman,8
ded13689-0332-441d-bb3f-bd4a75c00526,Matthew Dixit,MALE,Fireman,8
0d692436-ddd9-41be-b531-7718807e4fa7,Ekaja Bajaj,MALE,Officer,8
899016ce-e62c-4b1c-b6f0-257f1a34f89c,Bachittar Pillay,FEMALE,Doctor,8
f82b1eda-afeb-4d88-b8fd-6cdcee9bb115,Janaki Oak,MALE,First Responder,8
94ace78e-b6b3-4beb-bade-c90a5cbceec6,Guneet Baral,FEMALE,Officer,8
b62edfdf-94d8-4210-b3b9-be8a76de449b,Aryan Apte,MALE,Volunteer,8
3ebdaf20-5a15-412d-80aa-b93141345e5d,Sathvik Mandal,MALE,Doctor,8
eb78679c-c823-47fb-9c7f-28d523b9559f,Geetika Raj,MALE,Volunteer,8
06fb781e-9f58-43ab-9912-0e61c0cc866a,Ekaraj Dave,MALE,Volunteer,8
c2737a9e-2562-459d-a637-099127f75c46,Damini Char,FEMALE,Doctor,8
351e4b89-1695-42f4-9cc6-181b1509734b,Kavya Singhal,MALE,Officer,8
e602aa15-bd4c-43f3-baf2-894e94559a5d,Udarsh Jayaraman,MALE,Fireman,8
6a31d174-9c05-4847-9074-59ad9cf2ba1b,Max Prabhakar,MALE,Volunteer,8
3c9749c8-cea8-421c-8f84-76fa9295862f,Balendra Gole,MALE,First Responder,8
f8554bd8-fc92-4fce-ab4d-5a84e04cde6c,Reyansh Bora,MALE,Volunteer,8
b11651a5-0e6d-407b-ac87-e34a964035d8,Inaya Sahota,FEMALE,Volunteer,8
9193aa94-d86c-45f3-b83c-0075e3d1b386,Ayushman Bala,FEMALE,First Responder,8
32271b99-e6fc-4677-9cf3-dda6df0759ff,Jai Sura,FEMALE,Doctor,8
8260fd06-5e4c-408f-99d0-173336608b7b,Vedant Dhaliwal,MALE,Officer,8
75776f72-36d2-4ae5-9e1f-136a009aa642,Udarsh Chand,MALE,Fireman,8
4415cf23-f2e7-4ee2-a3ce-1d1226b32d19,Vedhika Sachdeva,MALE,Officer,8
f93cd225-3e8b-4f7e-879a-7a5513bc077a,Simon Sodhi,MALE,Fireman,8
01d87b54-9945-489b-b0d3-a205ef209083,Vasana Sarna,FEMALE,Officer,8
4314b426-f21c-4412-8bfa-695f853958e1,Nidhi Nori,MALE,Fireman,8
a41326bc-0578-4e07-948a-8c2689c0ccd4,Faras Dewan,MALE,Officer,8
b66f4553-9db8-47d2-953c-707564f765f6,Vedhika Borra,MALE,Fireman,8
97363283-b7bd-4f7b-b302-58222a27766e,Ryan Deep,MALE,First Responder,8
24685a96-b6a7-4492-8e43-cb06bd296d4d,Chaitaly Ganesan,MALE,First Responder,8
9167fef5-7fa5-460c-b86c-d6b147fff59f,Guneet Jhaveri,FEMALE,Officer,8
6a73e1a2-cc1b-42e9-9f0d-40864bee68b7,Tanish Chandra,FEMALE,First Responder,25
4710299e-7cc5-4df7-b60f-2b7ed73d7257,Reva Bhatnagar,MALE,Officer,25
31c59e89-85e7-468e-8676-64dbd52af6d2,Lila Srivastava,MALE,Officer,25
8e8c82a2-3cb6-4425-8340-da7cf3cbe778,Manya Mann,FEMALE,Fireman,25
8e0b9ce0-a780-4913-aea5-215af21903de,Anjali Naik,MALE,Officer,25
6ad7daf3-4876-4fd3-a310-038f96a182f7,Oliver Sheth,MALE,First Responder,25
9c28aa0c-4513-453a-b922-8bb2e42b382e,Baghyawati Pant,MALE,Fireman,25
a3ce707b-ffdb-4db9-b344-d58ae10bae23,Fitan Guha,MALE,First Responder,25
6f8b5126-551c-4da5-ba86-d5c15c83135b,Jagdish Agrawal,FEMALE,Volunteer,25
baa7ccbb-ec13-4f73-9b4f-8184b3ea7ce7,Shaurya Mukherjee,MALE,First Responder,25
bd4581c8-6d9b-47eb-bcd5-edb075899cdb,Harish Nagar,MALE,First Responder,25
0f3c9426-b982-4252-991a-fa6941f96ad1,Adweta Sankar,MALE,Doctor,25
c6bb5eb0-351e-419d-a2c3-d512b70682e7,Madhav Varty,FEMALE,First Responder,25
74ce9d4f-5af5-4f2a-b66d-a7819fde2730,Sathvik Dhingra,FEMALE,Volunteer,25
9bfcd9bb-40ab-4239-bbaa-af2ec8786485,Nikita Naidu,FEMALE,Volunteer,25
ada18c38-d632-43ef-b9c2-52c412d4c865,Oviya Sachdev,MALE,Officer,25
58bdd22d-9c2f-46a0-a8c6-9d82394ff2d0,Jeevika Verma,FEMALE,Officer,25
0251e2b9-2529-42d8-a8e4-fd9c5b805976,Chakradev Brar,MALE,Fireman,25
dd617833-5f2c-4b9b-80b7-f6b531baffb8,Ekantika Majumdar,MALE,Doctor,25
7e65599c-63bf-4138-83bb-31e14b6b6ee0,Devansh Dugar,MALE,Fireman,25
85f80244-408d-49ae-b6a8-88034560b6f6,Wridesh Sehgal,FEMALE,Officer,25
aed8cffe-cf4e-4a09-86a6-5ed0dd9959c8,Zilmil Munshi,MALE,Fireman,25
36b19aaf-74c6-4f03-be06-f004ffe144cb,Garima Vyas,MALE,Volunteer,25
93b10573-9982-4b1d-b9b6-f5b7fba86039,Jatin Dugar,FEMALE,First Responder,25
9b5aa045-9cd7-48ab-b0e2-580b3b99024c,Chandran Hayer,MALE,Officer,25
518c6e58-9eed-4d4f-aaed-0244db020311,Advik Chatterjee,FEMALE,Fireman,25
a61b1f7f-1bee-483f-a4e8-657af8f6504e,Ati Parmer,MALE,Officer,25
5fa63937-de8a-4a1f-93cf-bc64d063cf7d,Meera Anne,MALE,First Responder,25
3bc605c8-b7e6-4d85-ab4c-3abcce7efe43,Chakradev Anne,FEMALE,Doctor,25
1b3891a2-c01f-4803-a7b0-7fe52e438d63,Michael Pradhan,FEMALE,Officer,25
bed27521-d7c8-4b7c-898e-0555f91b8984,Krisha Dugal,MALE,Officer,25
9531f2ea-e2c8-4851-babd-f81da3e3f2ba,Vrishti Mittal,FEMALE,Doctor,25
96f05247-da22-42c6-9c05-46456834c545,Guneet Kanda,MALE,Fireman,25
3090720b-b4b7-455a-b968-c263a082018c,Vincent Bhardwaj,MALE,Volunteer,25
45a6e1ed-1461-4139-97ed-ae93ba271279,Ekaraj Agrawal,MALE,Officer,25
1be72495-203c-4e2d-99c5-ef7d950a9a57,Anthony Yadav,FEMALE,Doctor,25
c69e57cd-88ce-488b-a766-7d46601d1034,Yauvani Pal,FEMALE,Doctor,25
e981cbda-e470-4c32-82c4-bd54e8a30910,Triya Chawla,FEMALE,Officer,25
eb3937d4-b48a-481f-9294-943d01ff9023,Karan Deo,FEMALE,Doctor,25
001c979c-fde3-496f-8512-47a6cf27fadb,Karan Munshi,MALE,Officer,25
d5b1d22a-72bf-449b-a4e2-7cbaf5d0e398,Ishita Subramanian,MALE,Volunteer,25
d33faf4e-28ce-4b57-a0c5-782c378ebe84,Quincy Balasubramanian,FEMALE,Fireman,25
a482b30f-aae3-4f04-8a35-bbecacf04c42,Varsha Bains,MALE,Doctor,25
fe2ca10f-27c9-4398-9786-4af1682b39bf,Samaksh Yohannan,MALE,Fireman,25
3a528343-ca30-4985-82dc-45d03e238f88,Ridhi Iyengar,FEMALE,Doctor,25
e4842ae7-a127-4025-838a-fe96c9e1982e,Azaan Sandhu,MALE,Officer,25
4e9f77cf-b92f-465b-8b14-0af9af28fe5a,Vasudha Patel,MALE,Fireman,25
5dfaed22-116a-4f2d-8df1-b72362a89962,Jairaj Nagy,FEMALE,Doctor,25
b12759f8-7e80-4e47-981a-11482755978c,Advika Vaidya,FEMALE,Doctor,25
420418cd-4cad-4679-acab-5e086ac4a08f,Vedhika Warrior,MALE,First Responder,25
bc096303-5058-4da8-8249-4b80d2bf6280,Hredhaan Bassi,FEMALE,Officer,25
073f8119-954b-466d-a8d2-4e5c6c823f10,Ojasvi Soman,FEMALE,Volunteer,25
a2894bd2-df14-4305-8054-8570c8399ef5,Mugdha Bhalla,MALE,First Responder,25
f114c236-b984-4967-8378-ac31c99de7e0,Jalsa Gulati,MALE,First Responder,25
5bc3d719-389f-4bbc-8a57-ddf5172b72c4,Triya Deol,FEMALE,Doctor,25
abb71294-eea0-4ed2-9c06-552aad7d5b2b,Darsh Yadav,MALE,Volunteer,25
86cb0f04-53e0-4c8e-a73c-a7c281cae3e5,Imaran Maharaj,MALE,First Responder,25
c00184bc-a48f-442e-8024-706f737f5d37,Arjun Garde,MALE,Doctor,25
e561ebd1-3152-4fce-916b-6fae65650714,Divya Pradhan,MALE,Volunteer,25
9cd58da8-da11-4ccf-88e1-889842f04973,Wahab Patla,MALE,Officer,25
a89763b7-9131-4989-9567-1050be48f360,Avni Dalal,MALE,Officer,25
2a6df857-f351-4750-9e54-9a60cb8f8325,Advik Mahal,FEMALE,Doctor,25
2e245037-c56b-40c1-8b56-82b0890922ad,Ijaya Dass,FEMALE,First Responder,25
998da7a2-3d7d-4131-8d4d-504a8748ce1c,Rohan Bhardwaj,MALE,Volunteer,25
f44d907f-c3bc-4159-99ef-a70869c46df0,Zaid Tella,FEMALE,Doctor,25
8af16441-b1d4-4356-bd13-55ef2105b779,Raagini Garde,MALE,Doctor,25
15b0f742-c81b-4bba-96db-a59c1b38bd3f,Elijah Taneja,FEMALE,First Responder,25
20159227-ef17-4837-8578-c710a0d46fcd,Jatin Chad,MALE,Volunteer,25
94ffee86-b845-4468-8be9-29ecb3d194b5,Qushi Naik,MALE,Doctor,25
21b5eae1-68fe-4233-bbe5-2f31859aea64,Mohini Bora,MALE,First Responder,25
892b2105-ef2f-4efa-b67f-0533ff2fc94a,Vanya Sagar,FEMALE,Doctor,25
79f7c82e-7d1f-4e88-a317-945dfd3cbe6e,Isaac Choudhury,FEMALE,Officer,25
ca9a43f4-9165-4f82-939a-089d5595a438,Chaman Krishna,MALE,Officer,25
42be6325-0dc8-4c88-af81-b050293ed3d4,Mohini Dara,FEMALE,Doctor,25
3d22a904-c0e9-4603-859f-e4f7391fa67e,Nicholas Bajaj,FEMALE,Officer,25
91d23a27-f330-4146-b512-ce87486d93ee,Jack Mukherjee,MALE,Officer,25
a74d79d4-f76d-4e25-a7d8-dc6ffa5f430e,Riya Wali,MALE,Volunteer,25
0de80424-40af-4b43-befd-eb80c4c81793,Ekani Bhavsar,FEMALE,Volunteer,25
92ff6ad6-4817-46c0-b73a-7bcfe36bb219,Aahana Zacharia,MALE,First Responder,25
27979123-2c87-4c72-97a3-f9c44ed1687c,Netra Thaman,FEMALE,Doctor,25
daeee7a2-7ced-47b3-96c8-7d3c30f470e5,Wishi Sharma,FEMALE,Volunteer,25
b140876e-72cc-4445-921d-57bd99f972ae,Charvi Parsa,FEMALE,First Responder,25
46b0424c-c477-4827-b86d-f3f504b32aaa,Utkarsh Bhatti,MALE,First Responder,25
57613b52-be1a-49de-9c7f-78202cbe1ae3,Odika Agrawal,FEMALE,Doctor,25
306a4619-4cdc-40da-8302-f937c89190ce,Manbir Dalal,FEMALE,Fireman,25
0eb54102-c071-44a1-b7aa-75a07491cbc8,Pavani Ray,MALE,Officer,25
33e96f67-ce9d-4fac-a202-01c70a9b5589,Janani Menon,MALE,Officer,25
874fd6c5-b857-4a4d-89ba-7687b01d6444,Simon Dhawan,FEMALE,Officer,25
d6b2e929-6c6e-4fc1-8cf8-0c8bfdcc9d4a,Samaksh Balan,FEMALE,Fireman,25
c070c9ee-5987-4e90-91bd-2fa67dff03e8,Tanay Bhandari,FEMALE,Officer,25
93cfa301-fcde-4178-b947-16ac4f9fc15c,Yasti Dass,FEMALE,Volunteer,25
e5f637ae-2cc6-443a-a1d9-e969b7563592,Mitali Dugar,MALE,Fireman,25
31b16843-38ce-44d0-a721-f9b08b42364b,Azaan Warrior,MALE,Volunteer,25
22327943-82a8-42f5-9f2e-2dd72500cafc,Harini Mann,FEMALE,Officer,25
31c1d37c-2bfd-4e59-b88b-20237334b8c8,Xiti Murthy,FEMALE,Volunteer,25
fd62713d-0e9d-4fbe-8449-22ee825e17c0,Veer Bhattacharyya,FEMALE,First Responder,25
78b2ff0a-356e-4436-bf2b-5c6c296576c5,Widisha Atwal,MALE,Doctor,25
55527a6d-102a-48c4-8003-b4915fa903e1,Ekavir Master,MALE,Doctor,25
eccaf8e2-bc01-4795-8517-ea34d2f92635,Gunbir Dhaliwal,MALE,Officer,25
bf8d5a56-c048-41f0-9e20-00b74e5548fe,Eesha Malhotra,FEMALE,Doctor,25
6050f6c0-716e-4281-98e7-2c71846c2b8f,Kalpit Nath,FEMALE,Officer,25
dc312290-12d5-4c45-a7eb-0b58008bd526,Anya Balakrishnan,MALE,Officer,6
066c2ace-d9e7-4808-be4c-bfaeb005cb52,Vidhi Toor,FEMALE,Officer,6
a6674112-3415-4508-8456-32f9ad5ce047,Vanya Parekh,FEMALE,First Responder,6
46d5ca70-1f97-4880-8658-a8d8f4d93732,Bhavya Kumar,MALE,Fireman,6
413bb2d7-9319-4486-afa2-ac0aa23dda02,Sai Bala,MALE,First Responder,6
ffeaf150-3828-4380-84ec-808f65c65be5,Yashodhara Bera,MALE,Volunteer,6
44da6d17-e38a-4bad-8d5e-b1636bc07347,Azad Ramaswamy,FEMALE,Doctor,6
49444929-9596-4c03-b9a5-4c6e00b8f385,Faqid Lata,MALE,First Responder,6
988402be-d848-4204-9705-162eea4728a5,Arunima Hans,FEMALE,Fireman,6
be3bce41-6f53-4438-93ee-0a9af1a3ebca,Azaan Modi,MALE,Doctor,6
b9b85cdd-d2a2-4a91-9aad-a6d8476cca6e,Jalsa Roy,FEMALE,Doctor,6
cca95220-5e69-4c5f-93a4-11c203ce3911,Naveen Ghosh,FEMALE,Officer,6
f474b9d1-9160-4a65-bbe8-4cba9e23fdb2,Girik Wali,MALE,Volunteer,6
2701d6ef-224d-43b5-b22b-de50c40f6d1e,Charita Raj,MALE,Fireman,6
3fd0b701-44d7-4cf8-a1dd-645deb69bc22,Ronith Jayaraman,FEMALE,Doctor,6
4f7bde83-ceb6-4516-95fa-1424168ce460,Atharv Khosla,FEMALE,First Responder,6
054f0c90-2c18-43d3-868b-787a0aea53ed,Falguni Uppal,FEMALE,Volunteer,6
c84ba084-7f81-48d5-9c2f-9c17c3e2459c,Hritik Savant,FEMALE,Officer,6
5f3f5bcf-4aea-440e-9121-4f492ed57a4e,Sneha Kata,MALE,Doctor,6
4ba42ba7-4980-4944-91f7-2a5a512ee514,Laban Sankar,MALE,First Responder,6
c3692656-c7e3-4538-b303-069d77706da1,Azaan Chowdhury,MALE,Officer,6
01e70dba-7d7a-4155-af13-65891eb299a6,Waida Kade,FEMALE,First Responder,6
f94f1fca-f013-4b17-bc20-0a080ab36ffd,Isaac Balakrishnan,FEMALE,Doctor,6
1d78ba1e-1025-4d6a-9c1b-852bf7fcb0a6,Shivani Koshy,MALE,Fireman,6
9ed08590-7e2b-4bb5-bea9-2dc99c980ff1,Laban Modi,MALE,Volunteer,6
84c96386-f09a-418c-874a-61fdcfa1985f,Anvi Dugar,FEMALE,Volunteer,6
f39874c2-b6d0-45ce-bae7-0f0dc1332ef2,Kamya Bhattacharyya,MALE,First Responder,6
126a5112-641f-4eaa-b55e-e9199b46dfa8,Hema Mani,FEMALE,First Responder,6
f8c02bda-78fb-49a2-9c17-4ed505c53ed9,Widisha Chauhan,MALE,First Responder,6
a1f39508-ee9f-4505-b2fb-91f1152a0c4a,Aadhya Ganguly,MALE,Fireman,6
984a3f07-c3ca-4038-8f40-66d3315ffadb,Joshua Ghosh,MALE,Fireman,6
e2ee8f16-76fe-4c58-b639-ae0cc6eeccc3,Frederick Gopal,FEMALE,First Responder,6
8d46e8b8-eb89-42de-9d3c-4ad92be24f55,Janaki Pingle,FEMALE,Officer,6
0ccf9d37-c7e7-433a-9986-80001fda274b,Arunima Prashad,MALE,Volunteer,6
38ffb5d5-c727-4fa2-bffe-6edea9882e6f,Atharv Mannan,FEMALE,Officer,6
4c66b5a0-a234-4d2c-ac9a-739dfb61c3a3,Victor Kari,FEMALE,Officer,6
4fa0edd9-fd8f-4158-9cca-5b4ae327ed44,Nidra Dutt,MALE,Doctor,6
28ad81f8-d227-4e37-9d32-298059b11ca0,Hema Bal,MALE,Doctor,6
d719a382-9df9-4192-bde5-5c594b13e0e5,Bishakha Sant,FEMALE,First Responder,6
167e18aa-9c93-48fe-bcc1-46e50fe5490d,Neel Chaudhary,FEMALE,Officer,6
950ed860-34c0-4951-bbad-4362966d8106,Vasatika Balan,MALE,First Responder,6
e18f8b06-ddc8-4914-9dbb-20c15a2efb19,Dalaja Ram,MALE,First Responder,6
aeff0279-6cde-40d5-9b5c-cc5ea0d74f8c,Jai Dewan,FEMALE,Doctor,6
f80e1617-7818-4f96-b0a3-e42222e13757,Harinakshi Srinivas,FEMALE,Doctor,6
51c83615-d4fa-4cb8-8cf1-82a064f5f1cc,Oscar Chhabra,FEMALE,Volunteer,6
4d631512-e5ba-4409-8717-a51059518d14,Harini Rai,FEMALE,First Responder,6
f4a1992d-c7e3-4d6a-93b3-a51ef9e64f43,Luke Oak,MALE,First Responder,6
b3a992e0-1892-4944-b110-01ebb81f2f67,Tara Som,MALE,Fireman,6
204ab3ef-541c-4822-b3ed-f96238133848,Farhan Venkatesh,FEMALE,First Responder,6
2ac4ee4b-ca32-42f9-ab27-407d7bb44268,Dhriti Mital,FEMALE,First Responder,6
5ccfc8f0-90b9-42c6-9bb8-5f044f1fb742,Guneet Mammen,MALE,Doctor,6
963ae5ed-7c3e-4506-b9c5-78d1cb5c13b2,Mahika Tiwari,MALE,Officer,6
e11bdf77-b791-484b-a381-648e9f4a2eee,Sathvik Vohra,MALE,First Responder,6
9715bb0f-b80d-4116-bf54-c63c0101271b,Omaja Baria,MALE,First Responder,6
466c184f-e8b7-4d16-88c8-a85ec742506b,Christopher Bajaj,MALE,Officer,6
b3eeb1d5-1dad-4e2d-9138-61469893086f,Laksh Mander,MALE,Fireman,6
257ef962-9c65-476f-8189-37a8007d9bbd,Lajita Natt,FEMALE,Fireman,6
4b45b8c1-f76b-49d8-b1b3-4c3288871e07,Ojasvi Kar,FEMALE,First Responder,6
d71f54f1-c398-47f7-a702-8e036bed0595,Akshay Grover,FEMALE,First Responder,6
42ebb961-03e9-4e48-8aeb-9de9e8b4e79e,Darpan Char,MALE,Doctor,6
86a1d984-f010-47de-82f8-28047312fc6c,Lekha Hora,FEMALE,Officer,6
513234ea-8d09-4e86-b10d-426c47d6847a,Yahvi Amble,MALE,First Responder,6
c3f9b13b-d6a9-4368-95a1-e81ef32d065c,Abha Padmanabhan,MALE,Doctor,6
9756b8ff-d485-4f5f-b144-3aed51bfdd62,Warhi Sarna,MALE,Fireman,6
c2d06110-438a-4cf4-b1b6-640a5e20dfec,Gautam Venkataraman,MALE,Officer,6
375bbefc-ce3c-45b0-9ef4-0421f7fcdf82,Faras Nayak,FEMALE,Fireman,6
7d142de0-ccf7-4798-a233-50925e024e02,Harinakshi Mall,MALE,First Responder,6
794831fb-adf8-44c3-bb39-3e497ddb2638,Qarin Bhardwaj,FEMALE,Fireman,6
754f6cf3-2d35-4d97-96c7-e60d46eeca97,Ryan Jayaraman,FEMALE,Doctor,6
2dba8b13-157b-488c-8355-dd160e7a39da,Megha Randhawa,FEMALE,Volunteer,6
69a223dc-74f4-4f3f-8f6e-51d2253da9be,Anay Bora,MALE,Fireman,6
284186b1-9a04-4b68-82fa-ad03f91f8119,Faras Panchal,MALE,Fireman,6
9d24ad35-78df-464c-869b-67b1b9c5319a,Joshua Varghese,MALE,Fireman,6
23f4f873-ef5e-4974-ae2c-497080b26796,Indali Nayar,FEMALE,Officer,6
6ddea812-b7ab-4ad5-a7ee-0796780eaf99,Manthan Prashad,FEMALE,First Responder,6
52231000-4593-49a9-8752-d185f7bc5942,Bhanumati Bahri,MALE,Volunteer,6
533bc6be-1a41-494c-ad8c-68f5d62b3ccc,Sneha Rege,MALE,Volunteer,6
f5fd4283-eee9-4993-a778-76f39d2dc72e,Harsh Chhabra,FEMALE,Officer,6
8121181b-a62f-4958-b0c6-c545e278bdc3,Vasana Dass,MALE,Volunteer,6
8fddde47-5d33-4963-9403-7dbc87e23d35,Yug Kala,FEMALE,First Responder,6
83c13ca4-7c91-4232-9653-c6d3f1100bb7,Devika Bose,MALE,Doctor,6
4cd89194-fbd1-4298-9e62-7bc9e1222a35,Wakeeta Subramaniam,FEMALE,Volunteer,6
24d24517-76eb-450a-8db3-3eaf33aca422,Jagdish Hayer,MALE,Fireman,6
4457d6c6-39f9-4702-9ab2-904a9d531ca2,Bakhshi Mukherjee,MALE,First Responder,6
06cfc6a3-0389-4854-9567-c95ec5cb1282,Yadavi Palan,FEMALE,Volunteer,6
315ca654-2aa4-4b3a-9925-938af5d3fed9,Qushi Borah,FEMALE,Officer,6
b7c1ecae-01d5-4862-a9fb-e1b3f8bf24dc,Yoshita Comar,FEMALE,First Responder,6
333fa479-013e-44d3-9359-efbae86501c9,Ishwar Ben,MALE,First Responder,6
ae547361-1ea0-40b8-b222-e779a4cfad47,Gopal D’Alia,FEMALE,Doctor,6
7e2f1261-4d3e-43cc-af16-d6d259935a85,Harrison Mukherjee,FEMALE,Officer,6
8c6a73ee-3aba-417b-8ddf-89cc7cdffb04,Mitali Khosla,FEMALE,Fireman,6
3196b8eb-2221-42a1-89a8-03ed0bf07f27,Gaurav Soman,FEMALE,First Responder,6
d9afc76b-fc56-486a-aa47-5019c83a33dd,Ojasvi Padmanabhan,MALE,Doctor,6
c7d0037b-e946-4f98-a970-76b066001f1f,Ijaya Bhat,MALE,Volunteer,1
721c8c7e-e67c-40c3-ab24-6f8feb246001,Omisha Balakrishnan,FEMALE,Fireman,1
4c9a5630-2b42-4152-b675-45d04d92d231,Advaith Thaman,FEMALE,Officer,1
5361eb55-63a3-42e0-a373-a624c9a421df,Manthan Suresh,FEMALE,First Responder,1
d992b5e4-7602-49b1-9df8-2a9f65d14468,Kavya Mammen,MALE,First Responder,1
3244ede4-b71f-4c81-b35d-7f1c44fff117,Kabir Memon,MALE,Volunteer,1
9f7aae6e-1912-4184-95e0-cb1416ce5f39,Hema Shetty,FEMALE,Doctor,1
2069b059-5463-4bd1-ba30-05e8e0b1f09d,George Bhavsar,MALE,Volunteer,1
215d5515-39d8-4d6f-857f-31605e0542a3,Avni Baria,MALE,Officer,1
5e9e49e9-9a29-4a12-a68b-67085bd882a4,Pratyush Krishnan,MALE,Volunteer,1
f3909bf2-896a-4fc1-8acb-3e7f1a853c58,Gabriel Rao,FEMALE,First Responder,1
7084e7f4-cbf9-43fd-abf8-47c840879f2e,Lajita Bora,MALE,Officer,1
2dfb2150-c5ab-4fa1-8a9a-2747cf44c911,Avni Subramanian,MALE,First Responder,1
4929f395-8e2b-4116-927f-9f84706e2606,Meera Bawa,MALE,Volunteer,1
6e453753-387b-40ba-b0d4-917a6b162c09,Hemang Kaul,MALE,Officer,1
73bc9702-37df-460c-98a0-6da2fa673f99,Omaja Ganguly,FEMALE,Volunteer,1
acc12413-53ee-477a-8d97-e6c0d2409641,Warda Malhotra,FEMALE,Officer,1
b8efbbd2-c92d-48c1-8beb-95fa61585c14,Vidhi Vaidya,MALE,First Responder,1
37cd27d1-2762-4592-8fe2-651abb88e000,Geetika Garg,FEMALE,Fireman,1
7248cbcd-aaf1-4bba-beae-4fd08323cb4f,Wriddhish Ganguly,MALE,Officer,1
df6a1c88-203e-4863-9e73-7b57e0a65181,Dipta Sunder,FEMALE,First Responder,1
a61c11cd-9b57-4647-a5ef-68d5725658f2,Ryan Ratti,FEMALE,Fireman,1
c558e5b9-cd30-4072-87ae-9d88d1396c05,Anthony Dani,FEMALE,Doctor,1
59236709-d0f5-4996-8557-d9afbb9ce2c4,Siddharth Ravi,FEMALE,Officer,1
852e052d-f2d5-49f3-958b-29740539ff1b,Ati Sani,FEMALE,Fireman,1
ffb35ca8-88e5-460c-ad0a-c64f20a3a672,Bhavani Thaman,MALE,First Responder,1
19ddfb8b-24c5-4013-9170-918d61ac3227,Vansha Tripathi,FEMALE,Volunteer,1
681a070f-612c-4e7c-9cc4-1c32f395e50a,Jatin Ramakrishnan,MALE,Officer,1
e4621e07-8774-4453-a5c4-428af4407e9b,Widisha Madan,FEMALE,Officer,1
4eac813a-f2d2-4f54-8ebc-46495797991e,Krish Chauhan,FEMALE,Volunteer,1
e9db6ec7-1ceb-4003-bde9-a83b89714983,Umang Sarin,FEMALE,Officer,1
27d34bbc-3ee7-433b-85e3-e01cff6b663e,Alexander Kuruvilla,FEMALE,Doctor,1
84d60b8d-50f8-482f-98a3-cfc3fb553be1,Nakul Saran,MALE,Volunteer,1
d72eed15-d9a8-4da9-8e54-8a0700c58bfc,Samar Oommen,FEMALE,Volunteer,1
a8a32f7b-073b-4be9-abc5-fa82da9836ed,Ekalinga Cheema,MALE,First Responder,1
6cb15d25-5e6c-40f8-924a-88671b86e326,Wahab Butala,FEMALE,First Responder,1
91f69050-6e3d-468d-bd80-63c45d1b63c8,Gabriel Raju,FEMALE,Fireman,1
35eb4f9b-7622-4241-b844-46adc1dde938,Pallavi Chokshi,MALE,First Responder,1
ff8e4f0e-ccfb-4f62-9659-6d88d4568cb3,Ekiya Sahni,FEMALE,First Responder,1
48ad4026-bfe7-4120-b13e-66c9c69d5ed2,Pranav Dara,FEMALE,First Responder,1
c03c2b7f-18a7-4013-aac2-8b13c2ec1ba1,Veda Mammen,MALE,Fireman,1
fefdfbbb-9380-43ca-aca1-c1123f59132b,Kalpit Sahota,MALE,Officer,1
d29d6e4b-c41b-4199-874a-91989f0b42dc,Maanas Datta,FEMALE,First Responder,1
e80b4ee2-e0b2-4ec3-b9e0-172bd45c2d41,Yoshita Sen,MALE,Fireman,7
403ad08a-5e34-41ee-b583-63b05d93d62e,Kashvi Hayre,FEMALE,Fireman,7
5c0a5cbb-cf25-4624-8e95-07519467beca,Nathan Tak,FEMALE,Officer,7
1e7f43a0-e5b0-44c6-aa65-303b8c5db17f,Anthony Varghese,MALE,First Responder,7
a4782ec2-f72e-46bf-b37c-29534237a353,Harrison Chandra,FEMALE,Doctor,7
100ad9cd-47a8-4520-a116-a6411f51e00f,Lavanya Bora,FEMALE,Fireman,7
cbda4dec-9f45-4a9d-901d-37ce652cf030,Amruta Gour,FEMALE,Officer,7
b60d1fc9-f4c4-4cff-8397-0441b3468012,Sarthak Bhatti,FEMALE,First Responder,7
4c458cd2-f265-4242-a809-c60cf64fe684,Sarthak Sani,MALE,Officer,7
118c4d84-0a73-4fe6-ba87-b8914f78b438,Elijah Tiwari,FEMALE,Officer,7
a41df128-d298-4b53-9357-91a33b40aaf9,Mason Rau,FEMALE,Doctor,7
6c913ff9-2ed3-4b48-be41-8afa841bca6e,Zehaan Ramanathan,MALE,Fireman,7
91f68f8b-4c10-4e9e-ab97-69da8ddd490b,Nihal Dass,FEMALE,Doctor,7
021ced1b-b9be-4d75-a17f-07f851403e88,Prisha Kanda,FEMALE,Officer,7
f744a24e-52e7-4626-929f-0c9b25f55bd0,Amol Dube,FEMALE,Doctor,7
e11d98fa-9eec-4090-bd2f-4e751c4cdce8,Edhitha Dutta,FEMALE,Volunteer,7
c8ace6e3-3466-4569-a7bd-86e016e34f8d,Priya Bhatt,MALE,Doctor,7
949ca281-fad8-4042-90e0-d1a6f1aafccd,Parth Sahota,FEMALE,Doctor,7
22004081-9928-4501-8662-c5cb91be1790,Isaac Sandal,FEMALE,Officer,7
8ca99f54-122c-476a-a5b7-2071a0f369d3,Indali Bera,FEMALE,Officer,7
e2fea898-58ee-47d7-94e2-d2434540c038,Kai Seshadri,MALE,Doctor,7
2da560a1-d612-40bf-9ab0-8f805253a390,Niharika Loke,MALE,Volunteer,7
3bbc9ae9-806c-46c7-b9e0-fe8919ab8dfa,Tanvi Mall,FEMALE,Doctor,7
0731c9a9-c83a-4ee7-99cf-f003bd651667,Ridhi Madan,FEMALE,Volunteer,7
0f3fc886-bf2c-4991-9909-ab44af8c5ac1,Maanas Maharaj,MALE,Doctor,7
90366a7c-3211-4f45-adc8-cd53ce0dc531,Qabil Shetty,MALE,Volunteer,7
c52f0dfc-129b-4f10-a393-e39c4a8505d9,Ojasvi Vaidya,FEMALE,Doctor,7
fd38391d-9e5c-4b4b-b212-412a4120e3b8,Baljiwan Joshi,FEMALE,Officer,7
50190248-72a0-4610-b76a-9951473634ac,Hitesh Karnik,FEMALE,Volunteer,7
32f59c72-d7f9-4c48-8d2c-bfc933050eaf,Omkaar Wable,FEMALE,Fireman,7
8f964a33-1f9a-4dd3-aa5a-1676b69c10c3,Aradhana Kari,FEMALE,Fireman,7
0bbc3f9a-1849-4123-a059-b94946e6a2ac,Aahana Amble,FEMALE,Fireman,7
3facbbe9-35de-44c6-8c33-e7113f5bef77,Arya Sane,MALE,Officer,7
9bfa9c92-8ba5-4622-b0cc-d6659127c1b3,Chavvi Gade,MALE,Fireman,7
6a40352e-326a-40e4-b8d4-c907410629c6,Ekalinga Thakkar,MALE,Fireman,7
ffcd5966-11bf-418a-9cef-8f47b4b4bda6,Jhalak Mutti,FEMALE,Doctor,7
6fdd7120-f67b-44b8-af02-5e892d425d69,Ethan Venkatesh,MALE,Doctor,7
c32a141d-d636-4625-8d68-0bb73d1abbfd,Wakeeta Dhar,MALE,Fireman,7
c5ea157d-ccb8-4cca-a466-2536a109804a,Bhavani Pant,MALE,First Responder,7
4d8dc5b2-6a23-4dfe-8cd7-d6e1ff751e06,Bina Jha,FEMALE,Officer,7
b155473b-dbc8-4a52-a153-b736e512fecd,Eiravati Jayaraman,MALE,Officer,7
3488aa06-2fb9-45cb-8e29-3a0f08ec0fc2,Hemal Sodhi,FEMALE,Volunteer,7
c141786d-f0bf-4711-b7e6-c9213dfdbc6f,Veer Mitra,FEMALE,Fireman,7
6d5d90ce-862b-4251-840a-525bb802614d,Neelima Rai,MALE,First Responder,7
9711062d-3995-4283-bf30-02b02a0c5b46,Faris Naidu,MALE,Officer,7
7b62fec9-81a5-490a-8e90-9b5d5350a7d8,Sara Sathe,FEMALE,Officer,7
ef92630c-e1a5-41d0-92d4-e8b0cb34ce98,Chakradhar Morar,MALE,Volunteer,7
40d46370-385c-4de1-acd5-53806e5cda8c,Omkaar Varma,MALE,First Responder,7
d005cc6f-479c-4230-a020-766bed52f3e5,Odika Palla,FEMALE,Officer,7
eec9879e-367b-4a9e-b492-0843947e4c47,Nidra Pillai,FEMALE,Officer,7
1484965e-d9a2-436a-9715-2d9cdb9a3c4c,Brinda Yadav,MALE,Doctor,7
33d05c90-01d8-489e-a92a-3ae9824d7890,Ishaan Bajaj,MALE,Doctor,7
624c710e-0d43-4f72-abce-36748c3f47ef,Patrick Korpal,FEMALE,First Responder,7
43ed3471-edbd-4631-a43b-34ef80834058,Eta Buch,MALE,Officer,7
ed397874-5aa8-4345-9a81-600b82788070,Tanmayi Warrior,FEMALE,Volunteer,7
c57f29e9-b52c-4050-a397-9fc8b075dc2c,Aadi Narula,MALE,Officer,7
09fa4c30-6b94-4b97-afe7-ee131d338fba,Mugdha Sabharwal,MALE,Officer,7
ed75ce79-44df-4d7c-b4f9-8131060bc816,Pallavi Jhaveri,MALE,Officer,20
1f92f82f-e221-470f-b553-4a174dab628e,Vanya Balay,MALE,Doctor,20
c2c1cfbb-64bc-4a53-876f-8e63917f55f6,Krishna Lalla,FEMALE,Officer,20
e4c4fcec-2687-4eb8-9ed6-d1498a6469c5,Dakshesh Kata,FEMALE,Doctor,20
5494ada8-cf99-41f2-9fdf-f1c6a2308d97,Radha Chahal,MALE,Fireman,20
46bbc1e4-922e-4cc1-ae62-2ffb8e69a92d,Frado Mammen,FEMALE,Officer,20
8c86b246-ca34-45b4-a3b0-c85bb3d5d735,Isha Bhalla,FEMALE,Doctor,20
b1e5d147-355b-46f9-935c-25a0412de3f9,Triveni Subramaniam,FEMALE,Officer,20
d41d2d04-ae7a-4cb2-80be-be34d41549f4,Hardik Bandi,MALE,Volunteer,20
75e1a669-45ba-4240-9a53-617a819562ed,Aarna Deshpande,FEMALE,First Responder,20
56508bbd-3544-4d70-a14e-ce27fd72bfa7,Noah Pau,MALE,Doctor,20
5f5b035e-d38b-4f56-84a5-6feaaf147f2e,Ojasvi Ramaswamy,MALE,Volunteer,20
1cfb23ca-61c2-4936-bd28-d49ac154e22f,Jack Sarin,MALE,Doctor,20
2e002b94-bdae-4126-b916-e6fba66fc170,Odika Amble,FEMALE,Volunteer,20
f770f3eb-11fd-4277-8c23-6fac87099f13,Advika Rastogi,MALE,First Responder,20
d3f045c9-84f6-4765-9532-8d6ae76fcd9f,Avni Mohanty,MALE,Officer,20
11d7cfe7-fdef-4aca-beb0-75dbd2f3fcd7,Advay Date,FEMALE,Volunteer,20
e07dac69-e1e7-4610-b826-73b446f2805f,Vyanjana Dugar,MALE,Doctor,20
589fa32e-c8fd-4fa8-a74f-0faf1f600227,Parth Bhardwaj,MALE,First Responder,20
b06b83a9-ebc5-41e1-b692-c9a6eec3f3d6,Anirudh Talwar,FEMALE,Doctor,20
bb3a25f7-e27c-45ff-9d5d-67d8de3fa805,Yochana Shan,MALE,Officer,20
6f04f55d-8b1f-41e9-aaf6-daaf40c466f4,Daksh Parekh,FEMALE,Fireman,20
f09e3129-4742-4919-8b04-fea7c6aed61a,Gayathri Kant,FEMALE,Officer,20
a90d0916-43b8-407f-a29a-80d64a275736,Kamala Luthra,FEMALE,Volunteer,20
37f26e21-9666-4b63-8d24-5b483c30a75b,Abdul Jani,MALE,Doctor,20
c5f358ed-6829-4fdf-aaad-8359467b2274,Darpan Dugar,MALE,Fireman,20
9654f2b8-ffb7-4b8a-8ec1-03a2e52e8b2d,Vrishti Deshpande,FEMALE,Officer,20
36f20d4b-582d-4ec7-871b-1de872cd42d6,Brijesh Sangha,FEMALE,Volunteer,20
550c1bf4-3ce8-41c6-9e93-80103f72f7a9,Udarsh Patla,MALE,Volunteer,20
0fd9e04b-e1fc-4cdd-a4e2-0e60c0693bb8,Nandini Wagle,FEMALE,Officer,20
83c64aaa-1936-4383-90f4-4e53e91c5fd8,Yashodhara Sridhar,MALE,First Responder,20
0af65a1b-bc49-4ce0-bcc2-01ff9da00977,Nachiket Ravel,MALE,First Responder,20
71c2c673-d067-4091-b94e-2dc5ea815098,Dalbir Upadhyay,MALE,Doctor,20
ec7a4075-90fe-4b7b-a959-26313fffc342,Yahvi Edwin,MALE,Officer,20
a99d501a-8ed5-49de-8fa1-c8d7df179ee1,Patrick Merchant,MALE,Volunteer,20
32dba77b-ffa2-442f-a092-0adba27d7b63,Varenya Taneja,MALE,First Responder,20
e5b63177-4fe7-4223-b09f-6e0085c45887,Lila Singhal,FEMALE,Doctor,20
c920f49f-09f2-4696-ad64-cd736e2197a4,Lucky Hayer,MALE,Doctor,20
f6d39b90-2347-4ba1-bbb6-a5727d42e4b6,Akshay Kade,MALE,Doctor,20
33bfe6cf-9872-455c-9410-9bd0d952394e,Ekansh Narayanan,MALE,Officer,20
b4d4db00-322b-4bd8-974a-1b6a9d243f8e,Harsh Nair,FEMALE,Volunteer,20
7d026777-8114-464a-ad0e-5dc3bcfe1a17,Samuel Rout,MALE,Volunteer,20
30a2cb76-a5fa-4c2d-b11f-d38511c89847,Laksh Mangat,FEMALE,First Responder,20
93bac90c-1d09-4642-b368-cb1e9b78932c,Yachana Wagle,MALE,Fireman,20
88e90500-73d2-40c2-9def-300d2be89dc6,Devansh Doctor,FEMALE,First Responder,20
64f01172-d93d-481b-b955-6bcc9f3b92ee,Ansh Vora,FEMALE,Volunteer,20
66bbdcde-4912-46dd-b096-044c034f9ccd,Hitesh Banik,FEMALE,First Responder,20
136e50f2-64cb-48f1-a9e3-4216a0186edf,Nimrat Thakur,FEMALE,Fireman,20
70176073-0cda-4eb4-b8b7-df868c1c61e5,Ranveer Shukla,FEMALE,Doctor,20
a97c6b1a-b929-47e0-881c-9cf9ef074d92,Reva Samra,MALE,Volunteer,20
4e62d304-225c-402b-87fa-ee45494b7a88,Ekani Morar,FEMALE,Volunteer,20
4d17dac4-094a-42bb-925a-dd092cc38ec1,Zayan Patel,MALE,First Responder,20
44352fbc-4dd0-499e-9fc2-c057233c9f53,Vritti Bandi,MALE,Fireman,20
dec6c248-b685-4f7c-b599-258012fc0dfc,Saumya Sehgal,MALE,Officer,20
9f4e9374-f859-41d0-8cac-4d4adec42766,Yasti Ganesh,MALE,First Responder,20
af71da0b-e44c-4701-ad19-c97dc48a087d,Radha Kohli,FEMALE,Doctor,20
1944f4df-b5a6-4620-8b1d-050f55e47462,Liam Narain,FEMALE,Officer,20
2df26272-63f0-4fe7-86f6-d40837a185f6,Hredhaan Balasubramanian,MALE,Fireman,20
c59e217d-9d11-4527-819b-edda47c87b0e,Hiral Pillai,MALE,First Responder,20
2c064ac9-f83f-4520-9dab-f9ae780f8a9a,Diya Aggarwal,FEMALE,Volunteer,20
3dff5d9a-d02b-4188-8e96-6888f30615ea,Falan Desai,MALE,First Responder,20
2c69b58c-6c21-4aa8-809c-69fcc3bcda12,Qushi Chanda,FEMALE,Officer,20
73082717-03ba-4bc6-9efb-09f8803abd21,Upasna Sangha,MALE,First Responder,20
99ff5b06-2bd4-4b71-846b-78464a962efd,Isaiah Oza,MALE,Volunteer,20
4e26d508-365c-471e-a725-808168bc37e6,Vaishnavi Loyal,FEMALE,Fireman,20
c61daf25-8987-4f12-a3cc-2929896c3398,Omya Das,FEMALE,Officer,20
4a374c92-23b1-4bd3-92c4-22f2757f9152,Vedika Divan,MALE,Officer,20
038b2c88-8d44-4593-9f14-c28eb0de35fa,Agastya Bahri,MALE,Fireman,20
d830c019-7472-498d-af2e-679d806accd2,Yashasvi Sule,FEMALE,First Responder,20
63a8d006-01ed-4b01-bc32-a957fdd64ec6,Leela Bansal,MALE,Doctor,20
8bae77de-5890-4959-984d-50adc2ae360f,Vamakshi Hari,FEMALE,Volunteer,20
cc5fee46-cc0c-437b-b7f4-35cb02b93d83,Chanakya Brar,MALE,Officer,20
5473f9a5-c42d-4181-85bf-a9da8fd15dd3,Mitesh Arora,MALE,Officer,20
d2bc28a1-42ef-48ba-9881-dc20b24c4ee5,Raksha Balay,FEMALE,Volunteer,20
a1f54762-0f3b-48ac-891f-d7bd764d40d9,Alexander Pingle,FEMALE,Volunteer,20
9ea37cf1-2e33-452a-a094-01c0588ca46c,Siddharth Dani,FEMALE,Officer,20
5f7ffb78-ec85-4412-b7f3-eaa614e1ec5b,Radhika Shenoy,MALE,Doctor,20
ebbab488-887e-4c8a-be87-641616b02471,Waida Narula,FEMALE,Doctor,20
23908be5-6aab-4be5-8d7f-cd57f1024d62,Varenya Bhatt,FEMALE,Volunteer,20
7c0a0a6f-a819-4c39-a246-ba246796f2ac,Irya Ravel,MALE,Doctor,20
20e8a248-3aa4-41b9-812a-82e8861e7a59,Harita Nadig,FEMALE,Fireman,20
29624eed-6deb-4a75-b03f-63fe2e0d8ebc,Luke Din,FEMALE,Doctor,20
9c43068e-1da1-400d-ac94-e01dfef51ade,Anirudh Chahal,FEMALE,Officer,20
01f3c252-7f83-45df-9016-a6da18f51117,Daksha Dhar,MALE,First Responder,20
6a1cae17-1bad-4b39-93e5-e7f91308cc2b,Ekansh Jha,FEMALE,First Responder,20
774a0bd0-d1cd-43a3-bf16-1a0d209ec2df,Ladli Wason,FEMALE,Doctor,20
1388213a-9bcb-48d0-80b3-6956d82935c6,Charan Varty,FEMALE,Fireman,20
601744db-88de-40eb-95a5-47e05865c16e,Shivansh Deshpande,MALE,Doctor,20
535335c3-1f74-45f7-921d-056a977bb576,Jai Khatri,FEMALE,Officer,20
4a4b31f3-2177-4725-852c-4ae167c8e354,Chaman Vora,FEMALE,Fireman,20
d0ec1822-c96b-4755-bca7-a803f4ec83f9,Yash Salvi,FEMALE,Doctor,20
2c45d473-db78-46cf-b3c4-d989586afddd,Jackson Barad,MALE,Fireman,20
590f47e3-4dde-47d0-b6fb-57d7e1a5d52e,Aashi Shan,FEMALE,Volunteer,20
87053c9c-6551-4220-8a6f-3336730df404,Neelima Rattan,MALE,Doctor,20
4ea38f0e-d1c1-4f34-a9f0-65ae0cccc1eb,Radhika Padmanabhan,MALE,First Responder,20
d88cf6c4-5ad7-451a-af85-18cf6299e7bb,Vedant Kohli,MALE,Fireman,20
61f8cf5f-6981-4359-84aa-f9535de47f97,Charvi Guha,FEMALE,Doctor,20
fc0580e4-fdd5-4a9f-9d74-bc4ab1d1b354,Sachi Chauhan,FEMALE,Doctor,5
eb81b85c-decf-480d-884c-ef23c975fae9,Veda Jhaveri,MALE,First Responder,5
bf79fa14-ffe2-4d50-aeb9-52b4b087c1e6,Onkar Barad,MALE,Doctor,5
1623ae6c-40ec-4fe0-82b1-c9445635a33f,Sathvik Golla,FEMALE,Doctor,5
ee1efbf0-8d08-4879-81db-6be626c6e0f4,Om Nigam,MALE,First Responder,5
8bfa382e-23ec-42ba-a292-280eafa96a02,Ekani Mangat,MALE,Officer,5
dec6599b-16d1-48cb-bd69-340f87193c2c,Christopher Badal,MALE,Doctor,5
3649469b-1609-4151-ac93-97c3f055babd,Patrick Banik,MALE,Officer,5
89df14ea-f1f8-4b31-9d4c-1eea4c853ca0,Charita Dhar,FEMALE,Doctor,5
448377b4-19b4-40b1-8c6c-a8fad2c43415,Umang Mitra,MALE,Volunteer,5
865cc5e5-ea64-491e-af7f-62d609e8dfcc,Bhavya Trivedi,FEMALE,First Responder,5
745d95d8-297d-46ca-a12d-8cfb0b1d9b1c,Hemani Golla,FEMALE,Officer,5
32f667f4-c813-4b7b-b34b-4874cb8a2923,Chandresh Sinha,MALE,First Responder,5
4a947a41-da56-4a04-8377-74bd90ea1b1a,Yachana Balakrishnan,FEMALE,Officer,5
26bf732d-8cae-45f2-84fd-4577f9bee0d1,Urvashi Dhar,MALE,Doctor,5
ccf2648e-1ec2-4562-b051-bc14001da4bf,Libni Chadha,FEMALE,Volunteer,5
f6f829b6-6956-46aa-a89d-e6a828912693,Charvi Nadkarni,FEMALE,Officer,5
5cf3d75a-daa7-454a-999f-d68479995910,Saksham Hora,FEMALE,Fireman,5
75f26fe2-ffae-4562-9578-1a4b99226fbb,Edhitha Agate,FEMALE,Fireman,5
65a4c5c8-5707-45f1-a84f-675ae0b265b1,Aarnav Loyal,MALE,Fireman,5
a30fa6bb-4582-4584-a0b2-dfbb1a0d097a,Chatresh Vyas,MALE,Fireman,5
5dc5e1fa-dbe0-45e9-a2e7-aa7cf4d51e43,Tanveer Nayak,MALE,First Responder,5
f20d1e61-e53d-4eb1-a0db-a1805caf52df,Harsh Raju,FEMALE,Volunteer,5
3e7f5737-9623-4c18-a8fc-4c94039b9d5c,Pranit Toor,MALE,Officer,5
1d4f47b5-c573-414c-81c5-22c2efc2e26f,Dalbir Cherian,FEMALE,Volunteer,5
f1ec5307-b0c6-482c-86b2-b95948a97d43,Nachiket Nazareth,MALE,Doctor,5
3a89228e-a4ab-4c85-9649-00de478eebff,Abhimanyu Kurian,MALE,Fireman,5
fdbacc1b-7b60-4d8a-8fcb-7c8cd98769ae,Divya Acharya,MALE,Fireman,5
58686343-3cb1-4e05-9d83-649ac144c026,Ekanta Walia,MALE,Officer,5
0b5e8258-1352-433f-b0bf-edfc9abbed3f,Luke Gera,MALE,Officer,5
b9e10a15-5b22-4ff6-88f8-8c958747fa86,Siddharth Balan,MALE,Doctor,5
9ec3197f-9621-402f-9079-555d1b2eea80,Alexander Bhatia,FEMALE,Doctor,5
3fd6ab3b-9688-4e8e-bd18-4d10065c6b94,Tristan Vala,MALE,Doctor,5
5803838d-d56a-42e5-99c9-584d966fc09a,Gunbir Rege,FEMALE,First Responder,5
9826772a-ee32-422e-aec5-933798494d70,Manya Gulati,FEMALE,Fireman,5
069dc80c-fb5e-4a5d-9201-4f75528b4a6a,Yatan Parekh,FEMALE,Volunteer,5
707151eb-07d8-4a21-9b2d-aa7dcd0b324f,Chandresh Yogi,MALE,First Responder,5
610b89d6-312c-4fa1-bafd-e57c688c8539,Hredhaan Bose,MALE,Officer,5
9ac9e79f-1663-494f-9e92-36b1f5e3bf1a,Odika Nayak,FEMALE,Officer,5
eb880e45-7c0d-4f18-ba46-6e601deb5788,Hiral Dhingra,FEMALE,Volunteer,5
b5f91205-e058-4a60-ac61-a918cb2b0300,Theodore Bhatia,FEMALE,Volunteer,4
b6f35d39-4539-42e5-b533-0167d303cda8,Yashasvi Shankar,FEMALE,First Responder,4
22f4cade-53c6-48d3-81fa-8d070d184c75,Zaid Subramanian,MALE,Doctor,4
a6f0d618-1b71-4659-9502-3759116714d2,Vrinda Prashad,FEMALE,Doctor,4
b5c2a5c1-2085-4c2f-b43a-19b2dc209c97,Pratyush Vala,MALE,First Responder,4
4dc8de3e-e31a-42b1-a6de-7d0386560930,Chatura Merchant,MALE,Volunteer,4
3b77a7fc-b595-445e-8e82-f4d0831178e3,William Barad,FEMALE,Doctor,4
053c635d-f75f-4352-a5bf-a592251fa241,Ranbir Nadkarni,FEMALE,Officer,4
22b3df72-9e6f-4442-b34f-6089e5ee524b,Keya Doshi,MALE,Volunteer,4
d981b89d-2761-498d-99ed-c76ee1fd8e04,Jagat Garde,FEMALE,Officer,4
f9221de6-4e3f-4048-b9b9-7f040b421acd,Abdul Madan,MALE,First Responder,4
82b92e37-82a2-430d-b4a1-6f9236cfe9cd,Watika Sura,FEMALE,Volunteer,4
4436cc80-ed48-4cf1-a6d5-94308ca3a0ad,Pahal Shankar,FEMALE,Officer,4
6780e76a-b9ab-4496-84a9-518f7ddee453,Harita Rajan,MALE,Doctor,4
dea3465e-9446-435c-9ecd-b7efca2103bf,Alexander Merchant,MALE,First Responder,4
136066bf-9c43-4bdc-9ce8-7b36fab5e270,Logan Aggarwal,MALE,First Responder,4
b2a444a8-a181-4c1a-bfa3-aaf058cc9b8c,Gautam Bath,MALE,Doctor,4
5edb4b4b-23bd-4866-b806-2c545437a4f7,Wridesh Kumer,MALE,Fireman,4
8dac4557-233e-44c2-ab29-6118149187c0,Ranbir Anand,FEMALE,Volunteer,4
ea491dba-d145-4da4-96ec-6a9188b3b002,Yamini Choudhary,FEMALE,Fireman,4
35e23cc9-b9ab-46a2-9113-a3d3b9bb91bd,Adweta Chand,FEMALE,Volunteer,4
dad79b62-7c95-4668-8642-5cc6482b023f,Lila Kota,FEMALE,Fireman,4
f474e385-d0c3-4b5b-afa7-958d4c5572e3,Karan Rege,MALE,Volunteer,4
d7ddcc0b-f6c2-40df-8f4b-3636743bb15c,Tanish Bhatia,FEMALE,Fireman,4
fe88025d-59cf-4696-aa91-9ecb2bf7124e,Baghyawati Gour,FEMALE,Officer,4
88f4c7bc-6f35-4cde-973d-c45032a8e3aa,Dayamai Seth,MALE,Officer,4
d1cf41db-2f29-46de-9fb6-9564ff9410c2,Idika Nayar,MALE,First Responder,4
2e158f7c-4306-4ca2-bf34-4f9f5595a875,Qadim Singh,FEMALE,First Responder,4
fa83e53a-9c48-4535-9f91-4a83523f55db,Advik Malhotra,FEMALE,Volunteer,4
42e3e59d-0c4f-4666-bd93-6ed91dcac820,Vinaya Singh,FEMALE,Officer,4
f8422ebd-df46-4440-9cec-b709cad942a5,Unnati Basu,MALE,Fireman,4
7d85fb59-e195-4a74-9d91-2099975ef3a8,Oliver Deshmukh,FEMALE,Volunteer,4
493224bd-2e81-4951-a800-2951ba00ce0b,Parth Oak,MALE,Officer,4
ca94e96f-8e6f-4926-af42-f934f4499f66,Anay Singh,MALE,Fireman,4
449e5348-2a80-4171-b4d7-e1e0ffab55c0,Daksha Jha,MALE,Volunteer,4
8283c4f8-e18d-4e3e-bc3a-f4a519ebefca,Vrinda Agrawal,MALE,Doctor,4
54b9ac96-15af-47a2-bb1e-3168d14457d2,Laksh Rau,FEMALE,Volunteer,4
10617a66-d0a2-465a-85d6-773fe3edbecc,Ikshita Borra,MALE,First Responder,4
3707201a-c157-4c88-bca0-c39d24bf78a0,Chakradhar Murthy,MALE,Doctor,4
044fe3f6-e7fa-497e-b7a5-c8a21d728e03,Raksha Ghosh,MALE,Officer,4
2d1bb5ca-5132-4f2f-8b08-0263c607bf4e,Joshua Din,FEMALE,Fireman,4
c9ac4ddf-731c-4d7d-afe5-37d5d3613e1e,Kala Upadhyay,MALE,First Responder,4
c1fc1c8a-ee3f-4570-be79-439622c95bba,Yashodhara Nagy,FEMALE,First Responder,4
f88e2393-f863-4ea0-a8bd-0166cdd097f1,Kalpit Ahuja,MALE,Fireman,4
105e4511-581e-4b21-83b9-8276542cc2ac,Utkarsh Bava,MALE,Fireman,4
a4c69a05-9419-4351-86ea-e85336954d1d,Aradhana Parikh,MALE,Officer,4
72a8d248-b330-4a23-a6e5-3bbb9fbbf464,Ayushman Anne,MALE,Officer,4
0cae15d4-746f-4397-93df-00d5ad5a3702,Chakrika Bhatia,FEMALE,Officer,4
f3b57a03-47aa-4959-bbe5-b9d6ce984794,Aarini Sahni,MALE,Doctor,4
0dbfaab5-16c0-40a0-9626-6cb758c49739,Ronith Bajaj,MALE,Fireman,4
8d8de8eb-1348-41c5-93df-7ee21fb8e2c5,Rayaan Dasgupta,MALE,First Responder,4
ac291e3c-91c1-4eaf-a95e-76d8b473542c,Omaja Dara,MALE,First Responder,4
ecf8c6af-fc56-428d-85f2-e382fd1b85d9,Raghav Goyal,MALE,Doctor,4
52557114-44e1-407c-bf08-c14c39d51eee,Pallavi Tella,FEMALE,Volunteer,4
d62d3ff2-6497-4516-842e-122461be6c25,Chandran Sinha,FEMALE,Doctor,4
5b8f9250-184c-4684-be54-c8c789da3c1a,Kashvi Madan,MALE,Officer,4
e2cf7bbb-03fe-4b8f-862f-b9b74af7c5a9,Avni Swaminathan,MALE,Fireman,4
fcc7a744-540c-414c-b7ff-edc94e28a144,Aarnav Kala,MALE,Doctor,4
c6b191df-0a86-4298-8c37-4172b81a8853,Tarak Ramaswamy,FEMALE,Doctor,4
ce6739df-fed9-4e86-ab03-9839bac7f8d0,Urvi Sha,MALE,First Responder,4
6c80a65b-d7fe-45cd-8611-fa177b4df267,Om Pant,FEMALE,Volunteer,4
d474be31-513e-4b75-9bc6-62844f8b3983,Rishi Vora,MALE,Doctor,4
c1bb7760-eafc-4171-9481-f507a3bebf72,Gayathri Bhavsar,MALE,First Responder,4
d59e2682-a2c5-4971-a3b2-814d054bd6f5,Aishani Kalita,MALE,First Responder,4
3f010601-8be1-4ae7-885b-dbe0f36e857c,Christopher Karnik,FEMALE,Doctor,4
28e13b83-460b-4635-a8c7-81411528f443,Bhavika Baria,MALE,Doctor,4
25560445-0a20-4bc1-9de7-41e369cb62e2,David Nigam,MALE,Officer,4
a7301490-c772-4868-9a5e-bf154bbf8f00,Rayaan Biswas,FEMALE,Fireman,4
c8258af1-e955-4880-8cd7-04f573e5120b,Rehaan Chanda,FEMALE,Fireman,4
2910d133-0adc-437d-90be-f16bcafef63a,Karan Batta,MALE,Officer,4
36c30aa9-e697-4a2b-9151-a063e90ecd67,Rajeshri Kadakia,FEMALE,First Responder,4
3650a1e3-d99f-480c-8fec-75adb7cefbdb,Wishi Bhardwaj,FEMALE,Volunteer,4
98be6017-8919-43f6-b49a-3273d04d37c0,Aradhana Sridhar,FEMALE,Doctor,4
96613271-60d1-41e8-a7b6-758566e078e6,Dayita Prabhakar,FEMALE,Volunteer,4
27baef2c-4035-4897-bf80-2d780312cf04,Jagat Keer,FEMALE,Doctor,4
91400670-904c-4dd8-9e32-03ba9919086c,Kabir Balasubramanian,FEMALE,Doctor,4
8402ae6b-d554-438c-aae2-5c8c4f43fa17,Pooja Luthra,FEMALE,Doctor,4
0818dbf9-6493-4ae8-aa2b-303e4a4534c9,Simon Bali,MALE,Officer,4
7d27053a-fcbf-46f1-9b65-e3087f8a0bee,Anita Patil,MALE,Fireman,4
92473b2f-d8bb-4708-bb12-cebbe7256ad4,Rachana Kaur,FEMALE,Officer,4
46c494c0-8ae9-4416-9584-64636912d504,Upasna Prakash,FEMALE,Volunteer,4
af6e8f21-4101-4171-865f-8890ccdf96ff,Mohini Wali,FEMALE,Fireman,4
02f30037-5846-4aaf-bf4a-0cf6d7ec959a,Oni Chhabra,MALE,Volunteer,20
c61c2263-4fc0-4e38-a853-bf2414518ac1,Ekalinga Devan,FEMALE,Officer,20
7ce9a7a2-e668-472e-872d-3f35c33eb275,Faraj Palla,FEMALE,First Responder,20
09138b90-db45-4b81-83c3-a21227bd6c3c,Omya Srinivas,FEMALE,Fireman,20
2f313b00-4f74-4fdf-9d08-5fe9e712a850,Chakradev Bahl,MALE,Fireman,20
266c3b4c-feff-4ddc-b164-93da07431529,Diya Ben,MALE,Officer,20
5444b959-1b56-4286-a8d0-cfdb87e35858,Yug Acharya,MALE,Officer,20
95839924-a923-46e3-92d4-c15513d91d99,Sai Brahmbhatt,MALE,Volunteer,20
443fe65a-fc9f-441b-bfb9-43388c72d480,Logan Oak,MALE,Fireman,20
a6a48ada-a0f5-48ac-a4e1-808438b646a5,Hema Ghose,MALE,Officer,20
87a9c6eb-9213-4109-9d1f-1aea30dc8a9d,Krishna Iyer,FEMALE,Officer,20
35fae164-8a5b-4d3a-a579-3a21b31de22e,Manthan Hari,MALE,First Responder,20
df1bc2f9-eae1-4645-af79-25ee2548a8d6,Peter Vig,MALE,Fireman,20
63078d49-f8d3-4f63-a8b3-1dda3f5b9ec8,Jairaj Deep,MALE,Fireman,20
272be433-8a6a-45d9-8276-d50238a6288c,Daksh Dara,MALE,Officer,20
823f4709-11ef-4e94-832c-cdbccae006b6,Janya Dass,FEMALE,Fireman,20
b5fd3132-16dd-47b7-9871-266b4602bc33,Hritik Karnik,MALE,Officer,20
72f56537-0743-4a22-9af4-eb86a9e8296c,Vasatika Varty,MALE,Doctor,20
553c3073-4403-4f8f-9ab7-0ed4c9a43f54,Atharv Ramanathan,FEMALE,Volunteer,20
d53f3c77-0065-44be-bc99-c3d6fa42155d,Charvi Shan,FEMALE,Officer,20
50fb7b69-cf12-4980-9401-37c4f1f1e0b2,Harita Pal,MALE,Volunteer,20
185166ec-199c-4f71-92a3-6d1d6f75f524,Vinaya Kulkarni,FEMALE,Fireman,20
34a880fd-f571-40eb-aa3a-4a4443413ca9,Xiti Krishna,FEMALE,Officer,20
ea406b62-7357-40c3-8517-b9d9eb46177b,Chatura Gopal,FEMALE,Doctor,20
e90447db-aeb4-46ac-a109-7727158267ca,Laban Vasa,FEMALE,Volunteer,20
40d666d4-ea36-46d2-8097-d3c3757e2b30,Ronith Balay,FEMALE,Doctor,20
74c1e9ba-f6f8-4c75-85f8-c5cc1e5a04c0,Oni Gupta,FEMALE,Volunteer,20
a762468e-434d-4252-bf6f-80fc4cb4bad8,Gaurangi Issac,FEMALE,Officer,20
db81156f-0d7d-407a-9f1f-9725dfa3d7fd,Urmi Chaudhry,MALE,Officer,20
b8513553-36c3-41c1-8b76-263ce091e0f2,Reyansh Chopra,MALE,Doctor,20
086dbacf-89b3-4605-ab32-dad2644bdbe2,Balvan Subramanian,MALE,Doctor,20
15dbb801-6a8b-4fa4-b015-caca7bf806e2,Zinal Mangal,FEMALE,Officer,20
845f9de0-9b51-4d1c-945e-272431757bfd,Amol Char,MALE,Officer,20
dac573c3-1eb0-4883-9030-9f61c1f271e8,Naksh Wali,MALE,Fireman,20
5aca5e56-f574-4e6d-ad03-4ba1a474bd22,Agastya Tailor,MALE,Volunteer,20
1112ccc1-ce17-4b47-ba62-bf7258365084,Dayamai Ravel,FEMALE,Volunteer,20
6cd4f9eb-d83b-4b54-aec3-fb145bd5a940,Anita Sethi,MALE,Volunteer,20
fe4fa61e-2960-4ff8-978e-11848fc1ff98,Upkaar Bedi,FEMALE,First Responder,20
c3c954a1-6056-4ac9-8b82-b46be7dc3946,Upadhriti Dora,FEMALE,Doctor,20
482916d1-3611-416c-afb9-626f8fa1f1e0,Sneha Verma,FEMALE,First Responder,20
3087f30e-1b0c-4b86-9bd1-78472ccc005b,Pushti Bakshi,MALE,Officer,20
842070ef-5d9a-446a-aeea-91a9c4eb1d9a,Rajata Krishnan,MALE,Volunteer,20
4d7184cb-192c-406e-a90f-3578718b773b,Neha Palan,MALE,Doctor,20
8ee9a961-56ab-4b2d-84ac-7e40a64c6b06,Aarini Taneja,FEMALE,Volunteer,20
79f9e30b-529d-4d65-8822-167ce0ccd372,Timothy Murthy,FEMALE,Officer,20
da9a9e7a-4335-43af-8ab2-41a893a3f5a1,Anusha Choudhry,MALE,Volunteer,20
b576f753-3938-4838-95de-3d8f22ab1563,Devika Keer,FEMALE,Volunteer,20
7019c8d4-b377-49e2-9b93-6aaad459e529,Pooja Nadkarni,MALE,Doctor,20
c33677ac-3a8f-4ed1-a20f-968323973207,Christopher Dave,FEMALE,First Responder,20
291dca9a-ab4b-45c9-917e-151333efce13,Kevin Dash,MALE,Fireman,20
5ceae267-45ed-4e57-921e-435ee3c5a3ac,Lila Malhotra,MALE,Officer,20
40ce330e-9640-4441-9db6-7562a258dd77,Dhruv Sama,FEMALE,Doctor,20
e8db3087-f4a9-49d3-8b3c-4d8b22fd35ba,Noah Bakshi,MALE,Doctor,20
89c94603-1f8a-45ca-a1e1-7048a33b669e,Henry Vasa,MALE,Doctor,20
d6c25fe0-0f06-4c24-851a-d74264d68314,Darpan Sarkar,FEMALE,Officer,20
87c3372d-8da0-44f2-acf8-5a84ccbcb872,Anita Das,FEMALE,Volunteer,20
8b776989-676b-411e-b76f-9f5d0051f23c,Advik Ramesh,FEMALE,First Responder,20
2c579c02-b295-4e7e-9b6f-048e28a2ac2f,Gavin Bera,FEMALE,Volunteer,20
9828ebdd-0585-4c03-95dd-4a9424365d7b,Yadavi Sharaf,MALE,Officer,20
f5a74ba9-8cce-41c5-8365-3681f0d78d5f,Meera Khurana,FEMALE,Officer,20
2d6bc165-8e10-4c62-a038-1a202ae886aa,Mason Ramanathan,MALE,First Responder,20
6e30285e-ef1b-4bc9-b167-a7a84013dc6a,Daniel Kant,FEMALE,Volunteer,20
50f5d5d5-6c69-4613-b600-ebefbfc03d8c,Damini Rama,MALE,Doctor,20
45ee5c41-4899-4797-a083-b1322ddb8db5,Advik Shetty,MALE,Officer,20
af977dfd-f866-49a4-922f-e753bbddc9bf,Gauri Karnik,MALE,First Responder,20
84ee8660-5c98-4686-8055-787430afbf05,Kiaan Nath,MALE,Fireman,20
93166004-495d-4e89-8d91-93c67084eda6,Tristan Peri,FEMALE,First Responder,20
17f8fb68-b0e8-4e8a-8da9-a820832b4a17,Theodore Borah,FEMALE,Officer,20
beb62d0f-5baf-4cf0-9435-727cde3d8129,Qushi Kulkarni,FEMALE,Doctor,20
74d7c986-cb37-4960-a731-f0e66dce9215,Mitali Barad,MALE,Fireman,20
f9eedea1-1c9e-466f-945b-07359d6552b1,Meera Chakrabarti,FEMALE,Fireman,20
ddd71cf2-0801-4caf-a618-21382cf2c970,Harini Krishna,FEMALE,Officer,17
a649f4e5-ea00-4f9d-8450-6d9e9aad572d,Advika Muni,FEMALE,Doctor,17
1f26d730-5a44-4a98-ac0c-fc3702aabf78,Lakshmi Malhotra,FEMALE,Officer,17
980c2fd8-9e5c-474f-9713-b0ad010fe025,Jeet More,MALE,First Responder,17
2ef1e01d-865e-4d80-9240-4ad3e4b59e72,Urvi Bose,FEMALE,Officer,17
fae69e5e-ea22-4630-883a-47cec71efab7,Zarna Arya,MALE,Doctor,17
02815425-03e2-4232-881e-5a1164965662,Yash Nayar,MALE,Fireman,17
4632a4fe-179e-4e9c-a886-fbad04918b7d,Nitesh Munshi,FEMALE,Volunteer,17
ebe90b0e-1e99-42a0-a992-251bf21c2a98,Mason Guha,MALE,Fireman,17
d22807f1-e73c-4f33-9edf-0d2136b62f1f,Yahvi Sule,MALE,First Responder,17
57f28ebb-2e3f-44f2-99f7-00d6c978e8b5,Ekaraj Shankar,FEMALE,First Responder,17
8ccabce1-6911-4161-9177-c0f09814f13c,Triya Mammen,MALE,First Responder,17
eb7d1e34-957b-4154-ba45-0bb6611f9b6b,Timothy Mukhopadhyay,FEMALE,Officer,17
28d59d34-ece9-41d4-99b0-6775fa0fc69b,Farhan Chaudhari,FEMALE,First Responder,17
9edd6e3a-b9eb-4799-a589-940c21fa81da,Vanya Chaudhuri,FEMALE,Doctor,17
5ca4c19e-dd16-4d60-a391-fec9024ed9b5,Aarush Krishnamurthy,FEMALE,Fireman,17
422f3bca-0d7d-4970-806a-ea6e7b531a6e,Balhaar Uppal,FEMALE,First Responder,17
9dd5b10f-895a-48bc-93ec-65ec751fa840,Nandini Baria,FEMALE,Officer,17
cd64ffa6-2670-42f4-bd14-a4847de767e5,Isaiah Prabhakar,FEMALE,Fireman,17
89c1e006-5259-4182-a4a1-6b1f20de6568,Ati Lata,FEMALE,Fireman,17
d7a3c3ab-1ef3-47e0-a541-d5edc642e288,Hritik Parekh,FEMALE,Volunteer,17
7cea1056-e07b-4cdc-ada1-6b58cdc8fd82,Amaira Murty,FEMALE,First Responder,20
1db05bd7-18ce-4938-ae7c-00f033246b53,Dalbir Rege,MALE,First Responder,20
16966018-3eba-4fb8-b03e-b95e0e739a2c,Peter Ravi,FEMALE,Officer,20
9998e2cf-e796-4029-a52c-131c91513301,Libni Pandya,FEMALE,Officer,20
64d99ff6-1610-4ae2-8695-9d80ff07847d,Rishi Rastogi,FEMALE,Volunteer,20
e05990da-0905-4cd7-92c4-e620a3d2a89b,Warda Bassi,MALE,Volunteer,20
a8ca20ba-fd47-4193-85ba-b6a96653e89d,Upadhriti Deep,MALE,Doctor,20
e3b52f3e-b7d1-4c2b-af80-8c209227925e,Henry Shetty,FEMALE,Doctor,20
ebe7436a-9156-4804-b257-46a26120b2d8,Zayyan Tara,MALE,Volunteer,20
f58d3a63-d7a6-4912-b5be-9a43ca64923a,Rayaan Lata,FEMALE,Volunteer,20
686e42e0-4a28-4048-b688-85682c03dfac,Nimrat Taneja,MALE,Fireman,20
1ddfb4b6-f357-4919-8bbf-742869f2fce9,Daksha Hari,FEMALE,Doctor,20
8045931d-1f3f-426b-bf3e-343cc7ebd381,Dalbir Ray,MALE,Doctor,20
1284a9e8-bc05-4b8d-86dc-e207cf96a55e,Mohammed Gandhi,MALE,Volunteer,20
8e665489-385a-45ec-8724-5b9a9c15f70f,Kashish Batra,FEMALE,Doctor,20
b475031a-3e6f-4ae3-9cd4-c70a0da03ace,Oviya Murty,FEMALE,Volunteer,20
66b4e542-7877-460a-afab-39269f1239f8,Shravya Bera,MALE,Volunteer,20
aa9cfd8b-a693-4539-98b4-c515301e8952,Urishilla Mutti,FEMALE,Doctor,20
9f13f7cb-5da1-45f5-9e00-e1055b17ede9,Ubika Ghose,MALE,Volunteer,20
92cab3de-9fa9-4ee0-9c19-9b3932b0fdf5,Indira Mistry,MALE,Doctor,20
a018fc32-f546-4ac8-87b0-0edfb4494b83,Shivani Chad,MALE,Officer,20
10847104-169d-49a4-b7eb-70a7c7115bfa,Tamanna Bhavsar,MALE,First Responder,20
10bcca77-e33a-4430-9a04-a01235b1c2df,Arunima Mane,FEMALE,Doctor,20
3bcfffc4-1ee2-4b18-a313-cc199ca632b0,Ladli Pai,MALE,Volunteer,20
a607a5ea-77d6-4b82-9e34-9cfdb99bae58,Avi Chand,MALE,Fireman,20
1f88ea63-07af-4f39-a9f6-5fce22f101c9,Champak Badami,FEMALE,Officer,20
7da78d73-b31e-40ba-a896-2403dfea876a,Jacob Tailor,MALE,Fireman,20
c1228d0e-95b5-4ae4-bc51-7accacea26a5,Frederick Mahal,MALE,Doctor,20
e73b0fe9-c33d-4ab6-8042-b557e0d5dcec,Siya Buch,FEMALE,Fireman,20
fb77dd5c-ad53-4fb4-954f-d9e5de8010b5,Charvi Sami,MALE,Volunteer,20
8a90e6ee-7f66-40ec-9e20-bb808f241073,Neha Jayaraman,FEMALE,First Responder,20
0fec29b6-7ced-493d-8808-b40e71b97454,Ishanvi Nori,FEMALE,Officer,20
2d302799-cdf5-4754-b081-f0b05bc1bb1f,Kiaan Natt,FEMALE,Officer,20
6a4cbf21-cf10-4fb2-be28-4b280db16451,Krishna Bal,FEMALE,First Responder,20
f1c122d6-44c8-417f-a00a-de9f324ce453,Girish Bahri,FEMALE,First Responder,20
b4ee9b13-d66a-4c36-8c70-adc87feca5b9,Ira Bail,MALE,Doctor,20
bee11508-9b8c-42e0-b28b-551483053b98,Mitali Prashad,MALE,Doctor,20
7b698ab4-6b03-4787-8493-57dd5fb3c219,Ronith Pillai,FEMALE,Officer,20
78b0025a-b6e4-44a7-8517-5eae1cf77521,Zarna Ghosh,MALE,Doctor,20
b14787f2-2561-4c3d-a30e-dad13f83233c,Sachi Mody,MALE,First Responder,20
6292620f-0a15-4423-97ff-84ba2d29a89d,Widisha Varkey,FEMALE,Fireman,20
6739a7c5-0c9f-4c5b-83b2-c601ed5dabcf,Alexander Nigam,FEMALE,First Responder,20
c61484c2-b69f-4979-b4d4-fcbfa3a92bd7,Anirudh Kata,FEMALE,First Responder,20
a84037af-6a6f-49de-b2e0-e86f52426295,Pushti Kibe,FEMALE,Officer,20
686b21e7-4b82-407d-9869-37d59628ebc1,Brinda Char,MALE,Officer,20
fbecaf25-85f6-4f3d-b91b-92a259d0ec6f,Finn Virk,MALE,Officer,20
0119d7f7-be90-4058-b32e-7b2c37703ee6,Frederick Jha,MALE,Doctor,20
6ab683b4-1245-4a73-9efe-2966a5eca509,Faras Mittal,FEMALE,Doctor,20
e3a8836f-4512-40a3-8a7a-186ab640e8b3,Kiaan Thaker,MALE,Doctor,20
7969d5a9-daee-46c7-9e04-b27a55a1f6fa,Krishna Kibe,FEMALE,First Responder,20
2859379f-b8fd-41dc-8337-b54a19b1c3aa,Sai Bir,MALE,Volunteer,20
22c44b2d-bd64-40bd-a175-58a6b1c4cf97,Ojas Suri,FEMALE,Fireman,20
fb5f94fa-e09d-45c1-acb4-ed12b242c721,Yochana Krishnamurthy,FEMALE,Officer,20
7d76bb11-8470-42f7-84a6-4ac69970cbd4,Arjun More,MALE,Fireman,20
621b5cea-30d2-4c95-b6ed-34e1da6f4b31,Aryan Din,FEMALE,Fireman,20
8da71fe7-74e7-49df-bead-1b70158359b2,Kai Bhalla,MALE,Doctor,20
23f4c132-9999-43ef-aadb-7b7b5e9f87b2,Kritika Narayanan,FEMALE,First Responder,20
3e082510-bfc0-4ef2-8a34-f11805e84725,Sanaya Sahota,FEMALE,Doctor,20
9a8df855-faf4-4099-9231-43e65d81c2af,Hema Din,FEMALE,Doctor,20
e2c19142-7417-4d2e-9139-332218aeb72e,Mason Natarajan,MALE,Officer,20
a6164c1e-f62a-4dfa-ae5e-dc0e25e2596d,Vrinda Bava,MALE,Doctor,20
ace44ffd-637b-4c43-bd09-ae405465a132,Urmi Rau,FEMALE,First Responder,20
3e1f38e4-38e7-453f-ace2-bd05454a573a,Anita Loke,FEMALE,Officer,20
e59746e5-31e3-4497-aacd-8517fbc12b2a,Advika Rajan,FEMALE,First Responder,20
43a5ba76-327b-47dc-af6d-3e299656ed3f,Logan Jhaveri,MALE,Fireman,20
9c9aab9c-61b0-41c7-9f40-05572a667a69,Yatan Singh,FEMALE,Volunteer,20
bc576326-a399-450d-9d08-31307933255b,Viraj Rastogi,FEMALE,First Responder,20
15d362f3-0b16-4a02-a76a-8a297ceaadff,Rajeshri Keer,MALE,First Responder,20
5b56edfe-00b5-4d8b-a917-836047ee0a2f,Ojasvi Bhargava,FEMALE,Doctor,20
a04bb501-c858-417a-a15c-109404bec800,Yashawini Karan,FEMALE,Officer,20
aacc2976-d783-40e5-b864-a374d6cca94d,Oliver Chawla,MALE,First Responder,20
2f2b13c5-f418-4d8a-ba22-d7849a29aacf,Radha Borde,FEMALE,Officer,20
02cd8c13-c409-4d4c-92da-da4fd7537c6b,Ekta Pradhan,FEMALE,First Responder,20
33211041-9db7-40df-b1ef-9bb6ce3c504b,Abhimanyu Dewan,MALE,Volunteer,20
bc1b8db5-d38a-4c33-bcc7-d680e2832a3b,Aarna Sawhney,MALE,Officer,20
392fe2a9-5710-4168-9a75-8943fd08b6e1,Eesha Thakur,FEMALE,First Responder,20
11654a1c-8a3e-4aa9-8b72-5168c031f684,Pavani Bora,MALE,Doctor,20
7df80f0d-cf59-4f85-8343-ecabb066e96a,Lajita Dubey,MALE,Officer,20
506009d4-6e00-4bd4-9a97-4033394195ff,Bhanumati Subramanian,FEMALE,Volunteer,20
1c032597-5960-4f85-855e-670e232fd1e4,Lila Rajagopalan,MALE,Fireman,20
1e3ce30e-318a-4580-a01d-d48072cdf9a7,Aarna Lad,MALE,Officer,20
c462ebc2-c082-47d9-9e49-8d6266039053,Guneet Prakash,MALE,Fireman,20
870409d5-2a7d-4a6a-83f0-32c9fa7122b9,Faraj Naidu,MALE,Volunteer,20
44738584-5dd3-4d5a-a9c8-cfc3a027385a,Forum Jaggi,MALE,Officer,20
501643dc-130d-4a9e-ad79-766d32f5effd,Tristan Chawla,FEMALE,Doctor,20
c670be3e-3473-4e3e-bb80-5c2a1e604a3f,Kritika Madan,MALE,Officer,20
534bcb59-5765-4a72-b110-718c4a0f3972,Geetika Jayaraman,FEMALE,Doctor,20
e06ef9d9-e844-441a-a898-56d0aea616a6,Ekalinga Bhatia,MALE,Fireman,20
b146a08f-b49e-4c20-9598-4eb3d4309732,Hamsini Dhingra,FEMALE,Officer,20
c7e614f2-b471-45f0-8563-a1c21c8b80fa,Daniel Barman,FEMALE,Officer,20
ab2d2f7f-d423-4aeb-832b-f80951324d0d,Niharika Chada,FEMALE,Doctor,20
cae85ae1-1cd0-4a17-9bf7-55051362cc41,Nitesh Dass,MALE,Officer,20
192babf3-d28f-4910-b438-63ecb86eb886,Odika Oza,MALE,Volunteer,20
b6dc2571-033b-4a3e-9402-5855760708d8,Liam Khanna,MALE,Doctor,20
fa16b5fc-55c3-4e61-a4c6-522a90b592b9,Varsha Salvi,MALE,First Responder,20
5bab38a4-93e5-490a-a8b7-468ebc12154a,Urmi Saraf,MALE,Volunteer,20
d9701a11-e4c3-4eb5-8d0a-364f1a21ec49,Nathan Tailor,MALE,Officer,20
8bdf20dd-6940-47d8-8a6b-d740e63971a8,Patrick Modi,MALE,Officer,20
b107c31a-f63c-4b25-bfaf-57966f2a8f5e,Manbir Kota,MALE,Fireman,20
4dbebfea-36a2-40cf-884b-c05df8217220,Ekani Deep,MALE,Fireman,20
7e9f113a-fc1c-424c-b87b-1fcc0ae143f2,Rehaan Dixit,FEMALE,First Responder,20
75ec60f4-d441-4613-be4f-c348d5eeb267,Deepa Deol,FEMALE,Doctor,20
b7b3b260-7569-438e-9396-91e8c6fa3da9,Bina Devi,FEMALE,Doctor,20
6e4b7123-233c-42bd-87cb-23481ea9c5d8,Vamakshi Butala,MALE,First Responder,20
f1a0011e-dac4-42cb-b28e-1fc8a6650b58,Chakrika Maharaj,MALE,Fireman,20
b57cd149-c630-4163-a22d-d258cce97871,Jack Wali,FEMALE,First Responder,20
70b23174-28a9-4745-9f3b-5f60804c906e,Chatresh Dasgupta,FEMALE,Officer,20
b0928082-a28c-450b-b26d-80a212ea38ef,Victor Kulkarni,FEMALE,Officer,20
46e8b83f-db17-4699-8615-727bfa67d467,Yashvi Bains,MALE,Volunteer,20
7d7b0f72-6226-401a-b3e4-1a5764aa38b3,Suhani Badami,MALE,Fireman,20
4ffab43c-010e-4182-87d1-92fd2c9d4209,Ayaan Seshadri,MALE,Fireman,20
7f72408a-9210-477a-8732-84d7288048c3,Umang Rattan,FEMALE,Officer,20
fe5f2a44-1faa-488a-900d-33edd9c793da,Ati Sachdev,MALE,Volunteer,20
e33ebf79-9943-4915-93c7-23585ae5e286,Odika Khatri,FEMALE,Fireman,20
e8290246-7617-453d-b837-8bfdc7eed671,Kala Setty,MALE,Doctor,20
99afedd5-da37-460b-9222-3d2caab26341,Ekaja Gala,FEMALE,Volunteer,20
3e53e547-7ac6-4bb6-8b6b-c8080c3007f7,Tarak Sawhney,MALE,First Responder,20
037b4072-e5a8-4846-8fb8-da0f20540fe7,Daksha Tailor,FEMALE,Doctor,20
b3629e92-1850-49fe-8578-1500a2ab33e4,Dhruv Chopra,MALE,Volunteer,20
9bbb07db-6b20-437a-a4ee-284c0bfb9d2f,Janya Lall,MALE,Volunteer,20
64988f38-65d2-40d2-a974-98d84a3e03d0,Bishakha Kota,FEMALE,Volunteer,20
1c530f96-3b64-49b8-a0b8-d85011e453bd,Kamya Sani,FEMALE,Fireman,20
adc6aa4f-2ce4-42e2-9ce5-31f5b6520953,Yadavi Kapur,FEMALE,First Responder,20
6e245c8d-9ab4-4a01-8c16-9a88ab3b3ecc,Elijah Bir,FEMALE,First Responder,20
12ea0357-4f95-47d7-bb10-a0a014001b09,Tanveer Gokhale,FEMALE,Volunteer,20
0d6fa17d-daf4-4db3-b993-ef0b1be32ef8,Vanya Sarkar,MALE,Fireman,20
36f6cd30-45fe-40c0-8c9a-0f4b9e512dfa,Pooja Suresh,MALE,First Responder,20
5ffaaea3-7574-4892-8f6a-99e7bbd6cbb4,Advik Mandal,MALE,Officer,3
ff8802ff-8f3a-428c-b105-b027fbd1f688,Hema Narain,MALE,Fireman,3
5d0f0502-a8dc-4c65-832f-4c25b44aee82,Yash Tailor,MALE,Volunteer,3
0dd7d7f7-1bd9-4e28-a5c4-41df6718b029,Radha Dube,MALE,Fireman,3
49d99ab7-9a86-4cc5-96f5-a3f60604b72c,Jason Andra,FEMALE,First Responder,3
5e08e284-5924-463a-90f0-d066f4ce5449,Reyansh Varkey,MALE,First Responder,3
c8485eb8-5416-49aa-9759-05dc94917fe1,Kiaan Munshi,MALE,Doctor,3
4200c714-4e09-4f0f-8870-dc9d7410be46,Nakul Gara,FEMALE,Officer,3
1e9bbcc5-1553-46d1-896b-82fe143b15b4,Omisha Merchant,FEMALE,First Responder,3
423dba0b-89f9-40cd-9506-1fa9109c113e,Chatresh Bhakta,FEMALE,Fireman,3
07d2d760-28bd-44e6-b25f-96e6e7267d95,Varenya Dhar,FEMALE,Fireman,3
09495913-bd15-4092-a06f-b1800615dc9d,Azad Pandey,FEMALE,Officer,3
f409a1c1-8ffa-4603-a633-4060016c9ff8,Varsha Oza,FEMALE,Officer,3
c37b82b7-8870-4ad9-a425-be25f803c9d1,Hema Savant,FEMALE,Officer,3
8a8e9000-3377-4108-a3ad-00381d6f1f8e,Quincy Bobal,MALE,Fireman,3
f06694f7-13a2-4533-881b-f4abd51552da,Bhanumati Magar,FEMALE,Doctor,3
120222c3-e463-45d9-912f-3e74c88998f1,Aarav Subramaniam,FEMALE,Doctor,3
86296a80-35e6-479b-bb39-2d20f0f2f72a,Wazir Shenoy,MALE,First Responder,3
ca8bf2f3-916a-4229-a8bb-b9bc2fbbb1fa,Hredhaan Chandra,MALE,Doctor,3
297c9049-4061-4b9b-9577-9fc320e26053,Lopa Kari,FEMALE,First Responder,3
d1a3c3c9-d7e0-4535-82ea-0d3e2f2388f2,Luke Kapur,MALE,First Responder,3
d1c82a17-5261-4f5d-bfe4-15ae8e8164ac,Advik Lal,MALE,Doctor,3
7fdf4eaf-c6f9-4421-b5f8-699e64d68f27,Varsha Singhal,MALE,Volunteer,3
7a3dd79a-e464-48c8-b786-297afaa1d4d2,Yochana Sagar,MALE,Officer,3
fbe2ee48-b62e-455c-bb8a-f36dc333cc40,Ati Bali,FEMALE,Fireman,3
370eaafc-a8e1-4e9e-8003-f6cfa79a2aad,Chaman Oza,FEMALE,Doctor,3
410c7f2e-bbb5-46cf-9306-e5499fc74985,Jasmit Gokhale,FEMALE,Fireman,3
8c17384e-a2c4-4941-8c26-bdfb9a445d29,Naksh Rege,FEMALE,Doctor,3
31f97485-0c96-4620-ad17-66a55d857a1b,Dipta Dixit,MALE,Officer,3
74ccd5fc-9b94-415e-bdf7-3240573b0882,Aadhya Palla,FEMALE,First Responder,3
41cb767f-30a0-4529-b4d2-2f841efb70a9,Qabil Parmar,MALE,Doctor,3
094d4c7f-36d6-4f39-8610-4b7e939b9c68,Rajeshri Dada,FEMALE,First Responder,3
86e2b925-56d0-44c6-869b-7bd4a99aa2e7,Ishaan Dave,MALE,Volunteer,3
7cce05a1-c81c-4af6-b97b-703f8fce0efb,Harsh Sha,FEMALE,Doctor,3
a3fc79ba-e708-4363-8a08-0e7460e228bb,Bhavani Soman,FEMALE,Officer,3
2ac8fae6-28b2-4d1e-9eae-bd591eb2ea49,Hemal Chahal,FEMALE,Volunteer,3
c0657107-ce60-4ad3-a82f-61408998db6c,Ati Panchal,MALE,Fireman,3
1b101cf5-096e-49b4-8204-92fe2f66a8ed,Janaki Kashyap,MALE,First Responder,3
b56ab78f-6247-4499-a90a-f73ad7c589a5,Nihal Kakar,FEMALE,Fireman,3
f3f6d5bd-7f09-4026-8cf9-cb9bca5ab500,Dhriti Kala,MALE,Doctor,3
2cef9eba-99b4-496e-bba4-15cec885b503,Kiaan Keer,MALE,Doctor,3
3d56a9a2-5d7d-4ab0-ac87-b9dc1d8dea67,Chasmum Menon,FEMALE,Officer,3
3376c234-43e2-4e6d-be11-496acfe0c571,Damini Dani,MALE,Officer,3
70bdde62-5b11-4576-83d7-bf87afa8d1f4,Radhika Dhawan,FEMALE,Doctor,3
d9164b1d-dd5a-49f9-b08f-313da2829af5,Tamanna Singh,MALE,Doctor,3
13e5df41-386d-4799-bc01-f6eff29031f2,Rajata Khosla,FEMALE,Fireman,3
758806d4-72f6-4994-a5a7-1d029ff2430f,Tamanna Singhal,MALE,Fireman,3
27fd138f-4299-410d-a788-f751db315940,Kala Taneja,FEMALE,First Responder,3
413b962c-48de-4b5d-a64a-626339fe6f6f,Theodore Dash,MALE,Fireman,3
ec91465b-09b4-4fa4-ade2-eaa1a4c1c961,Onveer Bhandari,FEMALE,Volunteer,3
94ef34b6-2270-4450-bd5e-ffd7b493d2a0,Aadhya Dey,MALE,Fireman,3
606607e3-53ba-4698-a4f2-7214b33dc931,Naveen Khare,FEMALE,Doctor,3
1446bbe0-5783-48cf-b22d-ecdd1eb04326,Ekapad Johal,FEMALE,Officer,3
027de0fc-ea61-4869-86c6-f641f4c72ff2,Tripti Sankar,FEMALE,First Responder,3
e63a272f-7070-44ac-98fd-9e68a4420047,Pushti Arya,FEMALE,Officer,3
ce777b97-83cf-4749-9db8-8349c826ad9a,Chanchal Bumb,MALE,Officer,3
8c543c12-4e7e-45ba-93eb-f6e2654555f0,Shaurya Acharya,MALE,First Responder,3
f65b82f4-66dd-4068-8018-8962c6349c2d,Om Mandal,MALE,Doctor,3
4dbb0e27-1042-41c9-ad20-408ecbb1eabb,Pallavi Iyer,MALE,Fireman,3
10e2f1cf-8432-41e7-a2e3-6efc8cc32569,Aarini Sarna,MALE,Doctor,3
a259d7a5-600b-4ae9-be76-48f1f345516f,Avi Shenoy,MALE,Doctor,3
055f83a1-c144-421f-8405-50c33130e92c,Samaksh Cherian,FEMALE,Volunteer,3
3356ab2e-36d9-4241-9c3e-0b29dc187c51,Triya Guha,FEMALE,First Responder,3
da71930f-1d2f-4f83-8e0e-b99f44a82ebe,Theodore Chopra,FEMALE,Volunteer,3
437ac89b-9cad-40bf-9555-71ea72d3ee4f,Unni Pillay,MALE,Doctor,3
3db679bc-c01a-4db0-9bfd-778284cadc91,Baljiwan Iyengar,MALE,Officer,3
de78f707-5057-410a-b51a-33acfea9dff4,Brinda Anne,MALE,Doctor,3
0cab79ad-206d-45f0-a9ee-3822513884ef,Megha Ganesh,FEMALE,Fireman,3
07745f0b-dbc1-4965-aeff-d8e55131a6a1,Aarini Hegde,MALE,First Responder,3
f777c6fa-3ee0-40b8-9a69-38f245888dfe,Gaurav Karpe,MALE,Fireman,3
f3ab35f6-558a-48fd-aa29-c2ead6d9ae5e,Gabriel Khurana,MALE,Fireman,3
8f62e743-4e73-48b6-8601-e4d1730f405c,Gaurav Sood,FEMALE,Fireman,3
a6f3c11f-0005-4e8e-a91d-c07c44c0b130,Gabriel Biswas,FEMALE,First Responder,3
80547e2d-b3c8-4363-aa59-e2c13936c30f,Hritik Chaudhary,MALE,Doctor,3
cc4712af-ecc4-4c38-a6b4-428059ddee93,Nisha Nagarajan,MALE,Officer,3
ab9d9efa-c6c2-47ba-b86b-2a1a2c62bf7d,Ikshita Shenoy,FEMALE,Officer,3
c3b6fa78-7a1e-42e1-8954-59c7cdb857ef,Tanveer Nadig,FEMALE,Doctor,3
27c3adaf-4a6a-4329-afae-0fd5403901c7,Nachiket Prakash,MALE,Officer,3
f3ebc09e-29fb-420b-8c1f-067ca503fbcc,Eshana Kala,MALE,Fireman,3
b0f05475-9b97-4cce-9da2-76021d9c9d27,Teerth Kari,FEMALE,Volunteer,3
8338c89d-6ae1-45cb-8e86-b0fdef298c22,Chameli Parsa,FEMALE,First Responder,3
c2fa72cc-5eac-43ea-ac0a-ec9468bdbf26,Victor Tara,MALE,First Responder,3
8e2fbdce-0bfe-49b0-89d9-33b524aca3aa,Anthony Kota,FEMALE,Fireman,3
6852bc31-21d8-4516-935e-3f6b2be9822d,Amruta Dara,MALE,Doctor,3
81504519-3064-4263-8eb9-c4d14d75f17e,Ganga Manda,MALE,Fireman,3
c84b2c72-98f8-411c-b818-08d5b13d4b56,Vihaan Sunder,MALE,Volunteer,3
4b78ba4f-1d7f-4a60-8ee6-0251b0226e47,Charles Basu,FEMALE,Doctor,3
856bafb9-5901-4719-a2f4-5c883241aa96,Alexander Balakrishnan,MALE,Officer,3
002f144e-ecfb-4edf-8225-a1f0efd2f272,Amara Mahajan,FEMALE,Fireman,3
d4f87796-3aa7-4dda-9b3f-5c99a416c10b,David Andra,FEMALE,Volunteer,3
6a37ad13-c4a6-41e5-b382-44be2d3a5e86,Isaiah Soni,MALE,Doctor,3
a1fcbc75-fdf6-48fa-ac58-48a1b27fd3c4,Ucchal Salvi,MALE,Fireman,3
83f5d332-054b-4a5a-9f74-0792483aa86c,Baghyawati Kohli,FEMALE,Volunteer,3
d568dea3-6bba-40a9-8497-b02094dcb104,Tanish Purohit,MALE,Officer,3
b214ccff-1cfb-4845-a577-b8309316ba31,Wriddhish Kaur,MALE,Volunteer,3
40720ba5-f0ae-4ce5-9d5a-2f1d653b4b95,Aishani Nayar,MALE,Doctor,3
6d8bd33f-b60f-4067-8cca-1a83887cd554,Avi Raman,MALE,Officer,3
25468045-efd6-4b74-a973-96e6fae9fbc7,Akshay Kari,MALE,Fireman,3
2178e5a1-2f9a-4c31-89a6-c1caaa9663bb,Hemal Raval,FEMALE,Doctor,3
95ae472c-e274-4f71-91eb-88662957d56b,Anusha Dara,FEMALE,Doctor,3
3ecdee5f-5189-4fe4-8b85-603bbfe267f3,Laban Kapur,MALE,Doctor,3
de8fb6ba-9ecc-469c-8fef-d86d1f5ccdc6,Qabil Rajan,MALE,Officer,3
39ef6412-c0c5-4bba-8c94-508becffe1bf,Henry Hegde,MALE,First Responder,3
a284f723-482e-4408-86ae-085039e52cf9,Hitesh Jayaraman,FEMALE,Officer,3
931a22d1-5436-436f-bc59-76781c3fbdd3,Ati Maharaj,MALE,Officer,23
2898a24d-4cd5-40ed-b03e-9d81d8e906d3,Varsha Kara,FEMALE,Officer,23
6d64ec67-08e2-445e-94a6-12a4b1df76d3,Balhaar Hari,MALE,Fireman,23
9aa7319b-d99d-455a-bcf3-76b97102402c,Siya Krishnamurthy,FEMALE,Volunteer,23
133419ac-8fe3-4caf-a652-f971a0060da9,Vidhi Nayak,FEMALE,Fireman,23
06d69d4b-4834-4093-9173-9bc2db9a0df7,Ishani Bakshi,FEMALE,First Responder,23
83495c15-fe8e-4927-90fc-3341775fb6cd,Jasmit Nayar,MALE,Fireman,23
62972155-eabc-447d-ba6d-1c28c0616987,Reva Nori,FEMALE,First Responder,23
0ae314ea-492b-443e-b3d1-f44825dd281d,Kavya Sagar,MALE,First Responder,23
2a8e4e14-290d-4bd5-9ce2-af57e401dd28,Edhitha Munshi,FEMALE,Doctor,23
9f8addf6-df0e-4652-8b0c-821ceb5372db,Harshil Ganguly,FEMALE,First Responder,23
dd17d865-e3e0-4e67-850f-d95c16758cd2,Jagat Chanda,FEMALE,Doctor,23
fcb69fb7-a4da-43b2-b60b-13c95135f4de,Zehaan Purohit,MALE,First Responder,23
a2e65576-4b12-43e2-a05e-3789589d6825,Bhavna Misra,MALE,Volunteer,23
0113fd60-3056-47c8-bec8-d7985b8c6877,Waida Lala,FEMALE,First Responder,23
769fabc6-d9a6-40a3-8be6-19cba77a0d08,Diya Sachdev,FEMALE,First Responder,23
1c62b78d-e873-43f6-bca2-d17c19900048,Gagan Thaker,MALE,Officer,23
35b83833-403f-4143-8567-ec794d49308e,Chanakya Bansal,FEMALE,Fireman,23
4850c7a1-22af-4b66-a148-85030d127fbd,Darika Gala,MALE,Officer,23
58e7ae31-3615-40e0-ba52-c18caed04fe5,Aradhana Sur,MALE,Fireman,23
5a59f361-dd4e-4825-b49c-74ee2d433f76,Anika Choudhary,MALE,First Responder,23
36eb0149-58a9-4cf2-8bf2-900aaa14fc34,Krisha Dugar,FEMALE,First Responder,23
becc2c8b-5769-4bf5-9ceb-5895cd56e033,Anika Mall,MALE,Officer,23
80767491-50c3-471d-a315-54cf871919bb,Zehaan Ratta,FEMALE,Officer,23
083876a4-f9f1-4e5b-a314-97bf24397594,Wazir Shroff,MALE,First Responder,23
89d2fa65-7c3f-454f-babc-1533e62b5610,Advay Vaidya,FEMALE,Fireman,23
9857cf5d-5813-479d-8391-a3f15abbe340,Hema Jaggi,MALE,First Responder,23
b1e93fce-db8b-4cce-b8ca-5ea0a7c163ed,Ijaya Pandya,MALE,Officer,23
2534850c-a294-4091-97cf-93d9b80d207b,Manthan Sule,FEMALE,Fireman,23
43307508-d687-4f0e-a096-719299c17d75,Urvashi Patla,FEMALE,Officer,23
43c22144-2f8b-4640-8cd3-739198b8abd7,Utkarsh Contractor,FEMALE,Officer,23
0ca68eb2-5591-40a3-ab03-acb06549809d,Gabriel Narasimhan,MALE,First Responder,20
0d8bb741-4852-413a-b1c9-f933d5d8ddc0,Divya Gulati,MALE,Doctor,20
8295e862-4b6e-4766-bf28-3cde25fb8050,Kala Jani,MALE,Volunteer,20
d336c705-d610-4816-8c74-494dc8806a57,Arya Pant,MALE,Officer,20
16682b9c-3e08-46be-921b-7858bf0d6872,Gayathri Dhaliwal,FEMALE,Officer,20
e83516e5-f55e-4f19-ae7d-620714fba4da,Wyatt Minhas,FEMALE,Officer,20
d3511193-8f87-4791-8c5c-95bf0ea77be8,Aarnav Kibe,FEMALE,Fireman,20
a98750bb-b479-405b-bbf5-495f623e87d4,Kamala Bahl,FEMALE,Officer,20
6f47eb40-22aa-4171-bcfb-f63985b881d3,Unni Saxena,FEMALE,Fireman,20
83669542-b099-4428-a7e7-e5f631ecb6f0,Ucchal Rai,FEMALE,Fireman,20
5ef4a3ad-aa78-45bc-8008-ae003d3d1f3f,Azad Chandran,MALE,Fireman,20
685d2b3f-ac66-44b5-9f30-5414e35c5ce6,Baljiwan Lata,FEMALE,Fireman,20
bcb0de99-b634-4e60-afce-1eb7c426db81,Tristan Pingle,FEMALE,Fireman,20
26349046-94b1-446c-94b7-0e6b7d385f06,Rohan Nadkarni,FEMALE,Fireman,20
0302361f-e065-499b-b3b5-48e97a3935b3,Rajeshri Loke,FEMALE,First Responder,20
fa8230fe-8f54-4921-a4bf-f25959b945c1,Henry Dhawan,FEMALE,Doctor,20
d26825ec-01af-4d19-a14b-eee4abaf46aa,Omkaar Goyal,MALE,First Responder,20
f809e747-454a-4a92-bc17-34b8cb0aa3e6,Jason Jain,MALE,Fireman,20
4dd68133-2b6e-4265-9f20-cff1880d5f1a,Ojasvi Sharaf,FEMALE,Fireman,20
d1a4c472-6ec8-4808-a7dc-4956152b89ec,Ryan Bobal,MALE,Officer,20
2fe6bf3d-b137-48c6-9048-cb2824e625ff,Avni Vyas,FEMALE,Doctor,20
deb13a5b-5bfa-4bc4-a908-c87c770dc1ac,Bimala Hayre,MALE,Fireman,20
9da52cc0-e948-455c-88fe-0cfd7ac7ab20,Anusha Tella,MALE,First Responder,20
1012de70-4c01-4ae8-95ff-0737f252272b,Harish Arya,MALE,Fireman,20
23ae9982-d7c3-4010-9248-bcacf3f300a5,Megha Buch,FEMALE,Officer,20
51996564-0bec-483e-8bf6-05d90bdab585,Damini Swaminathan,FEMALE,Doctor,20
87426118-7953-4f33-ae3c-4ce9a46155e7,Karan Barad,MALE,Officer,20
1c1e182d-9174-404b-bd1e-999906a5d31a,Banjeet Dani,MALE,Volunteer,20
cc3de955-73f9-4bbd-b17d-62df8ba0d570,Finn Bail,MALE,First Responder,20
438ea915-8d2e-4c0f-8917-dd155a527987,Chaitaly Nanda,MALE,Volunteer,20
4eafbc5d-19bf-44e7-a75c-ea0f03e9ef26,Daniel Bhatia,MALE,Officer,20
e8626cee-fda5-4add-84b5-6385ed33d1b2,Finn Kara,MALE,Fireman,20
ac2da6b9-9bd7-4d4f-bc5f-92c3f03a2e71,Zarna Nagarajan,FEMALE,Officer,20
474ebde8-317f-41aa-acf8-ee415644f240,Hritik Dube,MALE,Officer,20
f0c98460-155d-46cb-90af-f5975c3cf7ce,Sathvik Muni,FEMALE,First Responder,20
1a60776b-bfb6-45b1-9fa3-e5dc0bc2802e,Leela Baral,MALE,First Responder,20
167e312d-c318-4d59-9871-f5e473f8cbd6,Sara Kalla,MALE,Fireman,20
c005fb8e-77f5-4469-897c-802f756ad025,Azaan Gulati,MALE,First Responder,20
cd97895b-8435-4fdb-b974-243df1a0d935,Shivani Barad,MALE,Doctor,20
eb2364df-4e4e-4a8d-b9f4-1a66c150a89a,Yamini Rattan,MALE,First Responder,20
58c1956d-8afb-49b0-a34f-685246911b4d,Isaac Bir,FEMALE,First Responder,20
ff68b7e6-f390-4899-838a-d34c8f97fc2e,Harish Buch,MALE,Officer,20
ea5938fd-9f38-4cd9-a1b5-fcad45627451,Neha Thaman,FEMALE,First Responder,20
ac14810a-aaa1-4971-9c25-72127b96f748,Megha Tiwari,FEMALE,Officer,20
343ead7d-dcb6-4492-92ed-9872c45c981c,Darsh Bir,MALE,Volunteer,20
33f2910f-502e-4b6b-b104-933781bbc4c7,Neha Zachariah,FEMALE,Fireman,20
071a4ca6-19ba-4374-9e8f-edca0d09f276,Akshay Varghese,FEMALE,First Responder,20
1d67ac72-2701-446e-92b0-57261d16658f,Oviya Kale,MALE,First Responder,20
09c15021-af20-4f10-8f21-f13120f69a3e,Aashi Manda,FEMALE,First Responder,20
435cf3df-6d29-43f7-b3d5-1699a543ad21,Upkaar De,FEMALE,First Responder,20
5a8b5300-c707-492b-82ec-20b51026c9b7,Ojasvi Raman,MALE,Volunteer,20
03a2e2d1-dbf9-455f-bf46-ac98c1895c3b,Riya Nadkarni,MALE,Volunteer,20
b343eeca-e638-4c3b-a0ce-eed4e4b85676,Vedhika Sastry,MALE,Volunteer,20
0dea7a55-6505-4feb-8840-ae1522e66c49,Wriddhish Chowdhury,MALE,Officer,20
942e6f83-3ea0-405d-9aba-98088d1f6475,Qadim Mahajan,MALE,Fireman,20
633614bf-5b16-463f-b179-d6cd3d8e4c49,Hamsini Thakur,MALE,Fireman,20
540ed969-b85d-4b9a-b0ee-511f9c2bbb5b,Adweta Chokshi,MALE,First Responder,20
04d79608-a0ef-42e7-8300-65c0b9c4a76d,Bakhshi Pandya,FEMALE,Doctor,20
9aa352cd-781a-47be-810c-8afed28fdabd,Jeevika Rana,FEMALE,Doctor,20
c32e01f7-53e2-4ed5-a272-305b69653672,Rehaan Sekhon,FEMALE,Volunteer,20
63b57c8f-20b8-408f-9c72-9b9819679475,Om Nair,MALE,First Responder,20
d95b55bd-a360-4576-8e25-25cae75cbbb2,Bimala Tella,FEMALE,Fireman,20
742d6c5a-2730-4320-8819-0425df6624a2,Radhika Barman,MALE,Doctor,20
d5a5a8b6-8582-4720-aa4c-2c87184654a6,Tanvi Sagar,FEMALE,First Responder,20
85854d36-b743-47a2-ad91-11458e179819,Devansh Manne,FEMALE,Doctor,20
d972aaa0-b6bc-4941-9c11-181d9dec2aad,Vihaan Oza,MALE,Doctor,20
ab29814f-7509-402f-a477-40a3112b0dba,Sneha Sani,MALE,Doctor,20
992b50f5-cf6a-4ada-aa11-aebba50c5b87,Shivani Bumb,MALE,Officer,20
011c6120-124b-4f31-aab6-fdcd034f3ea3,Nidra Loke,MALE,Volunteer,20
4c85035c-437e-405d-a52c-5154aa4fada6,Yoshita Talwar,FEMALE,Doctor,20
3e79d841-2aa6-45d4-8dc7-e5f4ac6fdc85,Geetika Bansal,MALE,First Responder,20
b926f9b1-3097-470a-beb3-513eaf4e2533,Ekta Bajaj,MALE,Officer,20
aa398eec-81e0-47f0-ba02-ff6fa3e73c73,Nakul Chanda,FEMALE,Fireman,20
7edcdc51-3ffa-4caf-a47c-5093eb45cdd9,Krishna Dewan,FEMALE,Volunteer,20
457ed19b-2a63-4503-b9aa-c3bdfb2fa422,Netra Mitter,MALE,Doctor,20
6a4f9899-69b4-4ba5-baf6-3dbe108dc220,Aarnav Lad,FEMALE,Fireman,20
21311543-9d16-49d1-9e81-e6cf160230bc,Devansh Goyal,MALE,Volunteer,20
1ef4f673-7f03-40af-835f-d9d097826f3a,Abdul Sundaram,MALE,First Responder,20
b9f10d45-014e-440e-b09c-12609515dcef,Rehaan Sarna,FEMALE,Fireman,20
49300940-21b3-4875-b136-30c6ab48b909,Yashoda Ray,MALE,Fireman,20
da403f3f-bfb7-47c9-9f2b-ef7f86976365,Krishna Deshmukh,FEMALE,Officer,20
e17597af-aab7-4dff-a726-9cba6bd966ac,Ekansh Kapoor,FEMALE,Fireman,20
d669efda-1d53-4ff7-a4b4-94a3e3f32d40,Geetika Cheema,MALE,Officer,20
8f4fb552-4d30-4bae-bc49-fd10bb5b49d0,Zashil Gala,MALE,Fireman,20
c2d4f30d-1428-449e-a7fc-e6a69201c6c6,Irya Varughese,FEMALE,Doctor,20
7aa1cd30-1708-4750-9ad2-3682d59f58b6,Karan Sura,MALE,Volunteer,20
1f535c97-d9d3-4b9b-8fb5-0e5ae1716232,Fiyaz Mani,FEMALE,First Responder,20
a8e46450-1a48-4b3b-beeb-673f97ebe792,Anya Srinivas,MALE,Volunteer,20
76646cbb-ce86-4e6f-9b19-f98687925ee2,Chakrika Sengupta,MALE,Officer,20
84c7c79d-1a0a-460b-85d1-14bd0ddea40a,Om Lal,MALE,Fireman,20
3a399b4a-2048-4764-981f-84001d3c3515,Kamala Lalla,FEMALE,Doctor,20
be2eb566-d7f6-463f-ac6a-664a6ba70997,Sachi Ratta,MALE,Fireman,20
0561f731-26d6-45aa-aa44-b46eec17afb4,Kashish Taneja,FEMALE,Doctor,20
5193c251-5baa-4e7f-9cd1-aec635346105,Brinda Jaggi,MALE,First Responder,20
3606646d-166a-4afe-9587-18d15520e7b7,Patrick Arya,MALE,Fireman,20
a55c4c62-21a4-43af-ae39-70fb9c4190e6,Yochana Sandhu,FEMALE,Volunteer,20
24bce358-4971-4ba1-ab11-df5372f20284,Bhavika Sagar,MALE,Officer,20
b4fa50f5-a2f0-4e49-b66e-692b742ffa3f,Joshua Borde,FEMALE,Fireman,20
0cb350a4-c5cc-4b6a-93bb-ab7dc73d0b20,Maanas Balay,MALE,Volunteer,20
e5e65c0c-8dde-4ce7-8758-f0983ba523a9,Yashasvi Tella,FEMALE,Doctor,20
4c9e789d-4e1c-4aca-b452-04019640c752,Liam Ram,MALE,Volunteer,20
19939723-b030-4964-b130-25b69bdd1560,Charita Chacko,FEMALE,First Responder,20
67b919de-c2ca-462e-be69-81ccf991db3d,Chandresh Gour,FEMALE,First Responder,20
ef29fd81-10d2-4ae7-8eb7-7f25456acb62,Simon Parmar,MALE,Officer,20
786ce299-0fb7-4b8e-a2ec-0d1105fe4983,Yatan Pandya,MALE,First Responder,20
c8b4bdc2-a96a-444c-bc40-dc9ecdebb874,Simon Mital,MALE,Doctor,20
be56c06a-09fd-4a5b-8683-521acc602dea,Jonathan Palla,MALE,Officer,25
307d2995-2e8b-4f36-acf9-1108bacb66d6,Ekanta Chaudhuri,FEMALE,Fireman,25
11204d09-b544-4a3c-b832-6d44011301c4,Caleb Cherian,FEMALE,Volunteer,25
7d845716-f1f8-4320-92e5-1d36a22ae060,Yoshita Ratti,MALE,Doctor,25
51d21ab8-9161-4928-af13-e47c376723d0,Leela Bhagat,MALE,Volunteer,25
0b9b0bd4-bab9-4218-9b5d-51de6a063b95,Sai Chopra,FEMALE,Volunteer,25
4de3f57a-e63c-4fc0-a706-d632447db0ef,Sanaya Grover,MALE,Doctor,25
dc837e17-d910-41e2-ac68-c060ab0b81bf,Advaith Goswami,FEMALE,Officer,25
ae455b2e-b5bc-4771-838c-21bbf2e06c66,Vidhi Vohra,MALE,Fireman,25
9eaf3e05-7471-4b36-8b40-b9f207158789,Manbir Bansal,MALE,Volunteer,25
e408df6c-ce36-4c8b-96e2-822efd61390f,Amrita Murty,MALE,Fireman,25
3eb15cc1-0168-4c44-8ba2-065faf0e3efb,Shivansh Sawhney,FEMALE,Doctor,25
fe6b6bdd-03f5-42bd-8f32-5b60ceab1e7c,Timothy Walla,MALE,Volunteer,25
af9c5c78-0e3c-4f91-abfa-b1aa31f72175,Bachittar Karnik,FEMALE,First Responder,25
da3c615e-be8c-42c4-bfa3-16f1f0b47fa6,Vedhika Lalla,FEMALE,First Responder,25
e275a991-77da-4c7e-80cb-e8b07ff82c0a,Neelima Kale,MALE,First Responder,25
2efe9d75-5d99-4a9d-94cd-96d4154c7461,Bachittar Lalla,FEMALE,Officer,25
2d86871e-5708-45df-a2d4-e3be89809e2f,Raagini Chaudry,FEMALE,Officer,25
9c9b2001-7aa2-468c-a962-67548ea78482,Saanvi Kamdar,MALE,Fireman,25
3b5d9182-c41e-4891-9df9-552ad3cc7298,Wakeeta Bhattacharyya,MALE,First Responder,25
19718638-283c-436d-8c61-b920b8a7177a,Kala Bahri,MALE,Fireman,25
83f8da67-a280-4ae1-9a4e-62280970aee4,Nirja Pandit,MALE,Officer,25
ef3f149b-e0fb-46b6-b141-e1aef2ce3885,Sai Sha,MALE,Volunteer,25
e18f30c4-c318-49bf-849f-ecbe9154af97,Noah Kanda,FEMALE,Doctor,25
aaef808d-2614-4829-940d-6ddd9e72fd25,Aarini Sinha,MALE,Volunteer,25
8ced8527-23bf-4233-a1c1-6eb66be98c00,Mohammed Mitter,FEMALE,Volunteer,25
d92e33c8-57c0-4f93-adff-b435574d393d,Anmol Bora,MALE,First Responder,25
06d2d38e-eedb-4c77-a4ab-0a805d7d6b36,Fariq Salvi,MALE,Volunteer,25
75b8ee04-065f-4cc7-a793-9c674b4b3597,Joshua Ray,FEMALE,Fireman,25
f15ddcdb-5316-402e-93f8-f44b3db8fc84,Dipta Hegde,FEMALE,Doctor,25
c55d9da8-c0f0-4541-969e-3196be56680b,Balvan Chaudry,FEMALE,Volunteer,25
e9df77df-5d26-44f6-999e-c4d1924bf19c,Maya Nagarajan,MALE,Officer,25
b0c98c10-f8d9-405a-94ef-e70681cf08a5,Caleb Ghose,MALE,Volunteer,25
01223bbb-e4da-4ad7-872a-5e412aa57dfd,Harita Manda,MALE,Volunteer,25
c2c60212-95b4-4cec-ae7e-be2afda43cc3,Gauri Sinha,MALE,Fireman,25
fe53f9ee-18e2-4029-9606-3176a6aff9a5,Vrinda Sodhi,FEMALE,Officer,25
69815a00-1544-4e16-a94b-57273be84d31,Jeet Hegde,MALE,Volunteer,25
3d464665-6638-4ab3-81a4-19cda4367f64,Chakradev Badal,MALE,First Responder,25
7c5047e8-9e94-4d78-be83-fca4086c7a85,Yashica Behl,FEMALE,Volunteer,25
7cd08718-c189-4485-91ad-8d2a56b58bb1,Chakradhar Chada,MALE,Fireman,25
18892557-961f-4dbe-bbc4-613b638e44a8,Adweta Dass,MALE,Fireman,25
9f74cade-673f-4073-8c6d-8e6643cfd272,Suhani Sahota,FEMALE,First Responder,25
fc79153c-7545-481a-81aa-da347c3d7cc5,Ishaan Trivedi,MALE,Officer,25
a3fc58c7-d2c8-4986-b93c-3e67bd8e6dab,Daniel Halder,FEMALE,First Responder,25
c0613cbb-a2cf-4cf5-8955-c436612ddbc3,Parth Krish,FEMALE,Doctor,25
5e95d9e7-7d62-4669-8eac-b61ff4cb18f9,Qushi D’Alia,MALE,Doctor,25
d1357a24-33aa-417c-9ce5-5521edd319d2,Amaira Doctor,FEMALE,Volunteer,25
a622344f-8e37-4aca-a542-757dcf2e31f1,Tamanna Lala,MALE,Fireman,25
5e791fbb-b738-48e0-9333-9726d3ae40c8,Nathaniel Saxena,FEMALE,Officer,25
b5b49ffe-a3f8-4e83-bc0d-97621bf0a8a2,Parth Kar,FEMALE,Officer,25
118c9e91-c75b-4b96-a9c2-608aeef1ef3a,Odika Chaudhry,FEMALE,Volunteer,21
c4db987e-76bc-40a7-9c88-841841b143b2,Kashish Gala,MALE,Doctor,21
97f70da5-2635-4db4-b71e-c602bb2375a7,Charvi Kapadia,MALE,Doctor,21
cbdda1ba-5bac-4488-82f2-510f1672dcef,Champak Bhasin,FEMALE,Volunteer,21
4e4c6437-2862-4c64-82fb-0f82bb955a99,Xalak Nanda,MALE,First Responder,21
17d8b367-4b6d-467c-ad10-8351c4df787b,Jai Bansal,MALE,Officer,21
3746d06d-c9dd-4830-8ad5-82a27dd2713f,Rachita Bhatnagar,FEMALE,Officer,21
0f2c906a-b21b-4208-94bb-cfedc533e761,Siddharth Ranganathan,MALE,First Responder,21
9b2839f4-9113-4a5a-9493-a9ac5cf99e8c,Netra Ganesh,MALE,Doctor,21
52c4eb1c-c194-49d2-a786-b3dc8d51e140,Bhanumati Devi,MALE,Volunteer,21
16aef5e2-29bd-455b-85d3-9c9b30142835,Robert Bali,FEMALE,Doctor,21
8ddde35b-1f4e-44eb-ac06-d92e88b20f28,Dipta Gour,MALE,Volunteer,21
1e1b9328-46e9-4a65-b61a-7f3f8d86a257,Pushti Bora,MALE,Fireman,21
2e551435-2add-4209-bb32-9b1aa0b8fbb8,Laksh Kala,FEMALE,First Responder,21
e2c7563b-bcb5-41c2-9151-6b77e9fff383,Janani Butala,FEMALE,First Responder,21
669f4b95-37e9-477c-945d-2eb323da1f3b,Utkarsh Memon,MALE,Officer,21
121ba4d0-bf4a-4083-bd4e-519b217b961e,Priya Baral,MALE,Officer,21
e13d8878-2c36-4974-85aa-e19b71e8bf90,Adya Sethi,MALE,Officer,21
bfc427aa-ce2c-455a-8df6-d9b8e67f6f6c,Falak Sunder,MALE,Volunteer,21
bb54ca04-c6af-4938-a03d-e36f98cdcb50,Zansi Tella,FEMALE,Fireman,21
1debe880-1511-4314-a83a-6d6cd443cf02,Qushi Karan,FEMALE,First Responder,21
641fb3fe-e30e-42ce-aaf5-0102784bebaf,Vivaan Seshadri,MALE,Fireman,21
f6964654-2099-4842-9e93-263ca727b72e,Aditya Agarwal,MALE,Fireman,21
78eb7396-35ad-46f8-aa89-4cd5e49423ee,Urvashi Dube,FEMALE,First Responder,21
5f404fd8-56be-4e27-ac9f-a0f501f3c9cc,Irya Palla,FEMALE,Fireman,21
19935270-5437-45b0-bb7d-8d0d2095c1e9,Mitesh Aggarwal,FEMALE,Doctor,21
8b979b73-fd53-448d-9605-5dc7a1f0eb67,Jagrati Kumer,MALE,First Responder,21
7797bec1-3362-4d1c-9f0d-67c5a62e809e,Tristan Nagarajan,FEMALE,Volunteer,21
763f2b8b-f3cd-4bbc-9f6c-db0bf82daf64,Dayamai Sridhar,FEMALE,Volunteer,21
c05656b0-a341-4c04-80d8-c21e6a754086,Andrew Parsa,FEMALE,Fireman,21
cb435664-f06c-4648-bf10-b67747076b30,Kala Deol,MALE,First Responder,21
306d8851-5e70-476f-895c-d658aece2639,Yamini Solanki,MALE,Doctor,21
2b621ec6-b8df-4a79-a36a-d85e540d3d1f,Urmi Krishna,FEMALE,Officer,21
24b10c3c-441d-458a-ae34-a6cac909375b,Yashodhara Kamdar,FEMALE,Fireman,21
84c39a60-9995-4c78-b96d-b2276d7e6b27,Aarush Natarajan,MALE,First Responder,21
6af33926-b8b5-48ae-9db6-c32e3a23a3ec,Kabir Shroff,FEMALE,Officer,21
47d7b7a6-92b2-435c-b42e-e2aa8269bfd7,Panini Krishna,FEMALE,First Responder,21
a128f7ba-1291-496e-b822-61860ccb96c4,Gaurangi Kala,FEMALE,First Responder,21
a853619e-6407-4390-9643-0033b3108dec,Kabir Bera,FEMALE,Doctor,21
9f441618-080a-4a22-9318-a7bb9f06940b,Samarth Bakshi,MALE,Doctor,21
88312096-2895-48a0-a8aa-7d4e6825ba5b,Dayita Oak,FEMALE,Doctor,21
cfc2e47f-c3ee-49af-85b1-f2331361d139,Ishwar Borde,MALE,Doctor,3
7ca3b93b-20f4-47d3-bc13-e8b1491d6a04,Harshil Kunda,FEMALE,First Responder,3
bc31ac95-ce1e-42b5-9d17-d125a843384a,Harsh Shankar,MALE,First Responder,3
b5cbc37c-a3c0-440e-b244-40705a658a3d,Dev Bora,MALE,Doctor,3
2a99b8c5-1268-4704-8792-1afc64bc4836,Gautami Nagar,MALE,Officer,3
a6afd074-21a6-4e9b-a947-bdf7365bcfe4,Chatura Solanki,MALE,Doctor,3
4b131f8e-277f-46cb-8f16-afa1d4979cba,Christopher Zachariah,MALE,Volunteer,3
ff5bb7ff-c01f-4de7-967f-5ed72095279d,Brijesh Dube,MALE,Volunteer,3
78ae501a-78db-4411-ba77-a3599504c226,Lohit Parmar,MALE,Doctor,3
fce11d9a-afbb-4e76-b62f-3ea6a5e2c97e,Abhimanyu Sen,FEMALE,Officer,3
29c99ff7-cec3-42e8-add6-ed2017e547cd,Mohammed Lalla,MALE,Volunteer,3
b6cac9ea-6dd9-42be-b187-8636dbca71b4,Meera Raja,MALE,Volunteer,3
b0497064-2d37-47cd-a6a1-e4d3a398cc2b,Anjali Guha,FEMALE,First Responder,3
8e1de40f-bf82-4dd3-94a4-4e1e21767bea,Watika Grover,MALE,Officer,3
17db901b-136b-49a5-bc9d-024707e7afb9,Raghav Patil,MALE,First Responder,3
d5a2dc02-f3bd-4481-ac9f-36b5150853fd,Priya Goswami,FEMALE,First Responder,3
89c7b47c-62c9-4490-bc22-78ec95aa356b,Ikshita Dalal,FEMALE,Officer,3
a1880f66-3f41-4fe3-90ea-9d4165e864c0,Anusha Subramanian,MALE,Volunteer,3
300eeefe-d8ee-4968-86b9-f8442ddc9cdf,Vedhika Garg,FEMALE,Volunteer,3
06fc581b-bf7f-411a-90fe-9d81a03b66d0,Ira Sunder,MALE,First Responder,3
695f5127-7762-4d1a-85e1-8a90c22f4809,Ranveer More,FEMALE,First Responder,3
9cee448c-f808-4175-8cd6-b9779d9f087a,Chandresh Vora,MALE,First Responder,3
3629bf93-6ff9-4d97-925d-42670ed70c43,Nitara Grewal,FEMALE,Volunteer,3
fe60bafe-1e89-4a27-a99e-050ee83e252c,Gaurang Saini,MALE,Officer,3
6ecc98fe-4f34-40f7-8b5a-587f610982bf,Chakrika Raman,FEMALE,Officer,3
332de33f-d004-44a7-a6bf-82c7c7416431,Neel Sahota,MALE,First Responder,3
6b8490c9-fe1e-4f17-8fb6-fd41241ffaa0,Qushi Hora,FEMALE,Fireman,3
3ea27505-3deb-4c93-a8aa-835afb4abc53,Wishi Bajwa,FEMALE,Officer,3
dda724b2-c630-483c-920e-2d33d4bcecc9,Triya Kuruvilla,FEMALE,Fireman,3
ab2d35af-ac4f-4844-a8b7-a08c97d5e3ff,Advaith Chahal,MALE,Doctor,3
1b29a738-f5c0-4cc5-9d10-2bc4d2e02f70,Bhavani Bhasin,MALE,First Responder,3
f502fa18-031a-43b7-bf0a-294c105a15c0,Aarini Sarraf,MALE,Volunteer,3
2ce09293-9a23-4b17-b8e8-e13187fe60bd,Vanya Sane,FEMALE,Doctor,3
c1c81300-489a-49b3-ac5e-067788c87d94,Anusha Mahajan,MALE,Fireman,3
285ac476-3b8a-460c-8f5f-5ddf962fca46,Bachittar Wason,MALE,First Responder,3
88dec661-3008-4036-9697-c1a59d7bba35,Jeremiah Sarna,FEMALE,Fireman,3
847e2d31-f87d-4299-8e3e-8eea0bafcb74,Omisha Dora,MALE,Fireman,3
b78e2b36-f5c7-48aa-ae6f-46311409a02d,Inaya Uppal,FEMALE,Officer,3
c7489385-12f3-402e-8ebf-7e4cb48d8ed6,Ladli Devi,FEMALE,Doctor,3
72e39f1a-720e-468a-8313-69138081c22c,Charan Loyal,FEMALE,First Responder,3
f3a305cc-e4ee-4a47-9573-1442c6cf193c,Mekhala Randhawa,MALE,Doctor,3
ab95765a-a445-4d8e-80b7-104bea795991,Alka Ben,MALE,Officer,3
1c6c9905-44a7-4e8d-b2b5-8de6a9016498,Priya Chahal,FEMALE,Fireman,3
59ea7209-ec1e-47a9-a38e-3773c630d208,Girish Randhawa,MALE,Volunteer,3
56425798-81c0-4ec2-aea9-ff38481ce345,Vincent Venkataraman,MALE,Doctor,3
2f627ae0-e2e1-4d37-808c-46afbd504a25,Vidhi Lanka,FEMALE,First Responder,3
3291fc04-aef5-457c-90e4-ab07eb51b27b,Hitesh Basak,MALE,Fireman,3
3a1f64d2-30a8-4197-af12-83efd680e937,Anya Mahajan,FEMALE,Officer,3
8958bba3-5afd-4f4f-9382-35af9681aafa,Geetika Oza,FEMALE,Officer,3
760e6770-6fd1-4237-a0bd-70d0725d369e,Abhiram Chad,FEMALE,Volunteer,3
05890607-7c95-40fa-ac3c-a9fc7f7ac4fc,Yamini Sengupta,FEMALE,Officer,3
5336833b-6fd2-49c2-8866-5d7700f10264,Tamanna Balan,FEMALE,Doctor,3
70d3e2b0-9560-40cf-a0fc-a2f38672c07c,Qarin Pathak,FEMALE,Officer,3
f4beb9d3-8ade-45e2-ac38-1954608b8761,Frederick Bawa,FEMALE,Officer,3
b1d99ffc-db7a-4439-a05a-840da17ab373,Ryan Chowdhury,FEMALE,Doctor,3
3a69579f-77ec-4fa3-bfa9-e66d79d86acb,Azad Reddy,FEMALE,Fireman,3
3f7ac49d-4d8e-42b3-a080-995e6f8ee1be,Kevin Kale,FEMALE,Fireman,3
6d90b598-b75f-44f2-921b-c1605bae55b6,Vasudha Mallick,FEMALE,Fireman,3
5da6dde9-4f48-488d-bbc0-7732f3eed3e0,Tanay Memon,FEMALE,Doctor,3
3048883d-20b5-415a-a1e7-6b32c026d397,Gagan Cheema,FEMALE,Fireman,3
7146322d-d760-4b54-b037-2497ff7eec72,Harrison Wable,FEMALE,Volunteer,9
8fd6c111-d5c1-4477-b66b-671087270096,Advik Natarajan,MALE,Doctor,9
c523369e-2bcd-42d8-be71-c13b4ad00161,Victor Pingle,FEMALE,Officer,9
95e8a9e2-f039-4caf-95da-8545465dd25b,Daksha Mammen,FEMALE,Volunteer,9
126ea0cf-cd98-427f-a6e5-2ce0266841c6,Parth Parikh,MALE,Doctor,9
2284cffb-6508-4241-be49-4ea76622e49a,Siya Nayak,MALE,Doctor,9
21abcf42-6998-4c86-8457-6b120d088a8b,Damini Sen,MALE,Fireman,9
255ac560-e094-4801-804d-4f1d4580e48b,Amruta Ramachandran,FEMALE,Fireman,9
533d48d4-27e4-4ea9-8bca-e7401a2ba562,Lekha Upadhyay,FEMALE,First Responder,9
0c0c58c3-8801-40e6-b8e6-d7c43a2d9526,Anvi Nair,MALE,Fireman,9
4f51608c-a5ad-47bc-890b-79fdc0b7a167,Mugdha Tata,FEMALE,Volunteer,9
ee300afe-15ba-45d8-8ae6-e58f385845ad,Balendra Talwar,MALE,Volunteer,9
04655c09-99c8-488d-9a6f-954adbe318fb,Amrita Memon,FEMALE,First Responder,9
eb53440a-2843-4fc8-bbce-6f27b6ecd767,Adya Khurana,FEMALE,First Responder,9
e5d9b531-5292-43b2-8a61-a5fef7d77ada,Daksha Oommen,MALE,Fireman,9
978aa2d9-7821-49b5-91b2-0ccb2eae1ce5,Anmol Batta,FEMALE,Volunteer,9
1abb907b-9ecb-4e0b-b28b-f45535f5c39c,Rachana Char,MALE,Fireman,9
1ab34694-9db0-49a1-85ff-a6c15935fe1c,Tarak Pandey,FEMALE,Volunteer,9
4d139543-be55-4c7b-b557-3bdb9ba64fd2,Kashish Borah,MALE,Fireman,9
617caa1a-ae37-4546-a28d-b089eb093646,Yashawini Tak,MALE,First Responder,9
a205ee82-48a3-4e16-aff7-59c0e625ea04,Leela Bumb,MALE,Doctor,9
b624c9b1-2a7f-4218-b3bc-d64f4168a43f,Urvi Goswami,FEMALE,Doctor,9
e8200910-efb1-4c95-84be-55187a033315,Omkaar Desai,MALE,First Responder,9
c0b29fa6-c1cf-4726-82a1-7e7892beb2ea,Mugdha Dora,FEMALE,Doctor,9
0122c6c7-19be-402f-8323-5bf847d9edef,Widisha Shankar,MALE,Doctor,9
2f7a3511-7f61-448a-bf95-dce609fb5725,Aadi Dewan,MALE,Officer,9
45c9c013-0af8-4307-8249-4648aa872249,Hemani Khurana,FEMALE,Doctor,9
317ae7ea-fe0c-41ca-9561-c02ab65f4d16,Kevin Sankar,MALE,Officer,9
2a3cb6e1-68b3-4ee6-a0b0-7b708289702c,Qarin Shan,FEMALE,First Responder,9
74ac0d28-950f-429f-96ba-c4491af1b2bc,Henry Dave,MALE,First Responder,9
6d677ca0-a8a8-4037-8b75-01f3f4f29d53,Tristan Kar,FEMALE,Officer,9
8c8f759d-5410-47d2-9788-33cecbb2f848,Anjali Gola,MALE,Doctor,9
1d6fee28-5c53-48b4-8b43-abf07729b2b7,Adweta Deo,FEMALE,Fireman,9
f86badfc-58fd-4241-a34e-ff62eb360322,Teerth Bhatia,FEMALE,Fireman,9
f6d0af61-c3ba-47d3-825f-7fe2e0303c18,Balveer Andra,MALE,First Responder,9
f96c6f20-2fb2-4b08-8685-e1c1c6d6968c,Wridesh Subramaniam,MALE,Volunteer,9
3715e6e6-d38f-439d-9578-0649c48913d7,Rudra Bhasin,FEMALE,Fireman,9
59e5dc28-e7f0-4874-8165-97a9858c95ce,Ekapad Parekh,FEMALE,First Responder,9
9a6717f7-2008-4e99-b1b4-6fd5d5c8e205,Xiti Morar,FEMALE,Fireman,9
8c3d250d-9301-44b6-83d4-ceda6559e5b0,Abhiram Muni,FEMALE,Doctor,9
070ee0c6-60ca-481f-98a7-f486e7bf14ba,Sanaya Mishra,MALE,Volunteer,9
38497747-53a0-4678-a433-0e050bcb7c06,Ikshita Ganesan,MALE,First Responder,9
0e8d3121-13d1-403a-9a70-ce7b627afa44,Keya Mutti,FEMALE,Volunteer,9
f8bc02ec-27e9-463a-a4b7-0df4d67940b2,Zarna Mukhopadhyay,FEMALE,Volunteer,9
8403c708-ccb0-47c2-ae89-d5102ae7dbd1,Eta Seshadri,MALE,Doctor,9
88e620d9-5b84-4a37-bf86-c1cf6ecc57c0,Ayaan Reddy,FEMALE,First Responder,9
5f625e61-1410-49f1-8aa7-93bb1ae3dd01,Sara Chatterjee,FEMALE,Volunteer,9
48684df9-4ebc-4b82-8703-a6facf66c5d7,Rayaan Krishna,MALE,Officer,9
36334f59-6bc5-47a9-b81e-45eb7fb6953e,Krish Sandal,MALE,Officer,9
ee451e84-428f-4a7c-aef4-1c63ef1306ae,Simon Babu,MALE,First Responder,9
0d9ece6d-43ed-4fe4-bfb1-566a6ee42ed2,Aashi Gera,MALE,Doctor,9
4915a2ec-f9e8-4441-b6a1-ff3446d51473,Jalsa Sandal,FEMALE,First Responder,9
8d1459f1-996b-4f4d-912b-213c301d395f,Ladli Behl,FEMALE,First Responder,9
e2d4de5b-fc75-4929-833d-5bcfb093645b,Yutika Viswanathan,FEMALE,Doctor,9
05dfbe37-a172-4e03-bc39-8334d5ac1bb7,Pooja Chahal,FEMALE,First Responder,9
750ae754-3006-4abb-86ca-40457a500756,Gayathri Suri,MALE,Volunteer,9
ab414b43-3a95-4c31-88a4-a4ab92fe7f22,Tanish Kothari,FEMALE,Doctor,14
98aa9977-5778-497c-b8c8-66fcd564fd52,Darpan Kurian,FEMALE,Fireman,14
859da16c-ea7c-4862-8233-ed99f587d7da,Jhalak Chand,FEMALE,Doctor,14
aa892172-4611-47d8-abe4-83dc54f48be0,Naksh Chander,FEMALE,Officer,14
fa209bd3-61b5-439d-b523-3d43385ffb19,Tripti Babu,MALE,Volunteer,14
76804153-e408-440f-8152-f7fbbbda4944,Ekansh Bains,FEMALE,Officer,14
452d87fb-27a2-4449-a4ad-46bc3eeac64a,Nimrat Sastry,MALE,Fireman,14
14cdff77-2a34-4113-84b0-fbb606299b86,Tanvi Pai,MALE,Officer,14
bcfe325c-1beb-4b38-9efb-590a25601231,Fariq Mody,FEMALE,Fireman,14
9bf1b861-2c6d-4927-ac7a-c9533d9b7409,Ishani Varghese,MALE,Volunteer,14
c10ced56-ca78-4d26-93a8-f80e5a0d28ac,Om Dixit,FEMALE,Officer,14
13235613-fd70-47d3-829e-c117abb16bf0,Lajita Nanda,MALE,Fireman,14
d04763dc-f7ee-4923-b71a-596cde33de5c,Irya Chadha,FEMALE,First Responder,14
6584ff47-ceaf-4972-8213-5907aad2178e,Nidra Basak,FEMALE,Officer,14
6b76fce3-38f9-4017-93a9-2cc644503b25,Kashvi Chaudhry,FEMALE,Officer,14
0dc2de23-3a90-496d-bf37-9112bccd12bd,Janaki Boase,MALE,Officer,14
d8502ad3-d05f-4cf2-b39a-ac75a249be7c,Zinal Mallick,MALE,First Responder,14
07bfff35-7abd-49cf-b9ca-69c04cc6f745,Azad Chhabra,MALE,First Responder,14
9be5c583-db79-4290-b46e-161c7157b54e,Rehaan Palla,MALE,Fireman,14
8e1a6a2f-b569-4b6a-aced-d2183051122f,Mohini Warrior,FEMALE,Volunteer,14
2a5d497b-49ad-4bb1-ba30-71c7a1029b72,Ranbir Mital,MALE,Volunteer,14
a96f8a3f-eaba-4c35-bc91-5b5cc01d5fbe,Devansh Khosla,MALE,Officer,14
c25f6089-9bef-453b-aaef-f17a66e6343c,Aachal Bhargava,MALE,Doctor,14
50614561-ecda-48ee-ad85-1da1efd621df,Ganga Andra,FEMALE,First Responder,14
a14018de-6508-4c25-ba60-3b65071f9326,Baljiwan Bhavsar,MALE,Officer,14
e005f9c2-0fdd-4420-a0d7-5c960b4e211a,Avi Peri,MALE,First Responder,14
36168ce3-d844-4831-874c-cecbbda100bb,Yash Brar,MALE,Fireman,14
ee531cdb-4a4f-4985-95e1-0148236d11b1,Urmi Naik,FEMALE,Volunteer,14
1a44aaf8-8c58-4029-b83d-48de7c7deea8,Nitara Yogi,FEMALE,Doctor,14
f8c133bb-0268-4234-a7aa-71302fbffd0d,Nicholas Sha,FEMALE,Officer,14
db44509e-1de3-4771-b0ff-5ee1e478b236,Meera Johal,MALE,Fireman,14
70caa6ca-02f1-4624-8ab4-bb62523123a9,Priya Guha,FEMALE,Fireman,14
43c26c8a-9988-40f1-ae6b-6ec0b9cfe6a0,Lila Rattan,MALE,Volunteer,14
a6455378-d6b7-4ed9-91e7-c44916bd329d,Turvi Desai,FEMALE,Volunteer,14
f4932c0a-6ed0-4dcd-bf3a-84d35a9ef955,Kala Dara,FEMALE,Volunteer,14
6663f31c-c71a-4e81-935a-e1088749d3f4,Nikita Varty,FEMALE,Fireman,14
476049c0-5fb3-479b-86c8-7f20049b1bd8,Lakshmi Bobal,FEMALE,Volunteer,14
7c272ebb-0c81-4ef5-9390-dc49ad31a767,Avi Wason,MALE,Doctor,14
8696cf8e-340d-4a91-9999-f7c0bf3ad95f,Vritti Tiwari,FEMALE,Officer,14
fc816fec-3c67-4906-b6ff-295b2c5fc2ee,Anika Vaidya,MALE,Volunteer,14
c88c1bc5-70a8-4c40-bc9b-7011d9c43771,Aarini Chhabra,MALE,Volunteer,14
2add748d-780f-4cb9-aeec-900f11b44518,Anay Korpal,FEMALE,Fireman,14
c4cbd90e-4ba2-4663-b580-d6e59c1afb36,Harita Hora,FEMALE,Officer,14
f6c58722-0be9-4a4a-a3d4-fef9303f58e0,Dayamai Sundaram,FEMALE,Officer,14
36def04b-2bce-4e5a-8550-db218236ec31,Theodore Kumar,FEMALE,Doctor,14
d47aa66f-0e39-4ade-a2c0-7ccc02146703,Anvi Kurian,FEMALE,Volunteer,14
1ecd262c-1b00-4c13-a9f2-bee20a5533ad,Yagnesh Dhar,FEMALE,Fireman,14
86120d16-276c-47d0-badb-22add8018daa,Chaitaly Karan,MALE,Doctor,14
eb7f12f5-455b-4508-8a30-a06e1a8bdf5f,Dhriti Borra,FEMALE,First Responder,14
7d16abb9-120b-4538-8647-420c80243e49,Edhitha Thakur,MALE,First Responder,14
26e46880-a6a5-4748-9fd8-be9333e4feb8,Nidra Mahal,MALE,Fireman,14
abb76e0b-24bb-47cc-9627-9280c8e97701,Pratyush Balasubramanian,MALE,First Responder,14
e776d784-a476-4fce-a0a8-da0d03ce7dfe,Christopher Shankar,FEMALE,Volunteer,14
5b53bbdb-e139-40fc-b2b2-8faca81cb0a3,Geetika Kar,FEMALE,First Responder,14
3d56222e-ca4b-4daf-ba44-120a1a188c81,Abha Narayan,FEMALE,Fireman,14
0e5154e8-0f67-440f-b97d-958771195e29,Peter Patil,FEMALE,Officer,14
876b4292-f3df-4546-8676-89ab692f5e28,Hitesh Parekh,FEMALE,Officer,14
88fc298a-c513-4376-a331-97cfdac4c319,Triveni Natarajan,MALE,First Responder,14
1ec94a9b-d96c-49c3-812f-f8c9dd1e4542,Odika Sabharwal,FEMALE,Fireman,12
1e7b0740-d6a5-4873-b199-7f5cb87d23dd,Chavvi Lad,MALE,Fireman,12
828c728a-910c-4b81-b696-d6a3a545417e,Lajita Gulati,FEMALE,Volunteer,12
db4b198b-dca6-42dc-8fb7-484ff553777e,Agastya Kurian,MALE,Volunteer,12
b62d1f6f-83ea-4209-ad25-945d6f8c7e2f,Upma Gara,FEMALE,Doctor,12
ae8463fa-a741-4911-a6ac-b685329bc862,Nandini Sengupta,MALE,First Responder,12
6e7aa303-1f66-4329-b460-9b299226b2cb,Aashi Brar,MALE,Doctor,12
52ab918a-3b25-4ce5-aa00-a026fa40f462,Dakshesh Barad,FEMALE,Doctor,12
9718604d-db1f-4f06-b3a3-4f6a0e79c892,Anirudh Kala,FEMALE,Fireman,12
c59b328f-9716-4934-a003-c0a4d3fc0adb,Osha Savant,FEMALE,Doctor,12
05eef325-22d4-4012-929f-4f695d35f448,Oviya Bose,FEMALE,Officer,12
d46b14c2-1f69-42b0-a546-7f302302e2ae,Hardik Sami,FEMALE,Officer,12
2baba38e-7149-465f-8ef1-2153badce4e7,Aarush Bera,FEMALE,Officer,12
2f7e7fec-1433-4321-9262-3929aa539b93,Ethan Butala,FEMALE,Fireman,12
249b35f7-ee06-497e-abf8-6aee09cb2ab2,Watika Bal,FEMALE,Doctor,12
d0564797-6078-4fa4-b22e-9dce08373cf6,Tripti Koshy,MALE,Volunteer,12
48dcf656-084c-4159-a1af-a40c15ffcefb,Aishani Varty,FEMALE,Fireman,12
fca636aa-970d-4d7d-8839-c1a0270f3e69,Udarsh Jhaveri,MALE,Fireman,12
5f7006ae-d2f2-4140-ae28-1252cd099696,Daksha Barad,FEMALE,Officer,12
4a128c88-d626-4645-9a94-aacd4f592e31,Jhalak Prakash,MALE,Officer,12
f1e56d6d-2509-4595-8720-b28ea38d7796,Keya Rama,FEMALE,Officer,12
f6455e84-6d36-4f34-bb86-a13f2c6437ef,Sara Sastry,MALE,Officer,12
bfd76248-d300-4d6b-baf3-03a1c96828a3,Irya Viswanathan,FEMALE,Volunteer,12
259fed68-d2e8-4716-b775-ee1edb8d8bdc,Bahadurjit Sant,FEMALE,Doctor,12
6a54d4fe-dda2-4c10-9a50-df9d60946f45,Urvi Kashyap,FEMALE,Officer,12
98beed9d-9991-4679-82bb-36ee20cd7140,Hredhaan Menon,FEMALE,Doctor,12
1eb4c1cd-5cb6-4d09-a805-d93f21f5d0b9,Mahika Batra,MALE,Fireman,12
0b547085-c29d-4475-85b0-9b53e8778897,Ati Parsa,FEMALE,Doctor,12
28e607d7-4003-423a-af05-5d27bbb61294,Arin Sule,MALE,Fireman,12
232f2d1d-8f86-4c68-813d-687cbb65f58f,Manya Radhakrishnan,FEMALE,Volunteer,12
8d96230b-28b4-485e-807f-0ba345ff4572,Abeer Raval,MALE,First Responder,12
47ee5ad1-28b8-406c-aa35-8880c7b29435,Ganga Chaudhary,MALE,Fireman,12
f4eee772-1e68-477b-a688-f0fb16fbc883,Devansh Seshadri,MALE,Officer,12
4ac88b6f-a9ce-4ecd-b630-6f6418629e13,Theodore Gill,MALE,Fireman,12
bc53fd9b-ef7b-46b2-8b66-691602d7e174,Jagvi Vaidya,MALE,First Responder,12
3702bc2d-be04-4db1-9e91-4011edc407ad,Yatin Karan,MALE,Fireman,12
083ea268-f3bd-4194-b855-9a7a16363cdf,Finn Sabharwal,MALE,Fireman,12
c157c442-c638-436a-ad59-d34711404ca4,Upma Bakshi,MALE,First Responder,12
3150237c-d13e-4e8e-9f7b-d0409826b109,Arya Singhal,FEMALE,Officer,12
210e13c9-bb07-4299-9782-17e15ad1345a,Yash Dutt,FEMALE,Fireman,12
8ed5710e-b58e-49d6-b692-fdc730b51977,Baghyawati Magar,FEMALE,Fireman,12
ee0f506f-e90e-498e-be8c-d3c80b67df1b,Gopal Banik,MALE,Officer,12
59100430-fb1c-4ead-832d-ec9e6b7891f1,Yochana Kashyap,FEMALE,Officer,12
426cea1f-9e76-45c7-964f-bfb3acac010d,Manya Mishra,MALE,Fireman,12
a9cbf5e2-589b-4124-9392-09629646a510,Andrew Kant,FEMALE,Volunteer,12
b3a96bc1-681e-4352-9acd-bb785675dd93,Madhavi Gole,MALE,Volunteer,12
2836ee1d-3ace-4d54-a3be-2d8c241eab61,Yauvani Varkey,FEMALE,First Responder,12
a8a27430-e59f-4262-8aa6-b7459020020f,Urvashi Iyer,FEMALE,First Responder,12
c2009fe4-a052-4819-bbd7-24758624c8c4,Isaac Rege,MALE,First Responder,12
bc00f452-d142-46b4-bc43-659e2031fec7,Falak Munshi,MALE,Officer,12
2263cefc-5e26-4b9c-89cb-833df248c23d,Niharika Sundaram,FEMALE,Officer,12
8ac6a5fb-265d-4a27-86bb-f585c7b69a63,Jatin Rout,FEMALE,First Responder,10
f57439a3-78f5-474c-971a-238d07a40f37,Eta Bora,FEMALE,Volunteer,10
51d7421e-1d74-466d-ae88-2a6ec59ce130,Riya Badami,MALE,Volunteer,10
ee441fef-e76e-4b87-afab-864115722459,Aadhya Handa,MALE,Doctor,10
f2c51d39-0ac8-4aad-b1be-beeba3b5e9f1,Mitali Desai,MALE,Fireman,10
276d5706-9a45-4d28-af46-a0ae6dd973f0,Oscar Krishna,MALE,First Responder,10
dc60d3e9-7c99-4746-9e62-1c1d6ab6829a,Agastya Din,MALE,Volunteer,10
41ff72d9-1437-4954-ada8-ae69ccf337c5,Christopher Dash,FEMALE,Officer,10
1709e836-086e-4694-99d6-91e6f0d115d7,Nicholas Acharya,MALE,Officer,10
a5472e7a-72b3-4973-970e-41a7be91ed28,Henry Warrior,MALE,Volunteer,10
7975e828-696a-4e52-8b8f-574fb606eb48,Faraj Dugar,FEMALE,Fireman,10
f0f1d5ae-0292-4eed-956c-98e6dfa458b5,Onveer Bhasin,MALE,Volunteer,10
99d59845-3503-48ab-a0b0-f9f33502af51,Alexander Dua,FEMALE,Doctor,10
3133f92a-681b-4ee6-bb30-17643b1f2816,Pranav Gade,FEMALE,Fireman,10
c3a65513-2265-4c89-9cbd-d05346133cf1,Unni Chad,FEMALE,First Responder,10
19938f67-8faf-4e19-8255-7e98090d145e,Edhitha Natt,MALE,Fireman,10
0edfd604-f2c1-4eca-ad2c-1bdae0d43295,Vasudha Nadig,MALE,Volunteer,10
3b1dcf31-d7ae-4b80-a43e-ad6334b48b80,Divya Nanda,FEMALE,First Responder,10
b96981b6-0ace-4f45-b236-50df3a2bcfee,Naksh Gaba,FEMALE,Fireman,10
48aa36cd-b5e0-46ab-95e7-6e2d1ca7813b,Fitan Basak,FEMALE,First Responder,10
67da45c5-8a3f-42a7-9843-a9bb2957a639,Vasatika Prasad,MALE,First Responder,10
296a0627-0f54-4ef8-83e0-f342c7625388,Brijesh Dash,FEMALE,Fireman,10
a66251c4-1943-44e4-8497-7a4ce1b75ec4,Falak Wagle,MALE,Officer,10
5698afcd-c1b6-40cc-a32a-ce20a6498531,Agastya Bandi,MALE,Doctor,10
736b7f07-95b7-4040-b54a-15b1822c49e2,Zayan Bhagat,FEMALE,First Responder,10
0081a4ae-6ba6-49af-bb33-3bad37ae1c51,Niharika Basak,FEMALE,Volunteer,10
349ad0ce-2c19-406f-80a6-99489f442d9c,Vritti Lala,FEMALE,First Responder,10
7b6aaf1f-6096-4970-9af6-becf638fabdf,Kabir Ratti,MALE,Volunteer,10
63e54713-4598-4fdc-a738-fcf6df7706ed,Zilmil Thakur,FEMALE,First Responder,10
2f81c28e-e05a-4c11-ac95-8905b04c92ee,Nihal Samra,FEMALE,First Responder,10
922dd7fe-00b5-40f4-ab3e-d12dc93a8378,Dipta Som,MALE,First Responder,10
603554e2-e187-4f04-9683-b19108d203e7,Tanmayi Chaudhary,FEMALE,Doctor,10
eafe4e0b-77f4-42eb-b253-de9105f9e9bd,Jack Raman,MALE,Officer,10
74e5514a-1647-46a4-b782-f41b91346aa8,Ishani Kunda,FEMALE,Officer,10
79356554-920a-4f9c-88a6-af6be9499427,Mohini Varughese,FEMALE,Fireman,10
43e4ea6c-3522-494f-8a47-dfee1df3f6fb,Jhalak Contractor,MALE,First Responder,10
42bc8bab-c586-4026-b5ff-ab9a16617cde,Wahab Gola,MALE,Fireman,10
0b651597-ee23-418c-8894-ebed997ad809,Indrajit Bose,FEMALE,Volunteer,10
ccda4323-e07d-4212-a516-69b41da3373e,Indira Narasimhan,FEMALE,Doctor,10
e2818211-d5b1-4590-9d29-d06624d679ec,Ucchal Sengupta,MALE,Fireman,10
be22c8f5-3447-46b1-ac4d-16c378b2bbfa,Ronith Rajagopal,MALE,Officer,10
344684ce-8c67-44ce-afdb-9217646cb3d0,Vihaan Khalsa,FEMALE,Doctor,10
de3f3f14-dc4c-4f56-a13d-ff70fd470a81,Ansh Mallick,FEMALE,Volunteer,10
caf02767-bc7c-4d8e-9dd2-2c4137913aaa,Chanakya Munshi,FEMALE,First Responder,10
92169a66-60d5-4f4c-bb82-eae4f6c5d771,Anthony Sem,MALE,First Responder,10
394d8d59-bf5d-4f7a-a7f5-2700f866c525,Jonathan Minhas,FEMALE,Fireman,10
d8ca3124-3180-4648-be4d-864dc7f3ba99,Vasudha Dugal,FEMALE,Volunteer,10
be88ca16-7048-484d-8455-de657b7a2d0c,Reyansh Kala,MALE,First Responder,10
8fad2919-7887-49bd-9a10-eaa551ab17c0,Anita Gulati,MALE,Officer,10
cfab0b67-544d-4f5a-8221-5147e56bedc2,Charles Savant,FEMALE,Fireman,10
ad00fb29-466f-45a6-beda-b2e26fde436e,Lavanya Varty,FEMALE,Fireman,10
da16a4de-b413-4a62-b972-82c25438b1a8,Adya Munshi,MALE,Volunteer,10
3311bcdd-c548-4c10-9d49-a132d4235a45,Vihaan Pandit,FEMALE,First Responder,10
088b0044-a88a-46f6-84e4-718c7c513cc6,Ryan Karnik,FEMALE,Volunteer,10
dd06daee-fde4-4646-b06b-667f8ab7e685,Xiti Dar,FEMALE,Officer,10
579aa0e4-ef50-49dd-8108-d0b9bd65e900,Sai Solanki,FEMALE,Volunteer,10
d80a7fb5-5c36-4ac1-af97-307c04e3463c,Lopa Pillai,MALE,Doctor,10
31d00cba-5145-41c9-9e92-96fac5ae5f1d,Vedhika Hayre,FEMALE,Officer,10
aa56452c-1a23-49f9-b662-9899f201b27f,Nimrat Sunder,MALE,First Responder,10
273d5cba-d78c-41f1-8c59-9c958b648ca2,Hemani Modi,MALE,Officer,10
748bf0f1-124f-4fa5-a117-22a5c652e4f5,Gaurav Bhatt,FEMALE,Doctor,10
a9c64f59-cbe0-48b6-a4a7-e575bef3d195,Tristan Sankaran,FEMALE,Fireman,10
de249e9b-d31a-4880-a9bb-db4fdc2ad31c,Eta Ravel,MALE,Doctor,10
8d6c5e74-9896-4710-be59-d46a45a2ded3,Arin Sen,MALE,Doctor,10
49d9da23-0154-4525-9dcc-d43ddaaf004c,Victor Mital,MALE,Volunteer,10
79464e6e-6332-47b4-8304-d78e87756617,Champak Master,MALE,Fireman,10
3bc825c7-5467-4de7-909a-98618b2a832a,Yashica Balay,MALE,First Responder,10
81ec032a-21db-444d-8ff2-be316e87bcb2,Fitan Chad,MALE,Fireman,10
24d14f93-147c-4f76-986d-6ee9bed70eb5,Turvi Kari,FEMALE,Doctor,10
b16eabb0-9d2e-42d5-be4e-d76b1e6b875e,Bhanumati Kapoor,MALE,Volunteer,10
50db7068-bdca-44f3-9435-71aaf14d44c1,Rishi Munshi,FEMALE,Officer,10
09f1f515-508e-44b5-82d8-8fd2f163c2db,Nirja Srinivasan,MALE,Doctor,10
2473a6e8-2d42-4122-9078-c934d3637cd3,Urvashi Pau,FEMALE,Doctor,10
0d4e8669-bfcb-415a-adec-c7c8f4daf934,Falan Luthra,MALE,Fireman,10
a24f3c6c-13d7-4a95-a7e8-ee6bb31552a1,Amrita Oommen,FEMALE,Volunteer,10
8eb5bd6f-b49f-4e29-ad9c-0ec06953630b,Yadavi Anne,FEMALE,Fireman,10
8a6fc442-8986-4e6e-b3d6-4bb0f696d79e,Radha Shroff,MALE,First Responder,10
d1422c94-5261-4dbf-bc24-c9c777f6f858,Hiral De,MALE,Fireman,10
0c099f16-f8c3-4176-bf03-c38469531285,Hiral D’Alia,MALE,First Responder,10
6b7bf638-2a58-4f6f-a54c-37d5ca7e42c1,Aadi Minhas,MALE,Fireman,10
a1fe9c31-9eb4-4907-8050-9ffae88d6907,Radha Batta,FEMALE,Fireman,10
4380faf4-f2d6-4221-bdc0-c1d8ffdae81d,Mitali Karan,FEMALE,Doctor,10
04bc488f-9f0c-4d6e-a1f2-e2a33a4b9b92,Aarush Chaudry,FEMALE,Officer,10
d6fecd51-747a-49f6-8f48-f8d13c305d55,Urmi Ramaswamy,MALE,Officer,10
dc8c7ed7-3122-4cf6-9383-8381510fbd7c,Baljiwan Murty,FEMALE,First Responder,10
54005a78-dc61-44dc-a7c4-1e7dbde85893,Naksh Dhar,MALE,First Responder,10
cb4b6813-6d4b-4f7c-b7bb-8f03b299b470,Mitali Parmar,FEMALE,Officer,10
dc1841e3-6ce7-48f7-aece-4d0703ed9d09,Damyanti Loyal,MALE,Fireman,10
0af14bfb-b1e4-41a2-bca9-04ca0fabd347,Frederick Ramaswamy,MALE,Doctor,10
6b73192f-924f-4cce-ac84-2f45b3db9186,Vidhi Pall,FEMALE,Officer,10
0e6f65de-dbb6-4f4d-abec-29f6b9f69864,Caleb Loyal,FEMALE,Officer,10
1cec0b7f-7df4-4bf5-88f4-59c6a402eec5,Eta Krishnan,MALE,Fireman,10
950cc26a-c2b2-4bae-8125-7a8b7d02ee0a,Qabil Kant,MALE,Doctor,10
dd3f59ec-c605-471a-9cf6-d3ddc51b031c,Chanchal Sandhu,MALE,Doctor,10
41d45d3c-077d-4dab-bdaf-858baf2ecf5a,Rajeshri Sahni,MALE,Officer,10
df7b171a-6c36-4aa9-9229-26f4d341f2c4,Falan Warrior,FEMALE,Volunteer,10
a1bf878f-d9ae-4dc7-bfc2-46e9d08270f2,Aadhya Dhar,FEMALE,Fireman,10
76df1177-49ac-408a-8112-adfaf074e3a2,Sanaya Varma,FEMALE,Volunteer,10
1ab6e387-e7c2-45de-a0cf-3a75ef98ca2b,Dalaja Gandhi,MALE,Officer,10
17c2e9e4-40f5-439e-a290-72fea3442d39,Darsh Chauhan,FEMALE,First Responder,10
e24a8aa6-c212-43e3-b2fe-99aae99f0563,Aadi Nagar,FEMALE,Volunteer,10
f755e287-b0b1-427a-b5d2-0cd374b68fdd,Yug Kata,MALE,Doctor,10
17aeba94-576b-4bc4-8b75-2e176f3a4cdb,Saumya Gupta,FEMALE,First Responder,10
7d7ff9f5-6b5d-40ca-9d58-5f863539ad11,Harinakshi Talwar,MALE,Doctor,10
519a5e61-76db-4e21-9e3a-ec3c54dc0e49,Lakshit Sarkar,FEMALE,Officer,10
d75af097-a361-42db-b628-ba44dcd7b556,Champak Srivastava,MALE,First Responder,10
60b6df94-8f1f-4da5-8e11-1850c9da8f67,Barkha Pant,MALE,First Responder,10
68571985-9e95-43e7-95d6-5d4be5e1ac6e,Peter Kohli,MALE,Doctor,10
4e89762e-fccd-4cf0-8807-58456b9e0e7c,Tanvi Tandon,FEMALE,Fireman,10
e565c084-9694-4297-a09b-873f5e4a9464,Advaith Wagle,FEMALE,Doctor,10
03b50ec2-1199-4bba-937b-41b216754cdd,Amrita Comar,MALE,Fireman,10
f097dc43-ec5f-425b-8258-b4f66f713c6d,Watika Madan,MALE,Officer,10
aed65ec4-aa91-4e49-affd-7daebfaec3aa,Aashi Bhasin,FEMALE,Officer,10
dda8e068-1b3c-42d9-a243-29e060ee1e34,Manthan Dugal,FEMALE,Volunteer,10
96a74467-305a-49ff-897a-b93264b12a65,Avi Shah,MALE,Doctor,10
795d8db4-cb95-4bf7-9207-322266d5bf6c,Priya Vig,MALE,First Responder,10
184cc30b-6b9c-4ff6-8266-badbc1baad37,Kavya Ravel,MALE,Doctor,10
0ceff4a8-135e-478a-8a23-1a30abb0b0a9,Edhitha Chahal,MALE,Fireman,10
cc61c2a5-c2dd-4d91-9bd9-137883b437cf,Viraj Datta,FEMALE,Fireman,10
8e3a1522-87e9-4e4f-90b7-bf07e92ea893,Mohini Kalla,MALE,First Responder,10
f5ab7e7a-5ba0-4c51-801e-057670aa67e7,Indrajit Atwal,MALE,Volunteer,10
5f232753-632a-471e-8cd3-2f787b599906,Charita Das,FEMALE,First Responder,10
177747fe-d405-4c68-bd10-d68a9dc8a592,Hardik Barman,MALE,Officer,10
d0d427e2-9951-4b45-8940-ad22eb08d060,Alka Savant,MALE,Fireman,14
50bafeb0-173e-4d3e-a092-ba2e7494807b,Hemani Lanka,MALE,Officer,14
e655140d-c0d0-4bfe-bdec-cd38ddcd102c,Wishi Bhat,FEMALE,Officer,14
b7601c30-6c1c-4a30-885a-f82c5cc2e1c9,Zehaan Deep,FEMALE,Doctor,14
80867d54-27db-40ff-844b-00a99f2e6968,Leela Varghese,MALE,Officer,14
98fe7b75-40be-4068-a5eb-91361db512e6,Gautami Vasa,FEMALE,First Responder,14
c93827df-50b7-4322-8a61-ff3b35e78873,Daniel Arya,MALE,Officer,14
a498a234-262e-4189-a9e9-be18569c5562,Champak Bhat,FEMALE,First Responder,14
24e93290-1901-409b-8bcb-cbc962a17be8,Frado Kapadia,FEMALE,Officer,14
a6ee5a36-96c6-4439-9695-27b87537c4d2,Abeer Dugar,FEMALE,First Responder,14
8e08c204-efb2-4422-b090-a4ae934a58a6,Jasmit Dhar,MALE,Officer,14
94d06d05-dcc6-46da-a6b5-d590e3dd557d,Zayan Gokhale,MALE,Fireman,14
eb554b68-e0de-4029-bf14-66609f31d98c,Nandini Walla,MALE,Fireman,14
a1d5c034-a26a-44c2-94ec-ceaa4cb8eebe,David Varughese,FEMALE,Fireman,14
e98dcef7-e3c1-4503-9904-4b1ed6f730d3,Nilima Sood,MALE,Officer,14
7c29a916-caa8-47c0-929d-4ff4ef6cd9de,Irya Shan,MALE,Doctor,14
a67e6f1e-f3c1-476f-9661-cb08f44d9984,Harish Venkataraman,MALE,Doctor,14
93a2dc81-7a90-4deb-b222-223f9eeba939,Tripti Padmanabhan,FEMALE,Officer,14
56834f7c-67f7-4e72-ab08-7523ec76606c,Nisha Toor,FEMALE,First Responder,14
31ff47ad-9bc6-4ef8-9367-6f4342828f50,Udant Gera,FEMALE,Doctor,14
ce0c031b-6330-4e62-985f-ba35f96af222,Bhanumati Bhargava,MALE,First Responder,14
cb39b5bf-9893-4860-865a-34b33c47b2a9,Odika Lala,MALE,Fireman,14
a3096bc0-4d9e-48e6-8e04-55e07b1fc77a,Arin Sani,MALE,Doctor,14
39f7dbe4-2fb7-43f5-91c1-c995c529ec55,Nidra Pradhan,FEMALE,First Responder,14
19b9e807-96e8-4381-a10f-fd5e0b4b16b3,Triya Rau,MALE,Fireman,14
14f7e070-e36f-48c1-aff0-32d053584267,Bhanumati Tandon,FEMALE,Fireman,14
5c32a4b3-f657-4397-b298-cd3e646c91ab,Kiaan Kibe,FEMALE,Doctor,14
d8135189-9907-45b6-aaf3-4c60186ed3b4,Patrick Radhakrishnan,MALE,Volunteer,14
fd6e0fda-4359-4b6f-9d1b-e267a5995d92,Nidra Mutti,FEMALE,Doctor,14
a5f4c1c4-ada0-48f8-95e2-209dbd471b96,Chavvi Kakar,FEMALE,Officer,14
caea6138-d57a-486d-b1be-6d5c911e35f5,Rachana Nagarajan,MALE,Fireman,14
cdd511ca-bd89-4de8-877a-221d30893a5f,Aachal Bhagat,MALE,Officer,14
002dfb3d-e012-4c9a-8bcc-7895185b3d2f,Ronith Tella,MALE,Officer,14
cc67d16e-2011-40a0-9dd0-6fe2950acbea,Harini Panchal,FEMALE,First Responder,14
f5f8cd07-0afe-48cc-9630-47effb968d1d,Frado Dash,MALE,Volunteer,14
84ec6947-b929-4439-80fb-9e382d582aad,Shivani Sarin,MALE,Fireman,14
27c4d789-54f1-4bad-9c38-2600206e8343,Saksham Choudhry,FEMALE,Doctor,14
69aa7670-9f39-4fbc-9442-922e43030977,Sanaya Thakkar,FEMALE,Officer,14
8a161ba0-e14f-48b5-8507-430cb060d53c,Jai Basu,MALE,Volunteer,14
7ae3b20c-0850-4a8f-af72-2b865d318b2f,Atharv Jha,FEMALE,Volunteer,14
debf3022-f010-4734-8b35-fdde6d3afbfa,Owen Nagy,MALE,Fireman,14
d0c4f4a6-fecb-42dc-8ae6-4ec54014a1ba,Ishani Lal,MALE,Officer,14
96c7564e-5e8b-4047-8bbf-9732c864e802,Megha Shroff,MALE,Officer,14
7ca21782-c82c-4d45-a229-e60684ded231,Nidra Sani,MALE,Fireman,14
b0cf923b-8352-4b64-86a9-8a9869215de7,Naveen Chowdhury,MALE,First Responder,14
2d9c895d-b200-463d-8cf9-cd1ddf08a68b,Parth Bhatti,FEMALE,First Responder,14
84216a72-11a8-4ec1-8b5f-d034a7755187,Omkaar Kaul,MALE,Doctor,14
abd8784a-bfbc-4896-954e-5145a923ca6e,Ishaan Shenoy,MALE,Officer,14
c036f9f8-2a89-47d3-bf50-67d167176015,Omisha Baria,FEMALE,Fireman,14
8aa62e24-8092-4503-bb16-f10322bbdd49,Aadi Sule,MALE,Fireman,14
a8cb6aff-7e83-4f22-8ac7-c0f17fab1093,Indali Shankar,MALE,Volunteer,14
746606da-63e1-4209-9cc1-6c568f55cbeb,Hiral Bedi,FEMALE,Doctor,14
77ec4195-b14e-4667-9bb5-95bc1f676171,Rushil Bedi,MALE,First Responder,14
c84cd819-567b-4621-94d4-2d779d6f0051,Max Joshi,MALE,First Responder,14
25f4e966-374a-4949-ae59-cc4464e9bb77,Vaishnavi Choudhary,FEMALE,Doctor,14
b454267b-6f88-453d-9037-1a3f47176fd2,Yutika Dora,FEMALE,Officer,14
287fa386-016a-42c0-bb39-5a3934c66a41,Elijah Chadha,FEMALE,Volunteer,14
76e90d5a-6fbb-4993-8007-115513bfee1d,Chanakya Puri,MALE,Fireman,14
323c47cd-43d3-4010-9776-e881c86113df,Girindra Singhal,MALE,First Responder,14
71f9c175-ab3e-4c09-8be1-91add92fee51,Harini Subramanian,FEMALE,Fireman,14
a9ab0b5e-cf59-4e08-b3cc-b0630ad039b2,Harrison Barad,FEMALE,Fireman,14
4dddd792-27fb-4cf3-9370-9ad60f2c53a4,Eta Edwin,MALE,Doctor,14
50a4b6fb-97be-41b0-a75d-0777d6ceb21f,Abeer Karnik,MALE,Doctor,14
ec44ed15-7728-4823-a6a7-e55582cff31c,Madhav Tank,MALE,First Responder,14
86cb8f47-ac42-44cc-aa0c-616b8a238c54,Umang Arora,MALE,Officer,14
fc031c58-4bb0-4816-90b8-4f48a40cd1b5,Yasti Chawla,FEMALE,Doctor,14
8b76b9be-73c3-4327-9339-29afdc75f2d6,Waida Bhasin,FEMALE,Fireman,14
ac6aa574-4875-4a05-9fdc-ae6603e5f7bb,Faqid Grewal,MALE,Officer,14
5b3e66cf-42f9-444f-984a-c4793d8a596b,Yashica Chaudhuri,FEMALE,Doctor,14
cf790057-954d-4b19-a9a7-cf526f725ab6,Maya Patla,FEMALE,Volunteer,14
86bcdb46-0541-4684-a91e-82f629b10a89,Ishaan Gade,FEMALE,Fireman,14
b84dcdd0-b368-45fa-a0e4-d2068491ca15,Dayamai Singhal,FEMALE,Volunteer,14
94f37b74-2a26-454a-aa20-5b3f1fac1535,Chasmum Mani,FEMALE,Volunteer,14
021283e8-abdb-457b-a631-96d56735ed2f,Tara Chaudhari,MALE,Officer,14
f0385155-5006-4bc3-8430-a60e6ecf2f6e,Kai Sankar,MALE,Fireman,14
4567f3ad-d1f3-4d93-afa7-26ff5834cb80,Kamya Sawhney,FEMALE,Fireman,14
d9cd0703-f646-43b0-80a1-fb6ba712fe54,Sara Ramakrishnan,MALE,Officer,14
47f50657-08b3-4507-9c3d-8d2c2d833b2c,Tanish Prabhakar,MALE,Officer,14
fecf24b4-ade7-4dfa-a23d-6bf6f0d8532e,Madhavi Toor,FEMALE,Doctor,14
17de493c-2296-41ab-b237-a8049de39c6d,Xalak Arya,MALE,Doctor,14
cedaaec4-37b1-4e70-a3a0-b58eca1e5140,Tamanna Chaudhuri,FEMALE,Volunteer,14
b5be9ee5-e8dc-41c7-9cff-95111efc44e7,Abeer Kuruvilla,FEMALE,Fireman,14
e726ed9c-3dea-4f70-87b1-1349cc1d9471,Balvan Rama,FEMALE,Officer,14
1df1281a-5b60-4f3b-9b98-03771cb5a603,Bhavini Sastry,FEMALE,Doctor,14
762f1e59-bad6-463c-beb4-5ca2ebeef816,Ikshita Ramakrishnan,MALE,Fireman,14
294821b7-d68f-42a3-a74d-e7431c090ce7,Anirudh Mani,FEMALE,First Responder,14
298b85d1-886e-4021-9851-a378119717d6,Zinal Kakar,FEMALE,Officer,14
44bdbebd-33dc-40ca-b493-28cb2ed65170,Ayushman Dey,FEMALE,Volunteer,14
aefd705c-a7db-4226-84a2-f7cec0d26691,Suhani Ganesh,MALE,Fireman,14
617d41f8-638b-42c0-a9ad-6eb28599e27a,Ubika Tara,FEMALE,Officer,14
a7b73636-1f1d-42f7-a247-62724ffcf562,Yashawini Handa,MALE,First Responder,14
db23845f-2aad-4cc2-bc94-370fce037fea,Parth Batra,MALE,Officer,14
31829d59-3213-4205-a43d-d9904f59ded0,Girik Singhal,MALE,Fireman,14
20053210-d485-44b2-ad6f-e360e0f27fcf,Bhavini Issac,FEMALE,Doctor,14
c5b88e32-a63b-44c2-9bcf-7397f10d84dc,Ayushman Kota,FEMALE,First Responder,14
ff1d7b2b-bd71-412c-a983-34d4fc7aa567,Oni Pillai,FEMALE,First Responder,14
124bedb3-8059-4cdd-a1e3-a645358e13a7,Yasti Kakar,MALE,First Responder,14
4a18417c-3715-4c67-bc12-b9c67f4ff729,Dalbir Lalla,MALE,Doctor,14
ca8423f7-90fa-4d6c-99d1-368da3888f6f,Indrajit Nanda,FEMALE,Volunteer,14
c3b537d0-e078-4759-a406-10a32fc841d6,Unnati Badami,FEMALE,Volunteer,14
08d2ea03-7fb0-453a-8826-07de643753fd,Yachana Bahri,FEMALE,First Responder,14
9d82570f-fb60-4c3c-a128-8b295315ef4e,Anamika Sinha,FEMALE,Volunteer,14
46d0f458-001a-4149-a069-82e0af75ab60,Pallavi Bhatnagar,MALE,Officer,14
0a93b98a-39d3-4158-9f3b-52f5703cbe8c,Gaurangi Ray,MALE,Volunteer,14
a0c86120-49a4-438d-b289-50e927c37c06,Mason Muni,MALE,Officer,14
8c5a542b-f879-443e-b124-823b1e3be0f5,Jagat Upadhyay,FEMALE,Volunteer,14
b9e14bdb-1350-48bc-9a9e-3c195e8adf62,Zehaan Khatri,FEMALE,Doctor,14
2d203947-4f9a-4d77-9756-b0cb779d5dbc,Rayaan Sur,FEMALE,Volunteer,14
5a2581b3-3fb9-4502-b447-9cf4867c9e17,Aarna Chandra,FEMALE,Officer,14
c75b1691-7a0b-4b02-aaa8-cc70b39e0f38,Tamanna Contractor,FEMALE,First Responder,14
5e825cdf-1f1c-4616-be34-206d33722a9b,Nathaniel Dhaliwal,FEMALE,Officer,14
4738dcdb-11b7-4846-967f-548ec492e78a,Dhruv Pai,MALE,Doctor,14
36856958-edef-487f-9c95-f232e857bf83,Ronith Chander,FEMALE,Fireman,14
8ba18fea-730c-4aca-b26f-f121c3451284,Siddharth Bhasin,MALE,Doctor,14
debc1704-77c8-4d54-b8b9-8871132ff10b,Tristan Sarna,FEMALE,Officer,14
a72bcf81-b2ba-4141-bf11-3427e7d10b1e,Zinal Nagarajan,MALE,Fireman,14
f0388327-6cf7-4d21-9bec-c1b72463b2bb,Oscar Bhandari,MALE,Officer,14
f884c0f5-20e4-4583-bdc2-1c89d8d8438b,Maanas Choudhry,FEMALE,Doctor,14
f6ade896-858b-477d-8703-b10385897aa7,Idika Iyengar,MALE,First Responder,14
340481df-eb4c-4ceb-8434-75a8912c39b1,Avni Setty,FEMALE,Doctor,14
fa0e75c4-3df6-484d-b05a-b912bb1f1576,Christopher Patla,MALE,Doctor,14
2a65009d-328b-46e5-8e1d-2da9ceb3383d,Ishani Bains,MALE,Fireman,14
e4c898f0-8d71-4bad-976f-4427bb36d114,Christopher Karnik,FEMALE,Doctor,14
ea961215-2462-490b-8914-086ed76383e8,Rudra Bhatt,MALE,First Responder,14
e55ef9ad-340f-47f8-8184-2a7a256472e6,Vedant Chauhan,FEMALE,Doctor,14
71218dd9-c546-410e-9c3f-06dba6b8aa9d,Tamanna Sarraf,MALE,Fireman,14
9d5ef567-f7b1-48ba-951e-6f43f151b21a,Niharika Arora,MALE,Doctor,14
812955e4-b37d-4161-8e5d-b07c0d5f4126,Raagini Oak,FEMALE,Volunteer,14
e5845df8-a36a-4218-a99e-6c02ea5f355a,Qarin Subramaniam,MALE,Volunteer,14
fa13b3bf-0fd9-467a-a76a-9458ce61a784,Chaman Nayar,MALE,Fireman,14
bfc423ae-c5b3-442f-9872-76fa041b6448,Urmi Yogi,MALE,Volunteer,14
5ff4a73c-2f03-43a8-a665-5937cb99e32d,Saksham Bhat,FEMALE,Officer,14
72158591-3bf3-4e5c-8668-f92b66726738,Jagat Ganesh,MALE,Fireman,14
7e6ee6a5-7e13-4ef2-8ee2-9617c39d22f3,Jonathan Murty,MALE,First Responder,14
80c851bc-bf87-4d1c-9b59-af1a14d2b942,Bhavna Handa,FEMALE,First Responder,14
14ad2b54-ce03-4089-9053-dcc2ae0f1e42,Veer Aggarwal,MALE,First Responder,14
ad3a96d5-8732-4792-91eb-7a32904bb7e4,Yatan Dugar,MALE,First Responder,14
8f7658a5-e366-4aa6-b01b-c5762d625c7d,Jatin Sathe,FEMALE,Officer,14
05d0b4c0-964b-431f-8390-69eea2ddc4f8,Rudra Khare,MALE,Doctor,14
986ad474-a5dd-4321-b619-a4b17219272e,Bachittar Mitter,MALE,First Responder,14
54051a97-6255-447e-bed1-7a53cd8b3d84,Gopal Krishnamurthy,MALE,Fireman,24
bb3d6b3e-f843-4029-834a-6d980daf93c9,Gayathri Mangal,MALE,First Responder,24
04cf5a31-9183-4249-9dcb-9b687b702f47,Keya Kapur,MALE,First Responder,24
2bb81d52-e11c-4f85-8884-1baeb29e835c,Adweta Bhardwaj,FEMALE,Doctor,24
207cb189-428f-4498-9e8c-067d6406bcb8,Neelima Pandey,MALE,Doctor,24
d0196f69-a038-4e78-a803-601e61a1b0c1,Warhi Gole,FEMALE,First Responder,24
00ba629d-0f8d-4179-9e4a-e742e9b630c4,Daniel Narang,MALE,First Responder,24
d0a0f4d8-1b83-4544-9bf8-4087963a6a48,Yauvani Butala,FEMALE,Officer,24
7c05077f-3a31-41d4-88c2-72b611b8cf3b,Nachiket Agarwal,MALE,Doctor,24
6c829b30-2821-4e0a-a082-c8771a7b3185,Chaitanya Butala,FEMALE,Fireman,24
f3e5f89f-f46c-416c-9a47-73e41deba21e,Sachi Reddy,FEMALE,Doctor,24
247879f9-ad25-4465-a67a-dd1c068f6e79,Eesha Choudhary,MALE,First Responder,24
a6ce8346-622f-4339-b292-1ce365d26e48,Farhan Ben,FEMALE,Fireman,24
1e60f046-459e-4efd-ab8b-2c97e39b8b6d,Isaiah Lata,FEMALE,First Responder,24
43c4e73a-2a6e-498a-89c3-98cbb7590a82,Dominic Tank,FEMALE,First Responder,24
b2aa36d8-9f9c-4a16-a582-e5ac0bb1c54a,Faras Brahmbhatt,MALE,Fireman,24
dbb11bb1-c2d0-4814-9825-603e4c5d9a7c,Manbir Peri,FEMALE,Fireman,24
c4ff8ef3-af1f-4876-b8a8-994e8ce69f47,Kalpit Swamy,MALE,Volunteer,24
0e166172-8037-4100-9ace-7e54bd1b6fe8,Madhav Mital,FEMALE,First Responder,24
822bba99-02b1-4457-8f43-465da3e138fd,Vasatika Kar,FEMALE,Volunteer,24
21f9e0cb-b291-441f-be60-8a8d2fe5086b,Farhan Dube,MALE,First Responder,24
654dda56-e8be-464f-a941-4ba337c305e9,Vansha Golla,FEMALE,Volunteer,24
d126bc6c-c0ce-4b6e-ab4e-7f2c7945177c,Urishilla Kade,FEMALE,First Responder,24
197a0118-ac8b-421c-b0b6-560bc8f2d2de,Samar Singh,MALE,Volunteer,24
2a59eb16-b16d-4a36-ae4e-f03a9ea63482,Faqid Bala,FEMALE,Volunteer,24
21d1c84d-750e-4341-9683-a284ad103835,Ranveer Subramaniam,FEMALE,First Responder,24
b51a9d82-ef5d-4029-849d-d51de3bd1062,Zansi Bahri,FEMALE,Doctor,24
b2bc4e2b-551c-416c-ab70-a63128629c0d,Owen Comar,MALE,Doctor,24
143d12ce-b5cc-4cf4-8942-b6d394d19f40,Baghyawati Patla,MALE,Officer,24
35d026bd-ac82-4a70-a2a8-f442ef383530,Peter Virk,FEMALE,Officer,24
890d4bf1-6a2a-4983-ad2b-cd558a5ca04d,Zinal Shukla,FEMALE,Fireman,24
b1de05f0-9d94-421b-8d85-76dbc5d925b6,Hamsini Bail,FEMALE,First Responder,24
4d4f9b55-4b6e-4cd3-b406-f690d491a01e,Ekanta Sarma,FEMALE,Doctor,24
788d6070-ca51-4812-807c-bfa0593137ba,Qushi Ramachandran,FEMALE,Volunteer,24
0344e7a1-6f76-4f71-9fee-ca7558e2b110,Anika Date,FEMALE,Doctor,24
ec60f7e8-2d93-4cd4-ae43-1d0ac4409d72,Saumya Mannan,FEMALE,Volunteer,24
5a96fbf9-2f69-4b32-9a89-04d875af8ccf,Hitesh Rao,MALE,Officer,24
b9cb7109-9875-46da-9267-c3cde5ba8e1b,Tara Viswanathan,MALE,Fireman,24
99581e61-ba8d-44ce-b956-bc57bc348822,Triya Narain,MALE,Fireman,24
4b1cbbcf-9cf5-43ba-89ec-f5114942da83,Fariq Sarna,MALE,Fireman,24
82e31206-c7b7-42b7-9552-7c8f62a63bed,Kritika Patla,FEMALE,Fireman,24
663ffea8-59ba-4000-91a9-844e2126f572,Chaman Gole,FEMALE,Volunteer,24
e961a404-c6b9-4714-bb90-8436a6d5e7e7,Christopher Aurora,FEMALE,Fireman,24
5067a77e-6788-4dcf-b34a-fda9f12d4222,Pratyush Handa,FEMALE,Volunteer,24
1475cc63-2d8e-47da-b3ec-fdc912369cf0,Deepa Sawhney,MALE,Volunteer,24
38f2d607-f61c-49f9-8656-ed3fc543eae3,Alka Jani,MALE,Fireman,24
0a8dfb67-557b-4b80-9778-2dbd2921854b,Ridhi Mital,MALE,Officer,24
74545886-858a-46b8-9628-807e48f6ce4a,Jairaj Naik,FEMALE,First Responder,24
26f9f566-8ccc-4257-98aa-8d280b8ba973,Shivani Manne,MALE,Volunteer,24
6f55909c-2b43-4f17-935e-40374f129745,Adya Chana,MALE,Officer,24
7516447c-0b47-4531-be70-ad4c32bd1b96,Onveer Batra,FEMALE,Fireman,24
7946c8dd-cb11-4a92-8b05-de97ce34f185,Ijaya Vaidya,FEMALE,Fireman,24
75601a2c-6631-4896-9340-a7dd364397a8,Vasana Sandhu,MALE,Doctor,24
bf8af618-849a-4df4-9e32-169ebba620be,Zayan Patla,FEMALE,Officer,24
d8da5f2b-36b6-43d9-934d-146a192072a4,Upasna Mannan,FEMALE,First Responder,24
0325ee40-b7fc-4553-8a53-2c6eb8962437,Daksha Saraf,FEMALE,First Responder,24
60361f80-1f6e-4277-b9e2-8fb4c70450ab,Viraj Tailor,MALE,Fireman,24
4ca63ee2-81b9-4f0c-b179-463fa8368749,Charan Parmar,MALE,Fireman,24
dc0c5d44-732c-4171-91ec-88fd8a42afa0,Prisha Pal,MALE,Fireman,24
bc8ed73b-0534-429a-9a9a-b0aeb0725e37,Falguni Manda,FEMALE,Fireman,24
5ed403fa-6682-439d-8e05-a32f792f5e6d,Manan Shukla,FEMALE,Fireman,24
9fdf475d-6908-4214-87f3-90114d6a5455,Dhriti Wason,MALE,First Responder,24
32ea5a4d-94d7-47d8-9a6a-6935ddf7a2be,Ubika Brar,MALE,Officer,24
12234c58-37ed-4bdb-bfac-924ed302913f,Farhan Oak,MALE,First Responder,24
e412903a-4d51-454a-8600-ea6663d8bda7,Watika Dave,FEMALE,Volunteer,24
2d32e4e3-e092-4249-b5f6-9d8b4ccaf8ed,Noah Kothari,FEMALE,First Responder,24
0c4f7f22-cc27-4949-9f7e-8e30416025dd,Jagvi Sahota,FEMALE,Doctor,24
89228439-48d9-43bd-a89f-304bf429d69d,Adya Ganesh,FEMALE,Fireman,24
5d35dd64-f6e3-4010-ba2f-a415b81e48e9,Sai Puri,FEMALE,Volunteer,24
16447ed3-c900-4fb5-abdd-24900500455d,Isha Gera,MALE,Volunteer,24
6ec5fda6-5a65-43ad-b657-2791be1eb577,Veda Mand,FEMALE,Officer,24
813727c4-5439-412a-83bd-8fc3568c7e8b,Meghana Kota,FEMALE,First Responder,24
512565c3-b37c-4c23-9e43-9901f26ac626,Vedika Iyer,MALE,Officer,24
566c5576-0252-441d-9284-9a55078d1087,Urvi Modi,FEMALE,Fireman,24
13ffa6ee-effd-451e-88d4-e07415f8e807,Ekanta Sandhu,FEMALE,Volunteer,24
1602ab4b-ed61-4e4e-972c-19736d4a8df2,Aachal Gara,FEMALE,Doctor,24
73bc3cf5-9d00-41c4-85b1-6b6ee56c18f7,Darpan Brar,FEMALE,Officer,24
193bc9d2-78f7-4017-a052-16243e03d247,Ganga Lad,FEMALE,Doctor,24
acd27f2d-b93e-41a5-8971-ec06574d0256,Idika Ahluwalia,MALE,Volunteer,24
c08e8fcc-e837-4541-b78c-20d41e1bc3be,Victor Nori,MALE,First Responder,24
9818f5f5-4244-4eb3-b943-1b57cd5e9a64,Zaid Chandran,FEMALE,Fireman,24
c8590ee9-b89b-4487-9f71-4699c88f44b2,Jeremiah Grover,MALE,Officer,24
776426fa-e310-448c-b8a0-662d309cb775,Samar Gopal,MALE,Volunteer,24
b097a297-250b-4043-a1dd-9fe4ca3b77ed,William Gokhale,FEMALE,Volunteer,24
ad7dda07-8cf7-433a-aad3-9e4386a1c205,Yadavi Biswas,FEMALE,Fireman,24
9b503473-a300-4cc0-9aba-1f27408a160e,Onveer Sunder,FEMALE,Doctor,24
29b98f02-0682-4a48-99c7-868e11b7afb1,Ekalinga Sekhon,MALE,First Responder,24
13c03a58-2387-4167-8bef-36058db38385,Gavin Dhaliwal,MALE,Fireman,24
40e9d930-7f17-4fbb-80e5-93fdb48aa195,Zilmil Modi,FEMALE,Doctor,24
c29aab52-9056-48f5-a369-3407e11154ee,Irya Nagi,MALE,First Responder,24
e865092e-9195-4f9e-a233-c2df865f1524,Jalsa Pant,MALE,Volunteer,24
bc074377-4301-4dde-a0bc-e4e21beb5dd7,Wishi Narula,MALE,First Responder,24
470ed054-7a8e-4846-bdbd-cd97a38a89b0,Dominic Bumb,MALE,Officer,24
8e70f7cd-d2cd-4646-9e0c-480543155e5f,Hemal Palla,FEMALE,Fireman,24
576d69f6-2022-4dca-8331-c7d248867fdd,Daksh Vala,MALE,Doctor,24
2fa56a53-a1e9-41f8-9c83-efd6e4c0aba0,Shivansh Kaur,MALE,Volunteer,24
ee25923a-3922-4877-81b0-4529820034d4,Onveer Majumdar,FEMALE,Volunteer,24
e0d1f940-19f4-423a-9262-0ea195161d28,Balvan Choudhry,MALE,Volunteer,23
7a94783f-2e5f-4ae3-ab04-1b99c8218982,Janaki Mitter,MALE,First Responder,23
c8f50c9d-1231-43e7-a116-1d8257c69687,Jatin Bedi,MALE,Officer,23
620e1f40-d444-410c-a01f-5c91c1bb890d,Zaid Shan,MALE,Officer,23
ad836260-7c0d-4228-ac8a-c780c3fa65bf,Chakrika Memon,FEMALE,Fireman,23
9ab0af74-23d0-41a5-8cf9-ceb4c2a72e3e,Advaith Joshi,MALE,Doctor,23
b455dd2a-0bd2-4bcb-adf3-c4ce0919e30b,Riya Goda,MALE,Volunteer,23
f0feb116-20ef-4ff9-ab51-718bb5480589,Jackson Patla,MALE,Doctor,23
f138d381-12e0-4165-aab2-ee9db7e23f67,Mitesh Mitra,MALE,Volunteer,23
d7cfa7e6-e044-4293-9a38-99738f99bea9,Turvi Chacko,MALE,Doctor,23
ada5914b-3d3f-4fa6-b277-d4dd74518af0,Aarna Kibe,FEMALE,First Responder,23
046f814f-0c92-41ff-a5c5-9e66852ea880,Pranit Kunda,FEMALE,Officer,23
8624a7b7-26a2-4f9a-a2c8-f0db34239b91,Atharv Choudhary,MALE,Officer,23
6dbba24a-1404-464b-a202-e83361dae010,Dayamai Gulati,FEMALE,Doctor,23
b848184e-f515-4eaa-b0bf-30aae5d72dd1,Gagan Varughese,MALE,Officer,23
50f62df3-c1d9-427a-80a5-50c851f100fe,Zehaan Khanna,FEMALE,Doctor,23
d64d3469-3535-4745-8c01-5d8b85b80b1c,Bachittar Malhotra,FEMALE,First Responder,23
495dcc87-d47d-43d8-adce-86cb7c5bc8ea,Wakeeta Bhargava,MALE,Volunteer,23
bee868ce-801f-43aa-9a42-1919cf6c6344,Riya Balasubramanian,FEMALE,First Responder,23
0f400e34-a75d-4c98-a17b-09207dcf5624,Krishna Parmar,MALE,Volunteer,23
542fbee5-d1b0-47e2-98de-7e34ec596a10,Yashvi Kapoor,FEMALE,Volunteer,23
e7d1b684-bc8f-454e-95ec-5d73a3c8a546,Indrajit Chad,FEMALE,First Responder,23
8cb00fb4-7cca-4590-8b7d-8d0667cb67d0,Lopa Verma,FEMALE,Volunteer,23
7cd732c4-05b8-4562-84b8-22ea849266b2,Jeevika Keer,MALE,Fireman,23
f9dea583-5cc5-4eb4-9de5-5834149a8307,Xiti Sarkar,MALE,Doctor,23
ca5b22ad-cfd0-4021-b071-82b2a2c8a18b,Radha Walia,FEMALE,Doctor,23
661de4bf-8bbe-40c6-95d4-33e040e0239f,Yashica Ganguly,MALE,Officer,23
36b01309-5599-4faa-8410-59553d15fdbd,Banjeet Gara,MALE,Doctor,23
45bfbb31-5464-448d-b2a9-d1b46a7034cc,Kala Natarajan,MALE,Fireman,23
ccb620eb-ef22-4a2a-951e-d60cd3040110,Vasudha Johal,FEMALE,First Responder,23
3c96c86c-6949-4ad9-b0a0-b5a29b062141,Dipta Roy,MALE,Officer,23
6f06c3ce-8b14-44c1-a135-1cec8cd22292,William Hayer,FEMALE,Fireman,23
dd9ffbec-ba7e-4494-aec0-b201a6f1ee80,Jatin Mangal,MALE,Doctor,23
57952e7b-d706-43c1-bc12-57af1ef53262,Odika Panchal,MALE,Fireman,23
7b8e8e76-351f-4875-a443-5dafccd8619f,Samarth Rana,MALE,Doctor,23
99c91551-ba09-479c-9b06-619c25c5b300,Zaitra Bhavsar,FEMALE,Officer,23
1a43373b-c7cb-4097-bf53-d7ccbf0e99cc,Udyati Maharaj,MALE,Officer,23
206d89b6-8218-487b-a8d3-d9dbf8481c2f,Omisha Madan,MALE,Volunteer,23
aedee202-0fb9-416b-ba52-cae256d4a921,Keya Walia,FEMALE,Doctor,23
6d63c099-e25c-4b29-82fc-8547ca144ff4,Yauvani Nadkarni,MALE,Doctor,23
43d62175-dc7c-4d85-a686-d34f230dc405,Urvi Sachdeva,MALE,Doctor,23
d4453781-9d19-4254-b409-09b016e97640,Fitan Dar,FEMALE,Doctor,23
b25ffb9a-575e-4834-8380-83e4a3d03591,Leena Sinha,MALE,Doctor,23
69b6a38f-7e7f-4742-b52f-7de08a9ef3ac,Chanchal Butala,MALE,First Responder,23
793af116-8946-44b1-b8e6-0e4526ab45e5,Ojas More,FEMALE,First Responder,23
db484819-e1d9-4441-87c3-0308672d2d87,Oni Walla,MALE,Fireman,23
ad3af6e0-ef65-4152-aa7d-4d41135d903a,Lohit Narayan,MALE,First Responder,23
a83bf3fc-3fe3-4191-9ec1-2271b9d5271d,Brinda Naidu,FEMALE,Officer,23
0dfd8f9a-3eef-4966-99e2-67fdd505350e,Krishna Bumb,FEMALE,Officer,23
d879b168-eb7f-4649-89e2-9d09359919e4,Deepa Badami,MALE,First Responder,23
32050bd7-7886-4345-993a-972282319407,Varenya Issac,FEMALE,First Responder,23
9acc422e-1f98-437f-add1-0b55268174ab,Girik Sami,MALE,Volunteer,23
01477e02-b939-4aaf-a9a4-d0f81e4931b2,Lakshmi Naidu,FEMALE,Volunteer,23
954d5de9-1a3d-498c-882b-6215987577ca,Mason Swamy,MALE,Fireman,23
24f3c29e-c616-4898-b0f2-b4143b42477e,Bhavika Barad,FEMALE,Officer,23
e093154d-646f-40e1-875c-69bddd071c60,Idika Patla,FEMALE,Officer,23
3fac9093-625d-445c-81c2-2fafd8799e52,Amara Bahri,FEMALE,First Responder,23
1d2d3060-9eec-49d8-8f9e-95fb685e4a25,Xiti Bhat,FEMALE,Volunteer,23
6016e06e-94af-41f2-9a93-c5353510a177,Yoshita Buch,FEMALE,Doctor,23
e3c0bfcd-435a-4e00-bb77-91c5a121c0f6,Yasti Datta,FEMALE,Fireman,23
b1ada21c-b59c-4a83-9500-faec41cee3a5,Zilmil Sarraf,FEMALE,Fireman,23
d5840466-15f6-4111-8e68-c7a3dce886e1,Isha Sethi,MALE,First Responder,23
1c87564e-7cca-474d-8d50-810a7d89bbfd,Liam Divan,MALE,First Responder,23
13c705e1-2e06-4d24-a4e6-871f5a6fbe38,Vaishnavi Dar,FEMALE,First Responder,13
8d2b4260-8e66-4f30-b147-f3bc2552fd76,Qushi Sachdev,MALE,Volunteer,13
b5fe67a7-bf2f-4dbe-8fd9-e870edfec7fd,Jatin Raj,MALE,Fireman,13
7897fa62-f2cd-45e2-9647-71d724887eaa,Wakeeta Divan,FEMALE,First Responder,13
8bcbf26e-b0c2-4885-b71d-4a7517b97e4a,Farhan Om,MALE,First Responder,13
972648e1-7d8a-4f8e-b289-66f719325b44,Kalpit Agarwal,MALE,Volunteer,13
65589ec6-921b-4a59-9a60-5c41d4051fac,Maya Apte,MALE,First Responder,13
5a7bbaa6-1d6c-4b39-8498-199a05ed0a95,Jyoti Gole,MALE,Officer,13
2cf98a6c-c817-48b7-970d-2aae1fa3d48a,Ekani Salvi,FEMALE,Doctor,13
3ba83d92-3bf8-4e1d-9648-f6edfcd9789d,Samuel Palan,FEMALE,Volunteer,13
0184bdc6-b9de-459f-a828-eac844ab7d6a,Abdul Ravi,FEMALE,First Responder,13
d63c2922-20ba-44b7-8f2f-5cceb90f7c24,Eesha Sampath,FEMALE,Officer,13
43b06606-0139-456d-bc63-ac3d9f94908c,Yashasvi Prakash,FEMALE,Fireman,13
aa48bab3-4754-4e60-b98a-704c3d0e3342,Amruta Bhalla,FEMALE,Volunteer,13
615b0803-028c-40ee-b407-0f2ed063fbab,Lipika Lanka,MALE,First Responder,13
83603091-ce33-4780-a74e-4fde54eef2dd,Yagnesh Vohra,FEMALE,Officer,13
785c67f6-8adb-4856-bd0b-5395c008d78a,Yug Saxena,MALE,First Responder,13
645bb641-b80e-4847-a69e-7e48cf3e3801,Indira Raghavan,FEMALE,Doctor,13
d77e4be5-12ad-4b3d-8668-9e6a2a8b8bfa,Wriddhish Dhawan,MALE,Fireman,13
46c8e0e1-9a13-48a0-8567-1f3e0b944bed,Baghyawati Borra,FEMALE,First Responder,13
4b766091-bb46-4e12-b244-9281735258e1,Osha Palan,MALE,Volunteer,13
38669f24-93db-4788-86d8-f6197022e890,Gauri Nayar,FEMALE,Doctor,13
f76a613f-6f01-48cd-b31a-79e1e1b5833e,Lajita Kapadia,MALE,Doctor,13
b0e30548-0b62-4a69-9b22-624fde642f1c,Akshay Sankaran,MALE,Fireman,13
cac8ea70-4676-45b0-b263-50d183734e3e,Tanmayi Dyal,MALE,Fireman,13
32475a12-5055-41a8-9aab-ad14a6e37f47,Hredhaan Raghavan,MALE,Doctor,13
47261245-5e7b-4d34-bcd9-70da9f885799,Saumya Munshi,FEMALE,Doctor,13
0d1db223-f69d-4aa3-b52b-c1d8b1ddc8c3,Adweta Deol,MALE,Officer,13
7a33da1b-1aad-40c9-92b8-3ab1c28f506d,Balhaar Bhagat,FEMALE,Fireman,13
d5d9fba8-c784-441d-8b0e-ef6b937293b8,Sara Kapadia,FEMALE,Officer,13
cf0ae6b0-e4a6-4adc-95d4-a6d278273a51,Tripti Nadig,MALE,First Responder,13
dbcf3f99-7856-4095-8943-cc2320ae0cae,Yatin Goel,FEMALE,Officer,13
dca902e0-597f-4e75-8bf7-d4c6b601fe34,Aahana Grover,MALE,Doctor,13
8d6e8a45-8340-4440-9423-7492c86ce16f,Madhav Ganguly,FEMALE,Fireman,13
395e6315-b072-4c1f-b6ef-91a692cd31ff,Ira Bose,MALE,First Responder,13
6270f9a7-dd65-4f4a-88e9-6a51abeb66ad,Mason Mody,MALE,First Responder,13
66aeee7c-eee4-4be6-a622-9467d7789f51,Warjas Hans,MALE,Volunteer,13
cfac62b3-6796-4366-ba6d-f4373f072bc5,Chameli Barad,MALE,Officer,13
bf0fc6b1-db96-4939-8afb-60884928f50e,Zaid Oza,MALE,Doctor,13
e4318c77-b6f2-4281-a5a6-6cd5b5bb6d9d,Mekhala Kalita,FEMALE,First Responder,13
08565ffe-3fbb-49d7-a8a0-ac0604825d7e,Tripti Bhasin,MALE,Volunteer,13
19bd0493-4830-4a1f-9e84-7ecb500c4851,Dalaja Sahni,FEMALE,Volunteer,13
5617bdcb-638e-418f-ad7a-0fc6f9fb1270,Maanas Lanka,FEMALE,Doctor,13
d6a75b55-9bc8-49ea-89b2-bab2b842def2,Anirudh Chaudry,FEMALE,Volunteer,13
c42797a3-19ea-490d-8b48-98d6932673e8,Champak Gera,MALE,First Responder,13
c825022b-7bed-47fa-baac-9f01e6e1b266,Vamakshi Bhargava,FEMALE,First Responder,13
f414eabc-6ce2-4bbc-a011-2c2162f3d5ac,Pranit Taneja,MALE,Fireman,13
204add26-a40f-4900-8fbb-0ac799bca81d,Upma Cherian,MALE,Officer,13
e8f57e1e-9ca7-4928-9520-2eeca9028e79,Neha Srivastava,FEMALE,First Responder,13
bbe24e1f-008b-43f1-b803-09362b233a74,Siddharth Taneja,MALE,Officer,13
89e4e271-212a-4eab-99df-241e2417140e,Vihaan Viswanathan,FEMALE,First Responder,13
a0606897-2ffc-4e0b-9017-0f8be1b3f0b9,Champak Jain,FEMALE,First Responder,13
f5bde7df-2e3a-4acf-bdba-ff99735c0033,Lopa Balan,MALE,Doctor,13
fc2f1725-9f32-457f-a1d0-2c840059cbe6,Ikbal Tella,MALE,Fireman,13
aceec289-ce51-4c99-8e32-570969d99cc4,Qabil Banik,MALE,First Responder,13
bcc76841-b3c5-4ea4-86e1-6bfd00a33fe9,Udyati Date,FEMALE,Officer,13
6f2a4e6a-5593-4744-ad83-6c7cc6fb75e1,Vasana Chandran,FEMALE,Doctor,13
e6e328bc-98d1-437e-8785-a8dbc6df0335,Indira Bains,FEMALE,Volunteer,13
e1ddd98f-1638-49ad-847c-5ff604adebd7,Dipta Balasubramanian,MALE,First Responder,13
59654af5-9f74-42e0-b124-6367459e1f8a,Nitesh Saraf,FEMALE,Doctor,13
83e723d0-b498-4424-8632-ef5f031f5de9,Riya Banerjee,MALE,Doctor,13
f3dd5b73-4077-4d6e-b972-535c597a1f30,Daniel Dyal,MALE,First Responder,13
83bd33d4-7e6c-4454-92a5-45ecd21b7032,Mahika Sagar,MALE,Officer,13
090f329c-9efa-471c-9a80-79a739a3ad76,Reva Radhakrishnan,FEMALE,Officer,13
b72e88b4-be66-4b7a-8b81-d1fc3bea5cbe,Raksha Joshi,FEMALE,Officer,13
0510efc4-58a8-4016-9ecf-411661650ff4,Hritik Pandey,MALE,Doctor,13
95106eed-e7b5-47dd-b9a1-659ec9b7fe3a,Damini Sha,FEMALE,Volunteer,13
0ad69a1e-1e13-4569-bc61-acb6c7a8cc2b,Aayush Khare,MALE,Volunteer,13
9a65264b-048b-4380-a98b-6c9e08f603ea,Hemang Jayaraman,FEMALE,Volunteer,13
30a40c66-37e4-4c2d-87b9-5efb7993c464,Harshil Venkatesh,MALE,Fireman,13
c93de19c-f5bc-46af-b56e-1ca847aafbfa,Bhavna Khurana,MALE,Fireman,13
529f18d8-7234-4451-9c59-76bba45aeb3a,Pavani Choudhury,FEMALE,Doctor,13
65682026-fbf0-462c-897c-e008706c2a3b,Manbir Bhalla,FEMALE,Doctor,13
0473d349-0aeb-483a-be7c-6f2443014282,Kiaan Doshi,FEMALE,Doctor,13
031c29f9-f19a-489d-8966-0d0b246316fe,Chatura Ahuja,FEMALE,First Responder,13
9cbebebe-1c24-4453-922e-a0008ed95164,Urishilla Khatri,FEMALE,Officer,13
57470937-2dab-4fc7-8774-bd30c06d1411,Christopher Sridhar,MALE,Officer,13
4d8d7d8f-54b2-476b-adde-c1aa6e00188f,Oliver Swamy,MALE,Volunteer,13
75187237-c3b7-4829-84d8-e4f6cf6550d8,Yauvani Sankaran,FEMALE,Doctor,13
bc7ff596-3027-4b31-993d-ae2d16a1eed4,Hitesh Rajagopal,FEMALE,Fireman,13
c1c71b1e-473c-472a-85e4-33916052b8ed,Urishilla Raman,FEMALE,Officer,13
5585108b-1a86-48eb-9d5a-45a5fcf38e34,Pahal Venkataraman,MALE,Volunteer,13
1254b0fc-14d7-4477-8daa-4ea71ca5e0f9,Wridesh Gupta,MALE,Officer,13
ca478d78-43f1-4ad9-9d8e-df42b6b51a18,William Prabhakar,MALE,First Responder,13
b8d73dcd-b18e-44b5-80c7-065c4e811d12,Ganga Roy,FEMALE,Doctor,13
caac4974-4bd9-4b9f-b082-c806c0d156c4,Oeshi Andra,MALE,Doctor,13
a0154902-68cd-4df3-8c9a-41ba24d118d9,Vasatika Lal,MALE,Volunteer,13
a7f86a83-ccdd-4d83-a391-dfbeddd1c971,Michael Sachar,FEMALE,Volunteer,13
28b4bd1a-a684-43ba-8547-6e3efbe757f3,Vrishti Dhillon,MALE,Officer,13
ee411c67-883e-4521-b7f7-931d338fb25d,Turvi Butala,FEMALE,Fireman,13
fef2e0be-634f-43ad-ba86-1d1a78cd7062,Girindra Dayal,FEMALE,First Responder,13
ea4631a8-2702-4442-a4fb-99dc3e373377,Baghyawati Basu,MALE,Fireman,13
3ee13ebb-6702-40cb-b445-5545e37736cf,Nikita Dugar,MALE,Fireman,13
10a5a7d0-0162-448b-b1b6-a4b3c75e4cc1,Manan Dash,FEMALE,Fireman,13
2646b73f-0053-498e-a437-b296e6d8cab9,Oscar Sekhon,MALE,First Responder,13
b6d246c7-f10f-427d-88a2-5525542730c4,Pratyush Vasa,MALE,Officer,13
0c22a4c1-0c67-4eae-ba8c-fd693d38b07f,Farhan Mallick,FEMALE,Volunteer,13
f0913dce-23df-4887-a62f-b5321e6f5103,Tarak Rajagopalan,MALE,Officer,13
34e1d47c-0fbe-46ee-9c1f-ac5eedbbb957,Girindra Mahajan,FEMALE,Volunteer,13
1ea97cf2-b870-4ed6-928c-b63dd4d7cb63,Pranav Bera,MALE,Fireman,13
8ea54664-19f8-49e4-9461-5ccc7af8c59e,Ganga Aggarwal,FEMALE,Fireman,13
5f9bf4d4-239b-4bb8-a31a-28a2519e9b6f,Rachana Mitra,MALE,Officer,13
fa3dc869-75d6-4796-a1ec-bfca1810f058,Brinda Bora,FEMALE,Doctor,13
1e8bf310-b544-43f8-95f0-5672ed663c35,Harita Ganguly,FEMALE,Volunteer,13
8c2e03fd-5ccb-4d10-9dd6-d8dd134d7e73,Ekantika Dewan,FEMALE,Fireman,13
5ae68dd7-28b8-4636-aa87-043aa7f23b2e,Oliver Bumb,MALE,Volunteer,13
711d90eb-52a5-4d6a-8873-9172e6ad41de,Nicholas Kurian,FEMALE,Volunteer,13
e10c77fc-6a74-4bf3-8a7a-723e2117b286,Ucchal Mital,FEMALE,Doctor,13
e20fc502-3784-469f-a4ed-00750a1d523a,Ishaan Bhagat,FEMALE,Doctor,19
f9ff8ff1-50cc-4f96-afac-a260b95b923b,Ojas Purohit,MALE,Volunteer,19
1825713f-dcd0-4154-b073-cbcf363abb06,Onveer Loyal,FEMALE,Volunteer,19
215171ca-abfc-450e-bc4e-3e696c2dd343,Ladli Suresh,FEMALE,Volunteer,19
8c22e8b3-72d3-4073-86cc-b14abc7e303e,Chaitaly Pau,MALE,Fireman,19
efcaee42-857f-42e4-8c95-229a9c5d6a51,Oviya Ahluwalia,MALE,Doctor,19
39f75b64-3cb2-4ef1-a05c-34723b8d54e9,Lakshmi Sandhu,FEMALE,Volunteer,19
e25b7e76-94d0-45fb-af55-a235e06190ef,Varsha Mandal,MALE,Officer,19
b0da1332-fe0a-465d-9792-9ce2020f816f,Suhani Kant,MALE,Doctor,19
8afd8c1e-70d8-4764-b400-245f1deb7c3f,Lohit Radhakrishnan,MALE,First Responder,19
b3890a11-e87f-424e-8e43-b8a2638fa05a,Bachittar Devi,MALE,Officer,19
b6745245-ad19-4925-8d5d-2e4ddd17c660,Sai Vohra,MALE,Doctor,19
e63810b9-434c-4dc6-9941-ef0add0dc84c,Leela Amble,MALE,Officer,19
39db5849-4cc3-4487-8b72-f2414fab696a,Idika Issac,FEMALE,Doctor,19
a8f9b242-ed5d-499c-9c51-48e59e1de554,Rohan Deshpande,FEMALE,Doctor,19
c36c3561-a827-4ada-a01d-6916d1b3451d,Reyansh Bora,MALE,Doctor,19
96d66a35-7c37-4f4c-bd7c-0e7bf6784f3d,Faras Master,FEMALE,Doctor,19
a1dad60b-109f-47f2-9999-5a82be7cb67d,Aishani Pillai,MALE,First Responder,19
e50bb85c-079f-415a-8ef5-62c96377d280,Ijaya Chahal,FEMALE,Volunteer,19
c2b7585a-080e-42e6-b518-cbb94f0eab56,Aadhya Din,FEMALE,First Responder,19
9322d6b9-781a-4d85-bba0-ecbf304b0e45,Abdul Bakshi,FEMALE,Officer,19
fa89a7c5-a8e9-4704-bbbe-8275fe58e14d,Edhitha Kunda,FEMALE,First Responder,19
b49ff96a-cf85-4075-a76c-7dcb0bd4e3ad,Ishwar Bhatti,MALE,Volunteer,19
4b06ee53-98b3-4d9d-87a8-b167966b9949,Bhavani Balay,FEMALE,First Responder,19
3eabe372-d866-4028-ab09-9c31bb80f7d8,Chavvi Dass,MALE,First Responder,19
bdf3b105-24e5-47fa-a74a-fee79467ca28,Tanish Bhatnagar,FEMALE,Officer,19
5aa1dc07-2fe9-42c8-8009-c826105372f8,Mahika Shah,FEMALE,Fireman,19
fee10c25-71ee-4f15-89a4-bc9b8ce91036,Jagvi Kalita,FEMALE,Volunteer,19
ab6f0500-685b-4ac5-a09d-811f44041dfd,Karan Bhatnagar,FEMALE,Fireman,19
cd7ea43c-a531-4f8c-9634-12ee8838ff31,Daksh Kunda,MALE,Officer,19
66800e28-4899-4fcd-be58-88a131c595c4,Eshana Subramaniam,FEMALE,First Responder,19
17dc1f82-0304-486f-8f19-02f114cbbd04,Hardik Ray,MALE,Fireman,19
740b1481-3ebb-49a4-9b08-8b33ddf3cc96,Ethan Balay,MALE,Fireman,19
f3b39499-b5ba-4cc4-b9d5-e1c9edeb10cf,Victor Batra,MALE,Volunteer,19
1bf22163-dfbb-4554-b07a-7d9576812da7,Vanya Peri,MALE,Fireman,19
26698def-6f55-4d56-9133-7e1dd3331e30,Lipika Pillai,FEMALE,First Responder,19
e68733b5-3040-474c-917c-0ac4c6280fd1,Yatan Mody,MALE,First Responder,19
784003e1-b38c-4b48-95de-10bc295558f5,Chanakya Shenoy,MALE,Fireman,19
2a494b81-f8d5-41b0-b132-15a4d0ac0544,Oscar Bakshi,FEMALE,Fireman,19
76c48aac-a8ff-4abc-a36e-51c2ab068f8b,Naveen Menon,FEMALE,Doctor,19
83052d52-c891-4bb7-a605-8a56b1a4f2d7,Eshana Bains,MALE,Officer,19
93d47a42-fa03-45d7-895c-deff10c995f5,Ekanta Rout,MALE,Doctor,19
11fc5971-d21f-4ed9-82fc-d1135479cd83,Manan Srivastava,FEMALE,Fireman,19
0b6568b6-6b10-4ab5-bafd-f92eee44fcd1,Xiti Pai,MALE,First Responder,19
453f73cf-e6fe-42bf-9f17-8a377c61e221,Hardik Vohra,MALE,Officer,19
a1af5f98-ce99-4b77-a85b-8110a352972c,Qabil Oommen,MALE,First Responder,19
59e94667-84b1-4cef-829c-39707cca138e,Bhanumati Bhat,MALE,Doctor,19
725ca493-9fd0-4978-abad-d3b98ddd97a4,Isaiah Desai,MALE,Volunteer,19
f5903899-4b56-4831-8a57-3ab72a268997,Rayaan Divan,FEMALE,Officer,19
24d3775e-f027-4dd6-85d4-48cf33c1e102,Janani Murthy,MALE,First Responder,19
3a42756d-067b-499e-930f-e5444a4bf2a1,Oviya Walia,MALE,First Responder,19
88d55eae-98ae-4fea-a21d-55a67ed36699,Utkarsh Luthra,FEMALE,Doctor,19
868cead5-3f69-49b8-a25e-e32d3e8c638f,Praneel Shankar,MALE,First Responder,19
41247b83-f0c1-43ac-8caa-8413740156af,Lucky Thakur,FEMALE,Volunteer,19
55fe0bc2-2c8f-44c2-8deb-2b5ac5c86be9,Vidhi Bhakta,FEMALE,Officer,19
eef3027b-bb26-4008-a0e8-da0307e7ed6c,Chavvi Varughese,FEMALE,First Responder,19
8195d935-6a4a-4ee7-a00d-dbd72b9087db,Azaan Nadig,FEMALE,Doctor,19
a4f3119f-7d37-4cf6-a174-3f13a58dfb90,Pavani Sathe,FEMALE,Volunteer,8
cd2cbc88-20b4-4f9e-bdc9-2045d34a0ccd,Warda Dhawan,FEMALE,First Responder,8
94bfc6b0-8550-4776-8d68-a9e654937c86,Chakrika Sarraf,MALE,Fireman,8
10e2356b-cb7b-4c58-9544-f93fc4e8776d,Nitara Palan,MALE,First Responder,8
e6851a81-b254-4a94-ab78-c9d60115db27,Turvi Gera,MALE,Doctor,8
1c5ad25a-586e-40a5-9a0e-6e12a9c9878f,Finn Bir,MALE,Fireman,8
1e5f2ec1-6074-46f9-a600-9c6eb44dfae9,Brijesh Sahota,FEMALE,Fireman,8
fc0a19d0-786d-4e04-b455-68eb2685fb89,Hemal Chaudhuri,MALE,Doctor,8
edc2cd8b-a389-4490-af5d-0208e1895699,Hamsini Kumar,FEMALE,Volunteer,8
4e235f23-f2c7-4a3c-a647-3a77d301cece,Jagdish Sen,FEMALE,Officer,8
e2125cec-fe8f-4371-956c-9deac65dff6e,Siddharth Devan,FEMALE,Doctor,8
855ae664-dade-4d1a-a22a-26679604f635,Advik Kohli,MALE,Officer,8
7ad288c4-5bd2-4c98-83d9-a32f4a70d4af,Eta Nayak,FEMALE,Volunteer,8
51e4c457-bf7e-4893-b112-d66b688fbd35,Jasmit Bajwa,MALE,First Responder,8
e61078c3-fd1a-472b-8665-72452e8d8e2e,Vritti Gara,FEMALE,First Responder,8
a04bcf76-da2e-4c88-8fa1-8244fc9296e2,Edhitha Sarraf,MALE,Doctor,8
82720cfa-c268-4787-b1f5-48fceacf6a07,Ayaan Ramanathan,FEMALE,First Responder,8
8399409a-a961-473d-8212-a06c24949c87,Dayamai Kannan,FEMALE,First Responder,8
b7358111-4c12-4bb4-a659-a04ad11e25f2,Urvashi Swamy,FEMALE,Fireman,8
a7ffff7e-08aa-4e9c-967d-71c93feebb40,Yashawini Dhar,MALE,First Responder,8
ffb73f34-87f0-42bc-b0d4-2552f82fe101,Bhavini Tank,MALE,Doctor,8
fc19c9e1-8ad9-4e92-a5d4-73bf221e2828,Ati Oak,FEMALE,First Responder,8
51d80eb6-41d0-4ddf-81a0-3dbdf81f4506,Praneel Kapadia,MALE,Fireman,8
e4063dd2-ae39-422f-900d-5b3f63fdf43f,Dev Dani,FEMALE,Officer,8
24701f3b-68cd-4da7-a730-4292df2f7522,Nidra Mani,FEMALE,Volunteer,8
2f70a923-7e35-430f-a66a-cc8cfb97c7ce,Samarth Solanki,FEMALE,Officer,8
58e26bbd-7edb-4724-84f2-de4e3d46acac,Guneet Ganesh,FEMALE,Doctor,8
7b7fa53c-361a-4523-8e07-61f19d3017f8,Robert Mannan,MALE,First Responder,8
47d61287-135f-4702-b959-0c41cf1e758c,Rayaan Reddy,FEMALE,Volunteer,8
486952cd-c0fc-4632-a25b-eb6a6e4465c4,Daniel Dasgupta,FEMALE,First Responder,8
5fd3bccc-8424-4562-80e8-b736a4ca736a,Yamini Bhat,FEMALE,Doctor,8
597a0f64-e090-46da-8347-17362a3cf514,Darpan Bhasin,FEMALE,First Responder,8
fad17443-3e15-4bee-bdda-513febfa31bc,Ronith Sunder,MALE,Volunteer,8
443bdc7f-28b0-48e7-a343-2a4dbfe59ee4,Brinda Khurana,MALE,First Responder,8
ac80fe3d-ba5d-4d8d-b955-45d3bcec929a,Wazir Keer,MALE,Doctor,8
f9b5a8f2-cc64-41d9-8d69-229b3ad5a1ac,Varsha Wable,FEMALE,Doctor,8
27426cdc-ca6d-4b69-898e-6e34ee78194f,Kashvi Jha,FEMALE,Volunteer,8
12a0cce8-2110-4064-b794-d2a8b9355b5d,Odika Lalla,FEMALE,Fireman,8
01a500e0-bcc9-4f06-92e6-759020bb5c7d,Onkar Rastogi,FEMALE,Doctor,8
f5063322-0ffb-4cf2-8a9c-fe6366fd8537,Leena Zacharia,FEMALE,First Responder,8
4df7da7a-aab9-4788-85b8-45c8b3bda1f9,Anya Baria,MALE,Volunteer,8
c1bd6bab-59b1-4c4c-8b1f-7de2ed0a553b,Arjun Venkatesh,MALE,Doctor,8
e94d19c6-ec9c-437f-ba40-2878b7c9adc5,Unni Chokshi,MALE,Doctor,8
0521a702-795c-45c8-996d-b7bb8d498559,Jonathan Koshy,MALE,Fireman,8
4ddca51a-f0d3-4f5a-8617-dc12916b8b07,Hema Wali,FEMALE,Volunteer,8
c4d00a76-8f26-4d78-a4de-c51bec9bafa0,Samarth Murthy,FEMALE,Officer,8
707b4f65-47f7-48c8-8445-92c3c497c21a,Logan Sethi,FEMALE,Officer,8
8efd1b4f-f03c-4d14-bd36-65fdc530a835,Balhaar Mohan,FEMALE,Volunteer,8
2ecf3904-2195-4a90-ba81-2a568a5c9c32,Vedhika Tripathi,MALE,Doctor,8
0c91fedd-ad3f-4160-a95c-f61416e31985,Yadavi Dhingra,MALE,Volunteer,8
3b3e3946-390f-44e9-9ccf-9616806b7714,Adweta Pradhan,MALE,Fireman,8
f59c8b7e-ab41-4292-8e3e-037854cd9b35,Urishilla Sinha,MALE,Fireman,8
1c7aa112-93ce-4bdd-ac59-f42803a475f9,Nirja Pillay,FEMALE,Fireman,8
3dccab8c-aaeb-490d-8d17-4751525f7d86,Kashish Wali,FEMALE,Officer,8
06cf5860-37cb-4412-80ae-e0af24e95351,Rudra Mody,MALE,Doctor,8
415f7a5b-ac7f-4c6e-ad14-dc13c32acc99,Forum Patla,MALE,Officer,8
184f29c2-ebbe-4c33-a4b4-6d549c5dbe4c,Ekanta Suresh,FEMALE,Fireman,9
20bc6134-39a6-4b73-b6b6-c20d7490922a,Ayushman Ravel,FEMALE,Volunteer,9
f7548787-4606-4517-b91c-b98dd520a01d,Oni Mammen,FEMALE,Volunteer,9
6b389e42-9274-4038-aac6-ada0868aeddf,Saumya Ganesh,FEMALE,Fireman,9
c73afc87-65a1-4e49-8649-5803a8148415,Gautam Dugar,FEMALE,Officer,9
7727a478-5c3b-4ab0-a492-97471d8a5912,Orinder Babu,MALE,Officer,9
52ea730d-7e4e-41d1-952f-4b062def74da,Urvashi Desai,FEMALE,Officer,9
7380a1b2-1d7d-4ced-a96b-3f32d9020271,Tripti Soman,MALE,First Responder,9
15afbf42-114d-4dd9-a5b9-a28a0d43a446,Maanas Bhagat,MALE,Volunteer,9
7706d367-6df2-4828-b2d9-94389dd6b4b3,Samar Halder,FEMALE,First Responder,9
0df65da6-8b33-40d0-935e-eaf5cb53bb91,Anmol Sankar,FEMALE,Volunteer,9
02765611-b999-4c17-a27b-e84ad6de4a5e,Aarav Badami,FEMALE,Officer,9
1a0198f2-8aaa-4acd-8753-f168b899b704,Zarna Upadhyay,FEMALE,Doctor,9
8651eb39-a9b2-47fe-acfa-23a43ab7d59e,Charles Konda,MALE,Fireman,9
b816cb91-8266-444e-92c1-14efb28ec606,Jeet Rout,FEMALE,First Responder,9
b93b6c9b-0992-488a-864b-bb2fa5e39783,Patrick Dugar,FEMALE,Officer,9
b08fcbb1-d9e1-47c4-91af-185952cd04cd,Garima Ganguly,FEMALE,Fireman,9
541bf12b-abd2-437c-b2ae-8b4f2bbfbef5,Keya Jhaveri,MALE,Doctor,9
4c23861f-bf6c-4393-a692-5e4b372f7ada,Dakshesh Misra,FEMALE,Officer,9
5ef75b36-75b1-4cb7-bf22-602d49e9aa7b,Mason Mani,FEMALE,Fireman,9
aa0ad02a-708c-451b-aa7f-57fe41bfe0ed,Chaitaly Mistry,FEMALE,Doctor,9
e9ebf10d-6c53-4bf9-b7c9-509eb3446204,Warda Balan,FEMALE,Volunteer,9
58e90f6b-816a-4dec-a43b-fdc16e99d8fe,Wriddhish Mahajan,MALE,Doctor,9
fb814e34-be8f-4d5a-b4cb-988d9e292af8,Daniel Sarin,FEMALE,Volunteer,9
b5fa252d-5f1d-42c4-91b4-e6b46e23e533,Yauvani Ahuja,MALE,First Responder,9
599fa9d1-2202-464f-82a9-7e8c8c2feeac,Kritika Shroff,FEMALE,Volunteer,9
e388bdb0-e867-4601-889c-1cfc45ea57ea,Naveen Ravel,MALE,Fireman,9
226ef152-ba35-4f8c-aebd-4015de96e6c1,Vritti Garg,FEMALE,Fireman,9
2f4d1c0d-192e-4813-affc-d0985cd2ec39,Raghav Naidu,MALE,Fireman,9
e002001d-2544-400a-a929-157ad2cc0465,Vasatika Joshi,FEMALE,Doctor,9
91a535fb-71fc-4f73-a324-d239bc1cb0da,Lopa Mangal,MALE,Volunteer,9
be0b28d9-25dc-44f5-9cc8-8319f0b5c0d9,Mahika Bir,FEMALE,Volunteer,9
a4ad9c87-a89b-4eab-b49a-16d486267dc8,Manthan Minhas,FEMALE,Officer,9
a9e51dbf-7be6-4136-9a14-251830833263,Frederick Ravel,MALE,Volunteer,9
ef94f99e-7434-489c-81bf-bffe10acd0a3,Ira Shenoy,MALE,Doctor,9
d588fa0b-c977-4846-b574-79b11e99415c,Thomas Bains,FEMALE,Volunteer,9
93420b35-9107-4f58-8f45-35696af1603f,Michael Narasimhan,FEMALE,Officer,9
06f72fed-9c99-4d1e-81a2-c272ebcfbbf4,Vaishnavi Balasubramanian,FEMALE,First Responder,9
87c6231d-890b-4726-8997-cdbb523a6f52,Indrajit Batra,MALE,Officer,9
f9641ce8-2d87-4a53-8627-c1bbca88e99a,Ranveer Kumer,FEMALE,Doctor,9
0dca777f-56cd-4062-aa78-e8cc4254b05a,Michael Bava,MALE,Doctor,9
fe91798b-5f2c-4017-9728-a6b483ed9560,Pranit Manda,MALE,First Responder,9
981be8c5-6c63-4890-abd5-4b0e2ef828d6,Aachal Kurian,MALE,Doctor,9
df965b3b-b25f-449d-bf4c-723c94690855,Theodore Bail,FEMALE,Officer,9
ecbc6cbc-b76f-4d38-aaae-cedcc2f41897,Theodore Basu,MALE,Fireman,9
477bf9c9-239a-450d-989c-19c977f71493,Henry Chakraborty,MALE,Officer,9
4769576b-5d00-47f2-9e6d-a0940cff0b47,Leela Sachdev,MALE,Doctor,9
f4e348e1-3747-430b-aac3-f38f9264b1f1,Aahana Dewan,MALE,First Responder,9
24bc4d5e-4f33-4547-b624-3117689884b5,Tejas Nayar,MALE,Doctor,9
9cf62d0c-8fa4-4cfa-884e-54e8caf14a1d,Qarin Datta,MALE,Volunteer,9
191c9f77-0b21-4bbd-a5cd-aa8bb71f9800,Mitali Sem,FEMALE,Doctor,9
a7450269-1b6a-4a1a-8b0d-eb3e95f91219,Henry Kapoor,MALE,Officer,9
722472b5-a606-423a-b73b-10558b34866d,Pushti Anne,FEMALE,Doctor,9
70b73b25-0079-4df2-89f3-6b0fc2aee61f,Charvi Nagi,FEMALE,Officer,9
b021c908-043d-47f9-84d9-d66c7dc67995,Wyatt Mangal,FEMALE,Volunteer,9
c3c22cc2-8f68-45a5-b80b-f3024858a420,Bakhshi Baria,MALE,Volunteer,9
7b88ab4a-d381-4389-bd12-4432cf34374e,Darsh Balakrishnan,MALE,Doctor,9
8a78ab83-2da7-486e-a5b4-1359fbdbcb93,Saksham Nagy,MALE,Fireman,9
0e75ebcf-6dfa-489c-914e-4744777c4edb,Varsha Sinha,FEMALE,Officer,9
b2b98bb2-9402-4bc2-a51d-63d2c4aa1142,Pratyush Dave,MALE,Doctor,9
e6eb2fe8-3ec8-4d91-ad96-34619a7c8ea7,Ikbal Sura,MALE,Doctor,9
0fa0ad42-88a7-42c7-b555-c379cdd7038d,Udyati Chauhan,FEMALE,Volunteer,9
cab07e1c-cecf-48ed-a36e-34172ad34ace,Eta Chhabra,FEMALE,Fireman,9
